product_uid,brand,product_name,category,target_skin_types,target_concerns,key_ingredients,fragrance_free,non_comedogenic,dermatologist_only,usage_time,spf_value,price_usd,source_datasets,source_product_id,dataset_note
PRD0000001,Aveeno,Aveeno Advanced Avobenzone SPF 50,sunscreen,combination-sensitive|normal|sensitive,acne|dryness|oiliness,"avobenzone, niacinamide, vitamin e",yes,yes,no,AM,50.0,17.18,skincare_products_5000.csv,P00059,synthetic
PRD0000002,Aveeno,Aveeno Advanced Centella Cleanser,cleanser,dry|oily,dark spots,"centella, salicylic acid",yes,yes,no,Weekly,,18.71,skincare_products_5000.csv,P01227,synthetic
PRD0000003,Aveeno,Aveeno Advanced Ceramides Moisturizer,moisturizer,combination-sensitive,oiliness,"ceramides, squalane, glycerin",yes,yes,no,AM/PM,,10.98,skincare_products_5000.csv,P00051,synthetic
PRD0000004,Aveeno,Aveeno Advanced Ceramides Moisturizer,moisturizer,dry|normal,barrier repair|redness,ceramides,yes,yes,no,Weekly,,25.64,skincare_products_5000.csv,P01533,synthetic
PRD0000005,Aveeno,Aveeno Advanced Cholesterol Moisturizer,moisturizer,combination,dark spots|dehydration|sensitivity,"cholesterol, glycerin",yes,yes,no,PM,,17.14,skincare_products_5000.csv,P04787,synthetic
PRD0000006,Aveeno,Aveeno Advanced Niacinamide SPF 50,sunscreen,oily,dark spots,niacinamide,yes,yes,no,AM,50.0,14.05,skincare_products_5000.csv,P02144,synthetic
PRD0000007,Aveeno,Aveeno Advanced Retinol Serum,serum,combination-sensitive|normal|oily,redness,retinol,yes,yes,no,PM,,33.74,skincare_products_5000.csv,P03387,synthetic
PRD0000008,Aveeno,Aveeno Advanced Retinol Serum,serum,combination-sensitive|sensitive,sensitivity,retinol,yes,yes,no,PM,,18.05,skincare_products_5000.csv,P03908,synthetic
PRD0000009,Aveeno,Aveeno Advanced Salicylic Acid Cleanser,cleanser,combination-sensitive,dehydration,"salicylic acid, niacinamide, glycerin",no,yes,no,AM,,23.14,skincare_products_5000.csv,P00097,synthetic
PRD0000010,Aveeno,Aveeno Advanced Salicylic Acid Cleanser,cleanser,combination-sensitive|normal|oily,redness,"salicylic acid, centella, ceramides",yes,yes,no,AM,,22.26,skincare_products_5000.csv,P01412,synthetic
PRD0000011,Aveeno,Aveeno Advanced Salicylic Acid Cleanser,cleanser,normal|oily,acne|sensitivity,"salicylic acid, niacinamide",yes,no,no,AM,,25.5,skincare_products_5000.csv,P01377,synthetic
PRD0000012,Aveeno,Aveeno Advanced Sulfur Treatment,treatment,oily,dark spots|dehydration|redness,"sulfur, benzoyl peroxide, azelaic acid",yes,yes,no,PM,,15.55,skincare_products_5000.csv,P00528,synthetic
PRD0000013,Aveeno,Aveeno Advanced Vitamin C Serum,serum,oily,dark spots|dehydration|redness,"vitamin c, peptides",yes,yes,no,AM/PM,,40.01,skincare_products_5000.csv,P04529,synthetic
PRD0000014,Aveeno,Aveeno Advanced Vitamin E SPF 50,sunscreen,combination-sensitive|dry,barrier repair|dryness,"vitamin e, titanium dioxide, avobenzone",yes,yes,no,AM,50.0,24.95,skincare_products_5000.csv,P04437,synthetic
PRD0000015,Aveeno,Aveeno Balance Azelaic Acid Treatment,treatment,combination,aging,"azelaic acid, retinol, sulfur",no,yes,no,Weekly,,28.96,skincare_products_5000.csv,P00511,synthetic
PRD0000016,Aveeno,Aveeno Balance Benzoyl Peroxide Treatment,treatment,normal|sensitive,dark spots,"benzoyl peroxide, retinol, adapalene",yes,yes,yes,AM,,23.04,skincare_products_5000.csv,P04047,synthetic
PRD0000017,Aveeno,Aveeno Balance Beta-Glucan Toner,toner,combination|combination-sensitive,barrier repair|dehydration|oiliness,beta-glucan,yes,no,no,Weekly,,10.51,skincare_products_5000.csv,P02038,synthetic
PRD0000018,Aveeno,Aveeno Balance Centella Serum,serum,combination|dry|oily,oiliness,"centella, vitamin c",yes,yes,no,AM/PM,,30.1,skincare_products_5000.csv,P04913,synthetic
PRD0000019,Aveeno,Aveeno Balance Centella Serum,serum,dry|oily,aging|sensitivity,"centella, niacinamide, vitamin c",yes,yes,no,Weekly,,24.76,skincare_products_5000.csv,P01695,synthetic
PRD0000020,Aveeno,Aveeno Balance Ceramides Cleanser,cleanser,combination|dry|oily,oiliness,ceramides,yes,no,no,AM,,14.23,skincare_products_5000.csv,P01494,synthetic
PRD0000021,Aveeno,Aveeno Balance Clay Mask,mask,sensitive,aging|barrier repair|dark spots,clay,yes,no,no,AM,,11.24,skincare_products_5000.csv,P01127,synthetic
PRD0000022,Aveeno,Aveeno Balance Glycerin Cleanser,cleanser,combination|combination-sensitive|dry,aging|dehydration|sensitivity,"glycerin, centella",no,yes,no,PM,,15.45,skincare_products_5000.csv,P03085,synthetic
PRD0000023,Aveeno,Aveeno Balance Glycerin Toner,toner,combination|oily,barrier repair,"glycerin, centella, beta-glucan",yes,no,no,PM,,10.13,skincare_products_5000.csv,P01281,synthetic
PRD0000024,Aveeno,Aveeno Balance Niacinamide Serum,serum,dry|normal|oily,barrier repair,niacinamide,yes,yes,no,AM,,16.33,skincare_products_5000.csv,P04443,synthetic
PRD0000025,Aveeno,Aveeno Balance Oat Extract Mask,mask,oily,dark spots|dehydration|dryness,oat extract,yes,no,no,PM,,10.02,skincare_products_5000.csv,P04724,synthetic
PRD0000026,Aveeno,Aveeno Balance Panthenol Moisturizer,moisturizer,dry|normal|sensitive,acne|aging|redness,panthenol,no,no,no,Weekly,,24.14,skincare_products_5000.csv,P02139,synthetic
PRD0000027,Aveeno,Aveeno Balance Salicylic Acid Cleanser,cleanser,combination-sensitive|dry|sensitive,barrier repair|redness,salicylic acid,yes,yes,no,Weekly,,22.58,skincare_products_5000.csv,P00540,synthetic
PRD0000028,Aveeno,Aveeno Balance Sulfur Treatment,treatment,combination|combination-sensitive|oily,aging|dark spots,"sulfur, azelaic acid",yes,no,no,AM,,17.76,skincare_products_5000.csv,P01528,synthetic
PRD0000029,Aveeno,Aveeno Balance Sulfur Treatment,treatment,combination|dry|normal,barrier repair|dryness,"sulfur, salicylic acid",yes,no,no,PM,,23.93,skincare_products_5000.csv,P04496,synthetic
PRD0000030,Aveeno,Aveeno Balance Titanium Dioxide SPF 50,sunscreen,combination|combination-sensitive|normal,dryness|sensitivity,"titanium dioxide, octocrylene, niacinamide",yes,yes,no,AM,50.0,12.16,skincare_products_5000.csv,P04084,synthetic
PRD0000031,Aveeno,Aveeno Balance Titanium Dioxide SPF 50,sunscreen,dry,acne,titanium dioxide,yes,yes,no,AM,50.0,28.63,skincare_products_5000.csv,P00173,synthetic
PRD0000032,Aveeno,Aveeno Balance Vitamin C Serum,serum,combination-sensitive|oily,acne|aging|dryness,"vitamin c, niacinamide, peptides",no,yes,no,AM,,14.41,skincare_products_5000.csv,P03196,synthetic
PRD0000033,Aveeno,Aveeno Balance Vitamin E SPF 50,sunscreen,sensitive,dehydration,"vitamin e, titanium dioxide, niacinamide",yes,yes,no,AM,30.0,10.86,skincare_products_5000.csv,P03117,synthetic
PRD0000034,Aveeno,Aveeno Balance Zinc Oxide SPF 50,sunscreen,combination-sensitive|dry|normal,acne|barrier repair|dryness,"zinc oxide, octocrylene",yes,yes,no,AM,30.0,10.69,skincare_products_5000.csv,P00266,synthetic
PRD0000035,Aveeno,Aveeno Balance Zinc Oxide SPF 50,sunscreen,combination|sensitive,acne|oiliness,"zinc oxide, octocrylene",yes,yes,no,AM,50.0,27.59,skincare_products_5000.csv,P04587,synthetic
PRD0000036,Aveeno,Aveeno Barrier Adapalene Treatment,treatment,combination|dry,aging|barrier repair,adapalene,yes,no,yes,AM,,30.22,skincare_products_5000.csv,P03870,synthetic
PRD0000037,Aveeno,Aveeno Barrier Adapalene Treatment,treatment,combination|dry|sensitive,dark spots,"adapalene, azelaic acid, retinol",yes,yes,yes,Weekly,,14.85,skincare_products_5000.csv,P01313,synthetic
PRD0000038,Aveeno,Aveeno Barrier Adapalene Treatment,treatment,oily,dryness|redness|sensitivity,"adapalene, azelaic acid, benzoyl peroxide",yes,no,yes,AM/PM,,30.69,skincare_products_5000.csv,P03963,synthetic
PRD0000039,Aveeno,Aveeno Barrier Avobenzone SPF 50,sunscreen,dry|normal,acne|oiliness,avobenzone,yes,yes,no,AM,30.0,12.87,skincare_products_5000.csv,P00723,synthetic
PRD0000040,Aveeno,Aveeno Barrier Beta-Glucan Toner,toner,combination-sensitive|dry,oiliness,"beta-glucan, glycerin, panthenol",no,no,no,AM,,11.9,skincare_products_5000.csv,P01359,synthetic
PRD0000041,Aveeno,Aveeno Barrier Betaine Cleanser,cleanser,combination-sensitive,barrier repair|dehydration|dryness,"betaine, ceramides",no,yes,no,AM,,9.22,skincare_products_5000.csv,P00831,synthetic
PRD0000042,Aveeno,Aveeno Barrier Centella Cleanser,cleanser,normal|oily|sensitive,aging|dryness|redness,"centella, salicylic acid",yes,yes,no,PM,,9.12,skincare_products_5000.csv,P04931,synthetic
PRD0000043,Aveeno,Aveeno Barrier Ceramides Moisturizer,moisturizer,dry|normal|sensitive,dehydration|oiliness,"ceramides, urea, glycerin",no,yes,no,PM,,24.08,skincare_products_5000.csv,P03222,synthetic
PRD0000044,Aveeno,Aveeno Barrier Clay Mask,mask,combination|combination-sensitive|dry,acne|aging|sensitivity,"clay, green tea, hyaluronic acid",yes,no,no,PM,,15.79,skincare_products_5000.csv,P03813,synthetic
PRD0000045,Aveeno,Aveeno Barrier Glycerin Cleanser,cleanser,combination-sensitive|normal,barrier repair|dryness|sensitivity,"glycerin, betaine, salicylic acid",yes,yes,no,AM/PM,,16.96,skincare_products_5000.csv,P00979,synthetic
PRD0000046,Aveeno,Aveeno Barrier Glycerin Cleanser,cleanser,sensitive,barrier repair|dark spots,"glycerin, salicylic acid, betaine",yes,yes,no,AM/PM,,24.64,skincare_products_5000.csv,P01308,synthetic
PRD0000047,Aveeno,Aveeno Barrier Green Tea Mask,mask,dry,barrier repair,"green tea, centella",yes,no,no,AM,,12.1,skincare_products_5000.csv,P00349,synthetic
PRD0000048,Aveeno,Aveeno Barrier Hyaluronic Acid Mask,mask,combination-sensitive,barrier repair|dryness|sensitivity,hyaluronic acid,yes,no,no,AM/PM,,27.11,skincare_products_5000.csv,P04634,synthetic
PRD0000049,Aveeno,Aveeno Barrier Hyaluronic Acid Mask,mask,normal|oily|sensitive,acne|dryness|redness,hyaluronic acid,yes,no,no,PM,,10.64,skincare_products_5000.csv,P04687,synthetic
PRD0000050,Aveeno,Aveeno Barrier Panthenol Moisturizer,moisturizer,combination,dehydration|oiliness,"panthenol, ceramides, cholesterol",yes,yes,no,Weekly,,14.29,skincare_products_5000.csv,P03034,synthetic
PRD0000051,Aveeno,Aveeno Barrier Panthenol Moisturizer,moisturizer,combination-sensitive,acne|dryness|sensitivity,"panthenol, urea, cholesterol",yes,no,no,AM,,29.75,skincare_products_5000.csv,P00491,synthetic
PRD0000052,Aveeno,Aveeno Barrier Panthenol Moisturizer,moisturizer,combination|dry,dark spots|dryness|sensitivity,"panthenol, squalane, ceramides",yes,yes,no,Weekly,,25.72,skincare_products_5000.csv,P01895,synthetic
PRD0000053,Aveeno,Aveeno Barrier Panthenol Moisturizer,moisturizer,normal|oily,dryness|sensitivity,"panthenol, urea",no,yes,no,PM,,32.59,skincare_products_5000.csv,P03295,synthetic
PRD0000054,Aveeno,Aveeno Barrier Panthenol Toner,toner,oily,barrier repair|dark spots,"panthenol, glycerin, pha",yes,no,no,AM/PM,,17.28,skincare_products_5000.csv,P01496,synthetic
PRD0000055,Aveeno,Aveeno Barrier Peptides Serum,serum,dry|normal,aging|dark spots,peptides,yes,yes,no,PM,,17.86,skincare_products_5000.csv,P00219,synthetic
PRD0000056,Aveeno,Aveeno Barrier Retinol Serum,serum,combination-sensitive|dry|oily,dehydration,"retinol, peptides, hyaluronic acid",no,no,no,AM,,21.46,skincare_products_5000.csv,P00516,synthetic
PRD0000057,Aveeno,Aveeno Barrier Salicylic Acid Cleanser,cleanser,sensitive,dehydration|redness,salicylic acid,yes,yes,no,AM/PM,,11.94,skincare_products_5000.csv,P03864,synthetic
PRD0000058,Aveeno,Aveeno Barrier Squalane Moisturizer,moisturizer,combination-sensitive|oily,acne|sensitivity,"squalane, urea, cholesterol",yes,no,no,AM,,18.9,skincare_products_5000.csv,P04833,synthetic
PRD0000059,Aveeno,Aveeno Barrier Squalane Moisturizer,moisturizer,combination|dry,dark spots|dehydration,"squalane, panthenol",yes,yes,no,AM/PM,,31.89,skincare_products_5000.csv,P04840,synthetic
PRD0000060,Aveeno,Aveeno Barrier Squalane Moisturizer,moisturizer,combination|dry|oily,dryness|redness,"squalane, urea, cholesterol",yes,no,no,Weekly,,28.01,skincare_products_5000.csv,P04878,synthetic
PRD0000061,Aveeno,Aveeno Barrier Sulfur Treatment,treatment,combination-sensitive|dry|normal,acne|oiliness|redness,"sulfur, salicylic acid, adapalene",no,yes,no,Weekly,,9.18,skincare_products_5000.csv,P04247,synthetic
PRD0000062,Aveeno,Aveeno Barrier Urea Moisturizer,moisturizer,combination|oily,dehydration|redness|sensitivity,"urea, cholesterol, panthenol",yes,yes,no,AM/PM,,28.28,skincare_products_5000.csv,P03128,synthetic
PRD0000063,Aveeno,Aveeno Barrier Vitamin C Serum,serum,oily,dark spots|oiliness,vitamin c,no,yes,no,AM,,34.15,skincare_products_5000.csv,P04869,synthetic
PRD0000064,Aveeno,Aveeno Barrier Vitamin E SPF 50,sunscreen,combination,aging|dehydration,"vitamin e, octocrylene, zinc oxide",yes,no,no,AM,50.0,20.96,skincare_products_5000.csv,P00340,synthetic
PRD0000065,Aveeno,Aveeno Barrier Zinc Oxide SPF 50,sunscreen,combination-sensitive,acne|barrier repair|redness,"zinc oxide, octocrylene, vitamin e",yes,yes,no,AM,30.0,15.04,skincare_products_5000.csv,P01707,synthetic
PRD0000066,Aveeno,Aveeno Calm Adapalene Treatment,treatment,normal,oiliness|sensitivity,adapalene,yes,no,yes,AM,,20.98,skincare_products_5000.csv,P03138,synthetic
PRD0000067,Aveeno,Aveeno Calm Avobenzone SPF 50,sunscreen,combination|normal,acne|aging|sensitivity,"avobenzone, titanium dioxide, zinc oxide",yes,yes,no,AM,30.0,25.32,skincare_products_5000.csv,P02240,synthetic
PRD0000068,Aveeno,Aveeno Calm Avobenzone SPF 50,sunscreen,dry,oiliness,avobenzone,yes,yes,no,AM,50.0,17.05,skincare_products_5000.csv,P01012,synthetic
PRD0000069,Aveeno,Aveeno Calm Azelaic Acid Treatment,treatment,dry,oiliness|sensitivity,"azelaic acid, sulfur",yes,yes,no,PM,,30.84,skincare_products_5000.csv,P04455,synthetic
PRD0000070,Aveeno,Aveeno Calm Azelaic Acid Treatment,treatment,oily,barrier repair|dryness|oiliness,"azelaic acid, sulfur, retinol",no,yes,no,Weekly,,29.39,skincare_products_5000.csv,P00412,synthetic
PRD0000071,Aveeno,Aveeno Calm Ceramides Cleanser,cleanser,combination|normal,acne|redness,"ceramides, centella",yes,no,no,PM,,23.3,skincare_products_5000.csv,P01438,synthetic
PRD0000072,Aveeno,Aveeno Calm Niacinamide Serum,serum,normal,dark spots|redness,niacinamide,no,no,no,PM,,17.15,skincare_products_5000.csv,P03334,synthetic
PRD0000073,Aveeno,Aveeno Calm Oat Extract Mask,mask,combination|dry|normal,aging|dehydration,"oat extract, centella",yes,no,no,AM,,22.97,skincare_products_5000.csv,P02479,synthetic
PRD0000074,Aveeno,Aveeno Calm Pha Toner,toner,oily,acne|dark spots|sensitivity,"pha, glycerin, niacinamide",yes,no,no,PM,,21.4,skincare_products_5000.csv,P03719,synthetic
PRD0000075,Aveeno,Aveeno Calm Retinol Serum,serum,oily,oiliness,retinol,yes,no,no,AM/PM,,35.25,skincare_products_5000.csv,P02788,synthetic
PRD0000076,Aveeno,Aveeno Calm Salicylic Acid Treatment,treatment,combination-sensitive|sensitive,redness,salicylic acid,no,yes,no,AM,,32.31,skincare_products_5000.csv,P01753,synthetic
PRD0000077,Aveeno,Aveeno Calm Titanium Dioxide SPF 50,sunscreen,normal,redness,titanium dioxide,yes,yes,no,AM,50.0,29.01,skincare_products_5000.csv,P03675,synthetic
PRD0000078,Aveeno,Aveeno Calm Urea Moisturizer,moisturizer,sensitive,dehydration|redness,"urea, panthenol, squalane",yes,yes,no,PM,,25.08,skincare_products_5000.csv,P04233,synthetic
PRD0000079,Aveeno,Aveeno Calm Vitamin C Serum,serum,combination|sensitive,redness,"vitamin c, niacinamide",yes,yes,no,PM,,36.51,skincare_products_5000.csv,P04625,synthetic
PRD0000080,Aveeno,Aveeno Calm Zinc Oxide SPF 50,sunscreen,combination,aging|sensitivity,"zinc oxide, octocrylene",yes,yes,no,AM,50.0,25.41,skincare_products_5000.csv,P02966,synthetic
PRD0000081,Aveeno,Aveeno Calm Zinc Oxide SPF 50,sunscreen,normal|oily,aging|barrier repair|dryness,zinc oxide,yes,yes,no,AM,30.0,18.43,skincare_products_5000.csv,P00932,synthetic
PRD0000082,Aveeno,Aveeno Clear Avobenzone SPF 50,sunscreen,dry,dryness|redness,"avobenzone, titanium dioxide, niacinamide",no,yes,no,AM,50.0,27.59,skincare_products_5000.csv,P03701,synthetic
PRD0000083,Aveeno,Aveeno Clear Azelaic Acid Serum,serum,dry,acne|aging|sensitivity,azelaic acid,no,no,no,AM,,23.62,skincare_products_5000.csv,P01040,synthetic
PRD0000084,Aveeno,Aveeno Clear Azelaic Acid Serum,serum,normal|sensitive,dehydration|dryness,"azelaic acid, niacinamide",yes,yes,no,PM,,24.59,skincare_products_5000.csv,P03975,synthetic
PRD0000085,Aveeno,Aveeno Clear Benzoyl Peroxide Treatment,treatment,oily,barrier repair|dehydration,"benzoyl peroxide, azelaic acid, retinol",yes,no,no,AM,,16.99,skincare_products_5000.csv,P01215,synthetic
PRD0000086,Aveeno,Aveeno Clear Centella Mask,mask,combination-sensitive,sensitivity,"centella, green tea",yes,no,no,AM,,9.96,skincare_products_5000.csv,P04488,synthetic
PRD0000087,Aveeno,Aveeno Clear Centella Serum,serum,combination|normal,dehydration|dryness|redness,"centella, vitamin c, retinol",yes,yes,no,AM/PM,,40.3,skincare_products_5000.csv,P01138,synthetic
PRD0000088,Aveeno,Aveeno Clear Glycerin Moisturizer,moisturizer,combination|normal,dark spots|dryness|oiliness,"glycerin, cholesterol, panthenol",yes,yes,no,AM/PM,,30.63,skincare_products_5000.csv,P03135,synthetic
PRD0000089,Aveeno,Aveeno Clear Glycerin Toner,toner,oily,dark spots|dryness,"glycerin, pha, beta-glucan",yes,no,no,AM/PM,,14.26,skincare_products_5000.csv,P03570,synthetic
PRD0000090,Aveeno,Aveeno Clear Hyaluronic Acid Serum,serum,oily,oiliness|redness,"hyaluronic acid, peptides, retinol",no,yes,no,AM/PM,,14.52,skincare_products_5000.csv,P04479,synthetic
PRD0000091,Aveeno,Aveeno Clear Niacinamide Cleanser,cleanser,combination|dry|normal,acne|redness,"niacinamide, ceramides, glycerin",yes,yes,no,Weekly,,9.77,skincare_products_5000.csv,P03115,synthetic
PRD0000092,Aveeno,Aveeno Clear Niacinamide Serum,serum,normal|sensitive,acne|sensitivity,"niacinamide, vitamin c, hyaluronic acid",yes,yes,no,PM,,36.98,skincare_products_5000.csv,P00227,synthetic
PRD0000093,Aveeno,Aveeno Clear Octocrylene SPF 50,sunscreen,normal,dehydration|oiliness|redness,octocrylene,yes,yes,no,AM,50.0,20.04,skincare_products_5000.csv,P01870,synthetic
PRD0000094,Aveeno,Aveeno Clear Panthenol Moisturizer,moisturizer,dry|oily,acne|aging,"panthenol, ceramides, urea",no,yes,no,AM/PM,,31.4,skincare_products_5000.csv,P00090,synthetic
PRD0000095,Aveeno,Aveeno Clear Retinol Serum,serum,dry|oily|sensitive,dark spots,"retinol, azelaic acid",yes,yes,no,PM,,12.09,skincare_products_5000.csv,P02486,synthetic
PRD0000096,Aveeno,Aveeno Clear Retinol Treatment,treatment,sensitive,acne|aging|sensitivity,"retinol, adapalene, benzoyl peroxide",no,yes,no,Weekly,,17.04,skincare_products_5000.csv,P04221,synthetic
PRD0000097,Aveeno,Aveeno Clear Salicylic Acid Cleanser,cleanser,combination|combination-sensitive,aging|dehydration|oiliness,"salicylic acid, ceramides, glycerin",yes,yes,no,AM/PM,,22.84,skincare_products_5000.csv,P01644,synthetic
PRD0000098,Aveeno,Aveeno Clear Salicylic Acid Treatment,treatment,sensitive,oiliness,salicylic acid,no,no,no,PM,,20.64,skincare_products_5000.csv,P03337,synthetic
PRD0000099,Aveeno,Aveeno Clear Squalane Moisturizer,moisturizer,combination-sensitive|dry,oiliness|redness|sensitivity,squalane,yes,yes,no,Weekly,,21.06,skincare_products_5000.csv,P02818,synthetic
PRD0000100,Aveeno,Aveeno Clear Squalane Moisturizer,moisturizer,combination|sensitive,oiliness,"squalane, ceramides, glycerin",yes,no,no,AM/PM,,16.97,skincare_products_5000.csv,P00747,synthetic
PRD0000101,Aveeno,Aveeno Clear Titanium Dioxide SPF 50,sunscreen,combination|combination-sensitive|dry,acne|dryness|sensitivity,"titanium dioxide, zinc oxide",no,yes,no,AM,50.0,24.12,skincare_products_5000.csv,P04601,synthetic
PRD0000102,Aveeno,Aveeno Clear Zinc Oxide SPF 50,sunscreen,combination-sensitive|dry|sensitive,aging|dark spots|dryness,zinc oxide,no,yes,no,AM,50.0,27.83,skincare_products_5000.csv,P00691,synthetic
PRD0000103,Aveeno,Aveeno Clear Zinc Oxide SPF 50,sunscreen,combination|normal,acne|redness,"zinc oxide, octocrylene, avobenzone",yes,yes,no,AM,50.0,12.8,skincare_products_5000.csv,P01907,synthetic
PRD0000104,Aveeno,Aveeno Clear Zinc Oxide SPF 50,sunscreen,oily|sensitive,redness,"zinc oxide, octocrylene, avobenzone",yes,no,no,AM,30.0,27.15,skincare_products_5000.csv,P01994,synthetic
PRD0000105,Aveeno,Aveeno Daily Adapalene Treatment,treatment,combination|combination-sensitive,barrier repair|oiliness|sensitivity,"adapalene, benzoyl peroxide",yes,yes,yes,AM,,24.42,skincare_products_5000.csv,P04738,synthetic
PRD0000106,Aveeno,Aveeno Daily Azelaic Acid Serum,serum,dry|oily,redness|sensitivity,"azelaic acid, peptides",yes,yes,no,AM/PM,,41.07,skincare_products_5000.csv,P00830,synthetic
PRD0000107,Aveeno,Aveeno Daily Benzoyl Peroxide Treatment,treatment,combination|combination-sensitive|normal,dark spots|dryness|redness,benzoyl peroxide,yes,yes,no,PM,,18.78,skincare_products_5000.csv,P04141,synthetic
PRD0000108,Aveeno,Aveeno Daily Beta-Glucan Toner,toner,combination-sensitive|dry|sensitive,oiliness,beta-glucan,yes,no,no,PM,,9.42,skincare_products_5000.csv,P00092,synthetic
PRD0000109,Aveeno,Aveeno Daily Betaine Cleanser,cleanser,oily|sensitive,barrier repair|dehydration|oiliness,"betaine, niacinamide",no,yes,no,PM,,16.9,skincare_products_5000.csv,P02900,synthetic
PRD0000110,Aveeno,Aveeno Daily Centella Cleanser,cleanser,combination|combination-sensitive,acne|dryness|sensitivity,"centella, salicylic acid, glycerin",yes,yes,no,AM/PM,,13.89,skincare_products_5000.csv,P01724,synthetic
PRD0000111,Aveeno,Aveeno Daily Centella Cleanser,cleanser,combination|oily|sensitive,dehydration|dryness|redness,centella,yes,yes,no,AM,,9.64,skincare_products_5000.csv,P01504,synthetic
PRD0000112,Aveeno,Aveeno Daily Centella Cleanser,cleanser,sensitive,aging|dehydration|redness,"centella, glycerin, niacinamide",yes,yes,no,PM,,19.63,skincare_products_5000.csv,P02013,synthetic
PRD0000113,Aveeno,Aveeno Daily Centella Serum,serum,combination-sensitive|normal|sensitive,acne|dryness,"centella, retinol, azelaic acid",yes,yes,no,PM,,39.62,skincare_products_5000.csv,P02377,synthetic
PRD0000114,Aveeno,Aveeno Daily Ceramides Moisturizer,moisturizer,combination|dry|oily,dryness,ceramides,no,yes,no,AM,,18.38,skincare_products_5000.csv,P03878,synthetic
PRD0000115,Aveeno,Aveeno Daily Cholesterol Moisturizer,moisturizer,normal,acne|dark spots|redness,cholesterol,yes,yes,no,Weekly,,34.64,skincare_products_5000.csv,P01466,synthetic
PRD0000116,Aveeno,Aveeno Daily Clay Mask,mask,dry,barrier repair|oiliness,"clay, hyaluronic acid, oat extract",no,no,no,AM/PM,,19.78,skincare_products_5000.csv,P00207,synthetic
PRD0000117,Aveeno,Aveeno Daily Clay Mask,mask,normal|oily,barrier repair|dehydration|oiliness,"clay, centella",yes,no,no,PM,,27.92,skincare_products_5000.csv,P03657,synthetic
PRD0000118,Aveeno,Aveeno Daily Niacinamide Serum,serum,combination|dry|sensitive,barrier repair|oiliness,niacinamide,yes,yes,no,PM,,19.96,skincare_products_5000.csv,P04770,synthetic
PRD0000119,Aveeno,Aveeno Daily Oat Extract Mask,mask,combination-sensitive,dehydration|sensitivity,"oat extract, hyaluronic acid, centella",yes,no,no,PM,,21.54,skincare_products_5000.csv,P00973,synthetic
PRD0000120,Aveeno,Aveeno Daily Octocrylene SPF 50,sunscreen,combination-sensitive|sensitive,dryness|redness,octocrylene,yes,yes,no,AM,50.0,10.29,skincare_products_5000.csv,P00134,synthetic
PRD0000121,Aveeno,Aveeno Daily Panthenol Moisturizer,moisturizer,combination-sensitive|sensitive,dryness|sensitivity,"panthenol, cholesterol, ceramides",no,yes,no,AM/PM,,22.02,skincare_products_5000.csv,P03061,synthetic
PRD0000122,Aveeno,Aveeno Daily Panthenol Moisturizer,moisturizer,dry|oily|sensitive,acne,panthenol,yes,yes,no,Weekly,,25.23,skincare_products_5000.csv,P03950,synthetic
PRD0000123,Aveeno,Aveeno Daily Panthenol Toner,toner,combination-sensitive|normal|oily,dryness|oiliness|sensitivity,"panthenol, niacinamide, pha",yes,no,no,AM/PM,,14.89,skincare_products_5000.csv,P01512,synthetic
PRD0000124,Aveeno,Aveeno Daily Salicylic Acid Cleanser,cleanser,sensitive,acne|oiliness|redness,"salicylic acid, glycerin",yes,yes,no,Weekly,,8.57,skincare_products_5000.csv,P01133,synthetic
PRD0000125,Aveeno,Aveeno Daily Titanium Dioxide SPF 50,sunscreen,combination-sensitive|dry|oily,acne|aging|sensitivity,"titanium dioxide, avobenzone, zinc oxide",yes,yes,no,AM,30.0,11.07,skincare_products_5000.csv,P03042,synthetic
PRD0000126,Aveeno,Aveeno Daily Titanium Dioxide SPF 50,sunscreen,dry|sensitive,oiliness|redness|sensitivity,"titanium dioxide, octocrylene, avobenzone",yes,yes,no,AM,50.0,25.77,skincare_products_5000.csv,P02759,synthetic
PRD0000127,Aveeno,Aveeno Daily Urea Moisturizer,moisturizer,combination-sensitive|normal,dark spots,"urea, cholesterol, squalane",yes,yes,no,Weekly,,26.67,skincare_products_5000.csv,P01554,synthetic
PRD0000128,Aveeno,Aveeno Daily Urea Moisturizer,moisturizer,combination|combination-sensitive,dehydration,"urea, ceramides, glycerin",no,no,no,Weekly,,10.33,skincare_products_5000.csv,P02572,synthetic
PRD0000129,Aveeno,Aveeno Daily Urea Moisturizer,moisturizer,oily|sensitive,barrier repair|sensitivity,"urea, ceramides, squalane",yes,yes,no,PM,,16.67,skincare_products_5000.csv,P02110,synthetic
PRD0000130,Aveeno,Aveeno Daily Vitamin C Serum,serum,combination-sensitive,dryness,vitamin c,yes,yes,no,AM/PM,,18.81,skincare_products_5000.csv,P01760,synthetic
PRD0000131,Aveeno,Aveeno Daily Vitamin C Serum,serum,combination|dry|normal,oiliness,"vitamin c, hyaluronic acid, niacinamide",yes,yes,no,Weekly,,9.2,skincare_products_5000.csv,P03642,synthetic
PRD0000132,Aveeno,Aveeno Glow Azelaic Acid Serum,serum,combination,acne|redness|sensitivity,azelaic acid,yes,yes,no,PM,,30.89,skincare_products_5000.csv,P00447,synthetic
PRD0000133,Aveeno,Aveeno Glow Azelaic Acid Treatment,treatment,sensitive,acne|barrier repair|redness,azelaic acid,yes,yes,no,AM/PM,,14.83,skincare_products_5000.csv,P03844,synthetic
PRD0000134,Aveeno,Aveeno Glow Centella Cleanser,cleanser,combination-sensitive|dry|normal,aging|barrier repair|dehydration,"centella, glycerin, ceramides",yes,yes,no,AM,,21.22,skincare_products_5000.csv,P00821,synthetic
PRD0000135,Aveeno,Aveeno Glow Centella Cleanser,cleanser,combination|normal|sensitive,dehydration|sensitivity,"centella, niacinamide, salicylic acid",no,yes,no,PM,,11.65,skincare_products_5000.csv,P02414,synthetic
PRD0000136,Aveeno,Aveeno Glow Centella Cleanser,cleanser,dry,barrier repair,centella,yes,yes,no,PM,,8.45,skincare_products_5000.csv,P03252,synthetic
PRD0000137,Aveeno,Aveeno Glow Centella Toner,toner,combination,oiliness|redness,centella,yes,no,no,Weekly,,9.65,skincare_products_5000.csv,P00779,synthetic
PRD0000138,Aveeno,Aveeno Glow Ceramides Cleanser,cleanser,combination|oily|sensitive,dryness|oiliness,"ceramides, salicylic acid, niacinamide",yes,yes,no,Weekly,,19.56,skincare_products_5000.csv,P02108,synthetic
PRD0000139,Aveeno,Aveeno Glow Glycerin Toner,toner,dry,acne|sensitivity,glycerin,no,no,no,AM/PM,,17.11,skincare_products_5000.csv,P01305,synthetic
PRD0000140,Aveeno,Aveeno Glow Hyaluronic Acid Serum,serum,combination-sensitive|dry,dehydration|dryness,"hyaluronic acid, centella",no,no,no,AM,,25.3,skincare_products_5000.csv,P00050,synthetic
PRD0000141,Aveeno,Aveeno Glow Hyaluronic Acid Serum,serum,combination-sensitive|oily,acne|redness|sensitivity,"hyaluronic acid, niacinamide",yes,yes,no,AM/PM,,26.79,skincare_products_5000.csv,P03378,synthetic
PRD0000142,Aveeno,Aveeno Glow Hyaluronic Acid Serum,serum,dry,acne|dark spots,"hyaluronic acid, azelaic acid",no,yes,no,Weekly,,44.63,skincare_products_5000.csv,P04384,synthetic
PRD0000143,Aveeno,Aveeno Glow Niacinamide Cleanser,cleanser,combination-sensitive|normal,acne|oiliness|sensitivity,"niacinamide, ceramides",yes,yes,no,AM,,13.9,skincare_products_5000.csv,P01337,synthetic
PRD0000144,Aveeno,Aveeno Glow Niacinamide Cleanser,cleanser,dry,dark spots|dehydration|oiliness,"niacinamide, glycerin, centella",yes,yes,no,AM,,19.38,skincare_products_5000.csv,P00936,synthetic
PRD0000145,Aveeno,Aveeno Glow Panthenol Moisturizer,moisturizer,combination|dry|normal,acne|oiliness|sensitivity,panthenol,no,no,no,AM/PM,,23.93,skincare_products_5000.csv,P02367,synthetic
PRD0000146,Aveeno,Aveeno Glow Panthenol Moisturizer,moisturizer,combination|dry|normal,redness,panthenol,yes,yes,no,Weekly,,17.22,skincare_products_5000.csv,P04649,synthetic
PRD0000147,Aveeno,Aveeno Glow Pha Toner,toner,combination|dry,oiliness|sensitivity,pha,yes,no,no,AM/PM,,15.51,skincare_products_5000.csv,P03352,synthetic
PRD0000148,Aveeno,Aveeno Glow Pha Toner,toner,combination|normal|oily,acne|dehydration,"pha, centella",yes,no,no,Weekly,,15.56,skincare_products_5000.csv,P01458,synthetic
PRD0000149,Aveeno,Aveeno Glow Retinol Serum,serum,combination-sensitive|oily|sensitive,barrier repair|dryness|oiliness,retinol,yes,yes,no,AM,,32.36,skincare_products_5000.csv,P02470,synthetic
PRD0000150,Aveeno,Aveeno Glow Retinol Serum,serum,dry|sensitive,aging|dryness|sensitivity,"retinol, vitamin c",yes,yes,no,AM,,42.5,skincare_products_5000.csv,P02824,synthetic
PRD0000151,Aveeno,Aveeno Glow Salicylic Acid Treatment,treatment,normal,acne|redness,"salicylic acid, retinol",yes,yes,no,PM,,15.17,skincare_products_5000.csv,P02157,synthetic
PRD0000152,Aveeno,Aveeno Glow Titanium Dioxide SPF 50,sunscreen,combination-sensitive,barrier repair|dehydration,"titanium dioxide, zinc oxide, octocrylene",yes,yes,no,AM,30.0,18.6,skincare_products_5000.csv,P01869,synthetic
PRD0000153,Aveeno,Aveeno Glow Titanium Dioxide SPF 50,sunscreen,combination-sensitive|normal|oily,acne|dehydration,"titanium dioxide, avobenzone",no,no,no,AM,50.0,19.45,skincare_products_5000.csv,P04538,synthetic
PRD0000154,Aveeno,Aveeno Glow Titanium Dioxide SPF 50,sunscreen,combination|dry|oily,dehydration|sensitivity,titanium dioxide,yes,yes,no,AM,50.0,10.77,skincare_products_5000.csv,P04987,synthetic
PRD0000155,Aveeno,Aveeno Glow Urea Moisturizer,moisturizer,combination|dry|oily,aging|dehydration|redness,urea,yes,yes,no,AM,,17.28,skincare_products_5000.csv,P04372,synthetic
PRD0000156,Aveeno,Aveeno Glow Urea Moisturizer,moisturizer,dry|normal|oily,barrier repair|dryness|redness,"urea, squalane",no,no,no,PM,,22.28,skincare_products_5000.csv,P04855,synthetic
PRD0000157,Aveeno,Aveeno Glow Vitamin C Serum,serum,combination-sensitive|normal|sensitive,oiliness,"vitamin c, peptides, retinol",no,no,no,AM,,31.69,skincare_products_5000.csv,P04632,synthetic
PRD0000158,Aveeno,Aveeno Glow Vitamin E SPF 50,sunscreen,normal,aging|redness|sensitivity,"vitamin e, niacinamide",yes,no,no,AM,30.0,14.92,skincare_products_5000.csv,P04441,synthetic
PRD0000159,Aveeno,Aveeno Hydra Avobenzone SPF 50,sunscreen,sensitive,dehydration,avobenzone,yes,yes,no,AM,30.0,24.95,skincare_products_5000.csv,P02594,synthetic
PRD0000160,Aveeno,Aveeno Hydra Azelaic Acid Treatment,treatment,combination|dry,acne|aging|sensitivity,"azelaic acid, benzoyl peroxide",no,yes,no,PM,,33.32,skincare_products_5000.csv,P01745,synthetic
PRD0000161,Aveeno,Aveeno Hydra Azelaic Acid Treatment,treatment,dry|sensitive,aging|dehydration|redness,"azelaic acid, retinol, benzoyl peroxide",yes,yes,no,Weekly,,13.06,skincare_products_5000.csv,P00260,synthetic
PRD0000162,Aveeno,Aveeno Hydra Benzoyl Peroxide Treatment,treatment,combination|oily|sensitive,barrier repair|oiliness,"benzoyl peroxide, azelaic acid",yes,yes,no,PM,,31.2,skincare_products_5000.csv,P02605,synthetic
PRD0000163,Aveeno,Aveeno Hydra Centella Serum,serum,combination|combination-sensitive,dehydration|dryness,centella,yes,yes,no,PM,,21.65,skincare_products_5000.csv,P03556,synthetic
PRD0000164,Aveeno,Aveeno Hydra Centella Toner,toner,combination|oily,dark spots,"centella, panthenol, glycerin",no,no,no,PM,,17.55,skincare_products_5000.csv,P03272,synthetic
PRD0000165,Aveeno,Aveeno Hydra Ceramides Moisturizer,moisturizer,oily,oiliness|sensitivity,"ceramides, panthenol, urea",yes,yes,no,AM,,32.34,skincare_products_5000.csv,P01155,synthetic
PRD0000166,Aveeno,Aveeno Hydra Cholesterol Moisturizer,moisturizer,combination,aging|dehydration|redness,cholesterol,yes,yes,no,AM/PM,,11.94,skincare_products_5000.csv,P00032,synthetic
PRD0000167,Aveeno,Aveeno Hydra Glycerin Cleanser,cleanser,combination,redness,glycerin,yes,yes,no,PM,,12.24,skincare_products_5000.csv,P02494,synthetic
PRD0000168,Aveeno,Aveeno Hydra Glycerin Moisturizer,moisturizer,combination-sensitive,dryness|sensitivity,"glycerin, ceramides, panthenol",no,yes,no,Weekly,,30.31,skincare_products_5000.csv,P04190,synthetic
PRD0000169,Aveeno,Aveeno Hydra Glycerin Toner,toner,combination,redness,"glycerin, panthenol",no,no,no,PM,,10.82,skincare_products_5000.csv,P04814,synthetic
PRD0000170,Aveeno,Aveeno Hydra Glycerin Toner,toner,combination-sensitive|dry,acne|barrier repair|dark spots,"glycerin, beta-glucan, panthenol",no,no,no,Weekly,,19.57,skincare_products_5000.csv,P04319,synthetic
PRD0000171,Aveeno,Aveeno Hydra Hyaluronic Acid Mask,mask,combination,aging|dark spots|sensitivity,"hyaluronic acid, green tea",no,no,no,PM,,10.75,skincare_products_5000.csv,P02062,synthetic
PRD0000172,Aveeno,Aveeno Hydra Niacinamide Serum,serum,normal|sensitive,barrier repair,niacinamide,yes,yes,no,AM,,32.21,skincare_products_5000.csv,P01072,synthetic
PRD0000173,Aveeno,Aveeno Hydra Panthenol Moisturizer,moisturizer,dry|oily|sensitive,acne|dark spots,panthenol,yes,no,no,AM/PM,,13.74,skincare_products_5000.csv,P00543,synthetic
PRD0000174,Aveeno,Aveeno Hydra Pha Toner,toner,combination|dry,dark spots|dryness,"pha, glycerin",yes,no,no,AM/PM,,20.84,skincare_products_5000.csv,P04458,synthetic
PRD0000175,Aveeno,Aveeno Hydra Retinol Treatment,treatment,combination,dryness,"retinol, sulfur, benzoyl peroxide",no,yes,no,PM,,13.58,skincare_products_5000.csv,P02673,synthetic
PRD0000176,Aveeno,Aveeno Hydra Salicylic Acid Cleanser,cleanser,oily,acne|aging|redness,"salicylic acid, centella",yes,yes,no,Weekly,,20.43,skincare_products_5000.csv,P04280,synthetic
PRD0000177,Aveeno,Aveeno Hydra Squalane Moisturizer,moisturizer,combination-sensitive|dry|sensitive,acne|dark spots,"squalane, cholesterol",no,yes,no,AM,,31.25,skincare_products_5000.csv,P01173,synthetic
PRD0000178,Aveeno,Aveeno Hydra Squalane Moisturizer,moisturizer,dry|normal,acne|dark spots|dryness,"squalane, ceramides, urea",yes,yes,no,Weekly,,17.21,skincare_products_5000.csv,P01232,synthetic
PRD0000179,Aveeno,Aveeno Hydra Sulfur Treatment,treatment,dry,barrier repair|dryness|sensitivity,"sulfur, benzoyl peroxide, azelaic acid",yes,yes,no,PM,,21.52,skincare_products_5000.csv,P03667,synthetic
PRD0000180,Aveeno,Aveeno Hydra Titanium Dioxide SPF 50,sunscreen,combination|normal,dark spots|dehydration|oiliness,"titanium dioxide, avobenzone",yes,yes,no,AM,50.0,21.88,skincare_products_5000.csv,P00482,synthetic
PRD0000181,Aveeno,Aveeno Hydra Zinc Oxide SPF 50,sunscreen,combination,redness,"zinc oxide, niacinamide, titanium dioxide",yes,yes,no,AM,30.0,19.72,skincare_products_5000.csv,P00102,synthetic
PRD0000182,Aveeno,Aveeno Pure Avobenzone SPF 50,sunscreen,dry|sensitive,oiliness|sensitivity,avobenzone,yes,yes,no,AM,50.0,28.82,skincare_products_5000.csv,P03734,synthetic
PRD0000183,Aveeno,Aveeno Pure Azelaic Acid Serum,serum,oily|sensitive,dryness|redness,azelaic acid,yes,yes,no,AM/PM,,29.79,skincare_products_5000.csv,P01666,synthetic
PRD0000184,Aveeno,Aveeno Pure Centella Cleanser,cleanser,combination|dry|oily,aging|dehydration|sensitivity,"centella, betaine, salicylic acid",no,no,no,AM/PM,,18.53,skincare_products_5000.csv,P04993,synthetic
PRD0000185,Aveeno,Aveeno Pure Centella Serum,serum,normal|sensitive,acne|barrier repair,"centella, azelaic acid",yes,yes,no,PM,,42.21,skincare_products_5000.csv,P03757,synthetic
PRD0000186,Aveeno,Aveeno Pure Ceramides Cleanser,cleanser,combination|combination-sensitive,aging|dehydration|redness,"ceramides, centella, niacinamide",yes,yes,no,Weekly,,11.81,skincare_products_5000.csv,P04129,synthetic
PRD0000187,Aveeno,Aveeno Pure Ceramides Cleanser,cleanser,oily,acne|dryness|sensitivity,"ceramides, centella, betaine",no,yes,no,PM,,14.84,skincare_products_5000.csv,P03101,synthetic
PRD0000188,Aveeno,Aveeno Pure Ceramides Cleanser,cleanser,sensitive,redness|sensitivity,"ceramides, salicylic acid",yes,yes,no,AM/PM,,11.36,skincare_products_5000.csv,P04448,synthetic
PRD0000189,Aveeno,Aveeno Pure Cholesterol Moisturizer,moisturizer,combination|normal|sensitive,dryness|oiliness|sensitivity,cholesterol,no,yes,no,PM,,12.55,skincare_products_5000.csv,P04400,synthetic
PRD0000190,Aveeno,Aveeno Pure Cholesterol Moisturizer,moisturizer,dry|oily|sensitive,redness,"cholesterol, squalane, ceramides",yes,yes,no,Weekly,,21.89,skincare_products_5000.csv,P04576,synthetic
PRD0000191,Aveeno,Aveeno Pure Glycerin Cleanser,cleanser,combination|dry|normal,barrier repair|dark spots|dryness,glycerin,yes,yes,no,Weekly,,18.32,skincare_products_5000.csv,P00341,synthetic
PRD0000192,Aveeno,Aveeno Pure Glycerin Cleanser,cleanser,combination|normal,aging,"glycerin, ceramides",yes,yes,no,PM,,11.74,skincare_products_5000.csv,P00609,synthetic
PRD0000193,Aveeno,Aveeno Pure Glycerin Toner,toner,combination-sensitive,barrier repair|dark spots|oiliness,glycerin,yes,no,no,AM/PM,,21.63,skincare_products_5000.csv,P00986,synthetic
PRD0000194,Aveeno,Aveeno Pure Hyaluronic Acid Mask,mask,normal,acne|redness,"hyaluronic acid, sulfur, green tea",yes,no,no,AM,,20.73,skincare_products_5000.csv,P04876,synthetic
PRD0000195,Aveeno,Aveeno Pure Niacinamide SPF 50,sunscreen,combination-sensitive,oiliness,"niacinamide, vitamin e, octocrylene",no,yes,no,AM,50.0,19.75,skincare_products_5000.csv,P03820,synthetic
PRD0000196,Aveeno,Aveeno Pure Niacinamide Serum,serum,dry|normal|oily,acne|dryness|sensitivity,niacinamide,yes,yes,no,AM,,25.31,skincare_products_5000.csv,P04866,synthetic
PRD0000197,Aveeno,Aveeno Pure Niacinamide Serum,serum,dry|normal|sensitive,sensitivity,niacinamide,yes,no,no,AM,,44.21,skincare_products_5000.csv,P02485,synthetic
PRD0000198,Aveeno,Aveeno Pure Octocrylene SPF 50,sunscreen,combination-sensitive|dry|sensitive,barrier repair|dehydration,octocrylene,yes,yes,no,AM,50.0,28.91,skincare_products_5000.csv,P02428,synthetic
PRD0000199,Aveeno,Aveeno Pure Panthenol Toner,toner,oily,aging|dark spots,"panthenol, niacinamide",yes,no,no,Weekly,,17.85,skincare_products_5000.csv,P04959,synthetic
PRD0000200,Aveeno,Aveeno Pure Retinol Serum,serum,combination|sensitive,dehydration,"retinol, vitamin c, azelaic acid",yes,yes,no,PM,,36.34,skincare_products_5000.csv,P01124,synthetic
PRD0000201,Aveeno,Aveeno Pure Sulfur Treatment,treatment,combination|sensitive,oiliness|sensitivity,sulfur,no,yes,no,AM,,32.06,skincare_products_5000.csv,P04125,synthetic
PRD0000202,Aveeno,Aveeno Pure Urea Moisturizer,moisturizer,combination-sensitive|sensitive,dryness|redness|sensitivity,"urea, glycerin, cholesterol",yes,yes,no,PM,,33.22,skincare_products_5000.csv,P01197,synthetic
PRD0000203,Aveeno,Aveeno Pure Vitamin E SPF 50,sunscreen,combination-sensitive|oily|sensitive,aging,"vitamin e, titanium dioxide, avobenzone",no,yes,no,AM,30.0,25.87,skincare_products_5000.csv,P04130,synthetic
PRD0000204,Aveeno,Aveeno Pure Vitamin E SPF 50,sunscreen,normal|oily,acne|oiliness|sensitivity,vitamin e,no,yes,no,AM,50.0,14.33,skincare_products_5000.csv,P02171,synthetic
PRD0000205,Aveeno,Aveeno Pure Zinc Oxide SPF 50,sunscreen,combination|normal|oily,dryness|redness|sensitivity,"zinc oxide, titanium dioxide, octocrylene",no,no,no,AM,30.0,13.75,skincare_products_5000.csv,P01545,synthetic
PRD0000206,Aveeno,Aveeno Repair Adapalene Treatment,treatment,combination-sensitive|sensitive,acne|aging,"adapalene, sulfur, retinol",no,no,yes,PM,,28.09,skincare_products_5000.csv,P02870,synthetic
PRD0000207,Aveeno,Aveeno Repair Azelaic Acid Serum,serum,combination|combination-sensitive,dehydration,azelaic acid,no,yes,no,PM,,32.18,skincare_products_5000.csv,P02779,synthetic
PRD0000208,Aveeno,Aveeno Repair Azelaic Acid Treatment,treatment,oily,oiliness,"azelaic acid, retinol, benzoyl peroxide",no,no,no,AM,,16.66,skincare_products_5000.csv,P00031,synthetic
PRD0000209,Aveeno,Aveeno Repair Benzoyl Peroxide Treatment,treatment,combination,redness,"benzoyl peroxide, salicylic acid",yes,no,no,AM/PM,,29.68,skincare_products_5000.csv,P02295,synthetic
PRD0000210,Aveeno,Aveeno Repair Betaine Cleanser,cleanser,combination|combination-sensitive|dry,dryness|oiliness|redness,"betaine, salicylic acid",yes,no,no,AM/PM,,10.32,skincare_products_5000.csv,P04850,synthetic
PRD0000211,Aveeno,Aveeno Repair Ceramides Moisturizer,moisturizer,combination-sensitive|normal|oily,dehydration,"ceramides, glycerin",no,yes,no,Weekly,,30.67,skincare_products_5000.csv,P02520,synthetic
PRD0000212,Aveeno,Aveeno Repair Clay Mask,mask,combination|dry|normal,dark spots|dryness,clay,yes,no,no,AM,,22.6,skincare_products_5000.csv,P03527,synthetic
PRD0000213,Aveeno,Aveeno Repair Clay Mask,mask,dry|normal|oily,aging|barrier repair|dryness,"clay, green tea",yes,no,no,PM,,19.71,skincare_products_5000.csv,P01422,synthetic
PRD0000214,Aveeno,Aveeno Repair Glycerin Cleanser,cleanser,combination|combination-sensitive|sensitive,acne|aging|dark spots,glycerin,yes,yes,no,Weekly,,15.86,skincare_products_5000.csv,P00816,synthetic
PRD0000215,Aveeno,Aveeno Repair Glycerin Moisturizer,moisturizer,combination-sensitive|dry|sensitive,dark spots|sensitivity,glycerin,yes,yes,no,Weekly,,26.6,skincare_products_5000.csv,P02061,synthetic
PRD0000216,Aveeno,Aveeno Repair Glycerin Moisturizer,moisturizer,dry|oily|sensitive,aging,"glycerin, cholesterol",yes,yes,no,PM,,22.6,skincare_products_5000.csv,P02024,synthetic
PRD0000217,Aveeno,Aveeno Repair Green Tea Mask,mask,sensitive,aging|dark spots|dehydration,"green tea, centella",yes,no,no,AM/PM,,21.98,skincare_products_5000.csv,P04972,synthetic
PRD0000218,Aveeno,Aveeno Repair Hyaluronic Acid Mask,mask,combination|normal|oily,barrier repair,hyaluronic acid,yes,no,no,AM,,22.61,skincare_products_5000.csv,P02037,synthetic
PRD0000219,Aveeno,Aveeno Repair Hyaluronic Acid Mask,mask,combination|normal|sensitive,barrier repair|dryness,"hyaluronic acid, sulfur, green tea",yes,no,no,AM,,23.81,skincare_products_5000.csv,P04516,synthetic
PRD0000220,Aveeno,Aveeno Repair Hyaluronic Acid Serum,serum,combination-sensitive|dry,aging|barrier repair,"hyaluronic acid, azelaic acid",yes,no,no,AM,,16.45,skincare_products_5000.csv,P03547,synthetic
PRD0000221,Aveeno,Aveeno Repair Niacinamide Cleanser,cleanser,oily,acne|dehydration|redness,"niacinamide, betaine, centella",no,yes,no,AM/PM,,11.91,skincare_products_5000.csv,P02568,synthetic
PRD0000222,Aveeno,Aveeno Repair Niacinamide SPF 50,sunscreen,combination|sensitive,redness,"niacinamide, titanium dioxide, octocrylene",no,yes,no,AM,50.0,23.21,skincare_products_5000.csv,P00191,synthetic
PRD0000223,Aveeno,Aveeno Repair Niacinamide Serum,serum,combination-sensitive|normal,aging|barrier repair|dark spots,"niacinamide, vitamin c, azelaic acid",yes,yes,no,PM,,24.64,skincare_products_5000.csv,P00425,synthetic
PRD0000224,Aveeno,Aveeno Repair Niacinamide Serum,serum,normal,dehydration|sensitivity,"niacinamide, retinol, vitamin c",no,no,no,AM/PM,,32.03,skincare_products_5000.csv,P02237,synthetic
PRD0000225,Aveeno,Aveeno Repair Niacinamide Toner,toner,normal|oily|sensitive,acne|dark spots|dryness,niacinamide,yes,no,no,AM/PM,,19.58,skincare_products_5000.csv,P03091,synthetic
PRD0000226,Aveeno,Aveeno Repair Niacinamide Toner,toner,sensitive,barrier repair,niacinamide,no,no,no,AM,,9.53,skincare_products_5000.csv,P03451,synthetic
PRD0000227,Aveeno,Aveeno Repair Panthenol Moisturizer,moisturizer,combination-sensitive|dry|oily,aging|sensitivity,"panthenol, cholesterol, ceramides",yes,yes,no,AM/PM,,31.21,skincare_products_5000.csv,P04482,synthetic
PRD0000228,Aveeno,Aveeno Repair Panthenol Moisturizer,moisturizer,combination|normal|sensitive,barrier repair|dehydration|dryness,panthenol,yes,no,no,PM,,18.06,skincare_products_5000.csv,P01570,synthetic
PRD0000229,Aveeno,Aveeno Repair Panthenol Moisturizer,moisturizer,dry|oily|sensitive,redness|sensitivity,"panthenol, urea",no,yes,no,AM/PM,,12.91,skincare_products_5000.csv,P02082,synthetic
PRD0000230,Aveeno,Aveeno Repair Panthenol Toner,toner,oily|sensitive,redness,"panthenol, pha",no,no,no,PM,,19.22,skincare_products_5000.csv,P04773,synthetic
PRD0000231,Aveeno,Aveeno Repair Peptides Serum,serum,combination|oily|sensitive,aging,"peptides, hyaluronic acid, centella",no,yes,no,PM,,34.08,skincare_products_5000.csv,P04179,synthetic
PRD0000232,Aveeno,Aveeno Repair Pha Toner,toner,dry,acne|barrier repair,"pha, glycerin, panthenol",yes,no,no,AM/PM,,14.79,skincare_products_5000.csv,P02091,synthetic
PRD0000233,Aveeno,Aveeno Repair Salicylic Acid Cleanser,cleanser,combination-sensitive|dry|oily,acne|dark spots|dryness,salicylic acid,yes,yes,no,PM,,20.73,skincare_products_5000.csv,P04759,synthetic
PRD0000234,Aveeno,Aveeno Repair Salicylic Acid Cleanser,cleanser,oily,aging|dehydration|oiliness,"salicylic acid, glycerin",yes,yes,no,Weekly,,8.13,skincare_products_5000.csv,P00594,synthetic
PRD0000235,Aveeno,Aveeno Repair Salicylic Acid Cleanser,cleanser,oily|sensitive,barrier repair|dark spots,"salicylic acid, ceramides",yes,no,no,PM,,13.1,skincare_products_5000.csv,P00042,synthetic
PRD0000236,Aveeno,Aveeno Repair Salicylic Acid Treatment,treatment,combination-sensitive|dry|normal,barrier repair|dehydration,"salicylic acid, adapalene",no,yes,yes,Weekly,,34.12,skincare_products_5000.csv,P00197,synthetic
PRD0000237,Aveeno,Aveeno Repair Salicylic Acid Treatment,treatment,combination-sensitive|normal|sensitive,dark spots|dryness|redness,salicylic acid,yes,yes,no,AM,,12.23,skincare_products_5000.csv,P00458,synthetic
PRD0000238,Aveeno,Aveeno Repair Squalane Moisturizer,moisturizer,combination-sensitive|oily,oiliness,"squalane, cholesterol",no,yes,no,AM/PM,,27.28,skincare_products_5000.csv,P03552,synthetic
PRD0000239,Aveeno,Aveeno Repair Titanium Dioxide SPF 50,sunscreen,oily,dryness,titanium dioxide,yes,yes,no,AM,50.0,24.65,skincare_products_5000.csv,P03109,synthetic
PRD0000240,Aveeno,Aveeno Repair Vitamin E SPF 50,sunscreen,combination-sensitive|normal|sensitive,aging|sensitivity,"vitamin e, titanium dioxide, octocrylene",no,yes,no,AM,30.0,26.53,skincare_products_5000.csv,P02127,synthetic
PRD0000241,Aveeno,Aveeno Repair Zinc Oxide SPF 50,sunscreen,combination|dry|oily,sensitivity,"zinc oxide, titanium dioxide, niacinamide",yes,yes,no,AM,50.0,27.08,skincare_products_5000.csv,P04542,synthetic
PRD0000242,Aveeno,Aveeno Repair Zinc Oxide SPF 50,sunscreen,dry|normal|oily,aging|dryness,"zinc oxide, titanium dioxide, niacinamide",no,yes,no,AM,30.0,29.22,skincare_products_5000.csv,P02930,synthetic
PRD0000243,Avene,Avene Advanced Adapalene Treatment,treatment,normal|sensitive,acne|redness,"adapalene, salicylic acid, azelaic acid",no,yes,no,AM/PM,,21.37,skincare_products_5000.csv,P04580,synthetic
PRD0000244,Avene,Avene Advanced Avobenzone SPF 50,sunscreen,normal|sensitive,redness,"avobenzone, octocrylene",yes,yes,no,AM,50.0,22.69,skincare_products_5000.csv,P02842,synthetic
PRD0000245,Avene,Avene Advanced Avobenzone SPF 50,sunscreen,oily,barrier repair|redness,avobenzone,yes,yes,no,AM,50.0,16.3,skincare_products_5000.csv,P00047,synthetic
PRD0000246,Avene,Avene Advanced Azelaic Acid Serum,serum,normal|oily,aging,azelaic acid,no,yes,no,Weekly,,25.97,skincare_products_5000.csv,P00869,synthetic
PRD0000247,Avene,Avene Advanced Betaine Cleanser,cleanser,combination,aging|dryness,"betaine, ceramides, glycerin",yes,yes,no,AM,,20.71,skincare_products_5000.csv,P04207,synthetic
PRD0000248,Avene,Avene Advanced Betaine Cleanser,cleanser,oily,dehydration|redness|sensitivity,betaine,yes,yes,no,AM,,9.73,skincare_products_5000.csv,P04927,synthetic
PRD0000249,Avene,Avene Advanced Centella Serum,serum,oily,aging|dark spots|oiliness,centella,no,yes,no,AM/PM,,25.58,skincare_products_5000.csv,P02838,synthetic
PRD0000250,Avene,Avene Advanced Centella Toner,toner,combination-sensitive|dry|sensitive,barrier repair|dehydration|oiliness,"centella, pha, beta-glucan",yes,no,no,PM,,13.01,skincare_products_5000.csv,P01418,synthetic
PRD0000251,Avene,Avene Advanced Ceramides Cleanser,cleanser,dry|oily,barrier repair|redness,ceramides,yes,yes,no,Weekly,,16.5,skincare_products_5000.csv,P04664,synthetic
PRD0000252,Avene,Avene Advanced Ceramides Moisturizer,moisturizer,sensitive,dark spots|dehydration|sensitivity,"ceramides, glycerin",yes,yes,no,PM,,22.48,skincare_products_5000.csv,P04284,synthetic
PRD0000253,Avene,Avene Advanced Cholesterol Moisturizer,moisturizer,combination-sensitive|dry|normal,aging|oiliness|redness,cholesterol,yes,yes,no,PM,,18.46,skincare_products_5000.csv,P02588,synthetic
PRD0000254,Avene,Avene Advanced Green Tea Mask,mask,combination|dry,dehydration,"green tea, hyaluronic acid, oat extract",no,no,no,Weekly,,12.14,skincare_products_5000.csv,P01625,synthetic
PRD0000255,Avene,Avene Advanced Hyaluronic Acid Mask,mask,combination|combination-sensitive|normal,aging|dryness,"hyaluronic acid, sulfur",yes,no,no,AM/PM,,23.68,skincare_products_5000.csv,P04164,synthetic
PRD0000256,Avene,Avene Advanced Hyaluronic Acid Serum,serum,combination|combination-sensitive,barrier repair|dark spots,hyaluronic acid,yes,yes,no,AM/PM,,14.02,skincare_products_5000.csv,P02286,synthetic
PRD0000257,Avene,Avene Advanced Niacinamide Serum,serum,oily,barrier repair|dark spots|dryness,niacinamide,yes,yes,no,Weekly,,21.39,skincare_products_5000.csv,P02872,synthetic
PRD0000258,Avene,Avene Advanced Octocrylene SPF 50,sunscreen,combination-sensitive|normal|oily,dark spots,"octocrylene, niacinamide, titanium dioxide",yes,yes,no,AM,30.0,20.68,skincare_products_5000.csv,P03517,synthetic
PRD0000259,Avene,Avene Advanced Panthenol Moisturizer,moisturizer,dry|normal,dryness,"panthenol, ceramides, urea",no,no,no,PM,,32.52,skincare_products_5000.csv,P00255,synthetic
PRD0000260,Avene,Avene Advanced Panthenol Moisturizer,moisturizer,dry|normal|sensitive,dark spots|oiliness|redness,panthenol,yes,yes,no,AM/PM,,12.19,skincare_products_5000.csv,P04006,synthetic
PRD0000261,Avene,Avene Advanced Peptides Serum,serum,normal|sensitive,oiliness,"peptides, centella",yes,no,no,Weekly,,11.45,skincare_products_5000.csv,P04647,synthetic
PRD0000262,Avene,Avene Advanced Pha Toner,toner,dry,barrier repair,"pha, beta-glucan, panthenol",no,no,no,PM,,8.6,skincare_products_5000.csv,P04765,synthetic
PRD0000263,Avene,Avene Advanced Salicylic Acid Cleanser,cleanser,combination-sensitive,aging|oiliness,"salicylic acid, ceramides",no,yes,no,Weekly,,14.74,skincare_products_5000.csv,P03960,synthetic
PRD0000264,Avene,Avene Advanced Salicylic Acid Cleanser,cleanser,combination-sensitive|normal|sensitive,acne|barrier repair,"salicylic acid, centella, ceramides",no,no,no,Weekly,,20.8,skincare_products_5000.csv,P00634,synthetic
PRD0000265,Avene,Avene Advanced Salicylic Acid Cleanser,cleanser,dry|normal,aging,"salicylic acid, glycerin",yes,yes,no,PM,,14.67,skincare_products_5000.csv,P04453,synthetic
PRD0000266,Avene,Avene Advanced Salicylic Acid Cleanser,cleanser,normal|oily,barrier repair,salicylic acid,yes,yes,no,PM,,20.7,skincare_products_5000.csv,P03313,synthetic
PRD0000267,Avene,Avene Advanced Salicylic Acid Treatment,treatment,oily|sensitive,acne|barrier repair,salicylic acid,yes,no,no,PM,,18.43,skincare_products_5000.csv,P01704,synthetic
PRD0000268,Avene,Avene Advanced Squalane Moisturizer,moisturizer,combination|combination-sensitive|oily,aging,squalane,no,yes,no,AM/PM,,33.75,skincare_products_5000.csv,P01974,synthetic
PRD0000269,Avene,Avene Advanced Titanium Dioxide SPF 50,sunscreen,combination-sensitive,dark spots|dryness|oiliness,"titanium dioxide, octocrylene, zinc oxide",yes,yes,no,AM,30.0,28.64,skincare_products_5000.csv,P03575,synthetic
PRD0000270,Avene,Avene Advanced Titanium Dioxide SPF 50,sunscreen,combination-sensitive,sensitivity,titanium dioxide,no,yes,no,AM,50.0,11.02,skincare_products_5000.csv,P01558,synthetic
PRD0000271,Avene,Avene Advanced Urea Moisturizer,moisturizer,combination-sensitive|sensitive,dark spots|oiliness|redness,"urea, cholesterol, glycerin",yes,no,no,AM/PM,,27.1,skincare_products_5000.csv,P03217,synthetic
PRD0000272,Avene,Avene Balance Benzoyl Peroxide Treatment,treatment,combination|normal,aging,"benzoyl peroxide, adapalene",yes,no,no,AM,,29.17,skincare_products_5000.csv,P04462,synthetic
PRD0000273,Avene,Avene Balance Centella Toner,toner,dry,dehydration|redness,"centella, beta-glucan, niacinamide",yes,no,no,AM/PM,,9.03,skincare_products_5000.csv,P00377,synthetic
PRD0000274,Avene,Avene Balance Cholesterol Moisturizer,moisturizer,normal,acne|redness,"cholesterol, panthenol, ceramides",yes,no,no,AM,,15.55,skincare_products_5000.csv,P01332,synthetic
PRD0000275,Avene,Avene Balance Glycerin Cleanser,cleanser,combination-sensitive|normal|oily,oiliness|sensitivity,"glycerin, betaine",no,yes,no,AM/PM,,15.75,skincare_products_5000.csv,P04720,synthetic
PRD0000276,Avene,Avene Balance Glycerin Cleanser,cleanser,normal|sensitive,oiliness|sensitivity,glycerin,yes,yes,no,PM,,22.26,skincare_products_5000.csv,P02741,synthetic
PRD0000277,Avene,Avene Balance Glycerin Moisturizer,moisturizer,dry|normal|sensitive,aging|dehydration,glycerin,yes,yes,no,PM,,10.92,skincare_products_5000.csv,P03481,synthetic
PRD0000278,Avene,Avene Balance Hyaluronic Acid Serum,serum,normal,barrier repair|oiliness,hyaluronic acid,yes,yes,no,Weekly,,29.89,skincare_products_5000.csv,P01794,synthetic
PRD0000279,Avene,Avene Balance Niacinamide SPF 50,sunscreen,normal,acne|barrier repair|dark spots,"niacinamide, octocrylene, titanium dioxide",yes,yes,no,AM,50.0,23.64,skincare_products_5000.csv,P01299,synthetic
PRD0000280,Avene,Avene Balance Niacinamide Serum,serum,combination-sensitive|normal,acne|dehydration|sensitivity,"niacinamide, azelaic acid",no,no,no,AM,,36.43,skincare_products_5000.csv,P00751,synthetic
PRD0000281,Avene,Avene Balance Niacinamide Serum,serum,combination|combination-sensitive|dry,redness,"niacinamide, hyaluronic acid",yes,yes,no,AM/PM,,34.67,skincare_products_5000.csv,P02491,synthetic
PRD0000282,Avene,Avene Balance Niacinamide Serum,serum,combination|oily,acne|oiliness,"niacinamide, hyaluronic acid, retinol",yes,yes,no,Weekly,,20.93,skincare_products_5000.csv,P03209,synthetic
PRD0000283,Avene,Avene Balance Niacinamide Serum,serum,normal,aging|dark spots|redness,niacinamide,yes,yes,no,AM/PM,,24.88,skincare_products_5000.csv,P00906,synthetic
PRD0000284,Avene,Avene Balance Niacinamide Serum,serum,oily,dark spots|redness,"niacinamide, azelaic acid",no,no,no,Weekly,,14.78,skincare_products_5000.csv,P00935,synthetic
PRD0000285,Avene,Avene Balance Niacinamide Toner,toner,combination|dry,aging,"niacinamide, glycerin, pha",yes,no,no,AM/PM,,22.76,skincare_products_5000.csv,P00137,synthetic
PRD0000286,Avene,Avene Balance Retinol Serum,serum,combination-sensitive|oily,barrier repair|dark spots|dehydration,retinol,yes,yes,no,PM,,35.62,skincare_products_5000.csv,P03093,synthetic
PRD0000287,Avene,Avene Balance Salicylic Acid Treatment,treatment,combination-sensitive|normal,acne|dehydration,"salicylic acid, adapalene",yes,yes,no,AM,,11.87,skincare_products_5000.csv,P01572,synthetic
PRD0000288,Avene,Avene Balance Sulfur Mask,mask,combination,dehydration,sulfur,yes,no,no,PM,,11.25,skincare_products_5000.csv,P01082,synthetic
PRD0000289,Avene,Avene Balance Sulfur Treatment,treatment,normal,redness,"sulfur, retinol",no,no,no,AM,,26.11,skincare_products_5000.csv,P00452,synthetic
PRD0000290,Avene,Avene Balance Vitamin E SPF 50,sunscreen,sensitive,oiliness,"vitamin e, avobenzone",no,yes,no,AM,50.0,18.43,skincare_products_5000.csv,P00513,synthetic
PRD0000291,Avene,Avene Barrier Avobenzone SPF 50,sunscreen,combination,acne|dark spots|dehydration,avobenzone,yes,yes,no,AM,30.0,15.99,skincare_products_5000.csv,P01471,synthetic
PRD0000292,Avene,Avene Barrier Avobenzone SPF 50,sunscreen,combination-sensitive|sensitive,acne,"avobenzone, zinc oxide, titanium dioxide",no,yes,no,AM,50.0,28.38,skincare_products_5000.csv,P01469,synthetic
PRD0000293,Avene,Avene Barrier Azelaic Acid Serum,serum,normal|oily,sensitivity,"azelaic acid, centella",yes,yes,no,Weekly,,15.8,skincare_products_5000.csv,P01818,synthetic
PRD0000294,Avene,Avene Barrier Centella Cleanser,cleanser,combination|combination-sensitive,dark spots|dryness|oiliness,centella,yes,yes,no,AM/PM,,11.23,skincare_products_5000.csv,P01949,synthetic
PRD0000295,Avene,Avene Barrier Centella Serum,serum,combination-sensitive|sensitive,dryness|sensitivity,"centella, niacinamide",yes,no,no,AM/PM,,15.79,skincare_products_5000.csv,P04055,synthetic
PRD0000296,Avene,Avene Barrier Clay Mask,mask,combination,acne|dryness,"clay, green tea",yes,no,no,AM/PM,,14.84,skincare_products_5000.csv,P04666,synthetic
PRD0000297,Avene,Avene Barrier Clay Mask,mask,oily,dryness,clay,yes,no,no,AM/PM,,8.24,skincare_products_5000.csv,P03108,synthetic
PRD0000298,Avene,Avene Barrier Glycerin Cleanser,cleanser,combination,barrier repair,"glycerin, salicylic acid",yes,yes,no,PM,,16.16,skincare_products_5000.csv,P01147,synthetic
PRD0000299,Avene,Avene Barrier Glycerin Cleanser,cleanser,sensitive,barrier repair|dark spots,"glycerin, centella, niacinamide",yes,yes,no,PM,,8.17,skincare_products_5000.csv,P02312,synthetic
PRD0000300,Avene,Avene Barrier Glycerin Moisturizer,moisturizer,combination|combination-sensitive|oily,oiliness,"glycerin, cholesterol",yes,yes,no,AM/PM,,21.27,skincare_products_5000.csv,P03425,synthetic
PRD0000301,Avene,Avene Barrier Green Tea Mask,mask,oily|sensitive,aging|dark spots|dehydration,"green tea, centella",yes,no,no,Weekly,,17.15,skincare_products_5000.csv,P04898,synthetic
PRD0000302,Avene,Avene Barrier Hyaluronic Acid Mask,mask,combination,dehydration|dryness|sensitivity,"hyaluronic acid, clay",yes,no,no,AM,,18.62,skincare_products_5000.csv,P03947,synthetic
PRD0000303,Avene,Avene Barrier Hyaluronic Acid Serum,serum,normal,barrier repair|redness,"hyaluronic acid, azelaic acid, peptides",yes,yes,no,AM,,9.36,skincare_products_5000.csv,P03303,synthetic
PRD0000304,Avene,Avene Barrier Niacinamide Cleanser,cleanser,combination|dry|oily,dark spots|redness,"niacinamide, ceramides",no,yes,no,AM/PM,,22.16,skincare_products_5000.csv,P04436,synthetic
PRD0000305,Avene,Avene Barrier Niacinamide Cleanser,cleanser,dry|oily,acne|barrier repair,"niacinamide, glycerin, ceramides",yes,yes,no,AM,,15.26,skincare_products_5000.csv,P01689,synthetic
PRD0000306,Avene,Avene Barrier Niacinamide Serum,serum,dry|oily|sensitive,redness,niacinamide,yes,yes,no,Weekly,,33.24,skincare_products_5000.csv,P01368,synthetic
PRD0000307,Avene,Avene Barrier Panthenol Moisturizer,moisturizer,combination|dry|oily,aging,panthenol,yes,yes,no,AM/PM,,17.23,skincare_products_5000.csv,P03020,synthetic
PRD0000308,Avene,Avene Barrier Panthenol Moisturizer,moisturizer,combination|normal,barrier repair|dark spots|sensitivity,"panthenol, cholesterol",yes,no,no,AM,,23.3,skincare_products_5000.csv,P03193,synthetic
PRD0000309,Avene,Avene Barrier Panthenol Moisturizer,moisturizer,dry,acne|oiliness|redness,panthenol,yes,yes,no,AM,,21.28,skincare_products_5000.csv,P02132,synthetic
PRD0000310,Avene,Avene Barrier Salicylic Acid Cleanser,cleanser,combination,acne|dehydration|redness,"salicylic acid, centella, glycerin",no,yes,no,Weekly,,23.26,skincare_products_5000.csv,P03507,synthetic
PRD0000311,Avene,Avene Barrier Salicylic Acid Cleanser,cleanser,combination|dry|oily,aging|sensitivity,salicylic acid,no,no,no,Weekly,,20.72,skincare_products_5000.csv,P03485,synthetic
PRD0000312,Avene,Avene Barrier Sulfur Mask,mask,normal,aging|dehydration|dryness,sulfur,yes,no,no,AM,,14.29,skincare_products_5000.csv,P04095,synthetic
PRD0000313,Avene,Avene Barrier Sulfur Treatment,treatment,dry|normal|oily,dehydration|sensitivity,sulfur,yes,yes,no,AM/PM,,30.27,skincare_products_5000.csv,P00926,synthetic
PRD0000314,Avene,Avene Barrier Titanium Dioxide SPF 50,sunscreen,combination-sensitive,dryness|oiliness,"titanium dioxide, octocrylene, zinc oxide",yes,no,no,AM,50.0,29.85,skincare_products_5000.csv,P01785,synthetic
PRD0000315,Avene,Avene Barrier Titanium Dioxide SPF 50,sunscreen,normal|sensitive,oiliness,"titanium dioxide, octocrylene",no,yes,no,AM,50.0,20.12,skincare_products_5000.csv,P02094,synthetic
PRD0000316,Avene,Avene Barrier Vitamin C Serum,serum,dry|oily,barrier repair|redness,"vitamin c, retinol",yes,yes,no,Weekly,,39.97,skincare_products_5000.csv,P00380,synthetic
PRD0000317,Avene,Avene Calm Avobenzone SPF 50,sunscreen,dry,aging|barrier repair|sensitivity,"avobenzone, octocrylene, zinc oxide",yes,yes,no,AM,30.0,15.24,skincare_products_5000.csv,P04331,synthetic
PRD0000318,Avene,Avene Calm Azelaic Acid Serum,serum,combination-sensitive,acne|dryness|sensitivity,azelaic acid,yes,yes,no,AM,,21.55,skincare_products_5000.csv,P02585,synthetic
PRD0000319,Avene,Avene Calm Beta-Glucan Toner,toner,combination,acne|oiliness,beta-glucan,no,no,no,AM/PM,,16.57,skincare_products_5000.csv,P01090,synthetic
PRD0000320,Avene,Avene Calm Beta-Glucan Toner,toner,normal|oily|sensitive,acne|dark spots|dehydration,"beta-glucan, pha",yes,no,no,Weekly,,8.48,skincare_products_5000.csv,P04090,synthetic
PRD0000321,Avene,Avene Calm Beta-Glucan Toner,toner,oily,aging|dehydration,beta-glucan,yes,no,no,Weekly,,15.69,skincare_products_5000.csv,P04399,synthetic
PRD0000322,Avene,Avene Calm Betaine Cleanser,cleanser,dry|oily|sensitive,acne|dark spots,"betaine, glycerin, salicylic acid",yes,yes,no,AM,,15.91,skincare_products_5000.csv,P04586,synthetic
PRD0000323,Avene,Avene Calm Centella Cleanser,cleanser,normal|oily,dryness,"centella, niacinamide, glycerin",yes,yes,no,AM,,15.89,skincare_products_5000.csv,P03776,synthetic
PRD0000324,Avene,Avene Calm Ceramides Moisturizer,moisturizer,combination-sensitive|dry|normal,dark spots|dryness,"ceramides, cholesterol, panthenol",yes,yes,no,AM/PM,,22.9,skincare_products_5000.csv,P00616,synthetic
PRD0000325,Avene,Avene Calm Ceramides Moisturizer,moisturizer,combination-sensitive|normal|sensitive,aging|dark spots,"ceramides, glycerin",yes,no,no,Weekly,,17.66,skincare_products_5000.csv,P03332,synthetic
PRD0000326,Avene,Avene Calm Glycerin Moisturizer,moisturizer,normal|oily,barrier repair|sensitivity,"glycerin, squalane, urea",no,yes,no,PM,,22.7,skincare_products_5000.csv,P02477,synthetic
PRD0000327,Avene,Avene Calm Hyaluronic Acid Serum,serum,sensitive,barrier repair|dehydration,"hyaluronic acid, peptides",yes,yes,no,PM,,26.03,skincare_products_5000.csv,P04671,synthetic
PRD0000328,Avene,Avene Calm Niacinamide Cleanser,cleanser,combination-sensitive|dry,acne|dark spots|sensitivity,niacinamide,yes,no,no,AM,,17.61,skincare_products_5000.csv,P02510,synthetic
PRD0000329,Avene,Avene Calm Niacinamide Cleanser,cleanser,combination-sensitive|dry|oily,aging|barrier repair,niacinamide,yes,yes,no,Weekly,,16.05,skincare_products_5000.csv,P02790,synthetic
PRD0000330,Avene,Avene Calm Niacinamide Cleanser,cleanser,oily,redness,"niacinamide, salicylic acid, ceramides",no,yes,no,PM,,19.92,skincare_products_5000.csv,P00851,synthetic
PRD0000331,Avene,Avene Calm Niacinamide SPF 50,sunscreen,oily,dark spots|redness|sensitivity,"niacinamide, vitamin e, octocrylene",no,yes,no,AM,50.0,24.83,skincare_products_5000.csv,P01302,synthetic
PRD0000332,Avene,Avene Calm Niacinamide Serum,serum,sensitive,acne,"niacinamide, vitamin c",no,yes,no,AM/PM,,24.92,skincare_products_5000.csv,P03685,synthetic
PRD0000333,Avene,Avene Calm Niacinamide Toner,toner,sensitive,dryness|oiliness,"niacinamide, glycerin",yes,no,no,Weekly,,19.25,skincare_products_5000.csv,P00320,synthetic
PRD0000334,Avene,Avene Calm Panthenol Moisturizer,moisturizer,combination-sensitive|oily|sensitive,barrier repair|oiliness|redness,panthenol,yes,yes,no,AM/PM,,30.6,skincare_products_5000.csv,P00748,synthetic
PRD0000335,Avene,Avene Calm Panthenol Moisturizer,moisturizer,oily|sensitive,barrier repair,"panthenol, cholesterol, glycerin",no,no,no,Weekly,,12.08,skincare_products_5000.csv,P02733,synthetic
PRD0000336,Avene,Avene Calm Peptides Serum,serum,sensitive,redness,"peptides, centella",yes,yes,no,AM/PM,,27.87,skincare_products_5000.csv,P02592,synthetic
PRD0000337,Avene,Avene Calm Salicylic Acid Cleanser,cleanser,dry,dark spots|dehydration|dryness,salicylic acid,yes,yes,no,PM,,21.79,skincare_products_5000.csv,P02371,synthetic
PRD0000338,Avene,Avene Calm Squalane Moisturizer,moisturizer,combination|combination-sensitive|normal,barrier repair|dryness|sensitivity,"squalane, cholesterol",yes,yes,no,PM,,18.51,skincare_products_5000.csv,P01087,synthetic
PRD0000339,Avene,Avene Calm Squalane Moisturizer,moisturizer,oily,acne|oiliness|redness,"squalane, urea, cholesterol",yes,yes,no,AM/PM,,13.46,skincare_products_5000.csv,P02518,synthetic
PRD0000340,Avene,Avene Calm Sulfur Mask,mask,normal|oily|sensitive,barrier repair|dehydration,"sulfur, oat extract",yes,no,no,AM/PM,,18.26,skincare_products_5000.csv,P04879,synthetic
PRD0000341,Avene,Avene Calm Titanium Dioxide SPF 50,sunscreen,combination|dry|oily,aging|barrier repair,titanium dioxide,no,no,no,AM,30.0,27.53,skincare_products_5000.csv,P04557,synthetic
PRD0000342,Avene,Avene Calm Vitamin C Serum,serum,dry|oily|sensitive,oiliness,"vitamin c, hyaluronic acid, centella",yes,yes,no,AM/PM,,12.61,skincare_products_5000.csv,P04189,synthetic
PRD0000343,Avene,Avene Calm Vitamin E SPF 50,sunscreen,normal|oily,dehydration|sensitivity,vitamin e,yes,yes,no,AM,50.0,22.93,skincare_products_5000.csv,P03818,synthetic
PRD0000344,Avene,Avene Calm Zinc Oxide SPF 50,sunscreen,combination-sensitive,redness,"zinc oxide, vitamin e, octocrylene",yes,yes,no,AM,50.0,29.57,skincare_products_5000.csv,P03112,synthetic
PRD0000345,Avene,Avene Clear Adapalene Treatment,treatment,combination|combination-sensitive|normal,sensitivity,"adapalene, salicylic acid, benzoyl peroxide",yes,yes,yes,AM/PM,,25.75,skincare_products_5000.csv,P00020,synthetic
PRD0000346,Avene,Avene Clear Avobenzone SPF 50,sunscreen,combination|dry|sensitive,aging,avobenzone,no,yes,no,AM,30.0,27.34,skincare_products_5000.csv,P02190,synthetic
PRD0000347,Avene,Avene Clear Azelaic Acid Serum,serum,combination|combination-sensitive|normal,barrier repair|dehydration|dryness,"azelaic acid, peptides",yes,yes,no,PM,,21.05,skincare_products_5000.csv,P01014,synthetic
PRD0000348,Avene,Avene Clear Azelaic Acid Serum,serum,normal|sensitive,acne,"azelaic acid, retinol",yes,yes,no,PM,,19.67,skincare_products_5000.csv,P00597,synthetic
PRD0000349,Avene,Avene Clear Beta-Glucan Toner,toner,dry,dehydration|redness,beta-glucan,yes,no,no,AM,,9.7,skincare_products_5000.csv,P00322,synthetic
PRD0000350,Avene,Avene Clear Betaine Cleanser,cleanser,combination|normal,acne|barrier repair,betaine,yes,no,no,AM,,8.57,skincare_products_5000.csv,P04966,synthetic
PRD0000351,Avene,Avene Clear Ceramides Cleanser,cleanser,combination-sensitive|normal|sensitive,dehydration,"ceramides, betaine",yes,yes,no,PM,,13.47,skincare_products_5000.csv,P00788,synthetic
PRD0000352,Avene,Avene Clear Cholesterol Moisturizer,moisturizer,normal|sensitive,aging,cholesterol,no,yes,no,Weekly,,15.29,skincare_products_5000.csv,P03506,synthetic
PRD0000353,Avene,Avene Clear Clay Mask,mask,dry|sensitive,acne|dark spots|sensitivity,clay,yes,no,no,AM,,13.46,skincare_products_5000.csv,P03650,synthetic
PRD0000354,Avene,Avene Clear Glycerin Cleanser,cleanser,combination|combination-sensitive|oily,acne|sensitivity,"glycerin, ceramides, betaine",no,yes,no,AM,,24.57,skincare_products_5000.csv,P01967,synthetic
PRD0000355,Avene,Avene Clear Glycerin Moisturizer,moisturizer,combination|combination-sensitive|normal,acne|dryness|redness,glycerin,yes,yes,no,AM/PM,,29.43,skincare_products_5000.csv,P01555,synthetic
PRD0000356,Avene,Avene Clear Glycerin Toner,toner,combination-sensitive,dehydration|oiliness,glycerin,yes,no,no,Weekly,,8.04,skincare_products_5000.csv,P04782,synthetic
PRD0000357,Avene,Avene Clear Hyaluronic Acid Mask,mask,normal,aging|dark spots,hyaluronic acid,no,no,no,AM/PM,,22.27,skincare_products_5000.csv,P02400,synthetic
PRD0000358,Avene,Avene Clear Hyaluronic Acid Serum,serum,combination|sensitive,dark spots|oiliness,"hyaluronic acid, vitamin c",yes,yes,no,AM/PM,,32.22,skincare_products_5000.csv,P00110,synthetic
PRD0000359,Avene,Avene Clear Niacinamide SPF 50,sunscreen,oily,barrier repair|dark spots|dehydration,"niacinamide, avobenzone, titanium dioxide",yes,yes,no,AM,50.0,19.54,skincare_products_5000.csv,P01710,synthetic
PRD0000360,Avene,Avene Clear Oat Extract Mask,mask,combination-sensitive|normal|oily,dark spots|dryness|redness,"oat extract, green tea",no,no,no,PM,,10.68,skincare_products_5000.csv,P02055,synthetic
PRD0000361,Avene,Avene Clear Octocrylene SPF 50,sunscreen,combination|dry|normal,barrier repair,octocrylene,yes,yes,no,AM,50.0,24.78,skincare_products_5000.csv,P03097,synthetic
PRD0000362,Avene,Avene Clear Panthenol Moisturizer,moisturizer,combination,aging|dehydration|redness,panthenol,yes,yes,no,AM,,19.39,skincare_products_5000.csv,P00595,synthetic
PRD0000363,Avene,Avene Clear Sulfur Mask,mask,combination|combination-sensitive|sensitive,sensitivity,"sulfur, centella",no,no,no,AM/PM,,25.79,skincare_products_5000.csv,P00238,synthetic
PRD0000364,Avene,Avene Clear Titanium Dioxide SPF 50,sunscreen,combination-sensitive|oily|sensitive,dehydration,titanium dioxide,no,yes,no,AM,50.0,12.27,skincare_products_5000.csv,P01897,synthetic
PRD0000365,Avene,Avene Daily Betaine Cleanser,cleanser,combination|normal,acne,"betaine, salicylic acid",yes,yes,no,PM,,8.69,skincare_products_5000.csv,P03772,synthetic
PRD0000366,Avene,Avene Daily Betaine Cleanser,cleanser,sensitive,dryness,"betaine, niacinamide, salicylic acid",yes,yes,no,Weekly,,17.43,skincare_products_5000.csv,P01965,synthetic
PRD0000367,Avene,Avene Daily Centella Serum,serum,combination-sensitive,acne|aging|barrier repair,"centella, azelaic acid, hyaluronic acid",yes,yes,no,PM,,44.06,skincare_products_5000.csv,P02757,synthetic
PRD0000368,Avene,Avene Daily Ceramides Moisturizer,moisturizer,combination|dry,redness,ceramides,yes,yes,no,Weekly,,31.36,skincare_products_5000.csv,P00428,synthetic
PRD0000369,Avene,Avene Daily Cholesterol Moisturizer,moisturizer,combination-sensitive,aging|dryness|oiliness,cholesterol,yes,yes,no,AM,,33.96,skincare_products_5000.csv,P04976,synthetic
PRD0000370,Avene,Avene Daily Glycerin Cleanser,cleanser,combination|dry,dryness,glycerin,yes,yes,no,PM,,12.99,skincare_products_5000.csv,P01808,synthetic
PRD0000371,Avene,Avene Daily Hyaluronic Acid Serum,serum,combination-sensitive|sensitive,oiliness|redness,hyaluronic acid,yes,yes,no,PM,,28.91,skincare_products_5000.csv,P03964,synthetic
PRD0000372,Avene,Avene Daily Niacinamide SPF 50,sunscreen,combination-sensitive|oily,oiliness,"niacinamide, zinc oxide",yes,no,no,AM,50.0,10.05,skincare_products_5000.csv,P02370,synthetic
PRD0000373,Avene,Avene Daily Niacinamide Toner,toner,combination|sensitive,acne,niacinamide,yes,no,no,AM/PM,,22.39,skincare_products_5000.csv,P01520,synthetic
PRD0000374,Avene,Avene Daily Oat Extract Mask,mask,combination-sensitive|normal,oiliness,oat extract,yes,no,no,PM,,19.28,skincare_products_5000.csv,P04507,synthetic
PRD0000375,Avene,Avene Daily Oat Extract Mask,mask,combination|combination-sensitive,redness,oat extract,yes,no,no,AM,,14.97,skincare_products_5000.csv,P00805,synthetic
PRD0000376,Avene,Avene Daily Octocrylene SPF 50,sunscreen,combination|dry,dehydration|oiliness|sensitivity,"octocrylene, avobenzone",yes,yes,no,AM,50.0,10.79,skincare_products_5000.csv,P01107,synthetic
PRD0000377,Avene,Avene Daily Panthenol Moisturizer,moisturizer,combination,aging|dryness,panthenol,no,yes,no,Weekly,,33.56,skincare_products_5000.csv,P02979,synthetic
PRD0000378,Avene,Avene Daily Peptides Serum,serum,combination|oily,dryness,"peptides, niacinamide",no,yes,no,Weekly,,16.65,skincare_products_5000.csv,P00814,synthetic
PRD0000379,Avene,Avene Daily Pha Toner,toner,combination-sensitive|oily|sensitive,acne|barrier repair|oiliness,"pha, beta-glucan",no,no,no,Weekly,,10.97,skincare_products_5000.csv,P04152,synthetic
PRD0000380,Avene,Avene Daily Retinol Serum,serum,combination|normal,dehydration,"retinol, centella",yes,yes,no,PM,,13.26,skincare_products_5000.csv,P04258,synthetic
PRD0000381,Avene,Avene Daily Salicylic Acid Cleanser,cleanser,combination|dry|normal,dehydration|dryness|oiliness,"salicylic acid, niacinamide",yes,yes,no,AM,,10.12,skincare_products_5000.csv,P02583,synthetic
PRD0000382,Avene,Avene Daily Salicylic Acid Cleanser,cleanser,dry|oily|sensitive,redness,"salicylic acid, glycerin, centella",no,no,no,PM,,24.76,skincare_products_5000.csv,P03881,synthetic
PRD0000383,Avene,Avene Daily Salicylic Acid Treatment,treatment,dry,barrier repair|redness|sensitivity,"salicylic acid, azelaic acid, benzoyl peroxide",yes,yes,no,PM,,13.98,skincare_products_5000.csv,P04198,synthetic
PRD0000384,Avene,Avene Daily Squalane Moisturizer,moisturizer,combination|combination-sensitive,dehydration|redness,squalane,no,no,no,Weekly,,16.8,skincare_products_5000.csv,P03430,synthetic
PRD0000385,Avene,Avene Daily Titanium Dioxide SPF 50,sunscreen,combination|normal,aging|dark spots|oiliness,"titanium dioxide, vitamin e",yes,yes,no,AM,50.0,18.62,skincare_products_5000.csv,P04153,synthetic
PRD0000386,Avene,Avene Daily Vitamin C Serum,serum,dry,dark spots,"vitamin c, centella",no,yes,no,PM,,40.89,skincare_products_5000.csv,P01317,synthetic
PRD0000387,Avene,Avene Daily Vitamin E SPF 50,sunscreen,combination|oily|sensitive,dark spots|dehydration|redness,vitamin e,yes,yes,no,AM,50.0,20.16,skincare_products_5000.csv,P00942,synthetic
PRD0000388,Avene,Avene Glow Benzoyl Peroxide Treatment,treatment,combination|combination-sensitive|normal,dark spots|dehydration,"benzoyl peroxide, salicylic acid",yes,yes,no,PM,,12.88,skincare_products_5000.csv,P00067,synthetic
PRD0000389,Avene,Avene Glow Benzoyl Peroxide Treatment,treatment,dry|oily|sensitive,aging|barrier repair|oiliness,benzoyl peroxide,no,yes,no,Weekly,,30.0,skincare_products_5000.csv,P02938,synthetic
PRD0000390,Avene,Avene Glow Beta-Glucan Toner,toner,oily,barrier repair|dryness|sensitivity,"beta-glucan, panthenol, centella",yes,no,no,AM/PM,,23.12,skincare_products_5000.csv,P01372,synthetic
PRD0000391,Avene,Avene Glow Centella Cleanser,cleanser,combination|dry,acne|dryness|redness,"centella, glycerin, salicylic acid",yes,yes,no,AM/PM,,9.88,skincare_products_5000.csv,P00170,synthetic
PRD0000392,Avene,Avene Glow Centella Cleanser,cleanser,normal,barrier repair,"centella, ceramides, salicylic acid",yes,no,no,AM/PM,,15.52,skincare_products_5000.csv,P02864,synthetic
PRD0000393,Avene,Avene Glow Centella Mask,mask,combination-sensitive,redness,centella,yes,no,no,PM,,27.76,skincare_products_5000.csv,P01428,synthetic
PRD0000394,Avene,Avene Glow Centella Mask,mask,dry,dehydration|oiliness,"centella, oat extract, green tea",yes,no,no,Weekly,,23.18,skincare_products_5000.csv,P02776,synthetic
PRD0000395,Avene,Avene Glow Ceramides Moisturizer,moisturizer,combination-sensitive|dry|oily,aging|dark spots|sensitivity,ceramides,yes,no,no,AM,,22.12,skincare_products_5000.csv,P03492,synthetic
PRD0000396,Avene,Avene Glow Ceramides Moisturizer,moisturizer,combination-sensitive|normal|sensitive,acne|barrier repair|dehydration,ceramides,yes,yes,no,Weekly,,31.27,skincare_products_5000.csv,P04816,synthetic
PRD0000397,Avene,Avene Glow Glycerin Toner,toner,combination-sensitive|normal,dryness|redness,"glycerin, centella, niacinamide",yes,no,no,PM,,22.4,skincare_products_5000.csv,P03697,synthetic
PRD0000398,Avene,Avene Glow Green Tea Mask,mask,dry|sensitive,aging|dark spots,"green tea, centella",no,no,no,PM,,23.95,skincare_products_5000.csv,P04171,synthetic
PRD0000399,Avene,Avene Glow Hyaluronic Acid Mask,mask,dry,barrier repair,hyaluronic acid,no,no,no,PM,,21.22,skincare_products_5000.csv,P01603,synthetic
PRD0000400,Avene,Avene Glow Hyaluronic Acid Serum,serum,combination-sensitive,dryness|redness,"hyaluronic acid, retinol, vitamin c",yes,yes,no,AM,,42.36,skincare_products_5000.csv,P00914,synthetic
PRD0000401,Avene,Avene Glow Hyaluronic Acid Serum,serum,combination-sensitive|dry|oily,dark spots,"hyaluronic acid, centella",yes,no,no,AM/PM,,42.88,skincare_products_5000.csv,P01972,synthetic
PRD0000402,Avene,Avene Glow Niacinamide Cleanser,cleanser,combination-sensitive|dry,dehydration,"niacinamide, salicylic acid, glycerin",yes,yes,no,Weekly,,14.66,skincare_products_5000.csv,P01779,synthetic
PRD0000403,Avene,Avene Glow Octocrylene SPF 50,sunscreen,oily,aging|dark spots|redness,octocrylene,no,yes,no,AM,50.0,11.97,skincare_products_5000.csv,P04594,synthetic
PRD0000404,Avene,Avene Glow Retinol Serum,serum,normal|oily,aging|redness|sensitivity,retinol,no,yes,no,AM/PM,,25.81,skincare_products_5000.csv,P04494,synthetic
PRD0000405,Avene,Avene Glow Salicylic Acid Treatment,treatment,combination,dryness,salicylic acid,no,no,no,AM/PM,,32.12,skincare_products_5000.csv,P02071,synthetic
PRD0000406,Avene,Avene Glow Sulfur Treatment,treatment,combination|dry|oily,dark spots|redness,"sulfur, benzoyl peroxide, azelaic acid",yes,yes,no,Weekly,,30.91,skincare_products_5000.csv,P03860,synthetic
PRD0000407,Avene,Avene Glow Titanium Dioxide SPF 50,sunscreen,oily|sensitive,acne|dryness,titanium dioxide,yes,yes,no,AM,50.0,23.16,skincare_products_5000.csv,P03730,synthetic
PRD0000408,Avene,Avene Glow Vitamin C Serum,serum,combination-sensitive,dryness|sensitivity,"vitamin c, retinol, peptides",yes,no,no,Weekly,,29.65,skincare_products_5000.csv,P01105,synthetic
PRD0000409,Avene,Avene Glow Vitamin C Serum,serum,combination-sensitive|normal|oily,aging|barrier repair|redness,"vitamin c, azelaic acid, niacinamide",no,yes,no,Weekly,,38.44,skincare_products_5000.csv,P04243,synthetic
PRD0000410,Avene,Avene Glow Vitamin E SPF 50,sunscreen,dry,aging|redness,vitamin e,no,yes,no,AM,50.0,28.26,skincare_products_5000.csv,P03058,synthetic
PRD0000411,Avene,Avene Hydra Adapalene Treatment,treatment,dry,acne|dehydration|redness,adapalene,yes,yes,yes,AM/PM,,24.65,skincare_products_5000.csv,P04413,synthetic
PRD0000412,Avene,Avene Hydra Avobenzone SPF 50,sunscreen,combination|dry,acne|dryness|oiliness,"avobenzone, vitamin e, octocrylene",yes,no,no,AM,50.0,19.85,skincare_products_5000.csv,P02483,synthetic
PRD0000413,Avene,Avene Hydra Avobenzone SPF 50,sunscreen,normal|oily,dryness|oiliness|sensitivity,avobenzone,yes,yes,no,AM,50.0,26.52,skincare_products_5000.csv,P01280,synthetic
PRD0000414,Avene,Avene Hydra Benzoyl Peroxide Treatment,treatment,combination|combination-sensitive|normal,barrier repair|redness,"benzoyl peroxide, azelaic acid, sulfur",yes,yes,no,AM/PM,,21.57,skincare_products_5000.csv,P01314,synthetic
PRD0000415,Avene,Avene Hydra Betaine Cleanser,cleanser,dry,barrier repair|dark spots,"betaine, ceramides",yes,yes,no,PM,,22.28,skincare_products_5000.csv,P03484,synthetic
PRD0000416,Avene,Avene Hydra Centella Cleanser,cleanser,combination,barrier repair|dryness|sensitivity,"centella, salicylic acid, glycerin",yes,yes,no,AM/PM,,11.24,skincare_products_5000.csv,P04622,synthetic
PRD0000417,Avene,Avene Hydra Centella Mask,mask,combination-sensitive|dry|sensitive,aging|barrier repair,"centella, green tea",no,no,no,AM,,21.46,skincare_products_5000.csv,P00608,synthetic
PRD0000418,Avene,Avene Hydra Centella Toner,toner,sensitive,aging|barrier repair|dark spots,centella,yes,no,no,AM,,15.15,skincare_products_5000.csv,P04386,synthetic
PRD0000419,Avene,Avene Hydra Ceramides Cleanser,cleanser,combination|combination-sensitive|dry,barrier repair,"ceramides, betaine",yes,no,no,Weekly,,13.66,skincare_products_5000.csv,P03026,synthetic
PRD0000420,Avene,Avene Hydra Ceramides Cleanser,cleanser,combination|combination-sensitive|dry,barrier repair|dryness|redness,ceramides,yes,yes,no,AM/PM,,15.06,skincare_products_5000.csv,P02398,synthetic
PRD0000421,Avene,Avene Hydra Cholesterol Moisturizer,moisturizer,normal,barrier repair|dehydration,cholesterol,yes,yes,no,PM,,12.88,skincare_products_5000.csv,P00793,synthetic
PRD0000422,Avene,Avene Hydra Glycerin Moisturizer,moisturizer,combination,acne,"glycerin, cholesterol, ceramides",yes,yes,no,AM/PM,,21.48,skincare_products_5000.csv,P02262,synthetic
PRD0000423,Avene,Avene Hydra Glycerin Moisturizer,moisturizer,combination-sensitive|sensitive,acne|aging|oiliness,"glycerin, urea, panthenol",yes,no,no,AM,,18.9,skincare_products_5000.csv,P03590,synthetic
PRD0000424,Avene,Avene Hydra Glycerin Moisturizer,moisturizer,combination|dry|oily,aging|dehydration|redness,"glycerin, cholesterol, ceramides",yes,yes,no,AM/PM,,18.84,skincare_products_5000.csv,P04700,synthetic
PRD0000425,Avene,Avene Hydra Green Tea Mask,mask,combination-sensitive|normal,acne|redness,"green tea, centella",no,no,no,AM/PM,,9.97,skincare_products_5000.csv,P01312,synthetic
PRD0000426,Avene,Avene Hydra Hyaluronic Acid Serum,serum,combination|combination-sensitive,acne|dryness|sensitivity,"hyaluronic acid, niacinamide, azelaic acid",yes,yes,no,PM,,18.83,skincare_products_5000.csv,P03671,synthetic
PRD0000427,Avene,Avene Hydra Niacinamide SPF 50,sunscreen,sensitive,dark spots,niacinamide,yes,yes,no,AM,50.0,23.02,skincare_products_5000.csv,P02413,synthetic
PRD0000428,Avene,Avene Hydra Niacinamide Toner,toner,combination|combination-sensitive,redness,"niacinamide, centella",no,no,no,AM/PM,,15.96,skincare_products_5000.csv,P01532,synthetic
PRD0000429,Avene,Avene Hydra Niacinamide Toner,toner,combination|oily,dryness|sensitivity,niacinamide,yes,no,no,AM/PM,,14.13,skincare_products_5000.csv,P03959,synthetic
PRD0000430,Avene,Avene Hydra Peptides Serum,serum,normal,acne,peptides,no,yes,no,PM,,26.95,skincare_products_5000.csv,P02688,synthetic
PRD0000431,Avene,Avene Hydra Retinol Serum,serum,combination|dry|sensitive,dryness|oiliness|sensitivity,"retinol, azelaic acid, niacinamide",no,yes,no,PM,,13.08,skincare_products_5000.csv,P04937,synthetic
PRD0000432,Avene,Avene Hydra Salicylic Acid Treatment,treatment,combination|normal|sensitive,dark spots|oiliness,"salicylic acid, retinol, sulfur",yes,yes,no,Weekly,,13.1,skincare_products_5000.csv,P00968,synthetic
PRD0000433,Avene,Avene Hydra Salicylic Acid Treatment,treatment,dry,sensitivity,"salicylic acid, adapalene, retinol",yes,no,no,AM,,15.11,skincare_products_5000.csv,P02703,synthetic
PRD0000434,Avene,Avene Hydra Sulfur Mask,mask,combination|dry|normal,acne,sulfur,yes,no,no,PM,,13.31,skincare_products_5000.csv,P02620,synthetic
PRD0000435,Avene,Avene Hydra Sulfur Treatment,treatment,combination|dry,oiliness,"sulfur, retinol",yes,yes,no,AM/PM,,19.89,skincare_products_5000.csv,P04089,synthetic
PRD0000436,Avene,Avene Hydra Urea Moisturizer,moisturizer,combination|normal|oily,barrier repair|oiliness,urea,yes,yes,no,Weekly,,25.76,skincare_products_5000.csv,P02763,synthetic
PRD0000437,Avene,Avene Hydra Vitamin C Serum,serum,combination,aging|redness,vitamin c,yes,no,no,AM,,17.5,skincare_products_5000.csv,P04312,synthetic
PRD0000438,Avene,Avene Hydra Vitamin E SPF 50,sunscreen,dry|normal|sensitive,dark spots,"vitamin e, avobenzone",yes,yes,no,AM,50.0,11.17,skincare_products_5000.csv,P00850,synthetic
PRD0000439,Avene,Avene Hydra Zinc Oxide SPF 50,sunscreen,normal,dryness|oiliness|sensitivity,"zinc oxide, niacinamide",yes,yes,no,AM,50.0,21.58,skincare_products_5000.csv,P01968,synthetic
PRD0000440,Avene,Avene Pure Adapalene Treatment,treatment,dry|normal|sensitive,aging|redness,"adapalene, salicylic acid, benzoyl peroxide",yes,yes,no,Weekly,,12.82,skincare_products_5000.csv,P03183,synthetic
PRD0000441,Avene,Avene Pure Avobenzone SPF 50,sunscreen,combination-sensitive|dry|sensitive,acne|redness,"avobenzone, vitamin e, niacinamide",no,yes,no,AM,30.0,19.69,skincare_products_5000.csv,P03530,synthetic
PRD0000442,Avene,Avene Pure Azelaic Acid Treatment,treatment,combination-sensitive|dry|sensitive,dehydration|oiliness|sensitivity,azelaic acid,yes,yes,no,AM/PM,,11.38,skincare_products_5000.csv,P01529,synthetic
PRD0000443,Avene,Avene Pure Beta-Glucan Toner,toner,combination-sensitive|normal|oily,redness,"beta-glucan, pha, panthenol",no,no,no,AM/PM,,22.44,skincare_products_5000.csv,P00948,synthetic
PRD0000444,Avene,Avene Pure Betaine Cleanser,cleanser,sensitive,barrier repair|dryness|redness,"betaine, glycerin, centella",no,yes,no,AM/PM,,24.64,skincare_products_5000.csv,P04097,synthetic
PRD0000445,Avene,Avene Pure Centella Serum,serum,normal|sensitive,barrier repair|dehydration,centella,no,yes,no,AM/PM,,28.25,skincare_products_5000.csv,P04684,synthetic
PRD0000446,Avene,Avene Pure Ceramides Moisturizer,moisturizer,dry,dark spots|sensitivity,"ceramides, glycerin, squalane",yes,yes,no,AM,,31.5,skincare_products_5000.csv,P00993,synthetic
PRD0000447,Avene,Avene Pure Cholesterol Moisturizer,moisturizer,combination|dry,barrier repair|dehydration|oiliness,"cholesterol, glycerin, panthenol",yes,yes,no,PM,,26.71,skincare_products_5000.csv,P04123,synthetic
PRD0000448,Avene,Avene Pure Cholesterol Moisturizer,moisturizer,normal,aging|redness,cholesterol,yes,yes,no,PM,,25.27,skincare_products_5000.csv,P02196,synthetic
PRD0000449,Avene,Avene Pure Clay Mask,mask,combination-sensitive,aging|dark spots|dryness,clay,yes,no,no,PM,,21.23,skincare_products_5000.csv,P02584,synthetic
PRD0000450,Avene,Avene Pure Glycerin Cleanser,cleanser,combination|combination-sensitive|oily,dryness,"glycerin, ceramides, salicylic acid",yes,yes,no,PM,,21.47,skincare_products_5000.csv,P01783,synthetic
PRD0000451,Avene,Avene Pure Glycerin Cleanser,cleanser,dry|normal|oily,dryness|redness,glycerin,yes,yes,no,AM,,13.9,skincare_products_5000.csv,P02859,synthetic
PRD0000452,Avene,Avene Pure Glycerin Moisturizer,moisturizer,normal,aging|oiliness,glycerin,yes,yes,no,PM,,17.43,skincare_products_5000.csv,P01103,synthetic
PRD0000453,Avene,Avene Pure Hyaluronic Acid Mask,mask,combination-sensitive,dark spots|dehydration|redness,"hyaluronic acid, clay",yes,no,no,PM,,16.41,skincare_products_5000.csv,P02200,synthetic
PRD0000454,Avene,Avene Pure Hyaluronic Acid Mask,mask,combination-sensitive|oily|sensitive,acne|dehydration,"hyaluronic acid, clay, green tea",yes,no,no,AM,,20.41,skincare_products_5000.csv,P02519,synthetic
PRD0000455,Avene,Avene Pure Hyaluronic Acid Serum,serum,combination|combination-sensitive,oiliness,"hyaluronic acid, niacinamide",no,yes,no,AM/PM,,19.87,skincare_products_5000.csv,P04920,synthetic
PRD0000456,Avene,Avene Pure Hyaluronic Acid Serum,serum,combination|normal,dehydration,"hyaluronic acid, centella",yes,yes,no,Weekly,,44.01,skincare_products_5000.csv,P04346,synthetic
PRD0000457,Avene,Avene Pure Niacinamide SPF 50,sunscreen,normal|oily|sensitive,dark spots|oiliness,"niacinamide, zinc oxide",no,yes,no,AM,50.0,24.29,skincare_products_5000.csv,P00510,synthetic
PRD0000458,Avene,Avene Pure Niacinamide Toner,toner,combination|combination-sensitive|sensitive,barrier repair,"niacinamide, glycerin, pha",yes,no,no,PM,,8.46,skincare_products_5000.csv,P04416,synthetic
PRD0000459,Avene,Avene Pure Niacinamide Toner,toner,dry,dark spots,"niacinamide, beta-glucan, centella",no,no,no,Weekly,,8.86,skincare_products_5000.csv,P00324,synthetic
PRD0000460,Avene,Avene Pure Pha Toner,toner,dry|oily,barrier repair,pha,yes,no,no,PM,,14.47,skincare_products_5000.csv,P00568,synthetic
PRD0000461,Avene,Avene Pure Sulfur Mask,mask,normal,acne,"sulfur, green tea, oat extract",yes,no,no,PM,,20.04,skincare_products_5000.csv,P01980,synthetic
PRD0000462,Avene,Avene Pure Sulfur Treatment,treatment,combination|sensitive,dark spots|dryness|sensitivity,"sulfur, benzoyl peroxide",no,no,no,PM,,13.73,skincare_products_5000.csv,P01320,synthetic
PRD0000463,Avene,Avene Pure Urea Moisturizer,moisturizer,combination-sensitive|normal,dryness|oiliness,"urea, cholesterol",yes,yes,no,AM,,29.72,skincare_products_5000.csv,P04844,synthetic
PRD0000464,Avene,Avene Repair Avobenzone SPF 50,sunscreen,sensitive,dark spots|oiliness|redness,"avobenzone, zinc oxide",yes,yes,no,AM,50.0,20.16,skincare_products_5000.csv,P02911,synthetic
PRD0000465,Avene,Avene Repair Azelaic Acid Serum,serum,combination-sensitive,acne|dryness|redness,azelaic acid,yes,no,no,PM,,27.26,skincare_products_5000.csv,P00363,synthetic
PRD0000466,Avene,Avene Repair Azelaic Acid Serum,serum,combination|normal|sensitive,aging|barrier repair|dryness,"azelaic acid, peptides",no,no,no,AM,,20.29,skincare_products_5000.csv,P01211,synthetic
PRD0000467,Avene,Avene Repair Azelaic Acid Serum,serum,normal|oily,aging|redness,"azelaic acid, niacinamide",no,yes,no,Weekly,,39.92,skincare_products_5000.csv,P03826,synthetic
PRD0000468,Avene,Avene Repair Azelaic Acid Treatment,treatment,combination-sensitive|dry,dark spots|redness,azelaic acid,yes,yes,no,Weekly,,14.56,skincare_products_5000.csv,P00956,synthetic
PRD0000469,Avene,Avene Repair Azelaic Acid Treatment,treatment,dry|normal|sensitive,dehydration|oiliness,"azelaic acid, adapalene",yes,yes,yes,PM,,19.66,skincare_products_5000.csv,P03922,synthetic
PRD0000470,Avene,Avene Repair Beta-Glucan Toner,toner,combination-sensitive|dry,dark spots,beta-glucan,no,no,no,AM/PM,,15.59,skincare_products_5000.csv,P00468,synthetic
PRD0000471,Avene,Avene Repair Betaine Cleanser,cleanser,combination-sensitive|sensitive,oiliness,"betaine, glycerin",no,yes,no,Weekly,,12.78,skincare_products_5000.csv,P01378,synthetic
PRD0000472,Avene,Avene Repair Ceramides Cleanser,cleanser,combination|dry|oily,acne|dark spots|oiliness,ceramides,yes,yes,no,PM,,19.12,skincare_products_5000.csv,P01234,synthetic
PRD0000473,Avene,Avene Repair Ceramides Moisturizer,moisturizer,normal,barrier repair|dehydration,"ceramides, panthenol, urea",yes,yes,no,Weekly,,21.48,skincare_products_5000.csv,P02962,synthetic
PRD0000474,Avene,Avene Repair Cholesterol Moisturizer,moisturizer,combination,dark spots|oiliness,cholesterol,yes,yes,no,AM,,27.51,skincare_products_5000.csv,P04193,synthetic
PRD0000475,Avene,Avene Repair Cholesterol Moisturizer,moisturizer,dry,oiliness,cholesterol,yes,yes,no,AM,,14.2,skincare_products_5000.csv,P03540,synthetic
PRD0000476,Avene,Avene Repair Glycerin Moisturizer,moisturizer,combination|dry|oily,acne|dark spots|dehydration,glycerin,yes,yes,no,Weekly,,13.24,skincare_products_5000.csv,P00459,synthetic
PRD0000477,Avene,Avene Repair Niacinamide Serum,serum,combination-sensitive,oiliness,"niacinamide, retinol",yes,yes,no,AM/PM,,32.52,skincare_products_5000.csv,P04159,synthetic
PRD0000478,Avene,Avene Repair Niacinamide Serum,serum,combination-sensitive|oily,dark spots|dryness|redness,"niacinamide, vitamin c, azelaic acid",yes,yes,no,AM/PM,,15.6,skincare_products_5000.csv,P02623,synthetic
PRD0000479,Avene,Avene Repair Oat Extract Mask,mask,combination-sensitive|sensitive,acne|dehydration|oiliness,"oat extract, centella",yes,no,no,AM,,16.0,skincare_products_5000.csv,P00868,synthetic
PRD0000480,Avene,Avene Repair Octocrylene SPF 50,sunscreen,oily,aging|oiliness,octocrylene,yes,yes,no,AM,50.0,20.88,skincare_products_5000.csv,P00913,synthetic
PRD0000481,Avene,Avene Repair Peptides Serum,serum,dry|oily,aging,"peptides, retinol, centella",yes,yes,no,PM,,23.88,skincare_products_5000.csv,P03544,synthetic
PRD0000482,Avene,Avene Repair Retinol Serum,serum,combination|sensitive,aging|dryness|sensitivity,retinol,yes,no,no,AM,,13.58,skincare_products_5000.csv,P04655,synthetic
PRD0000483,Avene,Avene Repair Retinol Serum,serum,dry,barrier repair,"retinol, vitamin c, niacinamide",yes,yes,no,Weekly,,29.3,skincare_products_5000.csv,P00057,synthetic
PRD0000484,Avene,Avene Repair Retinol Treatment,treatment,dry|sensitive,sensitivity,retinol,yes,yes,no,Weekly,,14.93,skincare_products_5000.csv,P00418,synthetic
PRD0000485,Avene,Avene Repair Retinol Treatment,treatment,oily|sensitive,aging|dryness,retinol,yes,yes,no,Weekly,,30.67,skincare_products_5000.csv,P04491,synthetic
PRD0000486,Avene,Avene Repair Sulfur Treatment,treatment,combination|combination-sensitive,acne|oiliness|redness,sulfur,yes,no,no,PM,,20.39,skincare_products_5000.csv,P03721,synthetic
PRD0000487,Avene,Avene Repair Sulfur Treatment,treatment,combination|dry,barrier repair|dryness,sulfur,yes,no,no,Weekly,,23.52,skincare_products_5000.csv,P03698,synthetic
PRD0000488,Avene,Avene Repair Sulfur Treatment,treatment,combination|sensitive,redness|sensitivity,sulfur,yes,yes,no,AM,,11.93,skincare_products_5000.csv,P03605,synthetic
PRD0000489,Avene,Avene Repair Vitamin E SPF 50,sunscreen,oily,redness,"vitamin e, zinc oxide, titanium dioxide",no,yes,no,AM,50.0,19.22,skincare_products_5000.csv,P03426,synthetic
PRD0000490,Benton,Benton Advanced Adapalene Treatment,treatment,combination-sensitive,barrier repair|dehydration|dryness,"adapalene, sulfur, azelaic acid",yes,yes,yes,AM,,17.99,skincare_products_5000.csv,P01962,synthetic
PRD0000491,Benton,Benton Advanced Adapalene Treatment,treatment,combination|oily|sensitive,acne|oiliness|redness,adapalene,no,yes,yes,AM/PM,,16.57,skincare_products_5000.csv,P01407,synthetic
PRD0000492,Benton,Benton Advanced Azelaic Acid Serum,serum,sensitive,barrier repair|redness,azelaic acid,yes,yes,no,AM/PM,,44.6,skincare_products_5000.csv,P01981,synthetic
PRD0000493,Benton,Benton Advanced Beta-Glucan Toner,toner,combination-sensitive|oily|sensitive,barrier repair,beta-glucan,yes,no,no,Weekly,,9.35,skincare_products_5000.csv,P00270,synthetic
PRD0000494,Benton,Benton Advanced Centella Cleanser,cleanser,dry,aging|dryness|oiliness,centella,no,yes,no,Weekly,,15.03,skincare_products_5000.csv,P04964,synthetic
PRD0000495,Benton,Benton Advanced Centella Cleanser,cleanser,sensitive,dark spots,"centella, salicylic acid",yes,yes,no,PM,,21.24,skincare_products_5000.csv,P04385,synthetic
PRD0000496,Benton,Benton Advanced Ceramides Moisturizer,moisturizer,oily,dark spots|dryness|oiliness,"ceramides, glycerin, squalane",yes,yes,no,AM/PM,,20.08,skincare_products_5000.csv,P03858,synthetic
PRD0000497,Benton,Benton Advanced Glycerin Cleanser,cleanser,dry|oily|sensitive,acne,"glycerin, ceramides",yes,yes,no,AM/PM,,20.43,skincare_products_5000.csv,P04911,synthetic
PRD0000498,Benton,Benton Advanced Glycerin Toner,toner,combination|sensitive,acne|barrier repair|dark spots,"glycerin, pha, beta-glucan",yes,no,no,AM,,12.97,skincare_products_5000.csv,P04029,synthetic
PRD0000499,Benton,Benton Advanced Green Tea Mask,mask,combination|oily,acne,"green tea, sulfur",yes,no,no,Weekly,,10.03,skincare_products_5000.csv,P04248,synthetic
PRD0000500,Benton,Benton Advanced Hyaluronic Acid Serum,serum,combination,aging|barrier repair|oiliness,"hyaluronic acid, centella, azelaic acid",yes,yes,no,AM,,10.29,skincare_products_5000.csv,P00160,synthetic
PRD0000501,Benton,Benton Advanced Niacinamide Cleanser,cleanser,combination|oily|sensitive,acne|aging,"niacinamide, glycerin, centella",no,no,no,AM/PM,,23.35,skincare_products_5000.csv,P04643,synthetic
PRD0000502,Benton,Benton Advanced Niacinamide SPF 50,sunscreen,combination-sensitive|oily|sensitive,oiliness,"niacinamide, titanium dioxide",no,no,no,AM,30.0,29.43,skincare_products_5000.csv,P02661,synthetic
PRD0000503,Benton,Benton Advanced Niacinamide SPF 50,sunscreen,oily,acne|aging|oiliness,"niacinamide, vitamin e, octocrylene",yes,no,no,AM,50.0,19.43,skincare_products_5000.csv,P04087,synthetic
PRD0000504,Benton,Benton Advanced Niacinamide Serum,serum,combination-sensitive|sensitive,barrier repair|dryness,"niacinamide, vitamin c",yes,yes,no,AM/PM,,12.35,skincare_products_5000.csv,P03105,synthetic
PRD0000505,Benton,Benton Advanced Panthenol Moisturizer,moisturizer,oily,dehydration|dryness,"panthenol, glycerin",yes,yes,no,AM/PM,,24.79,skincare_products_5000.csv,P01052,synthetic
PRD0000506,Benton,Benton Advanced Panthenol Moisturizer,moisturizer,sensitive,acne|dryness|oiliness,"panthenol, ceramides, cholesterol",yes,yes,no,Weekly,,34.89,skincare_products_5000.csv,P03926,synthetic
PRD0000507,Benton,Benton Advanced Peptides Serum,serum,combination-sensitive,aging|barrier repair|oiliness,"peptides, azelaic acid, niacinamide",yes,yes,no,AM,,14.0,skincare_products_5000.csv,P02452,synthetic
PRD0000508,Benton,Benton Advanced Peptides Serum,serum,combination|combination-sensitive|sensitive,oiliness|redness|sensitivity,"peptides, vitamin c, hyaluronic acid",yes,yes,no,AM/PM,,25.89,skincare_products_5000.csv,P00715,synthetic
PRD0000509,Benton,Benton Advanced Retinol Treatment,treatment,combination|dry,dryness|oiliness,retinol,yes,no,no,AM/PM,,10.15,skincare_products_5000.csv,P03419,synthetic
PRD0000510,Benton,Benton Advanced Salicylic Acid Cleanser,cleanser,combination|combination-sensitive,acne|dehydration|oiliness,"salicylic acid, glycerin",yes,yes,no,PM,,10.4,skincare_products_5000.csv,P02307,synthetic
PRD0000511,Benton,Benton Advanced Squalane Moisturizer,moisturizer,combination-sensitive|dry|normal,aging|dark spots|dryness,"squalane, cholesterol, glycerin",yes,yes,no,AM/PM,,30.51,skincare_products_5000.csv,P04873,synthetic
PRD0000512,Benton,Benton Advanced Squalane Moisturizer,moisturizer,combination|normal|oily,redness,squalane,no,yes,no,AM/PM,,22.53,skincare_products_5000.csv,P02320,synthetic
PRD0000513,Benton,Benton Advanced Titanium Dioxide SPF 50,sunscreen,combination|sensitive,acne,"titanium dioxide, niacinamide, zinc oxide",yes,yes,no,AM,30.0,29.58,skincare_products_5000.csv,P02897,synthetic
PRD0000514,Benton,Benton Balance Adapalene Treatment,treatment,combination-sensitive,acne|redness|sensitivity,"adapalene, retinol",yes,yes,yes,Weekly,,34.55,skincare_products_5000.csv,P04218,synthetic
PRD0000515,Benton,Benton Balance Adapalene Treatment,treatment,combination|dry|oily,redness|sensitivity,"adapalene, azelaic acid",no,yes,yes,Weekly,,18.18,skincare_products_5000.csv,P02804,synthetic
PRD0000516,Benton,Benton Balance Avobenzone SPF 50,sunscreen,combination-sensitive|oily|sensitive,sensitivity,avobenzone,yes,yes,no,AM,50.0,13.17,skincare_products_5000.csv,P03188,synthetic
PRD0000517,Benton,Benton Balance Azelaic Acid Treatment,treatment,combination|oily,dehydration,azelaic acid,yes,yes,no,Weekly,,27.75,skincare_products_5000.csv,P01339,synthetic
PRD0000518,Benton,Benton Balance Centella Cleanser,cleanser,combination-sensitive|oily,aging,"centella, glycerin",yes,no,no,Weekly,,15.78,skincare_products_5000.csv,P00592,synthetic
PRD0000519,Benton,Benton Balance Centella Cleanser,cleanser,combination|normal|sensitive,acne,"centella, salicylic acid, glycerin",yes,yes,no,AM,,15.51,skincare_products_5000.csv,P01606,synthetic
PRD0000520,Benton,Benton Balance Centella Mask,mask,combination|dry|oily,dehydration|oiliness|redness,"centella, oat extract",no,no,no,Weekly,,23.39,skincare_products_5000.csv,P01484,synthetic
PRD0000521,Benton,Benton Balance Centella Serum,serum,combination-sensitive|normal,barrier repair|dryness|redness,centella,no,yes,no,AM/PM,,22.31,skincare_products_5000.csv,P04767,synthetic
PRD0000522,Benton,Benton Balance Centella Serum,serum,dry,aging,centella,yes,yes,no,AM,,33.8,skincare_products_5000.csv,P02967,synthetic
PRD0000523,Benton,Benton Balance Centella Toner,toner,normal|oily|sensitive,acne|barrier repair|dehydration,centella,no,no,no,AM,,14.02,skincare_products_5000.csv,P03509,synthetic
PRD0000524,Benton,Benton Balance Glycerin Cleanser,cleanser,combination|dry|normal,barrier repair|dark spots|redness,"glycerin, niacinamide",yes,yes,no,PM,,23.46,skincare_products_5000.csv,P01761,synthetic
PRD0000525,Benton,Benton Balance Glycerin Moisturizer,moisturizer,sensitive,dryness|oiliness|sensitivity,"glycerin, urea, panthenol",yes,no,no,AM/PM,,13.85,skincare_products_5000.csv,P02774,synthetic
PRD0000526,Benton,Benton Balance Hyaluronic Acid Serum,serum,normal,barrier repair|dryness|redness,"hyaluronic acid, niacinamide, azelaic acid",yes,yes,no,Weekly,,13.36,skincare_products_5000.csv,P00745,synthetic
PRD0000527,Benton,Benton Balance Niacinamide Cleanser,cleanser,combination|combination-sensitive,redness,"niacinamide, centella, salicylic acid",yes,yes,no,Weekly,,22.42,skincare_products_5000.csv,P01296,synthetic
PRD0000528,Benton,Benton Balance Niacinamide SPF 50,sunscreen,dry,oiliness,niacinamide,no,yes,no,AM,50.0,10.47,skincare_products_5000.csv,P04716,synthetic
PRD0000529,Benton,Benton Balance Niacinamide SPF 50,sunscreen,dry|normal,barrier repair|dehydration|dryness,"niacinamide, avobenzone",no,no,no,AM,30.0,11.11,skincare_products_5000.csv,P02352,synthetic
PRD0000530,Benton,Benton Balance Titanium Dioxide SPF 50,sunscreen,dry|oily|sensitive,oiliness|redness,titanium dioxide,yes,yes,no,AM,50.0,26.16,skincare_products_5000.csv,P00804,synthetic
PRD0000531,Benton,Benton Balance Vitamin E SPF 50,sunscreen,combination|normal,dryness|redness|sensitivity,"vitamin e, niacinamide, avobenzone",yes,yes,no,AM,50.0,20.77,skincare_products_5000.csv,P03090,synthetic
PRD0000532,Benton,Benton Balance Zinc Oxide SPF 50,sunscreen,dry|oily,aging|redness,"zinc oxide, niacinamide",yes,no,no,AM,50.0,20.29,skincare_products_5000.csv,P01630,synthetic
PRD0000533,Benton,Benton Barrier Azelaic Acid Serum,serum,combination-sensitive,aging|dark spots,"azelaic acid, retinol",yes,yes,no,PM,,30.77,skincare_products_5000.csv,P04908,synthetic
PRD0000534,Benton,Benton Barrier Azelaic Acid Serum,serum,combination-sensitive,aging|dryness|sensitivity,"azelaic acid, niacinamide, retinol",no,yes,no,AM/PM,,15.73,skincare_products_5000.csv,P04472,synthetic
PRD0000535,Benton,Benton Barrier Azelaic Acid Serum,serum,combination-sensitive|normal,dark spots|redness,azelaic acid,yes,yes,no,PM,,10.65,skincare_products_5000.csv,P03944,synthetic
PRD0000536,Benton,Benton Barrier Azelaic Acid Serum,serum,oily,aging,"azelaic acid, vitamin c",yes,yes,no,PM,,27.6,skincare_products_5000.csv,P00211,synthetic
PRD0000537,Benton,Benton Barrier Benzoyl Peroxide Treatment,treatment,sensitive,acne|aging|redness,benzoyl peroxide,no,yes,no,AM/PM,,9.72,skincare_products_5000.csv,P01492,synthetic
PRD0000538,Benton,Benton Barrier Betaine Cleanser,cleanser,normal|oily,acne|redness,"betaine, glycerin",yes,yes,no,Weekly,,17.0,skincare_products_5000.csv,P01423,synthetic
PRD0000539,Benton,Benton Barrier Centella Toner,toner,combination-sensitive|oily,dehydration|oiliness|redness,centella,yes,no,no,AM/PM,,8.61,skincare_products_5000.csv,P01505,synthetic
PRD0000540,Benton,Benton Barrier Cholesterol Moisturizer,moisturizer,combination|combination-sensitive|dry,aging,"cholesterol, ceramides, glycerin",yes,yes,no,AM,,14.38,skincare_products_5000.csv,P00990,synthetic
PRD0000541,Benton,Benton Barrier Cholesterol Moisturizer,moisturizer,combination|dry,dryness,"cholesterol, glycerin, squalane",yes,yes,no,AM,,11.35,skincare_products_5000.csv,P04486,synthetic
PRD0000542,Benton,Benton Barrier Clay Mask,mask,combination-sensitive|dry|oily,dehydration|oiliness|redness,clay,yes,no,no,Weekly,,16.19,skincare_products_5000.csv,P01560,synthetic
PRD0000543,Benton,Benton Barrier Glycerin Cleanser,cleanser,combination|combination-sensitive|oily,aging|oiliness|redness,"glycerin, salicylic acid",yes,yes,no,AM/PM,,9.13,skincare_products_5000.csv,P00663,synthetic
PRD0000544,Benton,Benton Barrier Glycerin Moisturizer,moisturizer,combination-sensitive,acne,glycerin,yes,no,no,AM,,22.17,skincare_products_5000.csv,P04155,synthetic
PRD0000545,Benton,Benton Barrier Hyaluronic Acid Mask,mask,sensitive,acne|oiliness|sensitivity,"hyaluronic acid, clay",no,no,no,AM,,20.89,skincare_products_5000.csv,P04463,synthetic
PRD0000546,Benton,Benton Barrier Hyaluronic Acid Serum,serum,combination-sensitive|dry,barrier repair,"hyaluronic acid, vitamin c",yes,yes,no,AM/PM,,40.29,skincare_products_5000.csv,P01136,synthetic
PRD0000547,Benton,Benton Barrier Hyaluronic Acid Serum,serum,normal|oily,redness,hyaluronic acid,yes,yes,no,Weekly,,32.48,skincare_products_5000.csv,P02691,synthetic
PRD0000548,Benton,Benton Barrier Niacinamide SPF 50,sunscreen,combination|combination-sensitive|dry,acne|aging,niacinamide,no,yes,no,AM,50.0,25.94,skincare_products_5000.csv,P03560,synthetic
PRD0000549,Benton,Benton Barrier Niacinamide Serum,serum,oily|sensitive,dark spots|redness,"niacinamide, centella",no,yes,no,PM,,17.32,skincare_products_5000.csv,P01838,synthetic
PRD0000550,Benton,Benton Barrier Panthenol Moisturizer,moisturizer,sensitive,acne,"panthenol, cholesterol, glycerin",no,no,no,AM,,22.47,skincare_products_5000.csv,P02871,synthetic
PRD0000551,Benton,Benton Barrier Retinol Treatment,treatment,combination|oily|sensitive,dark spots,"retinol, benzoyl peroxide",no,yes,no,AM/PM,,34.98,skincare_products_5000.csv,P00044,synthetic
PRD0000552,Benton,Benton Barrier Retinol Treatment,treatment,sensitive,acne|aging|redness,"retinol, azelaic acid, adapalene",yes,yes,yes,AM,,23.84,skincare_products_5000.csv,P03588,synthetic
PRD0000553,Benton,Benton Barrier Salicylic Acid Cleanser,cleanser,dry|oily|sensitive,dehydration|redness,salicylic acid,no,yes,no,AM,,22.92,skincare_products_5000.csv,P03074,synthetic
PRD0000554,Benton,Benton Barrier Vitamin C Serum,serum,normal,dryness|oiliness,"vitamin c, azelaic acid, peptides",yes,no,no,AM,,33.97,skincare_products_5000.csv,P02030,synthetic
PRD0000555,Benton,Benton Barrier Vitamin E SPF 50,sunscreen,dry,dehydration|dryness|sensitivity,vitamin e,yes,yes,no,AM,50.0,11.52,skincare_products_5000.csv,P04192,synthetic
PRD0000556,Benton,Benton Calm Adapalene Treatment,treatment,combination|normal|oily,oiliness|sensitivity,"adapalene, salicylic acid",yes,yes,no,AM/PM,,33.86,skincare_products_5000.csv,P03364,synthetic
PRD0000557,Benton,Benton Calm Benzoyl Peroxide Treatment,treatment,normal|sensitive,dark spots|dehydration,"benzoyl peroxide, sulfur",yes,yes,no,Weekly,,22.2,skincare_products_5000.csv,P03221,synthetic
PRD0000558,Benton,Benton Calm Centella Mask,mask,combination|dry|normal,aging,"centella, clay",yes,no,no,AM/PM,,14.69,skincare_products_5000.csv,P02153,synthetic
PRD0000559,Benton,Benton Calm Cholesterol Moisturizer,moisturizer,sensitive,oiliness,"cholesterol, ceramides, panthenol",yes,no,no,AM/PM,,11.89,skincare_products_5000.csv,P03609,synthetic
PRD0000560,Benton,Benton Calm Clay Mask,mask,oily,dryness,"clay, green tea, hyaluronic acid",yes,no,no,Weekly,,20.73,skincare_products_5000.csv,P04027,synthetic
PRD0000561,Benton,Benton Calm Glycerin Cleanser,cleanser,combination|sensitive,dark spots|sensitivity,"glycerin, betaine, centella",yes,yes,no,AM,,8.41,skincare_products_5000.csv,P01611,synthetic
PRD0000562,Benton,Benton Calm Glycerin Cleanser,cleanser,dry,acne|dark spots|redness,glycerin,no,yes,no,Weekly,,14.09,skincare_products_5000.csv,P01727,synthetic
PRD0000563,Benton,Benton Calm Glycerin Cleanser,cleanser,normal,dark spots|dryness|sensitivity,"glycerin, betaine",yes,yes,no,Weekly,,25.97,skincare_products_5000.csv,P04613,synthetic
PRD0000564,Benton,Benton Calm Glycerin Cleanser,cleanser,sensitive,barrier repair,"glycerin, salicylic acid",no,yes,no,AM/PM,,24.23,skincare_products_5000.csv,P00672,synthetic
PRD0000565,Benton,Benton Calm Glycerin Toner,toner,normal,barrier repair,glycerin,no,no,no,AM/PM,,19.16,skincare_products_5000.csv,P01946,synthetic
PRD0000566,Benton,Benton Calm Niacinamide SPF 50,sunscreen,combination|dry|oily,aging|redness,niacinamide,yes,yes,no,AM,50.0,19.63,skincare_products_5000.csv,P00698,synthetic
PRD0000567,Benton,Benton Calm Niacinamide Serum,serum,combination,dark spots|dehydration|oiliness,niacinamide,yes,yes,no,Weekly,,10.93,skincare_products_5000.csv,P02117,synthetic
PRD0000568,Benton,Benton Calm Oat Extract Mask,mask,combination|dry,acne|dehydration|redness,"oat extract, green tea",yes,no,no,AM,,25.6,skincare_products_5000.csv,P00202,synthetic
PRD0000569,Benton,Benton Calm Panthenol Moisturizer,moisturizer,combination,aging,panthenol,no,yes,no,Weekly,,34.43,skincare_products_5000.csv,P02827,synthetic
PRD0000570,Benton,Benton Calm Retinol Serum,serum,normal,acne|aging|barrier repair,"retinol, peptides",yes,yes,no,PM,,43.86,skincare_products_5000.csv,P01919,synthetic
PRD0000571,Benton,Benton Calm Salicylic Acid Cleanser,cleanser,combination-sensitive,aging|dehydration,"salicylic acid, niacinamide",no,yes,no,Weekly,,22.8,skincare_products_5000.csv,P00490,synthetic
PRD0000572,Benton,Benton Calm Salicylic Acid Cleanser,cleanser,combination|oily,acne|dark spots,"salicylic acid, niacinamide, glycerin",yes,yes,no,AM,,12.47,skincare_products_5000.csv,P03907,synthetic
PRD0000573,Benton,Benton Calm Salicylic Acid Cleanser,cleanser,dry|oily,dryness|redness|sensitivity,salicylic acid,no,yes,no,Weekly,,21.32,skincare_products_5000.csv,P01024,synthetic
PRD0000574,Benton,Benton Calm Salicylic Acid Cleanser,cleanser,dry|sensitive,aging|dark spots|oiliness,"salicylic acid, niacinamide, glycerin",no,no,no,Weekly,,22.72,skincare_products_5000.csv,P03084,synthetic
PRD0000575,Benton,Benton Calm Squalane Moisturizer,moisturizer,combination-sensitive|dry|normal,barrier repair|dryness|sensitivity,squalane,yes,no,no,AM,,27.37,skincare_products_5000.csv,P04875,synthetic
PRD0000576,Benton,Benton Calm Squalane Moisturizer,moisturizer,dry|normal|oily,acne,"squalane, urea, cholesterol",yes,yes,no,AM,,22.29,skincare_products_5000.csv,P03914,synthetic
PRD0000577,Benton,Benton Calm Urea Moisturizer,moisturizer,combination|combination-sensitive,acne|dehydration|oiliness,urea,yes,no,no,PM,,11.18,skincare_products_5000.csv,P02656,synthetic
PRD0000578,Benton,Benton Calm Zinc Oxide SPF 50,sunscreen,combination|dry|oily,acne|aging|barrier repair,zinc oxide,no,yes,no,AM,50.0,19.85,skincare_products_5000.csv,P03066,synthetic
PRD0000579,Benton,Benton Clear Azelaic Acid Treatment,treatment,dry,acne|aging|dehydration,"azelaic acid, sulfur, adapalene",no,yes,no,AM/PM,,34.93,skincare_products_5000.csv,P03766,synthetic
PRD0000580,Benton,Benton Clear Beta-Glucan Toner,toner,dry|normal,dehydration,beta-glucan,yes,no,no,Weekly,,15.6,skincare_products_5000.csv,P03274,synthetic
PRD0000581,Benton,Benton Clear Centella Cleanser,cleanser,sensitive,redness,"centella, niacinamide, betaine",no,yes,no,AM/PM,,18.81,skincare_products_5000.csv,P04101,synthetic
PRD0000582,Benton,Benton Clear Centella Mask,mask,combination-sensitive|normal|sensitive,dark spots|dryness|sensitivity,"centella, green tea, oat extract",yes,no,no,Weekly,,15.23,skincare_products_5000.csv,P03288,synthetic
PRD0000583,Benton,Benton Clear Ceramides Cleanser,cleanser,combination|dry|normal,acne|aging|dryness,ceramides,yes,yes,no,PM,,11.97,skincare_products_5000.csv,P03886,synthetic
PRD0000584,Benton,Benton Clear Ceramides Moisturizer,moisturizer,combination-sensitive|normal|sensitive,dehydration,ceramides,yes,yes,no,Weekly,,32.88,skincare_products_5000.csv,P01336,synthetic
PRD0000585,Benton,Benton Clear Ceramides Moisturizer,moisturizer,combination|combination-sensitive|normal,dark spots|sensitivity,"ceramides, glycerin, squalane",yes,yes,no,Weekly,,30.61,skincare_products_5000.csv,P04688,synthetic
PRD0000586,Benton,Benton Clear Clay Mask,mask,normal,aging|barrier repair|oiliness,"clay, green tea, oat extract",yes,no,no,Weekly,,25.15,skincare_products_5000.csv,P03390,synthetic
PRD0000587,Benton,Benton Clear Glycerin Moisturizer,moisturizer,combination-sensitive,aging|dehydration,glycerin,no,yes,no,PM,,31.04,skincare_products_5000.csv,P01357,synthetic
PRD0000588,Benton,Benton Clear Niacinamide Cleanser,cleanser,combination-sensitive|oily,acne|barrier repair|sensitivity,niacinamide,yes,yes,no,AM,,24.08,skincare_products_5000.csv,P04796,synthetic
PRD0000589,Benton,Benton Clear Niacinamide SPF 50,sunscreen,combination-sensitive,dehydration,niacinamide,yes,yes,no,AM,50.0,25.24,skincare_products_5000.csv,P04602,synthetic
PRD0000590,Benton,Benton Clear Panthenol Moisturizer,moisturizer,dry,acne|barrier repair|sensitivity,"panthenol, cholesterol, urea",no,no,no,AM/PM,,21.53,skincare_products_5000.csv,P00562,synthetic
PRD0000591,Benton,Benton Clear Pha Toner,toner,oily,dryness|oiliness,pha,yes,no,no,AM,,13.83,skincare_products_5000.csv,P04252,synthetic
PRD0000592,Benton,Benton Clear Retinol Serum,serum,normal,acne,"retinol, peptides",no,yes,no,AM,,30.43,skincare_products_5000.csv,P03029,synthetic
PRD0000593,Benton,Benton Clear Salicylic Acid Cleanser,cleanser,dry,oiliness,salicylic acid,no,yes,no,Weekly,,16.59,skincare_products_5000.csv,P03574,synthetic
PRD0000594,Benton,Benton Clear Titanium Dioxide SPF 50,sunscreen,normal,barrier repair|dark spots|dehydration,"titanium dioxide, avobenzone, octocrylene",yes,yes,no,AM,50.0,27.1,skincare_products_5000.csv,P03211,synthetic
PRD0000595,Benton,Benton Clear Urea Moisturizer,moisturizer,combination-sensitive|dry,oiliness,"urea, panthenol, ceramides",yes,yes,no,AM,,19.49,skincare_products_5000.csv,P03786,synthetic
PRD0000596,Benton,Benton Clear Urea Moisturizer,moisturizer,combination-sensitive|sensitive,acne|dark spots|sensitivity,urea,yes,yes,no,AM,,18.17,skincare_products_5000.csv,P01238,synthetic
PRD0000597,Benton,Benton Clear Urea Moisturizer,moisturizer,normal|sensitive,aging|barrier repair|dark spots,urea,yes,no,no,AM/PM,,15.08,skincare_products_5000.csv,P02223,synthetic
PRD0000598,Benton,Benton Clear Vitamin C Serum,serum,combination-sensitive|normal,dehydration,"vitamin c, hyaluronic acid",yes,yes,no,PM,,40.47,skincare_products_5000.csv,P01142,synthetic
PRD0000599,Benton,Benton Clear Vitamin E SPF 50,sunscreen,combination|dry|oily,acne|aging|barrier repair,"vitamin e, titanium dioxide, niacinamide",yes,yes,no,AM,30.0,16.74,skincare_products_5000.csv,P02737,synthetic
PRD0000600,Benton,Benton Clear Zinc Oxide SPF 50,sunscreen,combination|combination-sensitive|sensitive,dark spots|redness,"zinc oxide, avobenzone, octocrylene",yes,yes,no,AM,50.0,22.27,skincare_products_5000.csv,P04992,synthetic
PRD0000601,Benton,Benton Daily Adapalene Treatment,treatment,combination-sensitive|dry|normal,acne|dehydration|redness,"adapalene, retinol, benzoyl peroxide",yes,yes,yes,PM,,11.76,skincare_products_5000.csv,P02848,synthetic
PRD0000602,Benton,Benton Daily Avobenzone SPF 50,sunscreen,combination-sensitive|dry|oily,aging|dehydration,"avobenzone, octocrylene, niacinamide",no,yes,no,AM,50.0,20.85,skincare_products_5000.csv,P02675,synthetic
PRD0000603,Benton,Benton Daily Beta-Glucan Toner,toner,normal,dark spots|sensitivity,beta-glucan,no,no,no,AM,,21.24,skincare_products_5000.csv,P02152,synthetic
PRD0000604,Benton,Benton Daily Betaine Cleanser,cleanser,combination-sensitive|dry|normal,dehydration,betaine,no,yes,no,AM/PM,,11.06,skincare_products_5000.csv,P03457,synthetic
PRD0000605,Benton,Benton Daily Centella Cleanser,cleanser,combination|combination-sensitive,aging,centella,yes,yes,no,AM,,8.11,skincare_products_5000.csv,P01728,synthetic
PRD0000606,Benton,Benton Daily Centella Mask,mask,combination-sensitive|normal|sensitive,aging|oiliness,centella,yes,no,no,AM,,11.86,skincare_products_5000.csv,P00662,synthetic
PRD0000607,Benton,Benton Daily Centella Serum,serum,sensitive,barrier repair,centella,yes,no,no,AM/PM,,15.76,skincare_products_5000.csv,P00461,synthetic
PRD0000608,Benton,Benton Daily Ceramides Cleanser,cleanser,combination-sensitive|normal|sensitive,acne|dehydration|dryness,ceramides,yes,yes,no,PM,,17.21,skincare_products_5000.csv,P03855,synthetic
PRD0000609,Benton,Benton Daily Ceramides Cleanser,cleanser,combination|dry|sensitive,barrier repair,"ceramides, salicylic acid, niacinamide",no,yes,no,AM/PM,,13.99,skincare_products_5000.csv,P03725,synthetic
PRD0000610,Benton,Benton Daily Ceramides Cleanser,cleanser,dry,barrier repair,ceramides,yes,yes,no,AM,,20.9,skincare_products_5000.csv,P00620,synthetic
PRD0000611,Benton,Benton Daily Ceramides Cleanser,cleanser,sensitive,dark spots,"ceramides, salicylic acid",no,no,no,AM,,18.63,skincare_products_5000.csv,P04359,synthetic
PRD0000612,Benton,Benton Daily Ceramides Moisturizer,moisturizer,combination,dark spots|sensitivity,"ceramides, urea",yes,yes,no,AM/PM,,26.96,skincare_products_5000.csv,P02340,synthetic
PRD0000613,Benton,Benton Daily Ceramides Moisturizer,moisturizer,combination-sensitive|normal,acne|dryness|sensitivity,ceramides,yes,no,no,PM,,28.03,skincare_products_5000.csv,P01985,synthetic
PRD0000614,Benton,Benton Daily Clay Mask,mask,dry,oiliness,"clay, centella, oat extract",yes,no,no,PM,,22.32,skincare_products_5000.csv,P04473,synthetic
PRD0000615,Benton,Benton Daily Glycerin Moisturizer,moisturizer,combination-sensitive|dry|oily,barrier repair,glycerin,no,yes,no,PM,,11.89,skincare_products_5000.csv,P03649,synthetic
PRD0000616,Benton,Benton Daily Hyaluronic Acid Serum,serum,combination,aging|dryness|sensitivity,"hyaluronic acid, azelaic acid, vitamin c",no,yes,no,AM,,26.58,skincare_products_5000.csv,P00939,synthetic
PRD0000617,Benton,Benton Daily Niacinamide Cleanser,cleanser,combination|combination-sensitive|oily,sensitivity,"niacinamide, ceramides",yes,yes,no,AM/PM,,24.96,skincare_products_5000.csv,P04136,synthetic
PRD0000618,Benton,Benton Daily Niacinamide Serum,serum,combination-sensitive|oily,dehydration|redness|sensitivity,"niacinamide, azelaic acid",yes,no,no,AM,,38.32,skincare_products_5000.csv,P03748,synthetic
PRD0000619,Benton,Benton Daily Octocrylene SPF 50,sunscreen,oily,sensitivity,"octocrylene, zinc oxide, avobenzone",yes,yes,no,AM,50.0,20.98,skincare_products_5000.csv,P00875,synthetic
PRD0000620,Benton,Benton Daily Panthenol Moisturizer,moisturizer,dry,barrier repair|redness,"panthenol, glycerin",yes,no,no,PM,,11.12,skincare_products_5000.csv,P04838,synthetic
PRD0000621,Benton,Benton Daily Peptides Serum,serum,combination,dryness|oiliness|sensitivity,peptides,yes,yes,no,AM,,33.39,skincare_products_5000.csv,P03525,synthetic
PRD0000622,Benton,Benton Daily Peptides Serum,serum,combination|oily|sensitive,dryness,peptides,yes,yes,no,Weekly,,17.85,skincare_products_5000.csv,P03952,synthetic
PRD0000623,Benton,Benton Daily Peptides Serum,serum,dry,aging|dryness|oiliness,"peptides, hyaluronic acid, vitamin c",yes,yes,no,AM,,37.03,skincare_products_5000.csv,P00880,synthetic
PRD0000624,Benton,Benton Daily Retinol Treatment,treatment,combination|oily,dryness,"retinol, sulfur",yes,yes,no,AM/PM,,15.38,skincare_products_5000.csv,P01993,synthetic
PRD0000625,Benton,Benton Daily Salicylic Acid Treatment,treatment,dry|sensitive,aging,salicylic acid,yes,yes,no,AM,,30.08,skincare_products_5000.csv,P04086,synthetic
PRD0000626,Benton,Benton Daily Squalane Moisturizer,moisturizer,combination|normal,dehydration|dryness|sensitivity,"squalane, ceramides",yes,yes,no,AM,,34.75,skincare_products_5000.csv,P00776,synthetic
PRD0000627,Benton,Benton Daily Urea Moisturizer,moisturizer,oily,dehydration,"urea, squalane",yes,yes,no,Weekly,,29.18,skincare_products_5000.csv,P03335,synthetic
PRD0000628,Benton,Benton Daily Vitamin E SPF 50,sunscreen,oily,dehydration|dryness|sensitivity,"vitamin e, octocrylene",no,yes,no,AM,50.0,19.39,skincare_products_5000.csv,P02014,synthetic
PRD0000629,Benton,Benton Daily Zinc Oxide SPF 50,sunscreen,combination-sensitive|dry|sensitive,acne|sensitivity,"zinc oxide, octocrylene, titanium dioxide",yes,no,no,AM,30.0,28.35,skincare_products_5000.csv,P03227,synthetic
PRD0000630,Benton,Benton Daily Zinc Oxide SPF 50,sunscreen,combination-sensitive|oily|sensitive,acne|barrier repair|sensitivity,zinc oxide,yes,yes,no,AM,30.0,11.37,skincare_products_5000.csv,P04007,synthetic
PRD0000631,Benton,Benton Daily Zinc Oxide SPF 50,sunscreen,combination|dry|normal,dehydration|redness,"zinc oxide, titanium dioxide",yes,yes,no,AM,30.0,27.52,skincare_products_5000.csv,P01254,synthetic
PRD0000632,Benton,Benton Daily Zinc Oxide SPF 50,sunscreen,combination|normal,acne|dehydration|redness,zinc oxide,no,yes,no,AM,30.0,22.59,skincare_products_5000.csv,P02265,synthetic
PRD0000633,Benton,Benton Glow Adapalene Treatment,treatment,combination-sensitive|dry,aging|dark spots,"adapalene, sulfur",yes,no,yes,AM/PM,,11.38,skincare_products_5000.csv,P02944,synthetic
PRD0000634,Benton,Benton Glow Adapalene Treatment,treatment,combination-sensitive|normal|oily,dehydration|oiliness,adapalene,no,yes,no,AM/PM,,13.3,skincare_products_5000.csv,P04360,synthetic
PRD0000635,Benton,Benton Glow Azelaic Acid Serum,serum,combination|combination-sensitive,dehydration,"azelaic acid, niacinamide",yes,yes,no,AM,,23.65,skincare_products_5000.csv,P02802,synthetic
PRD0000636,Benton,Benton Glow Centella Cleanser,cleanser,combination-sensitive|dry|normal,acne|dryness,centella,yes,yes,no,AM/PM,,19.77,skincare_products_5000.csv,P03487,synthetic
PRD0000637,Benton,Benton Glow Centella Cleanser,cleanser,normal|sensitive,dryness,"centella, glycerin, niacinamide",no,yes,no,AM/PM,,22.73,skincare_products_5000.csv,P04251,synthetic
PRD0000638,Benton,Benton Glow Centella Mask,mask,dry|normal,barrier repair,centella,no,no,no,Weekly,,24.96,skincare_products_5000.csv,P04881,synthetic
PRD0000639,Benton,Benton Glow Centella Serum,serum,oily|sensitive,aging,"centella, vitamin c",yes,yes,no,PM,,29.74,skincare_products_5000.csv,P03391,synthetic
PRD0000640,Benton,Benton Glow Ceramides Cleanser,cleanser,combination-sensitive,barrier repair|dryness,"ceramides, glycerin",yes,yes,no,AM/PM,,9.36,skincare_products_5000.csv,P00200,synthetic
PRD0000641,Benton,Benton Glow Ceramides Moisturizer,moisturizer,normal|oily,barrier repair|dryness|oiliness,ceramides,yes,yes,no,PM,,13.46,skincare_products_5000.csv,P03918,synthetic
PRD0000642,Benton,Benton Glow Glycerin Moisturizer,moisturizer,combination,barrier repair|dark spots|dehydration,"glycerin, urea",yes,yes,no,AM,,31.93,skincare_products_5000.csv,P04890,synthetic
PRD0000643,Benton,Benton Glow Green Tea Mask,mask,combination|dry|oily,aging,"green tea, oat extract, hyaluronic acid",no,no,no,Weekly,,25.72,skincare_products_5000.csv,P03000,synthetic
PRD0000644,Benton,Benton Glow Green Tea Mask,mask,sensitive,barrier repair|dehydration|sensitivity,"green tea, hyaluronic acid, oat extract",yes,no,no,AM/PM,,18.2,skincare_products_5000.csv,P02711,synthetic
PRD0000645,Benton,Benton Glow Hyaluronic Acid Serum,serum,dry|normal|oily,aging,"hyaluronic acid, vitamin c",no,yes,no,AM/PM,,41.07,skincare_products_5000.csv,P01075,synthetic
PRD0000646,Benton,Benton Glow Hyaluronic Acid Serum,serum,oily,aging|barrier repair|dryness,"hyaluronic acid, centella, azelaic acid",yes,yes,no,PM,,32.36,skincare_products_5000.csv,P04536,synthetic
PRD0000647,Benton,Benton Glow Oat Extract Mask,mask,combination|combination-sensitive|normal,acne|redness|sensitivity,"oat extract, green tea, hyaluronic acid",yes,no,no,Weekly,,19.22,skincare_products_5000.csv,P04665,synthetic
PRD0000648,Benton,Benton Glow Panthenol Toner,toner,dry|normal,dark spots|dehydration|dryness,"panthenol, niacinamide",no,no,no,AM,,9.6,skincare_products_5000.csv,P01043,synthetic
PRD0000649,Benton,Benton Glow Pha Toner,toner,combination|dry,dryness|redness,"pha, glycerin",no,no,no,AM/PM,,13.77,skincare_products_5000.csv,P03417,synthetic
PRD0000650,Benton,Benton Glow Retinol Serum,serum,combination-sensitive,acne|dark spots,retinol,yes,yes,no,AM,,13.13,skincare_products_5000.csv,P04445,synthetic
PRD0000651,Benton,Benton Glow Sulfur Mask,mask,combination|combination-sensitive|dry,sensitivity,"sulfur, hyaluronic acid, green tea",yes,no,no,AM/PM,,8.63,skincare_products_5000.csv,P03897,synthetic
PRD0000652,Benton,Benton Glow Vitamin E SPF 50,sunscreen,combination|normal,aging|oiliness|sensitivity,"vitamin e, niacinamide",yes,no,no,AM,30.0,20.87,skincare_products_5000.csv,P04926,synthetic
PRD0000653,Benton,Benton Hydra Avobenzone SPF 50,sunscreen,combination|normal,barrier repair|dark spots|dehydration,avobenzone,no,yes,no,AM,50.0,25.64,skincare_products_5000.csv,P02762,synthetic
PRD0000654,Benton,Benton Hydra Azelaic Acid Serum,serum,combination,acne|dehydration,"azelaic acid, peptides",yes,yes,no,AM,,38.18,skincare_products_5000.csv,P01729,synthetic
PRD0000655,Benton,Benton Hydra Azelaic Acid Serum,serum,oily|sensitive,acne|dryness|redness,"azelaic acid, hyaluronic acid",yes,yes,no,Weekly,,9.53,skincare_products_5000.csv,P03368,synthetic
PRD0000656,Benton,Benton Hydra Benzoyl Peroxide Treatment,treatment,combination-sensitive|normal|sensitive,acne|redness,"benzoyl peroxide, sulfur, salicylic acid",yes,yes,no,AM,,30.39,skincare_products_5000.csv,P04946,synthetic
PRD0000657,Benton,Benton Hydra Benzoyl Peroxide Treatment,treatment,dry,redness,"benzoyl peroxide, azelaic acid, salicylic acid",no,no,no,AM/PM,,9.69,skincare_products_5000.csv,P00262,synthetic
PRD0000658,Benton,Benton Hydra Centella Toner,toner,combination,acne|redness,"centella, glycerin",yes,no,no,AM/PM,,19.78,skincare_products_5000.csv,P01408,synthetic
PRD0000659,Benton,Benton Hydra Ceramides Moisturizer,moisturizer,combination|sensitive,dark spots,ceramides,yes,yes,no,AM,,21.91,skincare_products_5000.csv,P00265,synthetic
PRD0000660,Benton,Benton Hydra Cholesterol Moisturizer,moisturizer,combination-sensitive|normal,aging|sensitivity,"cholesterol, glycerin",yes,yes,no,AM/PM,,18.15,skincare_products_5000.csv,P01692,synthetic
PRD0000661,Benton,Benton Hydra Glycerin Moisturizer,moisturizer,dry|normal|sensitive,dark spots,"glycerin, urea",yes,no,no,PM,,32.05,skincare_products_5000.csv,P03707,synthetic
PRD0000662,Benton,Benton Hydra Niacinamide SPF 50,sunscreen,normal,acne|dryness|redness,"niacinamide, titanium dioxide",yes,yes,no,AM,50.0,19.26,skincare_products_5000.csv,P00954,synthetic
PRD0000663,Benton,Benton Hydra Niacinamide Serum,serum,normal|oily|sensitive,acne,"niacinamide, azelaic acid, hyaluronic acid",yes,yes,no,AM/PM,,22.16,skincare_products_5000.csv,P03785,synthetic
PRD0000664,Benton,Benton Hydra Oat Extract Mask,mask,combination-sensitive|normal,acne|dehydration,"oat extract, clay, sulfur",no,no,no,PM,,16.85,skincare_products_5000.csv,P03102,synthetic
PRD0000665,Benton,Benton Hydra Octocrylene SPF 50,sunscreen,combination|dry|sensitive,acne|sensitivity,"octocrylene, titanium dioxide",no,no,no,AM,50.0,20.53,skincare_products_5000.csv,P04630,synthetic
PRD0000666,Benton,Benton Hydra Panthenol Moisturizer,moisturizer,combination-sensitive|normal,acne|sensitivity,"panthenol, glycerin",yes,yes,no,AM,,23.15,skincare_products_5000.csv,P04103,synthetic
PRD0000667,Benton,Benton Hydra Panthenol Moisturizer,moisturizer,normal|sensitive,acne,"panthenol, urea, ceramides",yes,yes,no,PM,,16.06,skincare_products_5000.csv,P04714,synthetic
PRD0000668,Benton,Benton Hydra Retinol Treatment,treatment,combination-sensitive|oily,barrier repair,"retinol, salicylic acid",yes,yes,no,AM,,21.11,skincare_products_5000.csv,P00172,synthetic
PRD0000669,Benton,Benton Hydra Sulfur Mask,mask,dry,barrier repair|sensitivity,"sulfur, hyaluronic acid, oat extract",yes,no,no,PM,,11.85,skincare_products_5000.csv,P00346,synthetic
PRD0000670,Benton,Benton Hydra Vitamin E SPF 50,sunscreen,combination-sensitive,oiliness,vitamin e,yes,yes,no,AM,50.0,19.61,skincare_products_5000.csv,P04061,synthetic
PRD0000671,Benton,Benton Pure Avobenzone SPF 50,sunscreen,sensitive,barrier repair|dark spots|redness,avobenzone,yes,yes,no,AM,50.0,13.21,skincare_products_5000.csv,P03088,synthetic
PRD0000672,Benton,Benton Pure Azelaic Acid Treatment,treatment,dry|normal,acne|dehydration|sensitivity,azelaic acid,no,yes,no,AM,,30.77,skincare_products_5000.csv,P04600,synthetic
PRD0000673,Benton,Benton Pure Beta-Glucan Toner,toner,combination|oily|sensitive,redness,"beta-glucan, niacinamide",yes,no,no,AM/PM,,11.47,skincare_products_5000.csv,P02495,synthetic
PRD0000674,Benton,Benton Pure Betaine Cleanser,cleanser,normal,aging|dark spots|dryness,betaine,yes,yes,no,AM,,22.11,skincare_products_5000.csv,P02232,synthetic
PRD0000675,Benton,Benton Pure Betaine Cleanser,cleanser,oily,dehydration|dryness|sensitivity,betaine,yes,yes,no,AM/PM,,19.83,skincare_products_5000.csv,P00328,synthetic
PRD0000676,Benton,Benton Pure Centella Cleanser,cleanser,dry|oily|sensitive,acne|sensitivity,"centella, salicylic acid, betaine",no,no,no,PM,,17.72,skincare_products_5000.csv,P02329,synthetic
PRD0000677,Benton,Benton Pure Ceramides Moisturizer,moisturizer,dry|oily,aging|sensitivity,"ceramides, cholesterol",no,yes,no,Weekly,,14.44,skincare_products_5000.csv,P01274,synthetic
PRD0000678,Benton,Benton Pure Glycerin Cleanser,cleanser,combination,barrier repair|dark spots,"glycerin, ceramides",no,yes,no,PM,,21.34,skincare_products_5000.csv,P04474,synthetic
PRD0000679,Benton,Benton Pure Glycerin Cleanser,cleanser,combination-sensitive|oily,acne|dryness|redness,"glycerin, salicylic acid",yes,yes,no,Weekly,,22.92,skincare_products_5000.csv,P01019,synthetic
PRD0000680,Benton,Benton Pure Glycerin Cleanser,cleanser,dry,acne|barrier repair|sensitivity,glycerin,yes,yes,no,AM/PM,,14.55,skincare_products_5000.csv,P00305,synthetic
PRD0000681,Benton,Benton Pure Glycerin Moisturizer,moisturizer,oily,redness|sensitivity,"glycerin, ceramides",no,yes,no,AM,,19.12,skincare_products_5000.csv,P01347,synthetic
PRD0000682,Benton,Benton Pure Green Tea Mask,mask,combination|oily|sensitive,sensitivity,"green tea, centella",yes,no,no,Weekly,,20.33,skincare_products_5000.csv,P02832,synthetic
PRD0000683,Benton,Benton Pure Hyaluronic Acid Mask,mask,dry,acne|oiliness|redness,hyaluronic acid,yes,no,no,AM/PM,,17.08,skincare_products_5000.csv,P03401,synthetic
PRD0000684,Benton,Benton Pure Hyaluronic Acid Serum,serum,combination|dry,oiliness,"hyaluronic acid, retinol, centella",yes,yes,no,AM,,37.82,skincare_products_5000.csv,P02799,synthetic
PRD0000685,Benton,Benton Pure Niacinamide SPF 50,sunscreen,combination-sensitive,acne|redness|sensitivity,"niacinamide, titanium dioxide",yes,yes,no,AM,30.0,10.88,skincare_products_5000.csv,P00045,synthetic
PRD0000686,Benton,Benton Pure Niacinamide SPF 50,sunscreen,oily,redness,"niacinamide, avobenzone",yes,yes,no,AM,50.0,13.51,skincare_products_5000.csv,P00825,synthetic
PRD0000687,Benton,Benton Pure Niacinamide Toner,toner,combination|dry,barrier repair|redness|sensitivity,"niacinamide, centella, pha",yes,no,no,PM,,13.35,skincare_products_5000.csv,P01673,synthetic
PRD0000688,Benton,Benton Pure Niacinamide Toner,toner,normal,dark spots|redness|sensitivity,"niacinamide, panthenol, centella",yes,no,no,AM/PM,,12.92,skincare_products_5000.csv,P02216,synthetic
PRD0000689,Benton,Benton Pure Octocrylene SPF 50,sunscreen,combination|oily,acne|barrier repair,"octocrylene, titanium dioxide, avobenzone",yes,yes,no,AM,50.0,26.65,skincare_products_5000.csv,P04560,synthetic
PRD0000690,Benton,Benton Pure Panthenol Moisturizer,moisturizer,combination,aging|dark spots|redness,panthenol,yes,yes,no,AM/PM,,30.23,skincare_products_5000.csv,P01277,synthetic
PRD0000691,Benton,Benton Pure Panthenol Moisturizer,moisturizer,oily,oiliness,"panthenol, cholesterol, glycerin",yes,yes,no,PM,,22.79,skincare_products_5000.csv,P04905,synthetic
PRD0000692,Benton,Benton Pure Peptides Serum,serum,combination-sensitive|sensitive,barrier repair,"peptides, centella, azelaic acid",no,yes,no,PM,,9.11,skincare_products_5000.csv,P01885,synthetic
PRD0000693,Benton,Benton Pure Salicylic Acid Cleanser,cleanser,combination|oily|sensitive,dehydration|redness|sensitivity,"salicylic acid, centella",yes,yes,no,AM,,21.21,skincare_products_5000.csv,P03850,synthetic
PRD0000694,Benton,Benton Pure Sulfur Mask,mask,combination-sensitive|dry|normal,aging|dark spots|sensitivity,"sulfur, oat extract, hyaluronic acid",yes,no,no,Weekly,,10.9,skincare_products_5000.csv,P00483,synthetic
PRD0000695,Benton,Benton Pure Sulfur Mask,mask,combination-sensitive|dry|oily,sensitivity,sulfur,yes,no,no,PM,,22.98,skincare_products_5000.csv,P01270,synthetic
PRD0000696,Benton,Benton Pure Urea Moisturizer,moisturizer,combination|normal|sensitive,barrier repair|oiliness,urea,yes,yes,no,PM,,14.85,skincare_products_5000.csv,P00354,synthetic
PRD0000697,Benton,Benton Pure Urea Moisturizer,moisturizer,dry,dark spots,urea,yes,yes,no,AM/PM,,27.69,skincare_products_5000.csv,P00263,synthetic
PRD0000698,Benton,Benton Repair Azelaic Acid Serum,serum,normal,barrier repair|dryness,"azelaic acid, niacinamide, peptides",yes,no,no,AM,,13.29,skincare_products_5000.csv,P00750,synthetic
PRD0000699,Benton,Benton Repair Azelaic Acid Serum,serum,oily,acne|barrier repair|redness,"azelaic acid, retinol, centella",yes,yes,no,AM,,39.27,skincare_products_5000.csv,P02538,synthetic
PRD0000700,Benton,Benton Repair Ceramides Cleanser,cleanser,combination-sensitive|sensitive,acne|dryness|oiliness,"ceramides, glycerin",no,yes,no,AM,,8.5,skincare_products_5000.csv,P03111,synthetic
PRD0000701,Benton,Benton Repair Ceramides Cleanser,cleanser,combination|dry|sensitive,acne|dehydration|oiliness,"ceramides, salicylic acid",yes,yes,no,Weekly,,12.66,skincare_products_5000.csv,P01737,synthetic
PRD0000702,Benton,Benton Repair Clay Mask,mask,combination-sensitive|dry|normal,oiliness|redness,"clay, hyaluronic acid, sulfur",yes,no,no,PM,,15.0,skincare_products_5000.csv,P00656,synthetic
PRD0000703,Benton,Benton Repair Glycerin Moisturizer,moisturizer,combination,dryness|oiliness,"glycerin, cholesterol",yes,yes,no,Weekly,,17.01,skincare_products_5000.csv,P01143,synthetic
PRD0000704,Benton,Benton Repair Glycerin Moisturizer,moisturizer,normal|oily,aging|dark spots,"glycerin, urea, squalane",yes,no,no,Weekly,,19.96,skincare_products_5000.csv,P00911,synthetic
PRD0000705,Benton,Benton Repair Hyaluronic Acid Serum,serum,combination-sensitive,dehydration|redness,hyaluronic acid,yes,yes,no,PM,,42.68,skincare_products_5000.csv,P01016,synthetic
PRD0000706,Benton,Benton Repair Hyaluronic Acid Serum,serum,dry,oiliness|sensitivity,hyaluronic acid,yes,yes,no,PM,,15.36,skincare_products_5000.csv,P03226,synthetic
PRD0000707,Benton,Benton Repair Niacinamide Cleanser,cleanser,combination-sensitive,dark spots|dehydration|sensitivity,"niacinamide, betaine, centella",yes,no,no,AM,,11.44,skincare_products_5000.csv,P01999,synthetic
PRD0000708,Benton,Benton Repair Niacinamide SPF 50,sunscreen,sensitive,aging|redness,"niacinamide, vitamin e, avobenzone",no,yes,no,AM,30.0,10.68,skincare_products_5000.csv,P00901,synthetic
PRD0000709,Benton,Benton Repair Octocrylene SPF 50,sunscreen,dry|sensitive,dryness,"octocrylene, zinc oxide, avobenzone",no,yes,no,AM,50.0,22.87,skincare_products_5000.csv,P04777,synthetic
PRD0000710,Benton,Benton Repair Panthenol Moisturizer,moisturizer,dry|oily,barrier repair|redness|sensitivity,"panthenol, squalane",yes,no,no,Weekly,,33.11,skincare_products_5000.csv,P03165,synthetic
PRD0000711,Benton,Benton Repair Panthenol Toner,toner,sensitive,acne,panthenol,yes,no,no,AM/PM,,22.48,skincare_products_5000.csv,P02869,synthetic
PRD0000712,Benton,Benton Repair Peptides Serum,serum,dry|normal,acne,peptides,no,yes,no,PM,,41.37,skincare_products_5000.csv,P04799,synthetic
PRD0000713,Benton,Benton Repair Peptides Serum,serum,dry|normal,dehydration,"peptides, hyaluronic acid, azelaic acid",yes,yes,no,PM,,34.77,skincare_products_5000.csv,P01093,synthetic
PRD0000714,Benton,Benton Repair Retinol Treatment,treatment,combination-sensitive|normal|oily,barrier repair,"retinol, sulfur, benzoyl peroxide",yes,no,no,AM,,25.32,skincare_products_5000.csv,P00657,synthetic
PRD0000715,Benton,Benton Repair Retinol Treatment,treatment,sensitive,barrier repair|dark spots|oiliness,retinol,yes,no,no,PM,,16.25,skincare_products_5000.csv,P04381,synthetic
PRD0000716,Benton,Benton Repair Salicylic Acid Treatment,treatment,dry|normal|sensitive,acne|aging,"salicylic acid, azelaic acid",yes,yes,no,PM,,33.55,skincare_products_5000.csv,P02084,synthetic
PRD0000717,Benton,Benton Repair Titanium Dioxide SPF 50,sunscreen,oily,dark spots,"titanium dioxide, niacinamide",no,yes,no,AM,30.0,22.1,skincare_products_5000.csv,P03636,synthetic
PRD0000718,Benton,Benton Repair Urea Moisturizer,moisturizer,combination|combination-sensitive|dry,dryness|sensitivity,"urea, ceramides",yes,yes,no,AM,,29.62,skincare_products_5000.csv,P04860,synthetic
PRD0000719,Bepanthen,Bepanthen Advanced Avobenzone SPF 50,sunscreen,combination-sensitive|normal|oily,acne|redness,avobenzone,yes,yes,no,AM,30.0,19.83,skincare_products_5000.csv,P00107,synthetic
PRD0000720,Bepanthen,Bepanthen Advanced Azelaic Acid Serum,serum,combination-sensitive|dry|sensitive,acne|dark spots,"azelaic acid, peptides",no,yes,no,Weekly,,34.96,skincare_products_5000.csv,P02699,synthetic
PRD0000721,Bepanthen,Bepanthen Advanced Azelaic Acid Serum,serum,combination-sensitive|oily|sensitive,redness,azelaic acid,yes,no,no,PM,,9.59,skincare_products_5000.csv,P03539,synthetic
PRD0000722,Bepanthen,Bepanthen Advanced Centella Cleanser,cleanser,normal|oily|sensitive,dehydration|redness,centella,yes,yes,no,PM,,11.16,skincare_products_5000.csv,P02388,synthetic
PRD0000723,Bepanthen,Bepanthen Advanced Glycerin Cleanser,cleanser,dry,acne|aging|barrier repair,glycerin,yes,yes,no,AM,,20.6,skincare_products_5000.csv,P00117,synthetic
PRD0000724,Bepanthen,Bepanthen Advanced Glycerin Moisturizer,moisturizer,combination-sensitive|normal,acne,"glycerin, urea, ceramides",yes,yes,no,PM,,16.3,skincare_products_5000.csv,P01713,synthetic
PRD0000725,Bepanthen,Bepanthen Advanced Glycerin Moisturizer,moisturizer,combination|dry|oily,barrier repair|dark spots|dehydration,glycerin,yes,yes,no,Weekly,,33.16,skincare_products_5000.csv,P01435,synthetic
PRD0000726,Bepanthen,Bepanthen Advanced Niacinamide SPF 50,sunscreen,normal|sensitive,aging|barrier repair|sensitivity,"niacinamide, octocrylene",no,no,no,AM,50.0,16.39,skincare_products_5000.csv,P03717,synthetic
PRD0000727,Bepanthen,Bepanthen Advanced Niacinamide Serum,serum,combination|normal|oily,dryness|sensitivity,"niacinamide, centella",no,yes,no,Weekly,,39.97,skincare_products_5000.csv,P00141,synthetic
PRD0000728,Bepanthen,Bepanthen Advanced Niacinamide Toner,toner,dry|oily|sensitive,aging|dryness|sensitivity,"niacinamide, glycerin, panthenol",yes,no,no,AM/PM,,22.94,skincare_products_5000.csv,P01253,synthetic
PRD0000729,Bepanthen,Bepanthen Advanced Panthenol Moisturizer,moisturizer,combination|combination-sensitive,aging|sensitivity,"panthenol, urea, squalane",yes,yes,no,AM,,30.36,skincare_products_5000.csv,P02738,synthetic
PRD0000730,Bepanthen,Bepanthen Advanced Panthenol Moisturizer,moisturizer,combination|oily|sensitive,oiliness,panthenol,no,yes,no,PM,,31.99,skincare_products_5000.csv,P01392,synthetic
PRD0000731,Bepanthen,Bepanthen Advanced Panthenol Toner,toner,combination-sensitive|dry|normal,acne|oiliness,panthenol,yes,no,no,PM,,20.16,skincare_products_5000.csv,P00740,synthetic
PRD0000732,Bepanthen,Bepanthen Advanced Pha Toner,toner,oily|sensitive,oiliness|sensitivity,"pha, glycerin",yes,no,no,AM/PM,,20.9,skincare_products_5000.csv,P01447,synthetic
PRD0000733,Bepanthen,Bepanthen Advanced Titanium Dioxide SPF 50,sunscreen,combination-sensitive|normal|oily,aging|dehydration|sensitivity,"titanium dioxide, zinc oxide",yes,yes,no,AM,50.0,17.74,skincare_products_5000.csv,P02135,synthetic
PRD0000734,Bepanthen,Bepanthen Advanced Titanium Dioxide SPF 50,sunscreen,dry|normal|sensitive,dark spots|oiliness,"titanium dioxide, vitamin e, avobenzone",yes,yes,no,AM,50.0,20.62,skincare_products_5000.csv,P00703,synthetic
PRD0000735,Bepanthen,Bepanthen Advanced Zinc Oxide SPF 50,sunscreen,dry|normal|sensitive,dehydration|oiliness,zinc oxide,yes,yes,no,AM,50.0,12.2,skincare_products_5000.csv,P02142,synthetic
PRD0000736,Bepanthen,Bepanthen Balance Adapalene Treatment,treatment,combination-sensitive|dry|oily,oiliness|redness|sensitivity,adapalene,yes,yes,yes,AM,,15.22,skincare_products_5000.csv,P02683,synthetic
PRD0000737,Bepanthen,Bepanthen Balance Azelaic Acid Serum,serum,combination|oily,dehydration|redness,"azelaic acid, niacinamide",no,no,no,PM,,43.27,skincare_products_5000.csv,P04800,synthetic
PRD0000738,Bepanthen,Bepanthen Balance Azelaic Acid Treatment,treatment,combination-sensitive,sensitivity,azelaic acid,yes,yes,no,AM,,31.18,skincare_products_5000.csv,P03599,synthetic
PRD0000739,Bepanthen,Bepanthen Balance Azelaic Acid Treatment,treatment,combination|combination-sensitive|normal,redness,"azelaic acid, sulfur",no,yes,no,AM/PM,,24.08,skincare_products_5000.csv,P00249,synthetic
PRD0000740,Bepanthen,Bepanthen Balance Azelaic Acid Treatment,treatment,combination|normal|oily,dehydration,"azelaic acid, benzoyl peroxide",yes,yes,no,AM,,26.3,skincare_products_5000.csv,P01214,synthetic
PRD0000741,Bepanthen,Bepanthen Balance Azelaic Acid Treatment,treatment,dry|oily|sensitive,dehydration|redness|sensitivity,"azelaic acid, sulfur",yes,yes,no,AM,,22.63,skincare_products_5000.csv,P00763,synthetic
PRD0000742,Bepanthen,Bepanthen Balance Centella Serum,serum,combination|combination-sensitive,sensitivity,"centella, niacinamide, retinol",yes,yes,no,Weekly,,17.51,skincare_products_5000.csv,P00463,synthetic
PRD0000743,Bepanthen,Bepanthen Balance Centella Serum,serum,combination|combination-sensitive|oily,redness,"centella, azelaic acid",yes,yes,no,Weekly,,31.31,skincare_products_5000.csv,P04352,synthetic
PRD0000744,Bepanthen,Bepanthen Balance Centella Serum,serum,dry,aging|dark spots|sensitivity,"centella, vitamin c",yes,yes,no,Weekly,,21.53,skincare_products_5000.csv,P00918,synthetic
PRD0000745,Bepanthen,Bepanthen Balance Ceramides Cleanser,cleanser,combination|combination-sensitive,sensitivity,"ceramides, betaine",yes,yes,no,AM,,14.11,skincare_products_5000.csv,P04075,synthetic
PRD0000746,Bepanthen,Bepanthen Balance Ceramides Cleanser,cleanser,dry,barrier repair,ceramides,yes,no,no,AM,,19.26,skincare_products_5000.csv,P00151,synthetic
PRD0000747,Bepanthen,Bepanthen Balance Ceramides Cleanser,cleanser,normal,acne,"ceramides, salicylic acid",no,yes,no,AM,,21.12,skincare_products_5000.csv,P01744,synthetic
PRD0000748,Bepanthen,Bepanthen Balance Clay Mask,mask,dry|normal,redness,"clay, hyaluronic acid",yes,no,no,AM/PM,,22.7,skincare_products_5000.csv,P00454,synthetic
PRD0000749,Bepanthen,Bepanthen Balance Glycerin Moisturizer,moisturizer,combination,redness,"glycerin, ceramides",yes,yes,no,PM,,28.54,skincare_products_5000.csv,P01092,synthetic
PRD0000750,Bepanthen,Bepanthen Balance Glycerin Toner,toner,sensitive,acne|dehydration|oiliness,"glycerin, beta-glucan, panthenol",no,no,no,Weekly,,15.85,skincare_products_5000.csv,P01022,synthetic
PRD0000751,Bepanthen,Bepanthen Balance Hyaluronic Acid Serum,serum,combination,dark spots|dehydration|dryness,hyaluronic acid,yes,yes,no,AM/PM,,23.8,skincare_products_5000.csv,P01996,synthetic
PRD0000752,Bepanthen,Bepanthen Balance Niacinamide SPF 50,sunscreen,combination-sensitive|dry,oiliness,"niacinamide, titanium dioxide, zinc oxide",yes,yes,no,AM,30.0,22.08,skincare_products_5000.csv,P02348,synthetic
PRD0000753,Bepanthen,Bepanthen Balance Niacinamide Toner,toner,combination|dry|sensitive,acne|dryness,"niacinamide, panthenol, centella",no,no,no,AM/PM,,8.65,skincare_products_5000.csv,P03951,synthetic
PRD0000754,Bepanthen,Bepanthen Balance Oat Extract Mask,mask,oily,aging|oiliness,"oat extract, sulfur",yes,no,no,AM,,14.12,skincare_products_5000.csv,P02679,synthetic
PRD0000755,Bepanthen,Bepanthen Balance Peptides Serum,serum,combination,acne|dark spots,"peptides, azelaic acid",yes,yes,no,Weekly,,25.46,skincare_products_5000.csv,P01356,synthetic
PRD0000756,Bepanthen,Bepanthen Balance Pha Toner,toner,combination-sensitive,dehydration|sensitivity,"pha, panthenol, niacinamide",yes,no,no,AM,,22.84,skincare_products_5000.csv,P00456,synthetic
PRD0000757,Bepanthen,Bepanthen Balance Retinol Serum,serum,combination|normal,acne,"retinol, niacinamide",yes,yes,no,Weekly,,36.54,skincare_products_5000.csv,P03002,synthetic
PRD0000758,Bepanthen,Bepanthen Balance Retinol Treatment,treatment,normal|oily,barrier repair|dark spots,"retinol, sulfur, benzoyl peroxide",no,no,no,Weekly,,23.45,skincare_products_5000.csv,P02817,synthetic
PRD0000759,Bepanthen,Bepanthen Balance Squalane Moisturizer,moisturizer,normal|oily,aging|dryness,"squalane, cholesterol, urea",no,no,no,Weekly,,33.8,skincare_products_5000.csv,P04317,synthetic
PRD0000760,Bepanthen,Bepanthen Balance Titanium Dioxide SPF 50,sunscreen,combination-sensitive,dehydration,"titanium dioxide, avobenzone, niacinamide",yes,yes,no,AM,50.0,21.33,skincare_products_5000.csv,P03137,synthetic
PRD0000761,Bepanthen,Bepanthen Balance Vitamin C Serum,serum,normal,dehydration|dryness|redness,"vitamin c, niacinamide, peptides",yes,yes,no,Weekly,,41.01,skincare_products_5000.csv,P03800,synthetic
PRD0000762,Bepanthen,Bepanthen Balance Vitamin E SPF 50,sunscreen,sensitive,redness,"vitamin e, avobenzone, niacinamide",no,yes,no,AM,30.0,13.29,skincare_products_5000.csv,P04527,synthetic
PRD0000763,Bepanthen,Bepanthen Balance Zinc Oxide SPF 50,sunscreen,normal,dark spots|dehydration,zinc oxide,yes,no,no,AM,50.0,29.52,skincare_products_5000.csv,P00970,synthetic
PRD0000764,Bepanthen,Bepanthen Barrier Beta-Glucan Toner,toner,combination,barrier repair,"beta-glucan, centella",yes,no,no,AM/PM,,15.57,skincare_products_5000.csv,P01771,synthetic
PRD0000765,Bepanthen,Bepanthen Barrier Ceramides Moisturizer,moisturizer,combination-sensitive|oily|sensitive,dehydration|redness,"ceramides, squalane, urea",yes,yes,no,AM/PM,,15.11,skincare_products_5000.csv,P04564,synthetic
PRD0000766,Bepanthen,Bepanthen Barrier Cholesterol Moisturizer,moisturizer,combination-sensitive,dryness|sensitivity,"cholesterol, glycerin",yes,yes,no,AM/PM,,19.14,skincare_products_5000.csv,P02235,synthetic
PRD0000767,Bepanthen,Bepanthen Barrier Cholesterol Moisturizer,moisturizer,combination-sensitive|normal,aging|dehydration,"cholesterol, urea, glycerin",yes,no,no,Weekly,,10.18,skincare_products_5000.csv,P00130,synthetic
PRD0000768,Bepanthen,Bepanthen Barrier Cholesterol Moisturizer,moisturizer,combination|normal|oily,aging,cholesterol,no,no,no,AM,,20.63,skincare_products_5000.csv,P00432,synthetic
PRD0000769,Bepanthen,Bepanthen Barrier Cholesterol Moisturizer,moisturizer,dry,sensitivity,cholesterol,yes,no,no,Weekly,,33.43,skincare_products_5000.csv,P01856,synthetic
PRD0000770,Bepanthen,Bepanthen Barrier Glycerin Moisturizer,moisturizer,combination-sensitive|dry|normal,acne|barrier repair,glycerin,yes,yes,no,PM,,27.79,skincare_products_5000.csv,P00203,synthetic
PRD0000771,Bepanthen,Bepanthen Barrier Hyaluronic Acid Mask,mask,combination|dry|oily,acne|oiliness,"hyaluronic acid, oat extract",yes,no,no,Weekly,,10.61,skincare_products_5000.csv,P02081,synthetic
PRD0000772,Bepanthen,Bepanthen Barrier Niacinamide Cleanser,cleanser,combination|combination-sensitive|normal,aging|dark spots,niacinamide,yes,yes,no,Weekly,,8.81,skincare_products_5000.csv,P02209,synthetic
PRD0000773,Bepanthen,Bepanthen Barrier Niacinamide Cleanser,cleanser,normal|oily|sensitive,dehydration,niacinamide,no,yes,no,Weekly,,19.85,skincare_products_5000.csv,P02590,synthetic
PRD0000774,Bepanthen,Bepanthen Barrier Niacinamide SPF 50,sunscreen,normal|sensitive,acne|barrier repair|sensitivity,niacinamide,yes,yes,no,AM,30.0,13.1,skincare_products_5000.csv,P00734,synthetic
PRD0000775,Bepanthen,Bepanthen Barrier Peptides Serum,serum,combination|combination-sensitive|dry,dryness,"peptides, centella, azelaic acid",yes,yes,no,AM/PM,,26.8,skincare_products_5000.csv,P03280,synthetic
PRD0000776,Bepanthen,Bepanthen Barrier Peptides Serum,serum,dry,dehydration|dryness,"peptides, vitamin c",yes,yes,no,AM,,22.58,skincare_products_5000.csv,P02314,synthetic
PRD0000777,Bepanthen,Bepanthen Barrier Pha Toner,toner,combination-sensitive,acne|dehydration|redness,pha,yes,no,no,AM,,21.54,skincare_products_5000.csv,P02458,synthetic
PRD0000778,Bepanthen,Bepanthen Barrier Retinol Serum,serum,dry|normal|oily,oiliness|redness,"retinol, niacinamide, vitamin c",yes,yes,no,AM,,36.59,skincare_products_5000.csv,P02181,synthetic
PRD0000779,Bepanthen,Bepanthen Barrier Salicylic Acid Cleanser,cleanser,combination,dark spots|dehydration|dryness,salicylic acid,no,yes,no,AM/PM,,16.71,skincare_products_5000.csv,P01837,synthetic
PRD0000780,Bepanthen,Bepanthen Barrier Salicylic Acid Cleanser,cleanser,combination,dark spots|dehydration|redness,"salicylic acid, centella",yes,yes,no,AM,,10.76,skincare_products_5000.csv,P04157,synthetic
PRD0000781,Bepanthen,Bepanthen Barrier Salicylic Acid Treatment,treatment,combination-sensitive|dry|normal,dryness|sensitivity,"salicylic acid, sulfur, azelaic acid",yes,yes,no,AM,,27.65,skincare_products_5000.csv,P01948,synthetic
PRD0000782,Bepanthen,Bepanthen Barrier Sulfur Mask,mask,combination|normal|sensitive,acne|oiliness|sensitivity,"sulfur, clay, hyaluronic acid",yes,no,no,AM/PM,,11.04,skincare_products_5000.csv,P03836,synthetic
PRD0000783,Bepanthen,Bepanthen Barrier Sulfur Treatment,treatment,combination-sensitive|normal|sensitive,dark spots|dehydration|redness,sulfur,yes,yes,no,AM/PM,,25.84,skincare_products_5000.csv,P00330,synthetic
PRD0000784,Bepanthen,Bepanthen Barrier Titanium Dioxide SPF 50,sunscreen,combination-sensitive|normal,acne|dark spots|sensitivity,titanium dioxide,yes,yes,no,AM,30.0,13.16,skincare_products_5000.csv,P02805,synthetic
PRD0000785,Bepanthen,Bepanthen Barrier Vitamin C Serum,serum,combination,acne,vitamin c,yes,no,no,Weekly,,25.06,skincare_products_5000.csv,P01213,synthetic
PRD0000786,Bepanthen,Bepanthen Calm Azelaic Acid Serum,serum,combination|normal|oily,acne|sensitivity,"azelaic acid, retinol",yes,no,no,Weekly,,14.22,skincare_products_5000.csv,P01156,synthetic
PRD0000787,Bepanthen,Bepanthen Calm Azelaic Acid Treatment,treatment,combination,dark spots,azelaic acid,yes,yes,no,PM,,28.55,skincare_products_5000.csv,P01416,synthetic
PRD0000788,Bepanthen,Bepanthen Calm Azelaic Acid Treatment,treatment,combination|combination-sensitive|dry,dark spots|dryness,"azelaic acid, sulfur",yes,yes,no,AM/PM,,12.77,skincare_products_5000.csv,P00124,synthetic
PRD0000789,Bepanthen,Bepanthen Calm Betaine Cleanser,cleanser,combination|combination-sensitive|oily,dark spots|dryness,"betaine, salicylic acid",yes,no,no,Weekly,,24.97,skincare_products_5000.csv,P03245,synthetic
PRD0000790,Bepanthen,Bepanthen Calm Centella Mask,mask,sensitive,acne|oiliness,"centella, clay",yes,no,no,AM/PM,,11.65,skincare_products_5000.csv,P01380,synthetic
PRD0000791,Bepanthen,Bepanthen Calm Centella Toner,toner,dry|oily,dehydration|sensitivity,centella,yes,no,no,AM,,20.35,skincare_products_5000.csv,P03404,synthetic
PRD0000792,Bepanthen,Bepanthen Calm Ceramides Cleanser,cleanser,combination-sensitive|normal|sensitive,sensitivity,"ceramides, centella, salicylic acid",yes,no,no,AM,,22.28,skincare_products_5000.csv,P04412,synthetic
PRD0000793,Bepanthen,Bepanthen Calm Ceramides Cleanser,cleanser,oily,dark spots,"ceramides, centella",yes,yes,no,AM/PM,,10.52,skincare_products_5000.csv,P00040,synthetic
PRD0000794,Bepanthen,Bepanthen Calm Ceramides Moisturizer,moisturizer,combination,acne|dark spots|redness,"ceramides, urea, panthenol",yes,no,no,PM,,27.14,skincare_products_5000.csv,P00639,synthetic
PRD0000795,Bepanthen,Bepanthen Calm Cholesterol Moisturizer,moisturizer,combination-sensitive|sensitive,acne|sensitivity,cholesterol,no,no,no,Weekly,,12.95,skincare_products_5000.csv,P00725,synthetic
PRD0000796,Bepanthen,Bepanthen Calm Cholesterol Moisturizer,moisturizer,combination|combination-sensitive,oiliness|redness|sensitivity,cholesterol,yes,yes,no,AM,,19.07,skincare_products_5000.csv,P00992,synthetic
PRD0000797,Bepanthen,Bepanthen Calm Cholesterol Moisturizer,moisturizer,combination|oily,sensitivity,cholesterol,yes,yes,no,AM,,10.49,skincare_products_5000.csv,P00707,synthetic
PRD0000798,Bepanthen,Bepanthen Calm Clay Mask,mask,dry|oily|sensitive,acne|oiliness,"clay, sulfur, green tea",no,no,no,AM,,9.49,skincare_products_5000.csv,P00848,synthetic
PRD0000799,Bepanthen,Bepanthen Calm Glycerin Cleanser,cleanser,normal,dark spots,"glycerin, ceramides, centella",yes,yes,no,PM,,21.99,skincare_products_5000.csv,P04379,synthetic
PRD0000800,Bepanthen,Bepanthen Calm Glycerin Moisturizer,moisturizer,normal,acne|aging|dehydration,glycerin,yes,yes,no,PM,,30.02,skincare_products_5000.csv,P04281,synthetic
PRD0000801,Bepanthen,Bepanthen Calm Glycerin Toner,toner,combination-sensitive|normal,oiliness|sensitivity,"glycerin, centella, beta-glucan",no,no,no,AM,,16.97,skincare_products_5000.csv,P04475,synthetic
PRD0000802,Bepanthen,Bepanthen Calm Glycerin Toner,toner,dry|oily,dehydration,"glycerin, panthenol, pha",no,no,no,AM,,10.08,skincare_products_5000.csv,P03210,synthetic
PRD0000803,Bepanthen,Bepanthen Calm Green Tea Mask,mask,oily,barrier repair|redness|sensitivity,"green tea, hyaluronic acid, centella",yes,no,no,AM,,10.61,skincare_products_5000.csv,P00424,synthetic
PRD0000804,Bepanthen,Bepanthen Calm Niacinamide Cleanser,cleanser,combination|normal,dehydration,niacinamide,no,no,no,PM,,16.39,skincare_products_5000.csv,P04932,synthetic
PRD0000805,Bepanthen,Bepanthen Calm Niacinamide Serum,serum,combination-sensitive|sensitive,dark spots,"niacinamide, azelaic acid, retinol",yes,yes,no,Weekly,,24.86,skincare_products_5000.csv,P00758,synthetic
PRD0000806,Bepanthen,Bepanthen Calm Niacinamide Toner,toner,combination-sensitive|normal|oily,acne|redness|sensitivity,"niacinamide, centella",yes,no,no,AM/PM,,16.25,skincare_products_5000.csv,P02063,synthetic
PRD0000807,Bepanthen,Bepanthen Calm Octocrylene SPF 50,sunscreen,combination,acne,"octocrylene, avobenzone, titanium dioxide",yes,yes,no,AM,30.0,10.31,skincare_products_5000.csv,P04880,synthetic
PRD0000808,Bepanthen,Bepanthen Calm Peptides Serum,serum,normal,redness,"peptides, niacinamide",yes,yes,no,PM,,19.56,skincare_products_5000.csv,P03732,synthetic
PRD0000809,Bepanthen,Bepanthen Calm Retinol Serum,serum,dry|normal|oily,acne,retinol,no,yes,no,AM,,37.54,skincare_products_5000.csv,P02918,synthetic
PRD0000810,Bepanthen,Bepanthen Calm Salicylic Acid Treatment,treatment,combination|dry|oily,sensitivity,"salicylic acid, adapalene",yes,yes,no,AM/PM,,20.87,skincare_products_5000.csv,P02448,synthetic
PRD0000811,Bepanthen,Bepanthen Calm Salicylic Acid Treatment,treatment,normal|oily,acne,salicylic acid,yes,yes,no,PM,,16.9,skincare_products_5000.csv,P00374,synthetic
PRD0000812,Bepanthen,Bepanthen Calm Sulfur Mask,mask,dry|normal|oily,acne,"sulfur, centella, green tea",yes,no,no,AM,,12.3,skincare_products_5000.csv,P02025,synthetic
PRD0000813,Bepanthen,Bepanthen Calm Sulfur Treatment,treatment,dry,acne,"sulfur, azelaic acid",yes,yes,no,AM/PM,,16.99,skincare_products_5000.csv,P04859,synthetic
PRD0000814,Bepanthen,Bepanthen Calm Titanium Dioxide SPF 50,sunscreen,dry,aging|redness|sensitivity,"titanium dioxide, niacinamide, vitamin e",no,yes,no,AM,50.0,17.86,skincare_products_5000.csv,P04254,synthetic
PRD0000815,Bepanthen,Bepanthen Calm Vitamin C Serum,serum,combination|combination-sensitive|dry,dehydration|oiliness,"vitamin c, peptides, centella",yes,yes,no,PM,,44.3,skincare_products_5000.csv,P03585,synthetic
PRD0000816,Bepanthen,Bepanthen Calm Zinc Oxide SPF 50,sunscreen,combination-sensitive|normal|oily,acne|dark spots|dryness,"zinc oxide, vitamin e, niacinamide",yes,no,no,AM,50.0,16.89,skincare_products_5000.csv,P03528,synthetic
PRD0000817,Bepanthen,Bepanthen Calm Zinc Oxide SPF 50,sunscreen,combination|combination-sensitive,acne|barrier repair|dryness,"zinc oxide, titanium dioxide, avobenzone",yes,yes,no,AM,30.0,25.43,skincare_products_5000.csv,P01590,synthetic
PRD0000818,Bepanthen,Bepanthen Clear Azelaic Acid Serum,serum,combination-sensitive,barrier repair|dryness|sensitivity,"azelaic acid, hyaluronic acid",no,yes,no,PM,,16.4,skincare_products_5000.csv,P00675,synthetic
PRD0000819,Bepanthen,Bepanthen Clear Azelaic Acid Serum,serum,combination|combination-sensitive|oily,dryness,azelaic acid,yes,yes,no,PM,,25.01,skincare_products_5000.csv,P02436,synthetic
PRD0000820,Bepanthen,Bepanthen Clear Benzoyl Peroxide Treatment,treatment,combination-sensitive,aging,"benzoyl peroxide, salicylic acid",no,yes,no,Weekly,,10.78,skincare_products_5000.csv,P04531,synthetic
PRD0000821,Bepanthen,Bepanthen Clear Ceramides Cleanser,cleanser,combination-sensitive|normal|sensitive,dark spots|dryness,ceramides,yes,yes,no,AM/PM,,15.73,skincare_products_5000.csv,P01076,synthetic
PRD0000822,Bepanthen,Bepanthen Clear Ceramides Cleanser,cleanser,combination-sensitive|oily|sensitive,dark spots|oiliness|sensitivity,"ceramides, niacinamide, salicylic acid",yes,no,no,AM/PM,,20.08,skincare_products_5000.csv,P02535,synthetic
PRD0000823,Bepanthen,Bepanthen Clear Ceramides Moisturizer,moisturizer,combination-sensitive,dehydration,ceramides,no,yes,no,PM,,28.89,skincare_products_5000.csv,P04897,synthetic
PRD0000824,Bepanthen,Bepanthen Clear Ceramides Moisturizer,moisturizer,combination-sensitive|normal|oily,dehydration|oiliness,"ceramides, cholesterol, glycerin",yes,yes,no,PM,,31.68,skincare_products_5000.csv,P04414,synthetic
PRD0000825,Bepanthen,Bepanthen Clear Ceramides Moisturizer,moisturizer,normal,acne|redness,"ceramides, cholesterol",no,yes,no,PM,,24.78,skincare_products_5000.csv,P04354,synthetic
PRD0000826,Bepanthen,Bepanthen Clear Glycerin Moisturizer,moisturizer,dry|sensitive,dark spots|oiliness,"glycerin, panthenol, cholesterol",no,yes,no,Weekly,,33.17,skincare_products_5000.csv,P03349,synthetic
PRD0000827,Bepanthen,Bepanthen Clear Green Tea Mask,mask,combination-sensitive|dry|sensitive,oiliness,"green tea, sulfur, hyaluronic acid",no,no,no,AM,,15.65,skincare_products_5000.csv,P00302,synthetic
PRD0000828,Bepanthen,Bepanthen Clear Niacinamide Cleanser,cleanser,dry|oily|sensitive,barrier repair|redness,"niacinamide, ceramides, betaine",yes,yes,no,PM,,20.5,skincare_products_5000.csv,P02722,synthetic
PRD0000829,Bepanthen,Bepanthen Clear Niacinamide Serum,serum,normal|oily|sensitive,barrier repair|oiliness,niacinamide,yes,yes,no,AM/PM,,23.35,skincare_products_5000.csv,P00098,synthetic
PRD0000830,Bepanthen,Bepanthen Clear Niacinamide Toner,toner,combination|normal|oily,oiliness|redness,"niacinamide, glycerin",yes,no,no,AM/PM,,22.33,skincare_products_5000.csv,P02524,synthetic
PRD0000831,Bepanthen,Bepanthen Clear Panthenol Moisturizer,moisturizer,dry|sensitive,acne|dehydration|oiliness,panthenol,yes,yes,no,PM,,26.94,skincare_products_5000.csv,P04490,synthetic
PRD0000832,Bepanthen,Bepanthen Clear Panthenol Moisturizer,moisturizer,normal,acne|barrier repair,panthenol,yes,no,no,Weekly,,22.84,skincare_products_5000.csv,P00588,synthetic
PRD0000833,Bepanthen,Bepanthen Clear Peptides Serum,serum,combination|combination-sensitive|dry,dark spots|dryness|oiliness,"peptides, retinol, hyaluronic acid",yes,yes,no,Weekly,,36.09,skincare_products_5000.csv,P00116,synthetic
PRD0000834,Bepanthen,Bepanthen Clear Pha Toner,toner,combination-sensitive,acne|dehydration|dryness,"pha, panthenol, glycerin",yes,no,no,PM,,18.87,skincare_products_5000.csv,P01820,synthetic
PRD0000835,Bepanthen,Bepanthen Clear Pha Toner,toner,normal|oily|sensitive,dark spots|redness,"pha, glycerin",yes,no,no,AM,,9.35,skincare_products_5000.csv,P00434,synthetic
PRD0000836,Bepanthen,Bepanthen Clear Salicylic Acid Cleanser,cleanser,combination|combination-sensitive|oily,acne|dark spots,"salicylic acid, ceramides, glycerin",yes,no,no,AM,,16.41,skincare_products_5000.csv,P04349,synthetic
PRD0000837,Bepanthen,Bepanthen Clear Sulfur Mask,mask,combination|normal,acne,"sulfur, hyaluronic acid, centella",no,no,no,AM,,24.56,skincare_products_5000.csv,P02204,synthetic
PRD0000838,Bepanthen,Bepanthen Clear Titanium Dioxide SPF 50,sunscreen,oily,barrier repair|dryness|redness,titanium dioxide,yes,yes,no,AM,50.0,16.92,skincare_products_5000.csv,P01945,synthetic
PRD0000839,Bepanthen,Bepanthen Clear Urea Moisturizer,moisturizer,combination|combination-sensitive|normal,acne|oiliness,"urea, cholesterol, ceramides",yes,yes,no,AM,,30.0,skincare_products_5000.csv,P04520,synthetic
PRD0000840,Bepanthen,Bepanthen Daily Azelaic Acid Serum,serum,combination-sensitive|normal,acne|barrier repair|sensitivity,"azelaic acid, hyaluronic acid",yes,yes,no,Weekly,,42.31,skincare_products_5000.csv,P03956,synthetic
PRD0000841,Bepanthen,Bepanthen Daily Azelaic Acid Serum,serum,combination-sensitive|normal,dark spots,"azelaic acid, hyaluronic acid, niacinamide",no,yes,no,AM/PM,,26.2,skincare_products_5000.csv,P02717,synthetic
PRD0000842,Bepanthen,Bepanthen Daily Betaine Cleanser,cleanser,combination-sensitive,acne|barrier repair|sensitivity,betaine,yes,yes,no,Weekly,,25.35,skincare_products_5000.csv,P04991,synthetic
PRD0000843,Bepanthen,Bepanthen Daily Centella Cleanser,cleanser,dry|oily|sensitive,barrier repair,"centella, glycerin",no,no,no,AM,,14.1,skincare_products_5000.csv,P03298,synthetic
PRD0000844,Bepanthen,Bepanthen Daily Centella Mask,mask,combination-sensitive|dry|oily,aging|dehydration,"centella, hyaluronic acid",yes,no,no,AM/PM,,26.53,skincare_products_5000.csv,P01344,synthetic
PRD0000845,Bepanthen,Bepanthen Daily Centella Mask,mask,dry|oily,acne,centella,yes,no,no,Weekly,,24.58,skincare_products_5000.csv,P04442,synthetic
PRD0000846,Bepanthen,Bepanthen Daily Cholesterol Moisturizer,moisturizer,combination|combination-sensitive,dark spots|oiliness,cholesterol,no,no,no,AM/PM,,14.58,skincare_products_5000.csv,P04535,synthetic
PRD0000847,Bepanthen,Bepanthen Daily Cholesterol Moisturizer,moisturizer,normal,oiliness,cholesterol,yes,yes,no,AM,,21.14,skincare_products_5000.csv,P02323,synthetic
PRD0000848,Bepanthen,Bepanthen Daily Glycerin Cleanser,cleanser,normal|sensitive,acne,"glycerin, betaine",no,no,no,AM/PM,,13.74,skincare_products_5000.csv,P00417,synthetic
PRD0000849,Bepanthen,Bepanthen Daily Glycerin Toner,toner,combination|dry|sensitive,acne|dehydration|redness,glycerin,no,no,no,AM/PM,,16.64,skincare_products_5000.csv,P03940,synthetic
PRD0000850,Bepanthen,Bepanthen Daily Green Tea Mask,mask,normal|sensitive,aging|dryness|sensitivity,"green tea, clay, oat extract",no,no,no,AM,,18.51,skincare_products_5000.csv,P00508,synthetic
PRD0000851,Bepanthen,Bepanthen Daily Hyaluronic Acid Mask,mask,normal|oily,acne|dryness,hyaluronic acid,yes,no,no,Weekly,,10.35,skincare_products_5000.csv,P04131,synthetic
PRD0000852,Bepanthen,Bepanthen Daily Hyaluronic Acid Serum,serum,combination-sensitive|sensitive,dark spots|redness,"hyaluronic acid, azelaic acid",no,yes,no,AM/PM,,28.14,skincare_products_5000.csv,P01188,synthetic
PRD0000853,Bepanthen,Bepanthen Daily Niacinamide Cleanser,cleanser,combination,acne|aging|dehydration,"niacinamide, betaine, centella",no,yes,no,PM,,9.65,skincare_products_5000.csv,P00475,synthetic
PRD0000854,Bepanthen,Bepanthen Daily Niacinamide Cleanser,cleanser,combination-sensitive|dry,oiliness|redness,"niacinamide, centella, salicylic acid",yes,yes,no,Weekly,,9.96,skincare_products_5000.csv,P01221,synthetic
PRD0000855,Bepanthen,Bepanthen Daily Niacinamide Cleanser,cleanser,combination-sensitive|sensitive,aging|oiliness,niacinamide,yes,yes,no,AM,,16.63,skincare_products_5000.csv,P02617,synthetic
PRD0000856,Bepanthen,Bepanthen Daily Niacinamide SPF 50,sunscreen,sensitive,acne|aging|redness,"niacinamide, titanium dioxide, avobenzone",yes,yes,no,AM,30.0,10.98,skincare_products_5000.csv,P03576,synthetic
PRD0000857,Bepanthen,Bepanthen Daily Niacinamide Serum,serum,sensitive,acne|oiliness|sensitivity,"niacinamide, vitamin c",yes,yes,no,Weekly,,19.95,skincare_products_5000.csv,P01262,synthetic
PRD0000858,Bepanthen,Bepanthen Daily Panthenol Moisturizer,moisturizer,combination|combination-sensitive|dry,acne|dehydration|redness,"panthenol, glycerin, cholesterol",yes,yes,no,AM/PM,,32.7,skincare_products_5000.csv,P02809,synthetic
PRD0000859,Bepanthen,Bepanthen Daily Panthenol Moisturizer,moisturizer,sensitive,dryness|oiliness|sensitivity,panthenol,no,yes,no,AM/PM,,32.28,skincare_products_5000.csv,P02036,synthetic
PRD0000860,Bepanthen,Bepanthen Daily Panthenol Toner,toner,sensitive,aging|oiliness,"panthenol, niacinamide, pha",yes,no,no,AM,,8.03,skincare_products_5000.csv,P00469,synthetic
PRD0000861,Bepanthen,Bepanthen Daily Retinol Serum,serum,normal|oily|sensitive,barrier repair|dark spots,"retinol, vitamin c, niacinamide",yes,yes,no,AM/PM,,17.69,skincare_products_5000.csv,P01265,synthetic
PRD0000862,Bepanthen,Bepanthen Daily Squalane Moisturizer,moisturizer,combination|combination-sensitive|sensitive,acne|aging,"squalane, ceramides, glycerin",no,no,no,Weekly,,30.71,skincare_products_5000.csv,P00738,synthetic
PRD0000863,Bepanthen,Bepanthen Daily Squalane Moisturizer,moisturizer,combination|normal|sensitive,acne|barrier repair|sensitivity,"squalane, ceramides",yes,yes,no,Weekly,,12.53,skincare_products_5000.csv,P03046,synthetic
PRD0000864,Bepanthen,Bepanthen Daily Vitamin C Serum,serum,combination,oiliness|redness,vitamin c,no,no,no,AM/PM,,41.67,skincare_products_5000.csv,P04028,synthetic
PRD0000865,Bepanthen,Bepanthen Daily Vitamin E SPF 50,sunscreen,combination|dry,acne|dryness,"vitamin e, octocrylene, niacinamide",yes,no,no,AM,50.0,19.24,skincare_products_5000.csv,P01807,synthetic
PRD0000866,Bepanthen,Bepanthen Glow Adapalene Treatment,treatment,combination|sensitive,aging|dehydration,adapalene,yes,yes,no,AM,,11.78,skincare_products_5000.csv,P02953,synthetic
PRD0000867,Bepanthen,Bepanthen Glow Avobenzone SPF 50,sunscreen,combination-sensitive|dry,acne|sensitivity,avobenzone,yes,yes,no,AM,50.0,28.69,skincare_products_5000.csv,P03422,synthetic
PRD0000868,Bepanthen,Bepanthen Glow Avobenzone SPF 50,sunscreen,dry|oily,dehydration|dryness|redness,"avobenzone, vitamin e, niacinamide",yes,yes,no,AM,50.0,19.29,skincare_products_5000.csv,P02404,synthetic
PRD0000869,Bepanthen,Bepanthen Glow Azelaic Acid Serum,serum,combination-sensitive|normal|sensitive,dehydration|redness|sensitivity,"azelaic acid, centella, peptides",yes,no,no,Weekly,,40.96,skincare_products_5000.csv,P00337,synthetic
PRD0000870,Bepanthen,Bepanthen Glow Azelaic Acid Serum,serum,normal|oily|sensitive,dark spots|dryness|oiliness,"azelaic acid, peptides",no,yes,no,AM/PM,,21.51,skincare_products_5000.csv,P04676,synthetic
PRD0000871,Bepanthen,Bepanthen Glow Azelaic Acid Treatment,treatment,combination-sensitive|dry|sensitive,dehydration,azelaic acid,yes,no,no,PM,,17.06,skincare_products_5000.csv,P01491,synthetic
PRD0000872,Bepanthen,Bepanthen Glow Benzoyl Peroxide Treatment,treatment,combination|combination-sensitive|normal,acne|dark spots,benzoyl peroxide,yes,yes,no,PM,,15.14,skincare_products_5000.csv,P03341,synthetic
PRD0000873,Bepanthen,Bepanthen Glow Beta-Glucan Toner,toner,oily,redness,"beta-glucan, pha",no,no,no,AM/PM,,17.57,skincare_products_5000.csv,P04408,synthetic
PRD0000874,Bepanthen,Bepanthen Glow Centella Serum,serum,dry,acne|barrier repair|dehydration,centella,yes,no,no,PM,,43.88,skincare_products_5000.csv,P03120,synthetic
PRD0000875,Bepanthen,Bepanthen Glow Centella Serum,serum,oily,acne,"centella, retinol, vitamin c",yes,yes,no,PM,,42.51,skincare_products_5000.csv,P01364,synthetic
PRD0000876,Bepanthen,Bepanthen Glow Ceramides Moisturizer,moisturizer,combination,redness,"ceramides, urea, panthenol",yes,yes,no,Weekly,,24.74,skincare_products_5000.csv,P03983,synthetic
PRD0000877,Bepanthen,Bepanthen Glow Ceramides Moisturizer,moisturizer,combination|combination-sensitive,barrier repair,ceramides,yes,yes,no,PM,,12.8,skincare_products_5000.csv,P03376,synthetic
PRD0000878,Bepanthen,Bepanthen Glow Clay Mask,mask,combination-sensitive|dry|sensitive,acne|aging|sensitivity,"clay, sulfur, green tea",yes,no,no,AM/PM,,26.89,skincare_products_5000.csv,P04177,synthetic
PRD0000879,Bepanthen,Bepanthen Glow Clay Mask,mask,combination-sensitive|normal|sensitive,aging|dryness,clay,no,no,no,AM/PM,,22.61,skincare_products_5000.csv,P00488,synthetic
PRD0000880,Bepanthen,Bepanthen Glow Clay Mask,mask,combination|normal|sensitive,dehydration|redness,"clay, green tea, hyaluronic acid",no,no,no,AM/PM,,14.74,skincare_products_5000.csv,P01181,synthetic
PRD0000881,Bepanthen,Bepanthen Glow Glycerin Moisturizer,moisturizer,combination|dry|sensitive,aging|oiliness,"glycerin, urea",yes,yes,no,PM,,14.71,skincare_products_5000.csv,P01796,synthetic
PRD0000882,Bepanthen,Bepanthen Glow Glycerin Moisturizer,moisturizer,normal|oily,acne|dryness,"glycerin, cholesterol",yes,yes,no,PM,,12.13,skincare_products_5000.csv,P03125,synthetic
PRD0000883,Bepanthen,Bepanthen Glow Green Tea Mask,mask,combination|normal|oily,aging|dryness|oiliness,"green tea, sulfur",yes,no,no,Weekly,,20.61,skincare_products_5000.csv,P00923,synthetic
PRD0000884,Bepanthen,Bepanthen Glow Hyaluronic Acid Serum,serum,combination-sensitive|normal|sensitive,acne|barrier repair|sensitivity,"hyaluronic acid, peptides, retinol",yes,yes,no,PM,,14.01,skincare_products_5000.csv,P01868,synthetic
PRD0000885,Bepanthen,Bepanthen Glow Niacinamide Cleanser,cleanser,normal|sensitive,dryness|oiliness,"niacinamide, centella, betaine",yes,yes,no,AM,,20.34,skincare_products_5000.csv,P04374,synthetic
PRD0000886,Bepanthen,Bepanthen Glow Panthenol Moisturizer,moisturizer,dry|oily|sensitive,aging,panthenol,no,yes,no,AM/PM,,28.64,skincare_products_5000.csv,P03763,synthetic
PRD0000887,Bepanthen,Bepanthen Glow Peptides Serum,serum,combination|combination-sensitive|sensitive,redness,peptides,yes,yes,no,AM/PM,,22.43,skincare_products_5000.csv,P02650,synthetic
PRD0000888,Bepanthen,Bepanthen Glow Retinol Serum,serum,combination-sensitive,acne|aging|oiliness,"retinol, azelaic acid, vitamin c",yes,yes,no,AM/PM,,26.03,skincare_products_5000.csv,P02319,synthetic
PRD0000889,Bepanthen,Bepanthen Glow Salicylic Acid Treatment,treatment,combination|dry,dehydration|oiliness|redness,"salicylic acid, azelaic acid",yes,yes,no,AM/PM,,27.27,skincare_products_5000.csv,P00100,synthetic
PRD0000890,Bepanthen,Bepanthen Glow Sulfur Mask,mask,combination|combination-sensitive|sensitive,acne|oiliness|sensitivity,"sulfur, centella",yes,no,no,Weekly,,14.57,skincare_products_5000.csv,P01698,synthetic
PRD0000891,Bepanthen,Bepanthen Glow Titanium Dioxide SPF 50,sunscreen,combination|oily|sensitive,acne|aging|oiliness,titanium dioxide,yes,no,no,AM,50.0,19.29,skincare_products_5000.csv,P03648,synthetic
PRD0000892,Bepanthen,Bepanthen Glow Urea Moisturizer,moisturizer,combination|combination-sensitive|normal,acne|dehydration,urea,yes,yes,no,AM,,33.05,skincare_products_5000.csv,P04139,synthetic
PRD0000893,Bepanthen,Bepanthen Glow Zinc Oxide SPF 50,sunscreen,combination-sensitive,dehydration,zinc oxide,no,yes,no,AM,30.0,18.45,skincare_products_5000.csv,P00746,synthetic
PRD0000894,Bepanthen,Bepanthen Hydra Adapalene Treatment,treatment,normal|oily,acne|dryness|redness,"adapalene, azelaic acid, salicylic acid",yes,yes,yes,AM,,11.85,skincare_products_5000.csv,P01942,synthetic
PRD0000895,Bepanthen,Bepanthen Hydra Azelaic Acid Serum,serum,normal,barrier repair|oiliness,"azelaic acid, hyaluronic acid",yes,yes,no,AM,,20.38,skincare_products_5000.csv,P04224,synthetic
PRD0000896,Bepanthen,Bepanthen Hydra Benzoyl Peroxide Treatment,treatment,combination|dry,acne|dark spots|sensitivity,"benzoyl peroxide, azelaic acid, retinol",no,yes,no,AM,,25.34,skincare_products_5000.csv,P03789,synthetic
PRD0000897,Bepanthen,Bepanthen Hydra Centella Serum,serum,combination-sensitive,dehydration,centella,yes,yes,no,AM/PM,,33.98,skincare_products_5000.csv,P01619,synthetic
PRD0000898,Bepanthen,Bepanthen Hydra Green Tea Mask,mask,oily,barrier repair|dark spots|oiliness,green tea,yes,no,no,PM,,18.0,skincare_products_5000.csv,P02689,synthetic
PRD0000899,Bepanthen,Bepanthen Hydra Niacinamide SPF 50,sunscreen,combination-sensitive|dry|normal,acne|barrier repair,"niacinamide, titanium dioxide",yes,yes,no,AM,30.0,28.28,skincare_products_5000.csv,P02686,synthetic
PRD0000900,Bepanthen,Bepanthen Hydra Niacinamide SPF 50,sunscreen,sensitive,dark spots|sensitivity,"niacinamide, octocrylene, vitamin e",yes,yes,no,AM,50.0,14.45,skincare_products_5000.csv,P01159,synthetic
PRD0000901,Bepanthen,Bepanthen Hydra Niacinamide Serum,serum,combination|combination-sensitive|oily,aging|dark spots|sensitivity,niacinamide,yes,yes,no,AM,,22.15,skincare_products_5000.csv,P04262,synthetic
PRD0000902,Bepanthen,Bepanthen Hydra Panthenol Moisturizer,moisturizer,dry|sensitive,acne|dehydration|oiliness,panthenol,yes,no,no,AM/PM,,20.23,skincare_products_5000.csv,P02101,synthetic
PRD0000903,Bepanthen,Bepanthen Hydra Panthenol Moisturizer,moisturizer,sensitive,sensitivity,"panthenol, glycerin",yes,yes,no,PM,,11.69,skincare_products_5000.csv,P00143,synthetic
PRD0000904,Bepanthen,Bepanthen Hydra Pha Toner,toner,combination|dry|oily,dark spots|sensitivity,"pha, niacinamide",yes,no,no,Weekly,,13.15,skincare_products_5000.csv,P00638,synthetic
PRD0000905,Bepanthen,Bepanthen Hydra Retinol Treatment,treatment,dry|sensitive,acne|barrier repair,retinol,yes,yes,no,AM/PM,,22.53,skincare_products_5000.csv,P01546,synthetic
PRD0000906,Bepanthen,Bepanthen Hydra Salicylic Acid Cleanser,cleanser,combination|combination-sensitive|sensitive,dehydration|oiliness|redness,"salicylic acid, centella",yes,yes,no,PM,,25.98,skincare_products_5000.csv,P04748,synthetic
PRD0000907,Bepanthen,Bepanthen Hydra Salicylic Acid Cleanser,cleanser,normal|oily,aging|dark spots|dryness,"salicylic acid, centella",yes,no,no,PM,,16.64,skincare_products_5000.csv,P02906,synthetic
PRD0000908,Bepanthen,Bepanthen Hydra Squalane Moisturizer,moisturizer,combination|normal,aging|barrier repair|oiliness,"squalane, cholesterol, ceramides",yes,yes,no,AM/PM,,30.14,skincare_products_5000.csv,P00352,synthetic
PRD0000909,Bepanthen,Bepanthen Hydra Vitamin E SPF 50,sunscreen,combination-sensitive|sensitive,dryness|oiliness|sensitivity,vitamin e,yes,no,no,AM,50.0,21.51,skincare_products_5000.csv,P03119,synthetic
PRD0000910,Bepanthen,Bepanthen Hydra Zinc Oxide SPF 50,sunscreen,combination|dry|normal,aging,zinc oxide,no,yes,no,AM,30.0,28.37,skincare_products_5000.csv,P02457,synthetic
PRD0000911,Bepanthen,Bepanthen Hydra Zinc Oxide SPF 50,sunscreen,oily|sensitive,dark spots,"zinc oxide, niacinamide, avobenzone",yes,yes,no,AM,50.0,24.99,skincare_products_5000.csv,P01139,synthetic
PRD0000912,Bepanthen,Bepanthen Hydra Zinc Oxide SPF 50,sunscreen,sensitive,dehydration|sensitivity,zinc oxide,yes,yes,no,AM,50.0,16.0,skincare_products_5000.csv,P02366,synthetic
PRD0000913,Bepanthen,Bepanthen Pure Adapalene Treatment,treatment,combination-sensitive|dry|normal,aging|dryness,adapalene,no,no,no,Weekly,,22.59,skincare_products_5000.csv,P04785,synthetic
PRD0000914,Bepanthen,Bepanthen Pure Adapalene Treatment,treatment,combination-sensitive|normal,acne,adapalene,yes,yes,no,PM,,26.97,skincare_products_5000.csv,P00035,synthetic
PRD0000915,Bepanthen,Bepanthen Pure Azelaic Acid Serum,serum,oily,dark spots,azelaic acid,yes,yes,no,PM,,34.98,skincare_products_5000.csv,P00624,synthetic
PRD0000916,Bepanthen,Bepanthen Pure Benzoyl Peroxide Treatment,treatment,combination|normal|oily,dehydration|redness,"benzoyl peroxide, sulfur",no,yes,no,PM,,20.01,skincare_products_5000.csv,P01203,synthetic
PRD0000917,Bepanthen,Bepanthen Pure Centella Serum,serum,oily,aging|sensitivity,"centella, niacinamide",no,yes,no,AM/PM,,44.73,skincare_products_5000.csv,P02724,synthetic
PRD0000918,Bepanthen,Bepanthen Pure Centella Toner,toner,combination,dehydration|dryness,"centella, panthenol, beta-glucan",yes,no,no,Weekly,,11.24,skincare_products_5000.csv,P00710,synthetic
PRD0000919,Bepanthen,Bepanthen Pure Ceramides Cleanser,cleanser,dry|sensitive,aging|dark spots|dehydration,ceramides,yes,yes,no,AM/PM,,19.19,skincare_products_5000.csv,P04795,synthetic
PRD0000920,Bepanthen,Bepanthen Pure Ceramides Moisturizer,moisturizer,combination|dry|normal,barrier repair|redness,ceramides,yes,yes,no,Weekly,,34.22,skincare_products_5000.csv,P01920,synthetic
PRD0000921,Bepanthen,Bepanthen Pure Clay Mask,mask,combination-sensitive|sensitive,dark spots|dryness|redness,clay,no,no,no,AM,,13.09,skincare_products_5000.csv,P00326,synthetic
PRD0000922,Bepanthen,Bepanthen Pure Glycerin Toner,toner,combination|oily,sensitivity,"glycerin, niacinamide, panthenol",no,no,no,AM/PM,,19.55,skincare_products_5000.csv,P04658,synthetic
PRD0000923,Bepanthen,Bepanthen Pure Niacinamide Serum,serum,combination|dry,sensitivity,"niacinamide, peptides, hyaluronic acid",no,yes,no,PM,,43.08,skincare_products_5000.csv,P01633,synthetic
PRD0000924,Bepanthen,Bepanthen Pure Panthenol Toner,toner,combination-sensitive|normal,barrier repair|dryness|redness,"panthenol, niacinamide, centella",yes,no,no,PM,,10.66,skincare_products_5000.csv,P04228,synthetic
PRD0000925,Bepanthen,Bepanthen Pure Peptides Serum,serum,dry,barrier repair|dark spots,"peptides, azelaic acid, retinol",yes,no,no,Weekly,,41.04,skincare_products_5000.csv,P03013,synthetic
PRD0000926,Bepanthen,Bepanthen Pure Pha Toner,toner,oily|sensitive,redness,pha,yes,no,no,Weekly,,12.56,skincare_products_5000.csv,P00729,synthetic
PRD0000927,Bepanthen,Bepanthen Pure Retinol Treatment,treatment,sensitive,aging|redness,"retinol, benzoyl peroxide",yes,yes,no,PM,,24.95,skincare_products_5000.csv,P01777,synthetic
PRD0000928,Bepanthen,Bepanthen Pure Salicylic Acid Cleanser,cleanser,normal|sensitive,dark spots|redness|sensitivity,"salicylic acid, niacinamide",yes,yes,no,PM,,19.19,skincare_products_5000.csv,P01409,synthetic
PRD0000929,Bepanthen,Bepanthen Pure Sulfur Treatment,treatment,combination-sensitive,sensitivity,"sulfur, adapalene",yes,yes,no,PM,,20.15,skincare_products_5000.csv,P01988,synthetic
PRD0000930,Bepanthen,Bepanthen Pure Titanium Dioxide SPF 50,sunscreen,combination-sensitive,redness,titanium dioxide,yes,no,no,AM,50.0,12.71,skincare_products_5000.csv,P04729,synthetic
PRD0000931,Bepanthen,Bepanthen Pure Vitamin C Serum,serum,combination-sensitive|dry|oily,dark spots|sensitivity,vitamin c,yes,yes,no,PM,,31.16,skincare_products_5000.csv,P00036,synthetic
PRD0000932,Bepanthen,Bepanthen Pure Vitamin C Serum,serum,combination|combination-sensitive|dry,aging|barrier repair|dehydration,"vitamin c, niacinamide, peptides",yes,yes,no,AM,,23.62,skincare_products_5000.csv,P00842,synthetic
PRD0000933,Bepanthen,Bepanthen Pure Vitamin C Serum,serum,dry|oily,acne|aging|redness,"vitamin c, hyaluronic acid, retinol",yes,yes,no,AM,,19.92,skincare_products_5000.csv,P01600,synthetic
PRD0000934,Bepanthen,Bepanthen Repair Azelaic Acid Serum,serum,combination-sensitive|normal,dark spots|oiliness|sensitivity,"azelaic acid, centella",no,yes,no,AM/PM,,41.05,skincare_products_5000.csv,P01166,synthetic
PRD0000935,Bepanthen,Bepanthen Repair Azelaic Acid Treatment,treatment,sensitive,oiliness,azelaic acid,yes,yes,no,AM/PM,,33.45,skincare_products_5000.csv,P02835,synthetic
PRD0000936,Bepanthen,Bepanthen Repair Beta-Glucan Toner,toner,combination|dry|normal,acne|dryness|redness,beta-glucan,no,no,no,Weekly,,22.82,skincare_products_5000.csv,P02555,synthetic
PRD0000937,Bepanthen,Bepanthen Repair Betaine Cleanser,cleanser,dry|oily,dark spots|oiliness,"betaine, niacinamide, centella",yes,yes,no,AM,,19.32,skincare_products_5000.csv,P01172,synthetic
PRD0000938,Bepanthen,Bepanthen Repair Betaine Cleanser,cleanser,sensitive,dehydration,betaine,yes,yes,no,Weekly,,18.63,skincare_products_5000.csv,P00053,synthetic
PRD0000939,Bepanthen,Bepanthen Repair Glycerin Cleanser,cleanser,dry|normal|oily,sensitivity,"glycerin, centella",no,yes,no,AM,,8.11,skincare_products_5000.csv,P04559,synthetic
PRD0000940,Bepanthen,Bepanthen Repair Glycerin Cleanser,cleanser,normal|sensitive,dehydration,"glycerin, centella, ceramides",yes,no,no,AM,,16.7,skincare_products_5000.csv,P04784,synthetic
PRD0000941,Bepanthen,Bepanthen Repair Hyaluronic Acid Mask,mask,sensitive,oiliness,"hyaluronic acid, oat extract",yes,no,no,Weekly,,26.33,skincare_products_5000.csv,P00017,synthetic
PRD0000942,Bepanthen,Bepanthen Repair Niacinamide Cleanser,cleanser,dry|oily,acne|dark spots|redness,niacinamide,yes,yes,no,AM/PM,,20.58,skincare_products_5000.csv,P01905,synthetic
PRD0000943,Bepanthen,Bepanthen Repair Panthenol Moisturizer,moisturizer,combination|dry|oily,aging|barrier repair|dark spots,"panthenol, squalane, urea",yes,no,no,PM,,21.91,skincare_products_5000.csv,P01237,synthetic
PRD0000944,Bepanthen,Bepanthen Repair Panthenol Moisturizer,moisturizer,normal|sensitive,aging|sensitivity,"panthenol, cholesterol",yes,yes,no,Weekly,,15.41,skincare_products_5000.csv,P00651,synthetic
PRD0000945,Bepanthen,Bepanthen Repair Panthenol Moisturizer,moisturizer,oily,dark spots|redness,panthenol,yes,yes,no,AM/PM,,23.64,skincare_products_5000.csv,P02586,synthetic
PRD0000946,Bepanthen,Bepanthen Repair Panthenol Toner,toner,combination|sensitive,barrier repair,"panthenol, pha, centella",yes,no,no,Weekly,,8.25,skincare_products_5000.csv,P00407,synthetic
PRD0000947,Bepanthen,Bepanthen Repair Retinol Serum,serum,normal|oily,oiliness,retinol,yes,no,no,PM,,10.68,skincare_products_5000.csv,P02928,synthetic
PRD0000948,Bepanthen,Bepanthen Repair Retinol Serum,serum,oily,sensitivity,"retinol, niacinamide, azelaic acid",yes,yes,no,Weekly,,12.61,skincare_products_5000.csv,P01997,synthetic
PRD0000949,Bepanthen,Bepanthen Repair Salicylic Acid Cleanser,cleanser,dry,sensitivity,"salicylic acid, niacinamide",yes,yes,no,PM,,13.21,skincare_products_5000.csv,P02134,synthetic
PRD0000950,Bepanthen,Bepanthen Repair Sulfur Mask,mask,dry|oily|sensitive,aging|barrier repair,"sulfur, oat extract",yes,no,no,Weekly,,17.89,skincare_products_5000.csv,P04315,synthetic
PRD0000951,Bepanthen,Bepanthen Repair Titanium Dioxide SPF 50,sunscreen,sensitive,dehydration,titanium dioxide,yes,yes,no,AM,50.0,12.45,skincare_products_5000.csv,P02002,synthetic
PRD0000952,Bepanthen,Bepanthen Repair Vitamin E SPF 50,sunscreen,combination,barrier repair,vitamin e,no,no,no,AM,50.0,10.33,skincare_products_5000.csv,P03177,synthetic
PRD0000953,Bepanthen,Bepanthen Repair Vitamin E SPF 50,sunscreen,combination-sensitive|dry|normal,acne|aging,"vitamin e, zinc oxide",no,yes,no,AM,50.0,28.98,skincare_products_5000.csv,P03366,synthetic
PRD0000954,Bioderma,Bioderma Advanced Avobenzone SPF 50,sunscreen,combination|dry|oily,aging|barrier repair,"avobenzone, titanium dioxide, niacinamide",yes,yes,no,AM,50.0,23.53,skincare_products_5000.csv,P04583,synthetic
PRD0000955,Bioderma,Bioderma Advanced Avobenzone SPF 50,sunscreen,combination|normal|oily,aging|dehydration,"avobenzone, niacinamide",yes,yes,no,AM,30.0,18.47,skincare_products_5000.csv,P00273,synthetic
PRD0000956,Bioderma,Bioderma Advanced Azelaic Acid Treatment,treatment,normal,acne|dryness,"azelaic acid, adapalene",yes,no,yes,PM,,10.1,skincare_products_5000.csv,P04528,synthetic
PRD0000957,Bioderma,Bioderma Advanced Azelaic Acid Treatment,treatment,sensitive,barrier repair,"azelaic acid, adapalene, retinol",no,yes,yes,AM,,32.79,skincare_products_5000.csv,P03271,synthetic
PRD0000958,Bioderma,Bioderma Advanced Betaine Cleanser,cleanser,dry|oily|sensitive,acne|redness,"betaine, ceramides",yes,yes,no,PM,,13.86,skincare_products_5000.csv,P04975,synthetic
PRD0000959,Bioderma,Bioderma Advanced Ceramides Cleanser,cleanser,combination,dark spots,"ceramides, centella, niacinamide",yes,yes,no,AM,,22.33,skincare_products_5000.csv,P00010,synthetic
PRD0000960,Bioderma,Bioderma Advanced Glycerin Cleanser,cleanser,combination|combination-sensitive|dry,dark spots|dryness,glycerin,yes,yes,no,PM,,9.61,skincare_products_5000.csv,P03243,synthetic
PRD0000961,Bioderma,Bioderma Advanced Glycerin Moisturizer,moisturizer,combination,redness|sensitivity,glycerin,no,no,no,AM/PM,,33.52,skincare_products_5000.csv,P02080,synthetic
PRD0000962,Bioderma,Bioderma Advanced Glycerin Toner,toner,sensitive,dehydration|dryness|oiliness,"glycerin, panthenol, niacinamide",yes,no,no,AM,,10.92,skincare_products_5000.csv,P01309,synthetic
PRD0000963,Bioderma,Bioderma Advanced Hyaluronic Acid Serum,serum,dry,dehydration|dryness|redness,hyaluronic acid,yes,yes,no,PM,,40.63,skincare_products_5000.csv,P03714,synthetic
PRD0000964,Bioderma,Bioderma Advanced Niacinamide Cleanser,cleanser,combination|dry|normal,aging,"niacinamide, betaine",yes,yes,no,AM/PM,,18.63,skincare_products_5000.csv,P00269,synthetic
PRD0000965,Bioderma,Bioderma Advanced Niacinamide Cleanser,cleanser,normal,aging|barrier repair|oiliness,"niacinamide, glycerin",yes,yes,no,Weekly,,24.78,skincare_products_5000.csv,P00375,synthetic
PRD0000966,Bioderma,Bioderma Advanced Niacinamide Toner,toner,normal,acne|aging,niacinamide,yes,no,no,PM,,10.41,skincare_products_5000.csv,P03982,synthetic
PRD0000967,Bioderma,Bioderma Advanced Octocrylene SPF 50,sunscreen,dry|normal|sensitive,acne|dryness|sensitivity,"octocrylene, avobenzone, vitamin e",yes,yes,no,AM,50.0,22.29,skincare_products_5000.csv,P00684,synthetic
PRD0000968,Bioderma,Bioderma Advanced Panthenol Moisturizer,moisturizer,combination-sensitive|dry,acne|dryness|sensitivity,"panthenol, glycerin, urea",yes,yes,no,PM,,15.96,skincare_products_5000.csv,P03627,synthetic
PRD0000969,Bioderma,Bioderma Advanced Panthenol Moisturizer,moisturizer,normal|sensitive,oiliness|redness,panthenol,no,yes,no,PM,,32.74,skincare_products_5000.csv,P03131,synthetic
PRD0000970,Bioderma,Bioderma Advanced Peptides Serum,serum,combination|sensitive,redness|sensitivity,"peptides, vitamin c",yes,yes,no,AM/PM,,20.85,skincare_products_5000.csv,P04158,synthetic
PRD0000971,Bioderma,Bioderma Advanced Retinol Serum,serum,combination|oily,aging,"retinol, peptides, hyaluronic acid",yes,yes,no,Weekly,,41.97,skincare_products_5000.csv,P00373,synthetic
PRD0000972,Bioderma,Bioderma Advanced Salicylic Acid Cleanser,cleanser,combination|normal|oily,barrier repair|dark spots|oiliness,"salicylic acid, niacinamide",yes,yes,no,PM,,23.74,skincare_products_5000.csv,P00730,synthetic
PRD0000973,Bioderma,Bioderma Advanced Sulfur Treatment,treatment,combination|sensitive,dark spots|dryness,"sulfur, adapalene",yes,yes,no,AM,,34.55,skincare_products_5000.csv,P03741,synthetic
PRD0000974,Bioderma,Bioderma Advanced Urea Moisturizer,moisturizer,combination-sensitive,aging|redness,"urea, glycerin",yes,yes,no,AM,,29.53,skincare_products_5000.csv,P01674,synthetic
PRD0000975,Bioderma,Bioderma Advanced Vitamin E SPF 50,sunscreen,dry|oily|sensitive,barrier repair|dehydration|redness,vitamin e,yes,yes,no,AM,50.0,14.06,skincare_products_5000.csv,P03318,synthetic
PRD0000976,Bioderma,Bioderma Balance Avobenzone SPF 50,sunscreen,combination-sensitive,aging|dehydration,"avobenzone, zinc oxide",yes,no,no,AM,30.0,29.29,skincare_products_5000.csv,P01362,synthetic
PRD0000977,Bioderma,Bioderma Balance Azelaic Acid Treatment,treatment,combination|dry|oily,aging|sensitivity,"azelaic acid, salicylic acid, benzoyl peroxide",yes,yes,no,PM,,23.71,skincare_products_5000.csv,P01395,synthetic
PRD0000978,Bioderma,Bioderma Balance Azelaic Acid Treatment,treatment,normal,acne|dehydration|dryness,azelaic acid,yes,yes,no,Weekly,,29.7,skincare_products_5000.csv,P02214,synthetic
PRD0000979,Bioderma,Bioderma Balance Beta-Glucan Toner,toner,combination-sensitive|dry|sensitive,aging,beta-glucan,yes,no,no,PM,,19.83,skincare_products_5000.csv,P03151,synthetic
PRD0000980,Bioderma,Bioderma Balance Beta-Glucan Toner,toner,combination|combination-sensitive|sensitive,aging|dark spots|dehydration,"beta-glucan, pha",no,no,no,AM/PM,,12.42,skincare_products_5000.csv,P02851,synthetic
PRD0000981,Bioderma,Bioderma Balance Betaine Cleanser,cleanser,combination|combination-sensitive,acne|redness,"betaine, salicylic acid",no,yes,no,AM,,24.05,skincare_products_5000.csv,P01493,synthetic
PRD0000982,Bioderma,Bioderma Balance Centella Cleanser,cleanser,combination-sensitive,aging|dark spots,"centella, glycerin, salicylic acid",yes,yes,no,AM,,8.24,skincare_products_5000.csv,P03695,synthetic
PRD0000983,Bioderma,Bioderma Balance Centella Cleanser,cleanser,combination|combination-sensitive|oily,acne|dehydration|redness,"centella, ceramides, niacinamide",no,yes,no,AM,,23.77,skincare_products_5000.csv,P01557,synthetic
PRD0000984,Bioderma,Bioderma Balance Centella Cleanser,cleanser,combination|oily,dryness|oiliness|redness,"centella, ceramides",yes,no,no,Weekly,,11.63,skincare_products_5000.csv,P00378,synthetic
PRD0000985,Bioderma,Bioderma Balance Ceramides Cleanser,cleanser,combination-sensitive|sensitive,acne|dryness|redness,"ceramides, centella, salicylic acid",yes,yes,no,AM,,24.32,skincare_products_5000.csv,P02490,synthetic
PRD0000986,Bioderma,Bioderma Balance Ceramides Moisturizer,moisturizer,combination-sensitive|oily|sensitive,dark spots|dehydration|sensitivity,"ceramides, cholesterol, glycerin",yes,yes,no,AM,,21.15,skincare_products_5000.csv,P03497,synthetic
PRD0000987,Bioderma,Bioderma Balance Glycerin Cleanser,cleanser,dry|normal|sensitive,aging,glycerin,yes,yes,no,AM/PM,,22.6,skincare_products_5000.csv,P04269,synthetic
PRD0000988,Bioderma,Bioderma Balance Glycerin Cleanser,cleanser,oily,aging|barrier repair,"glycerin, ceramides, niacinamide",yes,yes,no,AM,,20.03,skincare_products_5000.csv,P01862,synthetic
PRD0000989,Bioderma,Bioderma Balance Glycerin Cleanser,cleanser,sensitive,dehydration|dryness,glycerin,yes,yes,no,AM,,22.29,skincare_products_5000.csv,P03136,synthetic
PRD0000990,Bioderma,Bioderma Balance Green Tea Mask,mask,dry,aging|dehydration|dryness,green tea,yes,no,no,AM/PM,,10.94,skincare_products_5000.csv,P04345,synthetic
PRD0000991,Bioderma,Bioderma Balance Hyaluronic Acid Mask,mask,combination,barrier repair,"hyaluronic acid, clay, oat extract",yes,no,no,AM/PM,,23.62,skincare_products_5000.csv,P00641,synthetic
PRD0000992,Bioderma,Bioderma Balance Niacinamide Serum,serum,combination|combination-sensitive|normal,oiliness|redness,niacinamide,no,yes,no,PM,,41.63,skincare_products_5000.csv,P01451,synthetic
PRD0000993,Bioderma,Bioderma Balance Niacinamide Toner,toner,combination|dry,barrier repair|redness|sensitivity,"niacinamide, pha, glycerin",yes,no,no,AM/PM,,9.18,skincare_products_5000.csv,P04135,synthetic
PRD0000994,Bioderma,Bioderma Balance Panthenol Moisturizer,moisturizer,combination-sensitive|normal|oily,acne|dark spots,"panthenol, cholesterol, ceramides",yes,yes,no,PM,,32.07,skincare_products_5000.csv,P03812,synthetic
PRD0000995,Bioderma,Bioderma Balance Panthenol Toner,toner,normal|oily|sensitive,barrier repair|dehydration|redness,"panthenol, glycerin",yes,no,no,PM,,10.12,skincare_products_5000.csv,P01411,synthetic
PRD0000996,Bioderma,Bioderma Balance Peptides Serum,serum,combination-sensitive,aging|dehydration,"peptides, retinol, niacinamide",yes,yes,no,AM,,42.35,skincare_products_5000.csv,P00271,synthetic
PRD0000997,Bioderma,Bioderma Balance Pha Toner,toner,dry|sensitive,acne|dark spots,pha,yes,no,no,PM,,11.12,skincare_products_5000.csv,P02302,synthetic
PRD0000998,Bioderma,Bioderma Balance Pha Toner,toner,normal|oily,aging|redness,"pha, centella, panthenol",no,no,no,AM/PM,,10.26,skincare_products_5000.csv,P01266,synthetic
PRD0000999,Bioderma,Bioderma Balance Salicylic Acid Cleanser,cleanser,dry,aging|sensitivity,"salicylic acid, centella, glycerin",yes,yes,no,Weekly,,25.51,skincare_products_5000.csv,P02411,synthetic
PRD0001000,Bioderma,Bioderma Balance Salicylic Acid Treatment,treatment,sensitive,acne,"salicylic acid, retinol, azelaic acid",yes,yes,no,AM,,21.48,skincare_products_5000.csv,P03381,synthetic
PRD0001001,Bioderma,Bioderma Balance Squalane Moisturizer,moisturizer,combination-sensitive|dry|oily,redness,squalane,yes,no,no,AM/PM,,17.04,skincare_products_5000.csv,P02254,synthetic
PRD0001002,Bioderma,Bioderma Balance Squalane Moisturizer,moisturizer,combination-sensitive|dry|sensitive,barrier repair|dehydration|sensitivity,"squalane, glycerin",yes,yes,no,PM,,20.53,skincare_products_5000.csv,P00502,synthetic
PRD0001003,Bioderma,Bioderma Balance Squalane Moisturizer,moisturizer,combination|combination-sensitive|sensitive,sensitivity,"squalane, ceramides",yes,no,no,AM/PM,,15.83,skincare_products_5000.csv,P02728,synthetic
PRD0001004,Bioderma,Bioderma Balance Squalane Moisturizer,moisturizer,combination|dry|oily,sensitivity,"squalane, panthenol",yes,yes,no,AM,,20.04,skincare_products_5000.csv,P02045,synthetic
PRD0001005,Bioderma,Bioderma Balance Sulfur Mask,mask,dry,dehydration|redness,"sulfur, clay, oat extract",yes,no,no,PM,,16.39,skincare_products_5000.csv,P00231,synthetic
PRD0001006,Bioderma,Bioderma Balance Urea Moisturizer,moisturizer,combination-sensitive|dry,aging|sensitivity,"urea, panthenol",no,yes,no,Weekly,,30.59,skincare_products_5000.csv,P04990,synthetic
PRD0001007,Bioderma,Bioderma Balance Vitamin E SPF 50,sunscreen,dry|normal|oily,barrier repair|dehydration|dryness,vitamin e,yes,yes,no,AM,50.0,16.82,skincare_products_5000.csv,P01135,synthetic
PRD0001008,Bioderma,Bioderma Barrier Adapalene Treatment,treatment,combination|combination-sensitive|normal,aging,"adapalene, azelaic acid, sulfur",no,yes,yes,Weekly,,30.52,skincare_products_5000.csv,P02481,synthetic
PRD0001009,Bioderma,Bioderma Barrier Betaine Cleanser,cleanser,dry|normal,acne,betaine,yes,yes,no,Weekly,,24.1,skincare_products_5000.csv,P00885,synthetic
PRD0001010,Bioderma,Bioderma Barrier Centella Cleanser,cleanser,dry|oily|sensitive,barrier repair|oiliness,"centella, niacinamide",no,yes,no,Weekly,,19.66,skincare_products_5000.csv,P01539,synthetic
PRD0001011,Bioderma,Bioderma Barrier Centella Mask,mask,combination-sensitive|dry|normal,dehydration,"centella, green tea, clay",yes,no,no,Weekly,,27.03,skincare_products_5000.csv,P04725,synthetic
PRD0001012,Bioderma,Bioderma Barrier Ceramides Cleanser,cleanser,normal,redness,"ceramides, betaine, centella",yes,yes,no,AM/PM,,11.03,skincare_products_5000.csv,P01175,synthetic
PRD0001013,Bioderma,Bioderma Barrier Cholesterol Moisturizer,moisturizer,combination|oily,redness|sensitivity,"cholesterol, panthenol",yes,yes,no,AM,,10.4,skincare_products_5000.csv,P03216,synthetic
PRD0001014,Bioderma,Bioderma Barrier Clay Mask,mask,normal,redness,clay,yes,no,no,AM,,26.44,skincare_products_5000.csv,P00455,synthetic
PRD0001015,Bioderma,Bioderma Barrier Clay Mask,mask,oily,acne|oiliness,clay,yes,no,no,Weekly,,11.54,skincare_products_5000.csv,P00994,synthetic
PRD0001016,Bioderma,Bioderma Barrier Glycerin Moisturizer,moisturizer,combination|combination-sensitive|oily,oiliness,"glycerin, urea",yes,yes,no,AM,,33.54,skincare_products_5000.csv,P02881,synthetic
PRD0001017,Bioderma,Bioderma Barrier Green Tea Mask,mask,combination|oily|sensitive,dehydration|oiliness,"green tea, clay",yes,no,no,Weekly,,22.05,skincare_products_5000.csv,P04175,synthetic
PRD0001018,Bioderma,Bioderma Barrier Hyaluronic Acid Serum,serum,combination|sensitive,acne|barrier repair|sensitivity,hyaluronic acid,no,no,no,Weekly,,36.56,skincare_products_5000.csv,P02361,synthetic
PRD0001019,Bioderma,Bioderma Barrier Niacinamide Cleanser,cleanser,combination,dehydration|sensitivity,"niacinamide, ceramides, salicylic acid",yes,yes,no,PM,,10.83,skincare_products_5000.csv,P02419,synthetic
PRD0001020,Bioderma,Bioderma Barrier Niacinamide Cleanser,cleanser,combination-sensitive,acne|dryness|oiliness,"niacinamide, ceramides, betaine",yes,no,no,AM/PM,,24.69,skincare_products_5000.csv,P03019,synthetic
PRD0001021,Bioderma,Bioderma Barrier Niacinamide Cleanser,cleanser,combination-sensitive|normal|oily,oiliness,"niacinamide, betaine, glycerin",yes,yes,no,PM,,9.24,skincare_products_5000.csv,P00163,synthetic
PRD0001022,Bioderma,Bioderma Barrier Niacinamide SPF 50,sunscreen,dry|normal|sensitive,dark spots|dryness|sensitivity,"niacinamide, vitamin e, octocrylene",yes,yes,no,AM,50.0,10.18,skincare_products_5000.csv,P00974,synthetic
PRD0001023,Bioderma,Bioderma Barrier Niacinamide Toner,toner,normal,sensitivity,"niacinamide, pha",no,no,no,PM,,9.61,skincare_products_5000.csv,P02672,synthetic
PRD0001024,Bioderma,Bioderma Barrier Octocrylene SPF 50,sunscreen,combination|dry|oily,dark spots,"octocrylene, vitamin e",no,yes,no,AM,50.0,23.7,skincare_products_5000.csv,P02613,synthetic
PRD0001025,Bioderma,Bioderma Barrier Panthenol Moisturizer,moisturizer,combination-sensitive,acne|barrier repair|dark spots,"panthenol, cholesterol",yes,yes,no,AM/PM,,18.62,skincare_products_5000.csv,P00162,synthetic
PRD0001026,Bioderma,Bioderma Barrier Panthenol Moisturizer,moisturizer,dry,barrier repair|dark spots|redness,"panthenol, squalane",no,yes,no,PM,,23.18,skincare_products_5000.csv,P03104,synthetic
PRD0001027,Bioderma,Bioderma Barrier Panthenol Toner,toner,combination-sensitive,redness|sensitivity,panthenol,no,no,no,Weekly,,20.09,skincare_products_5000.csv,P01824,synthetic
PRD0001028,Bioderma,Bioderma Barrier Panthenol Toner,toner,oily,dehydration|oiliness,panthenol,no,no,no,AM/PM,,18.48,skincare_products_5000.csv,P01991,synthetic
PRD0001029,Bioderma,Bioderma Barrier Sulfur Mask,mask,combination|oily,acne|barrier repair|oiliness,"sulfur, clay, oat extract",yes,no,no,AM,,12.42,skincare_products_5000.csv,P00319,synthetic
PRD0001030,Bioderma,Bioderma Barrier Sulfur Mask,mask,oily,barrier repair|sensitivity,sulfur,no,no,no,AM/PM,,20.07,skincare_products_5000.csv,P02480,synthetic
PRD0001031,Bioderma,Bioderma Barrier Titanium Dioxide SPF 50,sunscreen,normal,aging,"titanium dioxide, niacinamide",yes,no,no,AM,30.0,17.98,skincare_products_5000.csv,P04116,synthetic
PRD0001032,Bioderma,Bioderma Barrier Titanium Dioxide SPF 50,sunscreen,normal,barrier repair|dark spots|dehydration,titanium dioxide,yes,yes,no,AM,50.0,27.24,skincare_products_5000.csv,P02429,synthetic
PRD0001033,Bioderma,Bioderma Barrier Vitamin C Serum,serum,dry|normal|sensitive,acne,"vitamin c, retinol, hyaluronic acid",yes,yes,no,AM,,27.21,skincare_products_5000.csv,P01205,synthetic
PRD0001034,Bioderma,Bioderma Barrier Vitamin E SPF 50,sunscreen,combination-sensitive,dark spots,"vitamin e, zinc oxide, avobenzone",yes,yes,no,AM,30.0,28.36,skincare_products_5000.csv,P02983,synthetic
PRD0001035,Bioderma,Bioderma Barrier Vitamin E SPF 50,sunscreen,normal,oiliness,"vitamin e, niacinamide",no,yes,no,AM,30.0,28.06,skincare_products_5000.csv,P02033,synthetic
PRD0001036,Bioderma,Bioderma Barrier Zinc Oxide SPF 50,sunscreen,combination|dry,acne|dehydration|oiliness,"zinc oxide, avobenzone, titanium dioxide",no,yes,no,AM,30.0,19.73,skincare_products_5000.csv,P01925,synthetic
PRD0001037,Bioderma,Bioderma Calm Adapalene Treatment,treatment,dry|normal|oily,barrier repair|sensitivity,"adapalene, benzoyl peroxide",yes,yes,no,Weekly,,11.94,skincare_products_5000.csv,P04899,synthetic
PRD0001038,Bioderma,Bioderma Calm Adapalene Treatment,treatment,normal,aging|dryness,"adapalene, retinol",yes,yes,yes,Weekly,,26.0,skincare_products_5000.csv,P04910,synthetic
PRD0001039,Bioderma,Bioderma Calm Avobenzone SPF 50,sunscreen,combination-sensitive,aging|barrier repair|dark spots,"avobenzone, titanium dioxide, vitamin e",no,no,no,AM,50.0,28.37,skincare_products_5000.csv,P02514,synthetic
PRD0001040,Bioderma,Bioderma Calm Avobenzone SPF 50,sunscreen,combination|combination-sensitive|dry,aging|dryness|redness,avobenzone,no,no,no,AM,30.0,17.29,skincare_products_5000.csv,P02676,synthetic
PRD0001041,Bioderma,Bioderma Calm Azelaic Acid Serum,serum,combination,barrier repair|dehydration|redness,"azelaic acid, centella, vitamin c",yes,no,no,PM,,32.42,skincare_products_5000.csv,P00027,synthetic
PRD0001042,Bioderma,Bioderma Calm Beta-Glucan Toner,toner,combination|combination-sensitive|dry,acne|dryness|sensitivity,beta-glucan,yes,no,no,AM/PM,,8.7,skincare_products_5000.csv,P04515,synthetic
PRD0001043,Bioderma,Bioderma Calm Beta-Glucan Toner,toner,dry|normal|sensitive,dark spots|redness|sensitivity,beta-glucan,yes,no,no,Weekly,,13.35,skincare_products_5000.csv,P03229,synthetic
PRD0001044,Bioderma,Bioderma Calm Beta-Glucan Toner,toner,dry|normal|sensitive,oiliness,beta-glucan,yes,no,no,AM,,15.47,skincare_products_5000.csv,P01846,synthetic
PRD0001045,Bioderma,Bioderma Calm Betaine Cleanser,cleanser,combination-sensitive|normal|oily,dehydration|dryness,betaine,no,yes,no,Weekly,,24.3,skincare_products_5000.csv,P01765,synthetic
PRD0001046,Bioderma,Bioderma Calm Centella Mask,mask,dry|normal|sensitive,oiliness,centella,yes,no,no,Weekly,,14.19,skincare_products_5000.csv,P03220,synthetic
PRD0001047,Bioderma,Bioderma Calm Centella Serum,serum,combination-sensitive|normal,acne|redness,"centella, azelaic acid",yes,yes,no,PM,,31.78,skincare_products_5000.csv,P04446,synthetic
PRD0001048,Bioderma,Bioderma Calm Centella Serum,serum,combination-sensitive|oily,oiliness,"centella, peptides",yes,no,no,AM,,23.46,skincare_products_5000.csv,P04887,synthetic
PRD0001049,Bioderma,Bioderma Calm Centella Serum,serum,combination|combination-sensitive|oily,aging|dark spots,"centella, peptides",yes,yes,no,AM,,39.94,skincare_products_5000.csv,P03310,synthetic
PRD0001050,Bioderma,Bioderma Calm Centella Toner,toner,dry,dehydration|dryness|sensitivity,"centella, niacinamide",yes,no,no,AM/PM,,19.48,skincare_products_5000.csv,P00128,synthetic
PRD0001051,Bioderma,Bioderma Calm Glycerin Cleanser,cleanser,combination|dry|oily,barrier repair|sensitivity,"glycerin, ceramides",yes,yes,no,PM,,15.41,skincare_products_5000.csv,P04597,synthetic
PRD0001052,Bioderma,Bioderma Calm Green Tea Mask,mask,combination,aging|sensitivity,"green tea, clay",yes,no,no,PM,,8.7,skincare_products_5000.csv,P01179,synthetic
PRD0001053,Bioderma,Bioderma Calm Green Tea Mask,mask,combination-sensitive|dry|sensitive,acne|oiliness|sensitivity,"green tea, centella",yes,no,no,PM,,19.29,skincare_products_5000.csv,P01941,synthetic
PRD0001054,Bioderma,Bioderma Calm Green Tea Mask,mask,normal,aging|redness,"green tea, hyaluronic acid",no,no,no,AM/PM,,10.93,skincare_products_5000.csv,P00538,synthetic
PRD0001055,Bioderma,Bioderma Calm Green Tea Mask,mask,oily,acne,"green tea, sulfur, clay",yes,no,no,Weekly,,13.34,skincare_products_5000.csv,P00278,synthetic
PRD0001056,Bioderma,Bioderma Calm Hyaluronic Acid Serum,serum,combination|dry|sensitive,aging|oiliness|redness,"hyaluronic acid, vitamin c, retinol",yes,yes,no,AM/PM,,27.97,skincare_products_5000.csv,P01645,synthetic
PRD0001057,Bioderma,Bioderma Calm Niacinamide SPF 50,sunscreen,normal|oily|sensitive,sensitivity,niacinamide,yes,yes,no,AM,50.0,18.73,skincare_products_5000.csv,P02589,synthetic
PRD0001058,Bioderma,Bioderma Calm Niacinamide Serum,serum,dry|oily,barrier repair|dark spots|dryness,"niacinamide, hyaluronic acid, peptides",yes,no,no,Weekly,,17.17,skincare_products_5000.csv,P03116,synthetic
PRD0001059,Bioderma,Bioderma Calm Panthenol Moisturizer,moisturizer,dry,dark spots,"panthenol, cholesterol",yes,yes,no,AM,,17.23,skincare_products_5000.csv,P00692,synthetic
PRD0001060,Bioderma,Bioderma Calm Panthenol Moisturizer,moisturizer,dry|oily,dryness,"panthenol, glycerin",yes,yes,no,AM/PM,,15.71,skincare_products_5000.csv,P00252,synthetic
PRD0001061,Bioderma,Bioderma Calm Peptides Serum,serum,combination-sensitive|normal|sensitive,dark spots|dryness|oiliness,"peptides, hyaluronic acid, azelaic acid",no,yes,no,AM,,42.23,skincare_products_5000.csv,P02218,synthetic
PRD0001062,Bioderma,Bioderma Calm Pha Toner,toner,combination-sensitive|normal,acne|aging|dryness,"pha, niacinamide",no,no,no,AM,,17.94,skincare_products_5000.csv,P01425,synthetic
PRD0001063,Bioderma,Bioderma Calm Retinol Serum,serum,combination-sensitive|dry|normal,barrier repair|oiliness|redness,retinol,yes,yes,no,AM,,30.25,skincare_products_5000.csv,P01864,synthetic
PRD0001064,Bioderma,Bioderma Calm Retinol Treatment,treatment,combination|sensitive,dark spots,"retinol, adapalene, azelaic acid",yes,yes,no,PM,,17.91,skincare_products_5000.csv,P02645,synthetic
PRD0001065,Bioderma,Bioderma Calm Squalane Moisturizer,moisturizer,combination-sensitive|normal,oiliness|sensitivity,squalane,yes,no,no,AM/PM,,24.2,skincare_products_5000.csv,P02242,synthetic
PRD0001066,Bioderma,Bioderma Calm Vitamin E SPF 50,sunscreen,combination-sensitive|dry|normal,dark spots|dryness|redness,"vitamin e, avobenzone, zinc oxide",yes,yes,no,AM,30.0,29.54,skincare_products_5000.csv,P01696,synthetic
PRD0001067,Bioderma,Bioderma Calm Zinc Oxide SPF 50,sunscreen,combination-sensitive|dry|normal,barrier repair,"zinc oxide, titanium dioxide",yes,no,no,AM,50.0,23.49,skincare_products_5000.csv,P03199,synthetic
PRD0001068,Bioderma,Bioderma Clear Avobenzone SPF 50,sunscreen,dry|normal,aging|barrier repair|oiliness,"avobenzone, zinc oxide, titanium dioxide",yes,yes,no,AM,50.0,13.08,skincare_products_5000.csv,P00499,synthetic
PRD0001069,Bioderma,Bioderma Clear Beta-Glucan Toner,toner,oily|sensitive,dryness,"beta-glucan, centella",yes,no,no,Weekly,,16.86,skincare_products_5000.csv,P04471,synthetic
PRD0001070,Bioderma,Bioderma Clear Centella Toner,toner,combination|combination-sensitive|oily,acne|barrier repair|dehydration,"centella, panthenol, glycerin",no,no,no,AM/PM,,8.61,skincare_products_5000.csv,P04335,synthetic
PRD0001071,Bioderma,Bioderma Clear Centella Toner,toner,combination|combination-sensitive|oily,acne|sensitivity,"centella, panthenol",yes,no,no,AM/PM,,19.17,skincare_products_5000.csv,P03929,synthetic
PRD0001072,Bioderma,Bioderma Clear Cholesterol Moisturizer,moisturizer,combination|combination-sensitive,aging|dryness|sensitivity,"cholesterol, panthenol, glycerin",yes,yes,no,PM,,15.62,skincare_products_5000.csv,P01990,synthetic
PRD0001073,Bioderma,Bioderma Clear Glycerin Cleanser,cleanser,combination-sensitive|normal,dryness,"glycerin, niacinamide",no,yes,no,PM,,22.4,skincare_products_5000.csv,P01936,synthetic
PRD0001074,Bioderma,Bioderma Clear Glycerin Moisturizer,moisturizer,dry|oily,dehydration,"glycerin, squalane",yes,yes,no,AM/PM,,25.42,skincare_products_5000.csv,P02472,synthetic
PRD0001075,Bioderma,Bioderma Clear Glycerin Toner,toner,combination-sensitive|dry|oily,oiliness|redness,glycerin,yes,no,no,AM,,20.12,skincare_products_5000.csv,P00711,synthetic
PRD0001076,Bioderma,Bioderma Clear Hyaluronic Acid Mask,mask,combination-sensitive|dry,barrier repair|dark spots|dehydration,hyaluronic acid,yes,no,no,Weekly,,17.92,skincare_products_5000.csv,P00601,synthetic
PRD0001077,Bioderma,Bioderma Clear Niacinamide Cleanser,cleanser,normal,dark spots,"niacinamide, centella, salicylic acid",yes,yes,no,PM,,23.17,skincare_products_5000.csv,P00937,synthetic
PRD0001078,Bioderma,Bioderma Clear Niacinamide Serum,serum,combination,dark spots|dryness|redness,"niacinamide, vitamin c, peptides",no,no,no,PM,,17.66,skincare_products_5000.csv,P04273,synthetic
PRD0001079,Bioderma,Bioderma Clear Niacinamide Serum,serum,normal|oily|sensitive,aging,niacinamide,yes,yes,no,Weekly,,28.01,skincare_products_5000.csv,P02931,synthetic
PRD0001080,Bioderma,Bioderma Clear Panthenol Moisturizer,moisturizer,combination-sensitive|dry,barrier repair|oiliness,"panthenol, squalane, glycerin",yes,yes,no,AM,,29.51,skincare_products_5000.csv,P04982,synthetic
PRD0001081,Bioderma,Bioderma Clear Panthenol Moisturizer,moisturizer,dry,dark spots,panthenol,yes,yes,no,Weekly,,21.91,skincare_products_5000.csv,P01655,synthetic
PRD0001082,Bioderma,Bioderma Clear Pha Toner,toner,combination|dry,dark spots|redness,"pha, centella, glycerin",yes,no,no,AM/PM,,14.26,skincare_products_5000.csv,P01085,synthetic
PRD0001083,Bioderma,Bioderma Clear Salicylic Acid Cleanser,cleanser,sensitive,acne|barrier repair|dryness,salicylic acid,no,no,no,Weekly,,18.06,skincare_products_5000.csv,P03704,synthetic
PRD0001084,Bioderma,Bioderma Clear Squalane Moisturizer,moisturizer,combination|combination-sensitive|normal,acne|redness|sensitivity,squalane,yes,yes,no,Weekly,,29.52,skincare_products_5000.csv,P00479,synthetic
PRD0001085,Bioderma,Bioderma Clear Squalane Moisturizer,moisturizer,sensitive,barrier repair|dehydration,squalane,yes,yes,no,AM,,29.7,skincare_products_5000.csv,P02219,synthetic
PRD0001086,Bioderma,Bioderma Clear Urea Moisturizer,moisturizer,combination|combination-sensitive|normal,barrier repair|sensitivity,"urea, cholesterol, ceramides",yes,yes,no,Weekly,,19.9,skincare_products_5000.csv,P03285,synthetic
PRD0001087,Bioderma,Bioderma Clear Zinc Oxide SPF 50,sunscreen,combination|normal|oily,aging|redness|sensitivity,"zinc oxide, vitamin e",yes,yes,no,AM,30.0,18.44,skincare_products_5000.csv,P01366,synthetic
PRD0001088,Bioderma,Bioderma Daily Adapalene Treatment,treatment,oily,dryness|sensitivity,"adapalene, retinol, salicylic acid",yes,yes,no,Weekly,,11.39,skincare_products_5000.csv,P01591,synthetic
PRD0001089,Bioderma,Bioderma Daily Azelaic Acid Treatment,treatment,combination-sensitive|dry|sensitive,dryness|redness,azelaic acid,yes,yes,no,PM,,23.32,skincare_products_5000.csv,P01752,synthetic
PRD0001090,Bioderma,Bioderma Daily Betaine Cleanser,cleanser,dry|normal|oily,barrier repair,"betaine, centella",no,no,no,Weekly,,18.87,skincare_products_5000.csv,P03567,synthetic
PRD0001091,Bioderma,Bioderma Daily Centella Serum,serum,combination|normal|oily,dehydration,"centella, retinol",yes,yes,no,AM/PM,,17.36,skincare_products_5000.csv,P01018,synthetic
PRD0001092,Bioderma,Bioderma Daily Centella Toner,toner,combination|combination-sensitive|sensitive,acne|aging|dark spots,"centella, pha",no,no,no,Weekly,,15.56,skincare_products_5000.csv,P04853,synthetic
PRD0001093,Bioderma,Bioderma Daily Ceramides Cleanser,cleanser,dry,aging|dark spots|redness,"ceramides, glycerin",yes,yes,no,Weekly,,16.18,skincare_products_5000.csv,P03538,synthetic
PRD0001094,Bioderma,Bioderma Daily Cholesterol Moisturizer,moisturizer,combination|oily,dark spots|oiliness,"cholesterol, ceramides",yes,yes,no,PM,,13.99,skincare_products_5000.csv,P01604,synthetic
PRD0001095,Bioderma,Bioderma Daily Glycerin Cleanser,cleanser,oily,dark spots,glycerin,yes,yes,no,Weekly,,15.66,skincare_products_5000.csv,P01472,synthetic
PRD0001096,Bioderma,Bioderma Daily Glycerin Moisturizer,moisturizer,combination|combination-sensitive,dehydration|oiliness|redness,"glycerin, panthenol",yes,yes,no,AM,,11.46,skincare_products_5000.csv,P00140,synthetic
PRD0001097,Bioderma,Bioderma Daily Glycerin Toner,toner,combination-sensitive|oily,barrier repair|oiliness|redness,glycerin,yes,no,no,AM,,13.03,skincare_products_5000.csv,P00205,synthetic
PRD0001098,Bioderma,Bioderma Daily Glycerin Toner,toner,combination-sensitive|oily|sensitive,redness,"glycerin, panthenol",yes,no,no,PM,,10.14,skincare_products_5000.csv,P03566,synthetic
PRD0001099,Bioderma,Bioderma Daily Green Tea Mask,mask,normal|oily,barrier repair|dark spots|dryness,"green tea, hyaluronic acid",no,no,no,Weekly,,15.97,skincare_products_5000.csv,P04406,synthetic
PRD0001100,Bioderma,Bioderma Daily Hyaluronic Acid Serum,serum,combination-sensitive|oily|sensitive,acne|redness,"hyaluronic acid, vitamin c, retinol",yes,yes,no,AM,,13.01,skincare_products_5000.csv,P02303,synthetic
PRD0001101,Bioderma,Bioderma Daily Hyaluronic Acid Serum,serum,combination|combination-sensitive|sensitive,aging|oiliness|redness,"hyaluronic acid, peptides, centella",yes,yes,no,Weekly,,41.99,skincare_products_5000.csv,P01879,synthetic
PRD0001102,Bioderma,Bioderma Daily Niacinamide SPF 50,sunscreen,combination|dry|oily,acne,"niacinamide, avobenzone, titanium dioxide",yes,yes,no,AM,30.0,16.14,skincare_products_5000.csv,P00188,synthetic
PRD0001103,Bioderma,Bioderma Daily Niacinamide Serum,serum,dry|oily|sensitive,dark spots,"niacinamide, retinol",no,no,no,AM/PM,,12.61,skincare_products_5000.csv,P02761,synthetic
PRD0001104,Bioderma,Bioderma Daily Niacinamide Toner,toner,combination-sensitive,dark spots|dehydration|sensitivity,niacinamide,yes,no,no,AM,,23.15,skincare_products_5000.csv,P02349,synthetic
PRD0001105,Bioderma,Bioderma Daily Oat Extract Mask,mask,combination|normal|oily,dehydration|oiliness|sensitivity,"oat extract, centella, green tea",yes,no,no,AM/PM,,12.58,skincare_products_5000.csv,P00177,synthetic
PRD0001106,Bioderma,Bioderma Daily Panthenol Moisturizer,moisturizer,dry|sensitive,dryness|oiliness,"panthenol, urea, cholesterol",no,yes,no,AM,,20.85,skincare_products_5000.csv,P02269,synthetic
PRD0001107,Bioderma,Bioderma Daily Retinol Treatment,treatment,sensitive,dehydration,retinol,yes,yes,no,AM,,11.44,skincare_products_5000.csv,P01740,synthetic
PRD0001108,Bioderma,Bioderma Daily Salicylic Acid Cleanser,cleanser,combination,acne|oiliness,"salicylic acid, betaine",yes,yes,no,PM,,15.58,skincare_products_5000.csv,P02607,synthetic
PRD0001109,Bioderma,Bioderma Daily Squalane Moisturizer,moisturizer,dry,oiliness,"squalane, ceramides, urea",yes,yes,no,PM,,27.76,skincare_products_5000.csv,P01887,synthetic
PRD0001110,Bioderma,Bioderma Daily Squalane Moisturizer,moisturizer,normal|oily,acne|aging,"squalane, ceramides, cholesterol",yes,yes,no,PM,,14.45,skincare_products_5000.csv,P01226,synthetic
PRD0001111,Bioderma,Bioderma Daily Squalane Moisturizer,moisturizer,normal|oily|sensitive,aging|oiliness|sensitivity,"squalane, urea, panthenol",yes,yes,no,PM,,19.04,skincare_products_5000.csv,P02720,synthetic
PRD0001112,Bioderma,Bioderma Daily Sulfur Treatment,treatment,normal,dehydration,"sulfur, adapalene, retinol",yes,yes,no,AM/PM,,19.68,skincare_products_5000.csv,P00631,synthetic
PRD0001113,Bioderma,Bioderma Daily Vitamin C Serum,serum,combination,dryness|sensitivity,"vitamin c, hyaluronic acid, retinol",yes,no,no,Weekly,,32.4,skincare_products_5000.csv,P04673,synthetic
PRD0001114,Bioderma,Bioderma Glow Adapalene Treatment,treatment,sensitive,dryness,adapalene,no,no,no,PM,,17.95,skincare_products_5000.csv,P03862,synthetic
PRD0001115,Bioderma,Bioderma Glow Azelaic Acid Serum,serum,combination|normal,oiliness,azelaic acid,yes,yes,no,AM/PM,,34.77,skincare_products_5000.csv,P01859,synthetic
PRD0001116,Bioderma,Bioderma Glow Azelaic Acid Serum,serum,combination|sensitive,dehydration,"azelaic acid, peptides, retinol",yes,yes,no,AM,,28.28,skincare_products_5000.csv,P04743,synthetic
PRD0001117,Bioderma,Bioderma Glow Azelaic Acid Serum,serum,normal,acne|dark spots,"azelaic acid, niacinamide",yes,no,no,AM,,10.85,skincare_products_5000.csv,P00828,synthetic
PRD0001118,Bioderma,Bioderma Glow Azelaic Acid Treatment,treatment,combination|combination-sensitive,acne|dark spots|redness,"azelaic acid, adapalene",yes,yes,yes,AM/PM,,21.29,skincare_products_5000.csv,P04907,synthetic
PRD0001119,Bioderma,Bioderma Glow Centella Serum,serum,combination-sensitive|normal|sensitive,dryness,"centella, hyaluronic acid",no,yes,no,Weekly,,39.0,skincare_products_5000.csv,P03630,synthetic
PRD0001120,Bioderma,Bioderma Glow Centella Toner,toner,combination|oily,dryness|sensitivity,centella,yes,no,no,AM,,16.69,skincare_products_5000.csv,P04599,synthetic
PRD0001121,Bioderma,Bioderma Glow Ceramides Moisturizer,moisturizer,dry|normal|oily,dark spots|dehydration|redness,"ceramides, squalane",yes,yes,no,AM/PM,,23.53,skincare_products_5000.csv,P00426,synthetic
PRD0001122,Bioderma,Bioderma Glow Glycerin Moisturizer,moisturizer,dry|sensitive,dehydration,"glycerin, urea",yes,no,no,AM,,13.61,skincare_products_5000.csv,P00361,synthetic
PRD0001123,Bioderma,Bioderma Glow Panthenol Moisturizer,moisturizer,combination-sensitive|dry,oiliness,"panthenol, glycerin, cholesterol",yes,yes,no,Weekly,,22.63,skincare_products_5000.csv,P02677,synthetic
PRD0001124,Bioderma,Bioderma Glow Peptides Serum,serum,combination,barrier repair|dark spots,"peptides, retinol",yes,yes,no,Weekly,,26.22,skincare_products_5000.csv,P00933,synthetic
PRD0001125,Bioderma,Bioderma Glow Peptides Serum,serum,combination|oily|sensitive,barrier repair|dehydration|redness,peptides,no,yes,no,AM,,42.82,skincare_products_5000.csv,P04654,synthetic
PRD0001126,Bioderma,Bioderma Glow Retinol Serum,serum,combination-sensitive|dry|normal,redness,retinol,yes,yes,no,AM/PM,,34.91,skincare_products_5000.csv,P02562,synthetic
PRD0001127,Bioderma,Bioderma Glow Retinol Treatment,treatment,combination|oily,aging|oiliness|redness,"retinol, sulfur, azelaic acid",no,yes,no,AM,,20.2,skincare_products_5000.csv,P00754,synthetic
PRD0001128,Bioderma,Bioderma Glow Retinol Treatment,treatment,dry|sensitive,dryness|redness|sensitivity,"retinol, sulfur, adapalene",no,yes,yes,Weekly,,12.7,skincare_products_5000.csv,P04278,synthetic
PRD0001129,Bioderma,Bioderma Glow Squalane Moisturizer,moisturizer,combination-sensitive|dry|oily,sensitivity,"squalane, urea",yes,yes,no,PM,,11.54,skincare_products_5000.csv,P03660,synthetic
PRD0001130,Bioderma,Bioderma Glow Squalane Moisturizer,moisturizer,combination-sensitive|oily,oiliness,squalane,yes,yes,no,AM,,30.51,skincare_products_5000.csv,P01961,synthetic
PRD0001131,Bioderma,Bioderma Glow Squalane Moisturizer,moisturizer,combination|combination-sensitive|oily,dehydration|oiliness|redness,"squalane, cholesterol, ceramides",yes,yes,no,AM,,29.86,skincare_products_5000.csv,P02873,synthetic
PRD0001132,Bioderma,Bioderma Glow Sulfur Mask,mask,combination-sensitive,aging|dark spots|sensitivity,"sulfur, hyaluronic acid",no,no,no,AM,,20.24,skincare_products_5000.csv,P02700,synthetic
PRD0001133,Bioderma,Bioderma Glow Sulfur Treatment,treatment,combination|sensitive,barrier repair|sensitivity,"sulfur, benzoyl peroxide, retinol",yes,yes,no,AM/PM,,26.21,skincare_products_5000.csv,P02386,synthetic
PRD0001134,Bioderma,Bioderma Glow Urea Moisturizer,moisturizer,sensitive,dehydration|redness,urea,yes,yes,no,AM,,15.86,skincare_products_5000.csv,P00127,synthetic
PRD0001135,Bioderma,Bioderma Glow Vitamin C Serum,serum,dry|normal,dryness|redness,"vitamin c, peptides, hyaluronic acid",no,yes,no,AM/PM,,35.7,skincare_products_5000.csv,P00523,synthetic
PRD0001136,Bioderma,Bioderma Glow Vitamin E SPF 50,sunscreen,dry,oiliness,"vitamin e, zinc oxide, avobenzone",yes,yes,no,AM,50.0,17.91,skincare_products_5000.csv,P01017,synthetic
PRD0001137,Bioderma,Bioderma Glow Zinc Oxide SPF 50,sunscreen,normal|oily|sensitive,aging|oiliness,"zinc oxide, niacinamide, octocrylene",yes,yes,no,AM,50.0,24.16,skincare_products_5000.csv,P04424,synthetic
PRD0001138,Bioderma,Bioderma Hydra Avobenzone SPF 50,sunscreen,sensitive,sensitivity,"avobenzone, octocrylene",yes,yes,no,AM,50.0,11.1,skincare_products_5000.csv,P03327,synthetic
PRD0001139,Bioderma,Bioderma Hydra Centella Cleanser,cleanser,dry,aging|barrier repair|dehydration,"centella, salicylic acid",yes,no,no,AM,,11.85,skincare_products_5000.csv,P02391,synthetic
PRD0001140,Bioderma,Bioderma Hydra Centella Mask,mask,combination|dry|normal,dryness,"centella, hyaluronic acid",yes,no,no,AM/PM,,8.12,skincare_products_5000.csv,P01639,synthetic
PRD0001141,Bioderma,Bioderma Hydra Ceramides Moisturizer,moisturizer,combination-sensitive,aging|dehydration|dryness,"ceramides, squalane",yes,yes,no,Weekly,,26.01,skincare_products_5000.csv,P03861,synthetic
PRD0001142,Bioderma,Bioderma Hydra Cholesterol Moisturizer,moisturizer,combination-sensitive|normal|oily,dryness|redness,"cholesterol, panthenol, ceramides",yes,yes,no,AM,,16.67,skincare_products_5000.csv,P04196,synthetic
PRD0001143,Bioderma,Bioderma Hydra Glycerin Cleanser,cleanser,combination|combination-sensitive|dry,acne|aging|redness,"glycerin, ceramides, betaine",yes,yes,no,AM,,25.62,skincare_products_5000.csv,P04001,synthetic
PRD0001144,Bioderma,Bioderma Hydra Green Tea Mask,mask,combination,barrier repair|oiliness|redness,"green tea, hyaluronic acid, clay",yes,no,no,AM/PM,,22.42,skincare_products_5000.csv,P03441,synthetic
PRD0001145,Bioderma,Bioderma Hydra Hyaluronic Acid Serum,serum,combination,dehydration,"hyaluronic acid, azelaic acid, niacinamide",no,yes,no,AM/PM,,29.62,skincare_products_5000.csv,P03273,synthetic
PRD0001146,Bioderma,Bioderma Hydra Hyaluronic Acid Serum,serum,dry|oily|sensitive,dryness|sensitivity,"hyaluronic acid, vitamin c",no,yes,no,AM/PM,,44.23,skincare_products_5000.csv,P03145,synthetic
PRD0001147,Bioderma,Bioderma Hydra Hyaluronic Acid Serum,serum,normal|sensitive,dryness|oiliness,"hyaluronic acid, azelaic acid",yes,yes,no,Weekly,,12.42,skincare_products_5000.csv,P00105,synthetic
PRD0001148,Bioderma,Bioderma Hydra Niacinamide Serum,serum,combination-sensitive|oily,aging,niacinamide,no,yes,no,Weekly,,37.7,skincare_products_5000.csv,P01923,synthetic
PRD0001149,Bioderma,Bioderma Hydra Niacinamide Serum,serum,combination|combination-sensitive|dry,dark spots|dehydration|redness,"niacinamide, peptides, retinol",yes,yes,no,PM,,37.81,skincare_products_5000.csv,P04633,synthetic
PRD0001150,Bioderma,Bioderma Hydra Niacinamide Serum,serum,normal,aging|dehydration|redness,"niacinamide, centella, vitamin c",no,yes,no,PM,,9.85,skincare_products_5000.csv,P00681,synthetic
PRD0001151,Bioderma,Bioderma Hydra Octocrylene SPF 50,sunscreen,combination|combination-sensitive,acne|redness,octocrylene,yes,yes,no,AM,50.0,25.0,skincare_products_5000.csv,P00599,synthetic
PRD0001152,Bioderma,Bioderma Hydra Panthenol Toner,toner,combination-sensitive,oiliness,panthenol,no,no,no,PM,,20.91,skincare_products_5000.csv,P01552,synthetic
PRD0001153,Bioderma,Bioderma Hydra Panthenol Toner,toner,combination-sensitive|normal,acne,panthenol,yes,no,no,Weekly,,12.35,skincare_products_5000.csv,P04151,synthetic
PRD0001154,Bioderma,Bioderma Hydra Retinol Treatment,treatment,combination-sensitive|dry|sensitive,barrier repair|dehydration|sensitivity,"retinol, benzoyl peroxide, sulfur",no,yes,no,Weekly,,17.37,skincare_products_5000.csv,P00544,synthetic
PRD0001155,Bioderma,Bioderma Hydra Salicylic Acid Cleanser,cleanser,combination,redness,salicylic acid,yes,yes,no,PM,,10.18,skincare_products_5000.csv,P02104,synthetic
PRD0001156,Bioderma,Bioderma Hydra Squalane Moisturizer,moisturizer,combination|combination-sensitive|normal,dehydration,"squalane, panthenol, urea",yes,yes,no,PM,,33.06,skincare_products_5000.csv,P01913,synthetic
PRD0001157,Bioderma,Bioderma Hydra Titanium Dioxide SPF 50,sunscreen,normal|oily,acne,"titanium dioxide, octocrylene, avobenzone",yes,yes,no,AM,50.0,24.5,skincare_products_5000.csv,P00732,synthetic
PRD0001158,Bioderma,Bioderma Hydra Urea Moisturizer,moisturizer,combination|dry|normal,acne|dehydration|redness,"urea, squalane, panthenol",no,yes,no,AM/PM,,16.92,skincare_products_5000.csv,P03386,synthetic
PRD0001159,Bioderma,Bioderma Hydra Urea Moisturizer,moisturizer,dry|oily|sensitive,aging|barrier repair|oiliness,urea,yes,no,no,Weekly,,13.74,skincare_products_5000.csv,P04620,synthetic
PRD0001160,Bioderma,Bioderma Hydra Vitamin C Serum,serum,combination-sensitive|oily|sensitive,aging|oiliness,"vitamin c, peptides, azelaic acid",yes,yes,no,Weekly,,41.54,skincare_products_5000.csv,P01943,synthetic
PRD0001161,Bioderma,Bioderma Pure Benzoyl Peroxide Treatment,treatment,combination|normal|sensitive,barrier repair|oiliness,benzoyl peroxide,no,no,no,AM/PM,,22.27,skincare_products_5000.csv,P04234,synthetic
PRD0001162,Bioderma,Bioderma Pure Beta-Glucan Toner,toner,combination-sensitive|dry,redness,beta-glucan,yes,no,no,PM,,14.96,skincare_products_5000.csv,P00309,synthetic
PRD0001163,Bioderma,Bioderma Pure Beta-Glucan Toner,toner,normal,acne|dryness,"beta-glucan, glycerin",no,no,no,PM,,10.37,skincare_products_5000.csv,P02499,synthetic
PRD0001164,Bioderma,Bioderma Pure Centella Cleanser,cleanser,combination|normal|sensitive,acne|barrier repair|dark spots,centella,yes,yes,no,AM/PM,,15.54,skincare_products_5000.csv,P00391,synthetic
PRD0001165,Bioderma,Bioderma Pure Centella Mask,mask,sensitive,aging|dehydration,centella,no,no,no,AM,,25.03,skincare_products_5000.csv,P04807,synthetic
PRD0001166,Bioderma,Bioderma Pure Ceramides Cleanser,cleanser,combination-sensitive,dehydration|redness,ceramides,yes,yes,no,Weekly,,14.93,skincare_products_5000.csv,P04832,synthetic
PRD0001167,Bioderma,Bioderma Pure Ceramides Cleanser,cleanser,dry|oily,acne|dark spots|dehydration,"ceramides, salicylic acid, niacinamide",yes,yes,no,Weekly,,20.67,skincare_products_5000.csv,P02891,synthetic
PRD0001168,Bioderma,Bioderma Pure Ceramides Moisturizer,moisturizer,dry|oily|sensitive,aging|barrier repair|sensitivity,"ceramides, urea, glycerin",yes,yes,no,AM,,34.63,skincare_products_5000.csv,P01793,synthetic
PRD0001169,Bioderma,Bioderma Pure Cholesterol Moisturizer,moisturizer,normal|oily,oiliness|redness,"cholesterol, ceramides",yes,no,no,Weekly,,26.96,skincare_products_5000.csv,P01100,synthetic
PRD0001170,Bioderma,Bioderma Pure Glycerin Cleanser,cleanser,combination-sensitive|dry,dark spots|dryness|redness,"glycerin, ceramides, centella",yes,yes,no,AM/PM,,11.23,skincare_products_5000.csv,P00437,synthetic
PRD0001171,Bioderma,Bioderma Pure Glycerin Moisturizer,moisturizer,combination|normal,aging,glycerin,yes,yes,no,PM,,11.56,skincare_products_5000.csv,P04149,synthetic
PRD0001172,Bioderma,Bioderma Pure Glycerin Toner,toner,combination|combination-sensitive|normal,dryness|oiliness,"glycerin, niacinamide, panthenol",yes,no,no,Weekly,,18.2,skincare_products_5000.csv,P04732,synthetic
PRD0001173,Bioderma,Bioderma Pure Niacinamide Serum,serum,combination-sensitive,barrier repair|dark spots|oiliness,"niacinamide, hyaluronic acid",yes,yes,no,PM,,38.91,skincare_products_5000.csv,P01682,synthetic
PRD0001174,Bioderma,Bioderma Pure Niacinamide Serum,serum,combination-sensitive|dry|normal,acne|dark spots|redness,niacinamide,yes,yes,no,Weekly,,38.83,skincare_products_5000.csv,P02496,synthetic
PRD0001175,Bioderma,Bioderma Pure Oat Extract Mask,mask,dry|normal|oily,dehydration,"oat extract, sulfur, clay",no,no,no,PM,,26.47,skincare_products_5000.csv,P04238,synthetic
PRD0001176,Bioderma,Bioderma Pure Retinol Treatment,treatment,combination,aging,"retinol, adapalene, sulfur",yes,no,no,AM/PM,,15.05,skincare_products_5000.csv,P00721,synthetic
PRD0001177,Bioderma,Bioderma Pure Salicylic Acid Cleanser,cleanser,combination,aging|oiliness|redness,"salicylic acid, ceramides, glycerin",yes,yes,no,AM/PM,,24.95,skincare_products_5000.csv,P03080,synthetic
PRD0001178,Bioderma,Bioderma Pure Salicylic Acid Cleanser,cleanser,combination,dark spots|redness,"salicylic acid, niacinamide",no,yes,no,AM/PM,,9.24,skincare_products_5000.csv,P04409,synthetic
PRD0001179,Bioderma,Bioderma Pure Salicylic Acid Cleanser,cleanser,dry|normal|oily,aging|barrier repair,"salicylic acid, niacinamide, glycerin",yes,yes,no,AM,,20.53,skincare_products_5000.csv,P04484,synthetic
PRD0001180,Bioderma,Bioderma Pure Salicylic Acid Treatment,treatment,oily|sensitive,barrier repair,"salicylic acid, azelaic acid, adapalene",yes,no,yes,PM,,23.74,skincare_products_5000.csv,P04194,synthetic
PRD0001181,Bioderma,Bioderma Pure Sulfur Treatment,treatment,combination|combination-sensitive,dehydration|sensitivity,sulfur,yes,yes,no,PM,,10.63,skincare_products_5000.csv,P04578,synthetic
PRD0001182,Bioderma,Bioderma Pure Sulfur Treatment,treatment,combination|dry|sensitive,dehydration,sulfur,yes,no,no,PM,,31.25,skincare_products_5000.csv,P04678,synthetic
PRD0001183,Bioderma,Bioderma Pure Titanium Dioxide SPF 50,sunscreen,combination-sensitive|sensitive,aging|oiliness|redness,"titanium dioxide, avobenzone",yes,yes,no,AM,30.0,18.84,skincare_products_5000.csv,P02313,synthetic
PRD0001184,Bioderma,Bioderma Pure Vitamin C Serum,serum,combination|oily,oiliness,"vitamin c, azelaic acid",no,yes,no,AM/PM,,17.62,skincare_products_5000.csv,P03696,synthetic
PRD0001185,Bioderma,Bioderma Pure Zinc Oxide SPF 50,sunscreen,combination-sensitive|normal|sensitive,dehydration|oiliness|redness,zinc oxide,no,yes,no,AM,50.0,21.56,skincare_products_5000.csv,P01984,synthetic
PRD0001186,Bioderma,Bioderma Repair Azelaic Acid Serum,serum,combination|dry|normal,aging|oiliness,azelaic acid,no,yes,no,AM,,25.36,skincare_products_5000.csv,P04971,synthetic
PRD0001187,Bioderma,Bioderma Repair Azelaic Acid Serum,serum,combination|dry|sensitive,dryness,azelaic acid,yes,yes,no,AM/PM,,32.79,skincare_products_5000.csv,P03622,synthetic
PRD0001188,Bioderma,Bioderma Repair Benzoyl Peroxide Treatment,treatment,combination|dry|normal,barrier repair|redness,"benzoyl peroxide, azelaic acid, adapalene",yes,no,no,AM/PM,,28.26,skincare_products_5000.csv,P02852,synthetic
PRD0001189,Bioderma,Bioderma Repair Benzoyl Peroxide Treatment,treatment,combination|normal|sensitive,sensitivity,"benzoyl peroxide, salicylic acid, adapalene",yes,yes,yes,AM/PM,,19.98,skincare_products_5000.csv,P01346,synthetic
PRD0001190,Bioderma,Bioderma Repair Beta-Glucan Toner,toner,normal,acne|aging|barrier repair,beta-glucan,no,no,no,AM/PM,,11.05,skincare_products_5000.csv,P03266,synthetic
PRD0001191,Bioderma,Bioderma Repair Centella Cleanser,cleanser,combination-sensitive|dry|normal,dark spots|dehydration|redness,"centella, betaine",yes,yes,no,AM,,15.45,skincare_products_5000.csv,P04454,synthetic
PRD0001192,Bioderma,Bioderma Repair Centella Mask,mask,dry,aging|dehydration|redness,"centella, clay",no,no,no,AM/PM,,20.97,skincare_products_5000.csv,P04242,synthetic
PRD0001193,Bioderma,Bioderma Repair Centella Serum,serum,combination|combination-sensitive,aging,"centella, retinol",yes,yes,no,Weekly,,24.22,skincare_products_5000.csv,P00009,synthetic
PRD0001194,Bioderma,Bioderma Repair Centella Serum,serum,dry|normal,aging|dark spots|dryness,"centella, peptides, hyaluronic acid",yes,yes,no,Weekly,,21.12,skincare_products_5000.csv,P04884,synthetic
PRD0001195,Bioderma,Bioderma Repair Centella Toner,toner,combination-sensitive,dark spots|dryness,centella,yes,no,no,AM,,16.96,skincare_products_5000.csv,P00212,synthetic
PRD0001196,Bioderma,Bioderma Repair Clay Mask,mask,combination|oily,acne|redness|sensitivity,"clay, hyaluronic acid",yes,no,no,Weekly,,19.91,skincare_products_5000.csv,P01563,synthetic
PRD0001197,Bioderma,Bioderma Repair Glycerin Cleanser,cleanser,dry,barrier repair|dryness,"glycerin, salicylic acid",yes,yes,no,PM,,14.67,skincare_products_5000.csv,P03955,synthetic
PRD0001198,Bioderma,Bioderma Repair Glycerin Moisturizer,moisturizer,combination|normal|sensitive,dehydration|oiliness|redness,glycerin,yes,yes,no,PM,,11.47,skincare_products_5000.csv,P04573,synthetic
PRD0001199,Bioderma,Bioderma Repair Green Tea Mask,mask,combination-sensitive,acne|redness,"green tea, oat extract",yes,no,no,PM,,21.28,skincare_products_5000.csv,P01872,synthetic
PRD0001200,Bioderma,Bioderma Repair Hyaluronic Acid Serum,serum,combination-sensitive|sensitive,redness,hyaluronic acid,yes,yes,no,AM,,44.94,skincare_products_5000.csv,P00677,synthetic
PRD0001201,Bioderma,Bioderma Repair Hyaluronic Acid Serum,serum,dry,aging|redness,hyaluronic acid,yes,yes,no,AM/PM,,12.18,skincare_products_5000.csv,P03988,synthetic
PRD0001202,Bioderma,Bioderma Repair Niacinamide Cleanser,cleanser,combination|sensitive,dark spots|dehydration,niacinamide,yes,yes,no,AM,,14.32,skincare_products_5000.csv,P02203,synthetic
PRD0001203,Bioderma,Bioderma Repair Niacinamide Cleanser,cleanser,normal,acne,"niacinamide, betaine, salicylic acid",yes,yes,no,AM,,12.78,skincare_products_5000.csv,P04801,synthetic
PRD0001204,Bioderma,Bioderma Repair Niacinamide Cleanser,cleanser,normal,aging|dehydration,"niacinamide, ceramides, centella",no,yes,no,AM,,9.17,skincare_products_5000.csv,P00902,synthetic
PRD0001205,Bioderma,Bioderma Repair Niacinamide Serum,serum,combination-sensitive,barrier repair|redness,"niacinamide, retinol",yes,no,no,PM,,39.83,skincare_products_5000.csv,P04357,synthetic
PRD0001206,Bioderma,Bioderma Repair Niacinamide Serum,serum,combination-sensitive|normal,acne,"niacinamide, peptides",no,yes,no,AM,,37.48,skincare_products_5000.csv,P04246,synthetic
PRD0001207,Bioderma,Bioderma Repair Niacinamide Serum,serum,sensitive,acne,"niacinamide, centella, vitamin c",yes,yes,no,PM,,39.32,skincare_products_5000.csv,P02334,synthetic
PRD0001208,Bioderma,Bioderma Repair Retinol Serum,serum,combination|normal,acne|oiliness|redness,"retinol, peptides, niacinamide",no,no,no,AM/PM,,41.58,skincare_products_5000.csv,P01801,synthetic
PRD0001209,Bioderma,Bioderma Repair Salicylic Acid Cleanser,cleanser,combination|oily|sensitive,aging|dark spots,"salicylic acid, niacinamide",no,no,no,AM,,24.34,skincare_products_5000.csv,P00382,synthetic
PRD0001210,Bioderma,Bioderma Repair Salicylic Acid Cleanser,cleanser,oily|sensitive,dryness|oiliness,salicylic acid,yes,yes,no,PM,,23.39,skincare_products_5000.csv,P04562,synthetic
PRD0001211,Bioderma,Bioderma Repair Sulfur Treatment,treatment,dry|normal,aging|barrier repair|redness,sulfur,yes,yes,no,AM,,28.58,skincare_products_5000.csv,P03340,synthetic
PRD0001212,Bioderma,Bioderma Repair Titanium Dioxide SPF 50,sunscreen,dry|oily|sensitive,acne,titanium dioxide,yes,yes,no,AM,50.0,21.9,skincare_products_5000.csv,P01860,synthetic
PRD0001213,Bioderma,Bioderma Repair Urea Moisturizer,moisturizer,combination,aging|dark spots,"urea, cholesterol",yes,no,no,AM/PM,,14.88,skincare_products_5000.csv,P03259,synthetic
PRD0001214,Bioderma,Bioderma Repair Urea Moisturizer,moisturizer,oily,redness|sensitivity,urea,no,yes,no,Weekly,,34.55,skincare_products_5000.csv,P01310,synthetic
PRD0001215,Bioderma,Bioderma Repair Vitamin C Serum,serum,combination-sensitive|dry,acne|barrier repair,vitamin c,yes,no,no,AM/PM,,12.96,skincare_products_5000.csv,P01660,synthetic
PRD0001216,Bioderma,Bioderma Repair Vitamin C Serum,serum,combination-sensitive|normal|oily,acne|aging|oiliness,"vitamin c, peptides",yes,yes,no,AM,,12.87,skincare_products_5000.csv,P04203,synthetic
PRD0001217,COSRX,COSRX Advanced Adapalene Treatment,treatment,combination-sensitive|dry,acne|dryness|sensitivity,"adapalene, sulfur, salicylic acid",no,yes,no,AM,,31.71,skincare_products_5000.csv,P00331,synthetic
PRD0001218,COSRX,COSRX Advanced Azelaic Acid Serum,serum,combination|normal,barrier repair,"azelaic acid, hyaluronic acid",no,no,no,AM,,22.57,skincare_products_5000.csv,P00204,synthetic
PRD0001219,COSRX,COSRX Advanced Azelaic Acid Treatment,treatment,combination,sensitivity,"azelaic acid, sulfur, adapalene",yes,yes,yes,PM,,32.54,skincare_products_5000.csv,P01562,synthetic
PRD0001220,COSRX,COSRX Advanced Centella Cleanser,cleanser,dry,acne,"centella, betaine, ceramides",yes,yes,no,AM/PM,,23.37,skincare_products_5000.csv,P04644,synthetic
PRD0001221,COSRX,COSRX Advanced Centella Cleanser,cleanser,dry|normal|sensitive,dehydration|oiliness,"centella, ceramides",no,yes,no,PM,,15.93,skincare_products_5000.csv,P02065,synthetic
PRD0001222,COSRX,COSRX Advanced Ceramides Cleanser,cleanser,dry|oily,aging|dryness|oiliness,"ceramides, glycerin, salicylic acid",yes,yes,no,AM/PM,,11.11,skincare_products_5000.csv,P00785,synthetic
PRD0001223,COSRX,COSRX Advanced Ceramides Moisturizer,moisturizer,normal,barrier repair,ceramides,yes,yes,no,PM,,25.63,skincare_products_5000.csv,P02412,synthetic
PRD0001224,COSRX,COSRX Advanced Cholesterol Moisturizer,moisturizer,normal|oily,barrier repair|dark spots,"cholesterol, ceramides",yes,yes,no,PM,,25.73,skincare_products_5000.csv,P00570,synthetic
PRD0001225,COSRX,COSRX Advanced Glycerin Cleanser,cleanser,dry,dark spots|oiliness|sensitivity,"glycerin, betaine",yes,yes,no,AM,,24.87,skincare_products_5000.csv,P00275,synthetic
PRD0001226,COSRX,COSRX Advanced Oat Extract Mask,mask,dry|normal|sensitive,dark spots|dryness|sensitivity,oat extract,no,no,no,AM,,23.68,skincare_products_5000.csv,P01849,synthetic
PRD0001227,COSRX,COSRX Advanced Panthenol Moisturizer,moisturizer,combination-sensitive|sensitive,sensitivity,"panthenol, urea",yes,yes,no,PM,,12.08,skincare_products_5000.csv,P00753,synthetic
PRD0001228,COSRX,COSRX Advanced Peptides Serum,serum,normal|sensitive,aging,"peptides, vitamin c, azelaic acid",no,yes,no,Weekly,,17.44,skincare_products_5000.csv,P01034,synthetic
PRD0001229,COSRX,COSRX Advanced Pha Toner,toner,combination|combination-sensitive,oiliness,"pha, niacinamide",yes,no,no,Weekly,,21.48,skincare_products_5000.csv,P00066,synthetic
PRD0001230,COSRX,COSRX Advanced Salicylic Acid Cleanser,cleanser,oily,acne|aging,"salicylic acid, glycerin",yes,yes,no,PM,,17.01,skincare_products_5000.csv,P00159,synthetic
PRD0001231,COSRX,COSRX Advanced Urea Moisturizer,moisturizer,combination|combination-sensitive,acne|aging|dehydration,"urea, glycerin, cholesterol",no,yes,no,Weekly,,17.03,skincare_products_5000.csv,P03755,synthetic
PRD0001232,COSRX,COSRX Balance Azelaic Acid Treatment,treatment,combination-sensitive|oily,oiliness|sensitivity,"azelaic acid, adapalene, retinol",yes,yes,yes,AM/PM,,31.32,skincare_products_5000.csv,P03190,synthetic
PRD0001233,COSRX,COSRX Balance Benzoyl Peroxide Treatment,treatment,combination-sensitive|normal|oily,dehydration,benzoyl peroxide,no,yes,no,Weekly,,26.78,skincare_products_5000.csv,P03958,synthetic
PRD0001234,COSRX,COSRX Balance Beta-Glucan Toner,toner,combination,dryness|oiliness|sensitivity,"beta-glucan, glycerin",yes,no,no,AM,,10.1,skincare_products_5000.csv,P01581,synthetic
PRD0001235,COSRX,COSRX Balance Centella Cleanser,cleanser,combination|combination-sensitive|sensitive,acne,"centella, salicylic acid, betaine",yes,yes,no,PM,,19.11,skincare_products_5000.csv,P01803,synthetic
PRD0001236,COSRX,COSRX Balance Ceramides Cleanser,cleanser,combination-sensitive|normal|sensitive,acne|aging|dark spots,"ceramides, glycerin",yes,yes,no,Weekly,,20.95,skincare_products_5000.csv,P04121,synthetic
PRD0001237,COSRX,COSRX Balance Glycerin Moisturizer,moisturizer,combination-sensitive|oily|sensitive,acne|barrier repair,glycerin,no,yes,no,AM,,24.35,skincare_products_5000.csv,P03339,synthetic
PRD0001238,COSRX,COSRX Balance Glycerin Moisturizer,moisturizer,dry|sensitive,dehydration|dryness|sensitivity,glycerin,yes,yes,no,Weekly,,12.41,skincare_products_5000.csv,P02430,synthetic
PRD0001239,COSRX,COSRX Balance Oat Extract Mask,mask,combination-sensitive|normal|sensitive,aging,oat extract,no,no,no,AM,,16.94,skincare_products_5000.csv,P04772,synthetic
PRD0001240,COSRX,COSRX Balance Panthenol Moisturizer,moisturizer,combination-sensitive|normal,barrier repair|dark spots,"panthenol, squalane, ceramides",yes,no,no,AM/PM,,25.81,skincare_products_5000.csv,P03597,synthetic
PRD0001241,COSRX,COSRX Balance Panthenol Moisturizer,moisturizer,dry,dryness|oiliness,panthenol,yes,no,no,PM,,20.85,skincare_products_5000.csv,P01088,synthetic
PRD0001242,COSRX,COSRX Balance Panthenol Toner,toner,combination-sensitive|sensitive,sensitivity,"panthenol, beta-glucan",no,no,no,AM/PM,,21.3,skincare_products_5000.csv,P03845,synthetic
PRD0001243,COSRX,COSRX Balance Salicylic Acid Cleanser,cleanser,combination-sensitive|sensitive,aging|barrier repair|dehydration,"salicylic acid, glycerin, niacinamide",yes,yes,no,AM,,11.8,skincare_products_5000.csv,P02924,synthetic
PRD0001244,COSRX,COSRX Balance Squalane Moisturizer,moisturizer,dry,barrier repair|sensitivity,squalane,yes,yes,no,Weekly,,34.79,skincare_products_5000.csv,P01681,synthetic
PRD0001245,COSRX,COSRX Balance Vitamin C Serum,serum,combination-sensitive,oiliness|redness,"vitamin c, niacinamide, azelaic acid",yes,yes,no,PM,,42.54,skincare_products_5000.csv,P02397,synthetic
PRD0001246,COSRX,COSRX Balance Vitamin E SPF 50,sunscreen,combination|dry,dehydration,"vitamin e, avobenzone, octocrylene",yes,yes,no,AM,50.0,23.41,skincare_products_5000.csv,P03218,synthetic
PRD0001247,COSRX,COSRX Balance Zinc Oxide SPF 50,sunscreen,combination|dry,dryness|oiliness,zinc oxide,yes,yes,no,AM,50.0,28.82,skincare_products_5000.csv,P04667,synthetic
PRD0001248,COSRX,COSRX Barrier Azelaic Acid Serum,serum,combination|oily|sensitive,barrier repair|redness,"azelaic acid, retinol",no,no,no,PM,,41.48,skincare_products_5000.csv,P01759,synthetic
PRD0001249,COSRX,COSRX Barrier Azelaic Acid Treatment,treatment,combination,acne|dark spots,azelaic acid,yes,yes,no,PM,,33.31,skincare_products_5000.csv,P04328,synthetic
PRD0001250,COSRX,COSRX Barrier Betaine Cleanser,cleanser,combination|combination-sensitive|normal,dehydration|oiliness|sensitivity,betaine,yes,no,no,PM,,12.69,skincare_products_5000.csv,P00689,synthetic
PRD0001251,COSRX,COSRX Barrier Centella Toner,toner,normal,dark spots|sensitivity,"centella, beta-glucan",yes,no,no,PM,,15.74,skincare_products_5000.csv,P03768,synthetic
PRD0001252,COSRX,COSRX Barrier Ceramides Cleanser,cleanser,combination|dry|oily,acne|dark spots|dryness,"ceramides, salicylic acid, betaine",yes,yes,no,Weekly,,14.02,skincare_products_5000.csv,P02625,synthetic
PRD0001253,COSRX,COSRX Barrier Ceramides Cleanser,cleanser,sensitive,oiliness|redness,"ceramides, betaine, salicylic acid",no,yes,no,Weekly,,15.82,skincare_products_5000.csv,P00679,synthetic
PRD0001254,COSRX,COSRX Barrier Ceramides Moisturizer,moisturizer,combination-sensitive,dehydration|dryness|oiliness,"ceramides, glycerin",yes,yes,no,AM/PM,,27.09,skincare_products_5000.csv,P03814,synthetic
PRD0001255,COSRX,COSRX Barrier Ceramides Moisturizer,moisturizer,sensitive,acne|redness|sensitivity,"ceramides, cholesterol, panthenol",no,yes,no,AM,,12.07,skincare_products_5000.csv,P03804,synthetic
PRD0001256,COSRX,COSRX Barrier Clay Mask,mask,combination|normal,sensitivity,"clay, hyaluronic acid",yes,no,no,AM,,16.9,skincare_products_5000.csv,P02527,synthetic
PRD0001257,COSRX,COSRX Barrier Glycerin Moisturizer,moisturizer,combination|sensitive,redness|sensitivity,glycerin,yes,yes,no,Weekly,,29.63,skincare_products_5000.csv,P01817,synthetic
PRD0001258,COSRX,COSRX Barrier Green Tea Mask,mask,combination-sensitive,dark spots,"green tea, oat extract, hyaluronic acid",yes,no,no,AM/PM,,11.47,skincare_products_5000.csv,P00765,synthetic
PRD0001259,COSRX,COSRX Barrier Niacinamide Cleanser,cleanser,combination|combination-sensitive,barrier repair|dehydration|oiliness,"niacinamide, ceramides, centella",yes,yes,no,AM/PM,,12.53,skincare_products_5000.csv,P04792,synthetic
PRD0001260,COSRX,COSRX Barrier Niacinamide SPF 50,sunscreen,combination|combination-sensitive|dry,barrier repair|dark spots,"niacinamide, octocrylene, vitamin e",yes,yes,no,AM,50.0,27.87,skincare_products_5000.csv,P04480,synthetic
PRD0001261,COSRX,COSRX Barrier Octocrylene SPF 50,sunscreen,normal|oily,acne,"octocrylene, avobenzone",yes,yes,no,AM,50.0,22.25,skincare_products_5000.csv,P04099,synthetic
PRD0001262,COSRX,COSRX Barrier Panthenol Toner,toner,combination|normal|oily,acne|dryness,"panthenol, pha",yes,no,no,PM,,23.19,skincare_products_5000.csv,P02047,synthetic
PRD0001263,COSRX,COSRX Barrier Retinol Serum,serum,oily,dehydration|dryness,"retinol, peptides, azelaic acid",yes,yes,no,AM/PM,,25.27,skincare_products_5000.csv,P04368,synthetic
PRD0001264,COSRX,COSRX Barrier Salicylic Acid Treatment,treatment,combination|normal,aging,salicylic acid,yes,yes,no,AM,,28.33,skincare_products_5000.csv,P02360,synthetic
PRD0001265,COSRX,COSRX Barrier Sulfur Mask,mask,combination,redness,"sulfur, green tea, oat extract",yes,no,no,AM/PM,,13.36,skincare_products_5000.csv,P02509,synthetic
PRD0001266,COSRX,COSRX Barrier Titanium Dioxide SPF 50,sunscreen,combination-sensitive|oily|sensitive,dark spots|dryness,"titanium dioxide, niacinamide, avobenzone",no,yes,no,AM,50.0,21.67,skincare_products_5000.csv,P04444,synthetic
PRD0001267,COSRX,COSRX Barrier Vitamin E SPF 50,sunscreen,oily,acne|oiliness|sensitivity,vitamin e,no,yes,no,AM,50.0,17.91,skincare_products_5000.csv,P03473,synthetic
PRD0001268,COSRX,COSRX Barrier Zinc Oxide SPF 50,sunscreen,combination-sensitive,dehydration,zinc oxide,yes,yes,no,AM,50.0,25.15,skincare_products_5000.csv,P03424,synthetic
PRD0001269,COSRX,COSRX Calm Adapalene Treatment,treatment,combination-sensitive|dry|normal,oiliness|redness,adapalene,yes,yes,no,AM,,29.05,skincare_products_5000.csv,P00678,synthetic
PRD0001270,COSRX,COSRX Calm Adapalene Treatment,treatment,combination|dry|normal,aging|oiliness|sensitivity,adapalene,yes,yes,yes,AM,,26.71,skincare_products_5000.csv,P04226,synthetic
PRD0001271,COSRX,COSRX Calm Adapalene Treatment,treatment,normal,oiliness,adapalene,no,yes,yes,AM,,18.47,skincare_products_5000.csv,P04438,synthetic
PRD0001272,COSRX,COSRX Calm Adapalene Treatment,treatment,sensitive,aging|barrier repair|dehydration,adapalene,yes,yes,no,PM,,34.79,skincare_products_5000.csv,P00812,synthetic
PRD0001273,COSRX,COSRX Calm Azelaic Acid Serum,serum,combination-sensitive|sensitive,redness|sensitivity,"azelaic acid, retinol",yes,no,no,AM,,10.16,skincare_products_5000.csv,P01883,synthetic
PRD0001274,COSRX,COSRX Calm Azelaic Acid Treatment,treatment,combination|sensitive,dark spots|sensitivity,azelaic acid,yes,yes,no,AM,,19.68,skincare_products_5000.csv,P00959,synthetic
PRD0001275,COSRX,COSRX Calm Centella Cleanser,cleanser,combination|combination-sensitive|normal,oiliness,"centella, betaine, salicylic acid",yes,yes,no,AM/PM,,12.46,skincare_products_5000.csv,P04181,synthetic
PRD0001276,COSRX,COSRX Calm Centella Cleanser,cleanser,normal,acne,"centella, glycerin",yes,yes,no,AM/PM,,17.74,skincare_products_5000.csv,P03796,synthetic
PRD0001277,COSRX,COSRX Calm Centella Cleanser,cleanser,normal|sensitive,barrier repair,"centella, salicylic acid",yes,no,no,AM/PM,,12.59,skincare_products_5000.csv,P01651,synthetic
PRD0001278,COSRX,COSRX Calm Centella Toner,toner,sensitive,dryness,centella,no,no,no,Weekly,,23.2,skincare_products_5000.csv,P03941,synthetic
PRD0001279,COSRX,COSRX Calm Glycerin Moisturizer,moisturizer,combination|dry|oily,acne,glycerin,yes,no,no,Weekly,,15.09,skincare_products_5000.csv,P02755,synthetic
PRD0001280,COSRX,COSRX Calm Hyaluronic Acid Serum,serum,combination,dark spots|redness|sensitivity,hyaluronic acid,yes,yes,no,Weekly,,19.71,skincare_products_5000.csv,P01116,synthetic
PRD0001281,COSRX,COSRX Calm Panthenol Moisturizer,moisturizer,dry|normal,dryness,"panthenol, urea, cholesterol",no,yes,no,Weekly,,19.36,skincare_products_5000.csv,P03564,synthetic
PRD0001282,COSRX,COSRX Calm Panthenol Toner,toner,combination,barrier repair|dehydration,"panthenol, beta-glucan",yes,no,no,Weekly,,8.84,skincare_products_5000.csv,P04407,synthetic
PRD0001283,COSRX,COSRX Calm Panthenol Toner,toner,normal|oily|sensitive,barrier repair|redness,"panthenol, niacinamide, glycerin",yes,no,no,Weekly,,23.9,skincare_products_5000.csv,P04928,synthetic
PRD0001284,COSRX,COSRX Calm Peptides Serum,serum,combination,acne|sensitivity,"peptides, centella, vitamin c",yes,yes,no,PM,,32.9,skincare_products_5000.csv,P01454,synthetic
PRD0001285,COSRX,COSRX Calm Peptides Serum,serum,combination,aging|dryness,"peptides, vitamin c",yes,yes,no,Weekly,,27.09,skincare_products_5000.csv,P00866,synthetic
PRD0001286,COSRX,COSRX Calm Retinol Treatment,treatment,combination|combination-sensitive|oily,barrier repair|sensitivity,"retinol, salicylic acid, benzoyl peroxide",yes,yes,no,AM/PM,,12.05,skincare_products_5000.csv,P04818,synthetic
PRD0001287,COSRX,COSRX Calm Squalane Moisturizer,moisturizer,normal,acne|aging|dehydration,squalane,yes,yes,no,AM,,17.35,skincare_products_5000.csv,P04021,synthetic
PRD0001288,COSRX,COSRX Calm Sulfur Treatment,treatment,combination|dry,acne|dark spots|dehydration,sulfur,yes,yes,no,AM,,34.62,skincare_products_5000.csv,P04618,synthetic
PRD0001289,COSRX,COSRX Calm Sulfur Treatment,treatment,oily,acne,"sulfur, adapalene, benzoyl peroxide",yes,no,yes,AM/PM,,26.62,skincare_products_5000.csv,P00717,synthetic
PRD0001290,COSRX,COSRX Calm Urea Moisturizer,moisturizer,combination|sensitive,acne|barrier repair,"urea, panthenol",no,yes,no,Weekly,,16.43,skincare_products_5000.csv,P04037,synthetic
PRD0001291,COSRX,COSRX Calm Zinc Oxide SPF 50,sunscreen,combination|combination-sensitive|oily,dehydration|oiliness,"zinc oxide, avobenzone",yes,yes,no,AM,50.0,16.19,skincare_products_5000.csv,P01015,synthetic
PRD0001292,COSRX,COSRX Clear Avobenzone SPF 50,sunscreen,oily,aging,"avobenzone, niacinamide",yes,yes,no,AM,30.0,29.68,skincare_products_5000.csv,P03581,synthetic
PRD0001293,COSRX,COSRX Clear Azelaic Acid Serum,serum,combination-sensitive|normal|sensitive,oiliness|redness|sensitivity,"azelaic acid, hyaluronic acid, vitamin c",yes,yes,no,Weekly,,31.34,skincare_products_5000.csv,P00431,synthetic
PRD0001294,COSRX,COSRX Clear Benzoyl Peroxide Treatment,treatment,combination-sensitive|dry|sensitive,aging|dehydration|oiliness,"benzoyl peroxide, sulfur, azelaic acid",yes,no,no,AM/PM,,17.74,skincare_products_5000.csv,P00852,synthetic
PRD0001295,COSRX,COSRX Clear Beta-Glucan Toner,toner,combination-sensitive|dry|sensitive,aging|dryness,"beta-glucan, niacinamide",yes,no,no,AM/PM,,8.75,skincare_products_5000.csv,P02939,synthetic
PRD0001296,COSRX,COSRX Clear Centella Cleanser,cleanser,combination-sensitive|normal,acne,"centella, glycerin",yes,yes,no,AM,,23.26,skincare_products_5000.csv,P00176,synthetic
PRD0001297,COSRX,COSRX Clear Centella Cleanser,cleanser,normal,dryness|oiliness|sensitivity,centella,yes,yes,no,Weekly,,11.22,skincare_products_5000.csv,P02148,synthetic
PRD0001298,COSRX,COSRX Clear Centella Cleanser,cleanser,sensitive,barrier repair|oiliness,"centella, betaine",yes,yes,no,PM,,12.25,skincare_products_5000.csv,P01252,synthetic
PRD0001299,COSRX,COSRX Clear Ceramides Moisturizer,moisturizer,combination|normal|sensitive,acne|barrier repair|dehydration,ceramides,yes,yes,no,PM,,19.99,skincare_products_5000.csv,P03456,synthetic
PRD0001300,COSRX,COSRX Clear Glycerin Moisturizer,moisturizer,combination-sensitive|dry|normal,dehydration|redness|sensitivity,"glycerin, cholesterol, squalane",no,yes,no,PM,,31.05,skincare_products_5000.csv,P00922,synthetic
PRD0001301,COSRX,COSRX Clear Green Tea Mask,mask,combination|dry|oily,aging|barrier repair|oiliness,"green tea, centella, sulfur",yes,no,no,AM/PM,,16.35,skincare_products_5000.csv,P00272,synthetic
PRD0001302,COSRX,COSRX Clear Hyaluronic Acid Serum,serum,dry|normal|sensitive,dryness|sensitivity,hyaluronic acid,no,yes,no,AM,,30.96,skincare_products_5000.csv,P00276,synthetic
PRD0001303,COSRX,COSRX Clear Niacinamide SPF 50,sunscreen,combination-sensitive|dry|sensitive,dark spots|redness,"niacinamide, octocrylene, avobenzone",yes,yes,no,AM,50.0,17.22,skincare_products_5000.csv,P02603,synthetic
PRD0001304,COSRX,COSRX Clear Niacinamide Serum,serum,combination-sensitive,acne,"niacinamide, azelaic acid, hyaluronic acid",yes,yes,no,Weekly,,12.58,skincare_products_5000.csv,P01388,synthetic
PRD0001305,COSRX,COSRX Clear Oat Extract Mask,mask,combination,aging|dryness,"oat extract, hyaluronic acid",yes,no,no,Weekly,,26.49,skincare_products_5000.csv,P02230,synthetic
PRD0001306,COSRX,COSRX Clear Oat Extract Mask,mask,combination-sensitive|normal,aging|barrier repair|dehydration,oat extract,yes,no,no,AM/PM,,25.72,skincare_products_5000.csv,P00441,synthetic
PRD0001307,COSRX,COSRX Clear Octocrylene SPF 50,sunscreen,dry|normal|oily,barrier repair|dark spots|sensitivity,octocrylene,no,yes,no,AM,50.0,28.58,skincare_products_5000.csv,P00245,synthetic
PRD0001308,COSRX,COSRX Clear Octocrylene SPF 50,sunscreen,oily,dryness|redness|sensitivity,"octocrylene, vitamin e, niacinamide",no,yes,no,AM,50.0,12.24,skincare_products_5000.csv,P03043,synthetic
PRD0001309,COSRX,COSRX Clear Panthenol Toner,toner,dry|oily,acne,"panthenol, glycerin, pha",no,no,no,Weekly,,12.98,skincare_products_5000.csv,P04556,synthetic
PRD0001310,COSRX,COSRX Clear Retinol Serum,serum,combination,dehydration|dryness|redness,"retinol, azelaic acid, hyaluronic acid",no,yes,no,Weekly,,42.96,skincare_products_5000.csv,P04973,synthetic
PRD0001311,COSRX,COSRX Clear Retinol Treatment,treatment,normal,sensitivity,"retinol, adapalene",yes,yes,no,AM/PM,,32.06,skincare_products_5000.csv,P03851,synthetic
PRD0001312,COSRX,COSRX Clear Salicylic Acid Cleanser,cleanser,combination|combination-sensitive,aging,"salicylic acid, betaine",yes,yes,no,Weekly,,21.32,skincare_products_5000.csv,P01857,synthetic
PRD0001313,COSRX,COSRX Clear Sulfur Treatment,treatment,combination,sensitivity,"sulfur, adapalene, salicylic acid",yes,no,yes,Weekly,,20.0,skincare_products_5000.csv,P04118,synthetic
PRD0001314,COSRX,COSRX Clear Urea Moisturizer,moisturizer,dry|normal|sensitive,barrier repair|oiliness|redness,urea,yes,no,no,Weekly,,12.27,skincare_products_5000.csv,P04626,synthetic
PRD0001315,COSRX,COSRX Clear Urea Moisturizer,moisturizer,dry|oily,dark spots|redness,"urea, panthenol",no,yes,no,AM,,34.33,skincare_products_5000.csv,P04415,synthetic
PRD0001316,COSRX,COSRX Clear Vitamin C Serum,serum,combination-sensitive|oily,dark spots|dryness|sensitivity,"vitamin c, peptides",no,no,no,PM,,24.73,skincare_products_5000.csv,P04852,synthetic
PRD0001317,COSRX,COSRX Clear Vitamin C Serum,serum,combination-sensitive|oily|sensitive,redness,"vitamin c, retinol",yes,yes,no,Weekly,,13.1,skincare_products_5000.csv,P00478,synthetic
PRD0001318,COSRX,COSRX Clear Zinc Oxide SPF 50,sunscreen,combination-sensitive|dry|oily,oiliness,"zinc oxide, vitamin e, avobenzone",yes,yes,no,AM,50.0,26.7,skincare_products_5000.csv,P01196,synthetic
PRD0001319,COSRX,COSRX Daily Beta-Glucan Toner,toner,dry|normal|sensitive,barrier repair|sensitivity,"beta-glucan, pha, panthenol",yes,no,no,AM/PM,,14.08,skincare_products_5000.csv,P03330,synthetic
PRD0001320,COSRX,COSRX Daily Centella Cleanser,cleanser,dry|normal,acne|dark spots,centella,yes,no,no,PM,,21.35,skincare_products_5000.csv,P04499,synthetic
PRD0001321,COSRX,COSRX Daily Ceramides Cleanser,cleanser,combination,aging|barrier repair,"ceramides, betaine",no,yes,no,Weekly,,15.33,skincare_products_5000.csv,P00874,synthetic
PRD0001322,COSRX,COSRX Daily Glycerin Toner,toner,dry,barrier repair|dryness,"glycerin, niacinamide",no,no,no,PM,,17.89,skincare_products_5000.csv,P00653,synthetic
PRD0001323,COSRX,COSRX Daily Niacinamide SPF 50,sunscreen,dry|sensitive,acne|dark spots|dehydration,niacinamide,no,yes,no,AM,50.0,18.04,skincare_products_5000.csv,P01306,synthetic
PRD0001324,COSRX,COSRX Daily Niacinamide Serum,serum,combination|combination-sensitive|dry,aging|dryness,niacinamide,yes,yes,no,PM,,44.03,skincare_products_5000.csv,P03144,synthetic
PRD0001325,COSRX,COSRX Daily Oat Extract Mask,mask,combination-sensitive|normal|oily,dehydration,"oat extract, hyaluronic acid, clay",no,no,no,Weekly,,25.1,skincare_products_5000.csv,P01365,synthetic
PRD0001326,COSRX,COSRX Daily Panthenol Moisturizer,moisturizer,combination,acne|aging|sensitivity,"panthenol, urea, glycerin",yes,yes,no,Weekly,,16.86,skincare_products_5000.csv,P01152,synthetic
PRD0001327,COSRX,COSRX Daily Panthenol Moisturizer,moisturizer,combination|normal,redness,"panthenol, ceramides, urea",yes,yes,no,AM/PM,,10.53,skincare_products_5000.csv,P00569,synthetic
PRD0001328,COSRX,COSRX Daily Retinol Serum,serum,normal|sensitive,acne,"retinol, niacinamide",yes,yes,no,AM/PM,,24.26,skincare_products_5000.csv,P04561,synthetic
PRD0001329,COSRX,COSRX Daily Retinol Serum,serum,oily,dryness|oiliness,retinol,yes,yes,no,AM,,33.09,skincare_products_5000.csv,P01963,synthetic
PRD0001330,COSRX,COSRX Daily Retinol Treatment,treatment,combination-sensitive|sensitive,acne|dehydration,"retinol, sulfur",yes,yes,no,Weekly,,14.43,skincare_products_5000.csv,P02445,synthetic
PRD0001331,COSRX,COSRX Daily Salicylic Acid Cleanser,cleanser,dry,barrier repair|dark spots,"salicylic acid, centella, glycerin",yes,yes,no,AM/PM,,12.73,skincare_products_5000.csv,P04026,synthetic
PRD0001332,COSRX,COSRX Daily Salicylic Acid Treatment,treatment,sensitive,dark spots|dehydration|redness,"salicylic acid, retinol",yes,yes,no,PM,,13.88,skincare_products_5000.csv,P00401,synthetic
PRD0001333,COSRX,COSRX Daily Titanium Dioxide SPF 50,sunscreen,combination-sensitive,acne|dark spots,titanium dioxide,yes,yes,no,AM,50.0,22.26,skincare_products_5000.csv,P00440,synthetic
PRD0001334,COSRX,COSRX Daily Urea Moisturizer,moisturizer,oily,redness,"urea, cholesterol, panthenol",no,yes,no,Weekly,,22.59,skincare_products_5000.csv,P02819,synthetic
PRD0001335,COSRX,COSRX Daily Vitamin E SPF 50,sunscreen,normal,acne,"vitamin e, titanium dioxide",yes,yes,no,AM,30.0,17.63,skincare_products_5000.csv,P02121,synthetic
PRD0001336,COSRX,COSRX Glow Adapalene Treatment,treatment,combination-sensitive|normal|oily,dark spots|oiliness|sensitivity,"adapalene, sulfur, retinol",no,yes,no,AM/PM,,33.22,skincare_products_5000.csv,P00335,synthetic
PRD0001337,COSRX,COSRX Glow Adapalene Treatment,treatment,combination-sensitive|oily|sensitive,aging|dark spots|redness,"adapalene, retinol",yes,no,no,PM,,18.7,skincare_products_5000.csv,P04511,synthetic
PRD0001338,COSRX,COSRX Glow Avobenzone SPF 50,sunscreen,combination-sensitive,acne|aging|dark spots,"avobenzone, octocrylene, titanium dioxide",yes,yes,no,AM,50.0,12.04,skincare_products_5000.csv,P03651,synthetic
PRD0001339,COSRX,COSRX Glow Avobenzone SPF 50,sunscreen,combination|oily,acne|oiliness,"avobenzone, octocrylene",yes,yes,no,AM,50.0,12.92,skincare_products_5000.csv,P00612,synthetic
PRD0001340,COSRX,COSRX Glow Benzoyl Peroxide Treatment,treatment,dry|normal,sensitivity,"benzoyl peroxide, azelaic acid, salicylic acid",yes,yes,no,PM,,13.58,skincare_products_5000.csv,P04615,synthetic
PRD0001341,COSRX,COSRX Glow Centella Cleanser,cleanser,sensitive,acne,centella,yes,yes,no,PM,,22.16,skincare_products_5000.csv,P02396,synthetic
PRD0001342,COSRX,COSRX Glow Ceramides Cleanser,cleanser,combination|dry|sensitive,oiliness|sensitivity,ceramides,yes,yes,no,AM,,25.96,skincare_products_5000.csv,P03987,synthetic
PRD0001343,COSRX,COSRX Glow Ceramides Moisturizer,moisturizer,combination-sensitive|normal|oily,acne|dark spots|oiliness,ceramides,yes,yes,no,AM/PM,,33.62,skincare_products_5000.csv,P00695,synthetic
PRD0001344,COSRX,COSRX Glow Ceramides Moisturizer,moisturizer,combination|combination-sensitive,dehydration|oiliness|redness,ceramides,no,yes,no,AM,,10.05,skincare_products_5000.csv,P03201,synthetic
PRD0001345,COSRX,COSRX Glow Glycerin Cleanser,cleanser,combination|dry|sensitive,dark spots,"glycerin, ceramides",no,yes,no,AM,,21.84,skincare_products_5000.csv,P02461,synthetic
PRD0001346,COSRX,COSRX Glow Hyaluronic Acid Serum,serum,dry|normal|oily,acne|dehydration,hyaluronic acid,yes,yes,no,AM/PM,,26.59,skincare_products_5000.csv,P02433,synthetic
PRD0001347,COSRX,COSRX Glow Niacinamide SPF 50,sunscreen,oily,barrier repair,"niacinamide, octocrylene",yes,yes,no,AM,30.0,29.24,skincare_products_5000.csv,P02975,synthetic
PRD0001348,COSRX,COSRX Glow Niacinamide Serum,serum,oily,dryness|redness,niacinamide,yes,yes,no,PM,,18.42,skincare_products_5000.csv,P02162,synthetic
PRD0001349,COSRX,COSRX Glow Oat Extract Mask,mask,oily,barrier repair|oiliness,"oat extract, clay",yes,no,no,Weekly,,17.18,skincare_products_5000.csv,P00199,synthetic
PRD0001350,COSRX,COSRX Glow Panthenol Moisturizer,moisturizer,dry|normal|sensitive,redness|sensitivity,"panthenol, squalane, ceramides",yes,no,no,AM,,34.97,skincare_products_5000.csv,P03068,synthetic
PRD0001351,COSRX,COSRX Glow Peptides Serum,serum,combination-sensitive|oily|sensitive,dark spots,peptides,yes,no,no,AM,,23.04,skincare_products_5000.csv,P03269,synthetic
PRD0001352,COSRX,COSRX Glow Pha Toner,toner,combination-sensitive|dry,acne|dehydration|dryness,pha,no,no,no,Weekly,,11.18,skincare_products_5000.csv,P03689,synthetic
PRD0001353,COSRX,COSRX Glow Salicylic Acid Cleanser,cleanser,combination-sensitive|oily,barrier repair|oiliness,"salicylic acid, niacinamide, betaine",no,no,no,AM,,19.51,skincare_products_5000.csv,P03398,synthetic
PRD0001354,COSRX,COSRX Glow Salicylic Acid Cleanser,cleanser,dry|normal,oiliness,"salicylic acid, ceramides, niacinamide",yes,no,no,PM,,23.24,skincare_products_5000.csv,P04122,synthetic
PRD0001355,COSRX,COSRX Glow Squalane Moisturizer,moisturizer,combination-sensitive,dark spots,"squalane, panthenol, urea",yes,yes,no,AM/PM,,11.07,skincare_products_5000.csv,P01483,synthetic
PRD0001356,COSRX,COSRX Glow Squalane Moisturizer,moisturizer,combination-sensitive|dry|sensitive,dark spots,squalane,yes,yes,no,AM,,16.88,skincare_products_5000.csv,P02049,synthetic
PRD0001357,COSRX,COSRX Glow Squalane Moisturizer,moisturizer,oily,redness|sensitivity,"squalane, panthenol, glycerin",yes,yes,no,AM/PM,,34.66,skincare_products_5000.csv,P04244,synthetic
PRD0001358,COSRX,COSRX Glow Vitamin C Serum,serum,combination|dry,barrier repair|dehydration|redness,"vitamin c, niacinamide",yes,yes,no,AM/PM,,39.99,skincare_products_5000.csv,P00582,synthetic
PRD0001359,COSRX,COSRX Hydra Avobenzone SPF 50,sunscreen,combination|sensitive,dehydration|oiliness,"avobenzone, titanium dioxide, vitamin e",yes,yes,no,AM,50.0,29.55,skincare_products_5000.csv,P02147,synthetic
PRD0001360,COSRX,COSRX Hydra Benzoyl Peroxide Treatment,treatment,combination|oily,acne|aging|dryness,"benzoyl peroxide, salicylic acid, sulfur",yes,yes,no,AM,,14.88,skincare_products_5000.csv,P04433,synthetic
PRD0001361,COSRX,COSRX Hydra Beta-Glucan Toner,toner,combination|sensitive,dryness|sensitivity,beta-glucan,yes,no,no,AM/PM,,22.77,skincare_products_5000.csv,P02626,synthetic
PRD0001362,COSRX,COSRX Hydra Centella Serum,serum,combination-sensitive|normal,acne|barrier repair|dryness,"centella, niacinamide",yes,yes,no,AM/PM,,22.5,skincare_products_5000.csv,P00792,synthetic
PRD0001363,COSRX,COSRX Hydra Centella Toner,toner,dry|sensitive,acne|barrier repair|dark spots,"centella, panthenol, beta-glucan",yes,no,no,Weekly,,20.07,skincare_products_5000.csv,P02993,synthetic
PRD0001364,COSRX,COSRX Hydra Ceramides Moisturizer,moisturizer,combination|normal|sensitive,barrier repair|dark spots,"ceramides, squalane, cholesterol",yes,no,no,PM,,13.36,skincare_products_5000.csv,P04256,synthetic
PRD0001365,COSRX,COSRX Hydra Hyaluronic Acid Serum,serum,combination-sensitive|dry|sensitive,acne|aging|barrier repair,"hyaluronic acid, centella",no,yes,no,PM,,19.65,skincare_products_5000.csv,P04984,synthetic
PRD0001366,COSRX,COSRX Hydra Niacinamide Cleanser,cleanser,combination-sensitive,aging|dehydration|dryness,"niacinamide, betaine, salicylic acid",yes,yes,no,AM,,19.29,skincare_products_5000.csv,P02508,synthetic
PRD0001367,COSRX,COSRX Hydra Niacinamide Cleanser,cleanser,oily,dehydration|dryness|redness,niacinamide,yes,yes,no,AM/PM,,15.14,skincare_products_5000.csv,P01642,synthetic
PRD0001368,COSRX,COSRX Hydra Oat Extract Mask,mask,combination-sensitive|normal|sensitive,dark spots|dryness|redness,"oat extract, clay, hyaluronic acid",no,no,no,AM/PM,,26.07,skincare_products_5000.csv,P00344,synthetic
PRD0001369,COSRX,COSRX Hydra Octocrylene SPF 50,sunscreen,normal,dark spots|dehydration|redness,"octocrylene, avobenzone, zinc oxide",yes,yes,no,AM,50.0,22.7,skincare_products_5000.csv,P01004,synthetic
PRD0001370,COSRX,COSRX Hydra Retinol Serum,serum,combination-sensitive,acne,"retinol, azelaic acid",yes,yes,no,AM,,10.36,skincare_products_5000.csv,P02916,synthetic
PRD0001371,COSRX,COSRX Hydra Retinol Treatment,treatment,oily,aging|oiliness|sensitivity,"retinol, salicylic acid, azelaic acid",yes,yes,no,PM,,19.44,skincare_products_5000.csv,P01602,synthetic
PRD0001372,COSRX,COSRX Hydra Salicylic Acid Treatment,treatment,dry|normal|sensitive,dehydration|redness,salicylic acid,yes,yes,no,Weekly,,20.96,skincare_products_5000.csv,P04856,synthetic
PRD0001373,COSRX,COSRX Hydra Squalane Moisturizer,moisturizer,dry|oily,acne|aging|redness,"squalane, urea",yes,yes,no,Weekly,,28.97,skincare_products_5000.csv,P02364,synthetic
PRD0001374,COSRX,COSRX Hydra Sulfur Mask,mask,combination|dry,dryness|redness,sulfur,no,no,no,PM,,11.79,skincare_products_5000.csv,P02418,synthetic
PRD0001375,COSRX,COSRX Hydra Sulfur Treatment,treatment,combination,dehydration,"sulfur, salicylic acid",yes,no,no,AM,,26.71,skincare_products_5000.csv,P03011,synthetic
PRD0001376,COSRX,COSRX Hydra Vitamin C Serum,serum,sensitive,aging|dark spots|redness,"vitamin c, peptides, niacinamide",no,no,no,AM,,25.8,skincare_products_5000.csv,P04133,synthetic
PRD0001377,COSRX,COSRX Hydra Vitamin E SPF 50,sunscreen,oily|sensitive,oiliness|sensitivity,"vitamin e, octocrylene",no,yes,no,AM,50.0,10.84,skincare_products_5000.csv,P01273,synthetic
PRD0001378,COSRX,COSRX Hydra Zinc Oxide SPF 50,sunscreen,dry|sensitive,dehydration|redness,zinc oxide,yes,yes,no,AM,30.0,15.67,skincare_products_5000.csv,P03477,synthetic
PRD0001379,COSRX,COSRX Pure Benzoyl Peroxide Treatment,treatment,combination|oily,redness|sensitivity,"benzoyl peroxide, salicylic acid, azelaic acid",no,yes,no,AM,,34.13,skincare_products_5000.csv,P03169,synthetic
PRD0001380,COSRX,COSRX Pure Betaine Cleanser,cleanser,combination|oily|sensitive,acne|barrier repair|redness,betaine,yes,yes,no,AM,,23.18,skincare_products_5000.csv,P04683,synthetic
PRD0001381,COSRX,COSRX Pure Centella Serum,serum,dry|normal|oily,barrier repair|dryness,"centella, retinol, peptides",yes,yes,no,AM,,31.32,skincare_products_5000.csv,P00443,synthetic
PRD0001382,COSRX,COSRX Pure Centella Serum,serum,dry|normal|sensitive,acne|barrier repair|sensitivity,"centella, azelaic acid",yes,yes,no,Weekly,,24.34,skincare_products_5000.csv,P00445,synthetic
PRD0001383,COSRX,COSRX Pure Centella Toner,toner,oily,dehydration,"centella, glycerin, pha",no,no,no,PM,,15.09,skincare_products_5000.csv,P02305,synthetic
PRD0001384,COSRX,COSRX Pure Ceramides Moisturizer,moisturizer,combination,aging|oiliness|redness,ceramides,yes,yes,no,Weekly,,33.1,skincare_products_5000.csv,P04662,synthetic
PRD0001385,COSRX,COSRX Pure Ceramides Moisturizer,moisturizer,combination-sensitive|dry|sensitive,sensitivity,ceramides,yes,yes,no,AM,,10.97,skincare_products_5000.csv,P03852,synthetic
PRD0001386,COSRX,COSRX Pure Cholesterol Moisturizer,moisturizer,combination|dry|normal,barrier repair|redness,cholesterol,yes,yes,no,AM/PM,,10.95,skincare_products_5000.csv,P01352,synthetic
PRD0001387,COSRX,COSRX Pure Cholesterol Moisturizer,moisturizer,sensitive,barrier repair|sensitivity,"cholesterol, urea",no,yes,no,AM,,28.36,skincare_products_5000.csv,P01249,synthetic
PRD0001388,COSRX,COSRX Pure Clay Mask,mask,combination-sensitive|dry,oiliness|sensitivity,clay,yes,no,no,AM,,25.4,skincare_products_5000.csv,P04294,synthetic
PRD0001389,COSRX,COSRX Pure Clay Mask,mask,dry|normal|oily,aging|dryness|oiliness,"clay, oat extract, sulfur",no,no,no,Weekly,,8.07,skincare_products_5000.csv,P04517,synthetic
PRD0001390,COSRX,COSRX Pure Glycerin Cleanser,cleanser,combination-sensitive|oily,barrier repair|dark spots,glycerin,yes,yes,no,AM/PM,,12.13,skincare_products_5000.csv,P03054,synthetic
PRD0001391,COSRX,COSRX Pure Glycerin Cleanser,cleanser,dry|oily,aging|barrier repair,glycerin,yes,yes,no,PM,,25.17,skincare_products_5000.csv,P01556,synthetic
PRD0001392,COSRX,COSRX Pure Glycerin Moisturizer,moisturizer,combination-sensitive,dryness,glycerin,yes,yes,no,AM/PM,,33.39,skincare_products_5000.csv,P01038,synthetic
PRD0001393,COSRX,COSRX Pure Glycerin Moisturizer,moisturizer,combination|dry,aging|dark spots,glycerin,no,yes,no,Weekly,,15.82,skincare_products_5000.csv,P03976,synthetic
PRD0001394,COSRX,COSRX Pure Niacinamide Cleanser,cleanser,dry|normal|sensitive,acne|barrier repair|sensitivity,"niacinamide, centella, glycerin",yes,yes,no,PM,,20.16,skincare_products_5000.csv,P01929,synthetic
PRD0001395,COSRX,COSRX Pure Oat Extract Mask,mask,normal|oily,aging|redness,"oat extract, green tea, centella",no,no,no,AM/PM,,13.62,skincare_products_5000.csv,P01113,synthetic
PRD0001396,COSRX,COSRX Pure Octocrylene SPF 50,sunscreen,combination|combination-sensitive|sensitive,aging,"octocrylene, avobenzone",yes,yes,no,AM,50.0,17.9,skincare_products_5000.csv,P02053,synthetic
PRD0001397,COSRX,COSRX Pure Panthenol Toner,toner,combination|combination-sensitive|sensitive,sensitivity,"panthenol, pha",yes,no,no,Weekly,,8.79,skincare_products_5000.csv,P03204,synthetic
PRD0001398,COSRX,COSRX Pure Peptides Serum,serum,dry|sensitive,acne|barrier repair,"peptides, azelaic acid",yes,yes,no,Weekly,,40.95,skincare_products_5000.csv,P01708,synthetic
PRD0001399,COSRX,COSRX Pure Pha Toner,toner,combination|oily,dehydration|redness,pha,yes,no,no,AM/PM,,16.77,skincare_products_5000.csv,P02058,synthetic
PRD0001400,COSRX,COSRX Pure Pha Toner,toner,normal|oily,acne|barrier repair,"pha, niacinamide",yes,no,no,AM/PM,,8.23,skincare_products_5000.csv,P03788,synthetic
PRD0001401,COSRX,COSRX Pure Retinol Treatment,treatment,normal|sensitive,dehydration|sensitivity,"retinol, azelaic acid",no,no,no,AM/PM,,13.56,skincare_products_5000.csv,P00041,synthetic
PRD0001402,COSRX,COSRX Pure Salicylic Acid Cleanser,cleanser,combination,acne|barrier repair,"salicylic acid, niacinamide",yes,yes,no,AM/PM,,9.79,skincare_products_5000.csv,P00542,synthetic
PRD0001403,COSRX,COSRX Pure Salicylic Acid Cleanser,cleanser,dry,dehydration|oiliness,"salicylic acid, niacinamide",no,yes,no,Weekly,,17.15,skincare_products_5000.csv,P03601,synthetic
PRD0001404,COSRX,COSRX Pure Sulfur Mask,mask,combination,aging|dark spots|sensitivity,sulfur,yes,no,no,AM/PM,,13.3,skincare_products_5000.csv,P00996,synthetic
PRD0001405,COSRX,COSRX Pure Sulfur Mask,mask,oily,barrier repair|dryness,"sulfur, green tea, centella",no,no,no,PM,,9.36,skincare_products_5000.csv,P04953,synthetic
PRD0001406,COSRX,COSRX Pure Vitamin E SPF 50,sunscreen,combination|normal|sensitive,aging|dehydration,"vitamin e, titanium dioxide",yes,yes,no,AM,50.0,12.03,skincare_products_5000.csv,P02896,synthetic
PRD0001407,COSRX,COSRX Repair Avobenzone SPF 50,sunscreen,combination-sensitive|normal|sensitive,aging|oiliness|redness,"avobenzone, niacinamide, octocrylene",yes,yes,no,AM,50.0,25.61,skincare_products_5000.csv,P03679,synthetic
PRD0001408,COSRX,COSRX Repair Avobenzone SPF 50,sunscreen,combination|normal,redness|sensitivity,"avobenzone, vitamin e, zinc oxide",yes,yes,no,AM,50.0,28.7,skincare_products_5000.csv,P04002,synthetic
PRD0001409,COSRX,COSRX Repair Avobenzone SPF 50,sunscreen,oily,acne|sensitivity,"avobenzone, vitamin e, niacinamide",no,yes,no,AM,30.0,12.24,skincare_products_5000.csv,P02681,synthetic
PRD0001410,COSRX,COSRX Repair Azelaic Acid Treatment,treatment,dry,aging|dark spots,"azelaic acid, benzoyl peroxide, sulfur",yes,yes,no,Weekly,,28.85,skincare_products_5000.csv,P00867,synthetic
PRD0001411,COSRX,COSRX Repair Beta-Glucan Toner,toner,combination-sensitive|dry|oily,dark spots|dehydration|redness,"beta-glucan, centella, pha",yes,no,no,PM,,15.28,skincare_products_5000.csv,P02987,synthetic
PRD0001412,COSRX,COSRX Repair Betaine Cleanser,cleanser,combination-sensitive,acne|oiliness|sensitivity,"betaine, salicylic acid, centella",yes,yes,no,AM/PM,,23.09,skincare_products_5000.csv,P04827,synthetic
PRD0001413,COSRX,COSRX Repair Betaine Cleanser,cleanser,sensitive,aging,"betaine, glycerin, ceramides",no,yes,no,Weekly,,24.89,skincare_products_5000.csv,P02394,synthetic
PRD0001414,COSRX,COSRX Repair Centella Cleanser,cleanser,dry,sensitivity,"centella, niacinamide, betaine",yes,yes,no,AM/PM,,11.14,skincare_products_5000.csv,P01840,synthetic
PRD0001415,COSRX,COSRX Repair Centella Mask,mask,dry|sensitive,acne|dryness|sensitivity,"centella, sulfur, hyaluronic acid",yes,no,no,AM/PM,,9.69,skincare_products_5000.csv,P01957,synthetic
PRD0001416,COSRX,COSRX Repair Centella Serum,serum,combination|dry|sensitive,redness,"centella, peptides, hyaluronic acid",yes,no,no,Weekly,,16.36,skincare_products_5000.csv,P00308,synthetic
PRD0001417,COSRX,COSRX Repair Centella Toner,toner,dry|oily,aging|dehydration|dryness,"centella, panthenol",yes,no,no,AM,,22.14,skincare_products_5000.csv,P04808,synthetic
PRD0001418,COSRX,COSRX Repair Ceramides Cleanser,cleanser,combination-sensitive,dryness,ceramides,yes,no,no,PM,,12.28,skincare_products_5000.csv,P01224,synthetic
PRD0001419,COSRX,COSRX Repair Ceramides Cleanser,cleanser,dry|oily,acne,ceramides,yes,yes,no,Weekly,,8.42,skincare_products_5000.csv,P04554,synthetic
PRD0001420,COSRX,COSRX Repair Cholesterol Moisturizer,moisturizer,combination|dry|normal,barrier repair|dark spots|dryness,cholesterol,no,no,no,AM,,12.71,skincare_products_5000.csv,P03724,synthetic
PRD0001421,COSRX,COSRX Repair Cholesterol Moisturizer,moisturizer,normal,acne|dark spots,"cholesterol, urea",yes,yes,no,Weekly,,33.06,skincare_products_5000.csv,P01789,synthetic
PRD0001422,COSRX,COSRX Repair Octocrylene SPF 50,sunscreen,combination-sensitive|oily|sensitive,dark spots,"octocrylene, vitamin e",yes,yes,no,AM,50.0,18.2,skincare_products_5000.csv,P01798,synthetic
PRD0001423,COSRX,COSRX Repair Pha Toner,toner,combination|combination-sensitive|oily,barrier repair|dark spots|dryness,"pha, glycerin, panthenol",yes,no,no,AM/PM,,15.54,skincare_products_5000.csv,P02074,synthetic
PRD0001424,COSRX,COSRX Repair Squalane Moisturizer,moisturizer,combination-sensitive|dry|oily,dark spots|oiliness|sensitivity,"squalane, urea",no,yes,no,PM,,20.9,skincare_products_5000.csv,P04854,synthetic
PRD0001425,COSRX,COSRX Repair Squalane Moisturizer,moisturizer,combination-sensitive|sensitive,sensitivity,squalane,no,yes,no,AM,,19.31,skincare_products_5000.csv,P04509,synthetic
PRD0001426,COSRX,COSRX Repair Sulfur Mask,mask,normal,acne,"sulfur, oat extract",yes,no,no,Weekly,,22.59,skincare_products_5000.csv,P04351,synthetic
PRD0001427,CalmDerm,Azelaic Acid Cream 10%,Treatment,sensitive|acne-prone|combination,redness|post-acne marks|acne,azelaic acid,no,yes,,PM,,,skincare_training_starter_pack.xlsx::ProductsRules,43,from_starter_pack_products_rules
PRD0001428,CalmDerm,Barrier Repair Cream,Moisturizer,dry|sensitive,dryness|redness|dehydration,ceramides; panthenol; cholesterol,no,yes,,AM|PM,,,skincare_training_starter_pack.xlsx::ProductsRules,39,from_starter_pack_products_rules
PRD0001429,CalmDerm,Fluid Sunscreen SPF 50+,Sunscreen,oily|combination|acne-prone,uv protection|oiliness,modern uv filters,no,yes,,AM,,,skincare_training_starter_pack.xlsx::ProductsRules,48,from_starter_pack_products_rules
PRD0001430,CalmDerm,Foaming Gel Cleanser,Cleanser,oily|combination|acne-prone,oiliness|acne,zinc pca; mild surfactants,no,yes,,AM|PM,,,skincare_training_starter_pack.xlsx::ProductsRules,38,from_starter_pack_products_rules
PRD0001431,CalmDerm,Gentle Hydrating Cleanser,Cleanser,dry|sensitive|normal,dryness|sensitivity,ceramides; glycerin; hyaluronic acid,no,yes,,AM|PM,,,skincare_training_starter_pack.xlsx::ProductsRules,37,from_starter_pack_products_rules
PRD0001432,CalmDerm,Lightweight Gel Moisturizer,Moisturizer,oily|combination,oiliness|dehydration,glycerin; niacinamide,no,yes,,AM|PM,,,skincare_training_starter_pack.xlsx::ProductsRules,40,from_starter_pack_products_rules
PRD0001433,CalmDerm,Mineral Sunscreen SPF 50,Sunscreen,sensitive|dry|normal,uv protection|redness,zinc oxide; titanium dioxide,no,yes,,AM,,,skincare_training_starter_pack.xlsx::ProductsRules,47,from_starter_pack_products_rules
PRD0001434,CalmDerm,Niacinamide Serum 5%,Serum,oily|combination|sensitive,oiliness|pores|redness,niacinamide,no,yes,,AM|PM,,,skincare_training_starter_pack.xlsx::ProductsRules,41,from_starter_pack_products_rules
PRD0001435,CalmDerm,Retinol Serum 0.2%,Serum,mature|combination|oily,fine lines|texture,retinol,no,usually,,PM,,,skincare_training_starter_pack.xlsx::ProductsRules,46,from_starter_pack_products_rules
PRD0001436,CalmDerm,Salicylic Acid Serum 2%,Serum,oily|acne-prone,acne|blackheads|oiliness,salicylic acid,no,yes,,PM,,,skincare_training_starter_pack.xlsx::ProductsRules,42,from_starter_pack_products_rules
PRD0001437,CalmDerm,Soothing Toner,Toner,sensitive|dry,sensitivity|redness,centella; panthenol,no,yes,,AM|PM,,,skincare_training_starter_pack.xlsx::ProductsRules,44,from_starter_pack_products_rules
PRD0001438,CalmDerm,Vitamin C Serum 10%,Serum,normal|combination|mature,dullness|post-acne marks,ascorbic acid; ferulic acid,sometimes,usually,,AM,,,skincare_training_starter_pack.xlsx::ProductsRules,45,from_starter_pack_products_rules
PRD0001439,CeraVe,CeraVe Advanced Adapalene Treatment,treatment,combination-sensitive|dry,aging|dehydration,"adapalene, benzoyl peroxide",yes,yes,no,AM/PM,,17.74,skincare_products_5000.csv,P00359,synthetic
PRD0001440,CeraVe,CeraVe Advanced Azelaic Acid Serum,serum,combination|dry|oily,aging|barrier repair|dryness,azelaic acid,yes,yes,no,PM,,24.07,skincare_products_5000.csv,P02968,synthetic
PRD0001441,CeraVe,CeraVe Advanced Azelaic Acid Serum,serum,normal|oily,barrier repair,"azelaic acid, vitamin c",yes,no,no,Weekly,,41.37,skincare_products_5000.csv,P04558,synthetic
PRD0001442,CeraVe,CeraVe Advanced Ceramides Moisturizer,moisturizer,combination-sensitive,aging,ceramides,yes,yes,no,PM,,34.71,skincare_products_5000.csv,P02948,synthetic
PRD0001443,CeraVe,CeraVe Advanced Glycerin Cleanser,cleanser,oily,oiliness,"glycerin, centella, betaine",no,yes,no,AM/PM,,14.56,skincare_products_5000.csv,P00786,synthetic
PRD0001444,CeraVe,CeraVe Advanced Glycerin Moisturizer,moisturizer,oily|sensitive,dark spots|oiliness,glycerin,yes,yes,no,AM,,17.97,skincare_products_5000.csv,P02986,synthetic
PRD0001445,CeraVe,CeraVe Advanced Hyaluronic Acid Mask,mask,combination|combination-sensitive,dark spots|dehydration,"hyaluronic acid, sulfur",yes,no,no,AM/PM,,11.91,skincare_products_5000.csv,P00037,synthetic
PRD0001446,CeraVe,CeraVe Advanced Hyaluronic Acid Mask,mask,dry,aging|dehydration|dryness,"hyaluronic acid, centella",yes,no,no,AM/PM,,9.3,skincare_products_5000.csv,P02978,synthetic
PRD0001447,CeraVe,CeraVe Advanced Niacinamide Cleanser,cleanser,combination-sensitive|dry,dryness|redness|sensitivity,niacinamide,yes,yes,no,PM,,25.74,skincare_products_5000.csv,P04311,synthetic
PRD0001448,CeraVe,CeraVe Advanced Niacinamide Cleanser,cleanser,normal|oily,dark spots,niacinamide,yes,no,no,PM,,21.8,skincare_products_5000.csv,P02877,synthetic
PRD0001449,CeraVe,CeraVe Advanced Niacinamide SPF 50,sunscreen,combination-sensitive|oily|sensitive,dryness|sensitivity,niacinamide,yes,yes,no,AM,30.0,27.16,skincare_products_5000.csv,P03418,synthetic
PRD0001450,CeraVe,CeraVe Advanced Niacinamide SPF 50,sunscreen,dry|normal,aging|dark spots,"niacinamide, vitamin e, zinc oxide",no,yes,no,AM,50.0,19.6,skincare_products_5000.csv,P02021,synthetic
PRD0001451,CeraVe,CeraVe Advanced Pha Toner,toner,combination|dry|normal,acne|sensitivity,"pha, panthenol, beta-glucan",yes,no,no,AM/PM,,11.67,skincare_products_5000.csv,P03200,synthetic
PRD0001452,CeraVe,CeraVe Advanced Retinol Serum,serum,combination|oily,dehydration|oiliness|sensitivity,"retinol, vitamin c, niacinamide",yes,yes,no,AM,,28.82,skincare_products_5000.csv,P04949,synthetic
PRD0001453,CeraVe,CeraVe Advanced Titanium Dioxide SPF 50,sunscreen,combination-sensitive|oily,oiliness|sensitivity,"titanium dioxide, avobenzone, octocrylene",yes,yes,no,AM,50.0,24.44,skincare_products_5000.csv,P02808,synthetic
PRD0001454,CeraVe,CeraVe Advanced Titanium Dioxide SPF 50,sunscreen,sensitive,dryness|sensitivity,"titanium dioxide, octocrylene, vitamin e",no,yes,no,AM,30.0,24.93,skincare_products_5000.csv,P02505,synthetic
PRD0001455,CeraVe,CeraVe Advanced Urea Moisturizer,moisturizer,combination|combination-sensitive,aging|dehydration,urea,yes,yes,no,AM/PM,,21.2,skincare_products_5000.csv,P03683,synthetic
PRD0001456,CeraVe,CeraVe Advanced Vitamin C Serum,serum,combination-sensitive|dry|sensitive,barrier repair|dark spots|dryness,"vitamin c, azelaic acid",yes,yes,no,Weekly,,39.12,skincare_products_5000.csv,P01934,synthetic
PRD0001457,CeraVe,CeraVe Balance Avobenzone SPF 50,sunscreen,normal,redness,"avobenzone, niacinamide, zinc oxide",yes,yes,no,AM,30.0,13.19,skincare_products_5000.csv,P00640,synthetic
PRD0001458,CeraVe,CeraVe Balance Avobenzone SPF 50,sunscreen,sensitive,barrier repair|dark spots|oiliness,avobenzone,yes,no,no,AM,50.0,25.97,skincare_products_5000.csv,P04071,synthetic
PRD0001459,CeraVe,CeraVe Balance Azelaic Acid Treatment,treatment,dry|oily,aging,azelaic acid,yes,yes,no,AM,,26.34,skincare_products_5000.csv,P03086,synthetic
PRD0001460,CeraVe,CeraVe Balance Benzoyl Peroxide Treatment,treatment,combination|dry|oily,barrier repair|dark spots|dryness,benzoyl peroxide,yes,yes,no,AM/PM,,13.44,skincare_products_5000.csv,P01658,synthetic
PRD0001461,CeraVe,CeraVe Balance Centella Mask,mask,sensitive,aging|dark spots|dehydration,"centella, green tea",no,no,no,AM,,25.87,skincare_products_5000.csv,P02188,synthetic
PRD0001462,CeraVe,CeraVe Balance Centella Toner,toner,combination|normal|sensitive,aging|barrier repair|dehydration,"centella, pha",yes,no,no,AM,,16.59,skincare_products_5000.csv,P01117,synthetic
PRD0001463,CeraVe,CeraVe Balance Ceramides Cleanser,cleanser,dry|oily|sensitive,oiliness,"ceramides, centella",yes,yes,no,AM/PM,,25.3,skincare_products_5000.csv,P04353,synthetic
PRD0001464,CeraVe,CeraVe Balance Ceramides Cleanser,cleanser,normal,dark spots|dryness|sensitivity,"ceramides, glycerin",yes,yes,no,Weekly,,21.65,skincare_products_5000.csv,P01271,synthetic
PRD0001465,CeraVe,CeraVe Balance Ceramides Moisturizer,moisturizer,normal,dehydration|redness,"ceramides, urea, panthenol",no,yes,no,AM,,17.13,skincare_products_5000.csv,P03257,synthetic
PRD0001466,CeraVe,CeraVe Balance Clay Mask,mask,combination|combination-sensitive,acne|dark spots,"clay, centella",yes,no,no,AM/PM,,14.37,skincare_products_5000.csv,P03882,synthetic
PRD0001467,CeraVe,CeraVe Balance Clay Mask,mask,combination|normal|sensitive,acne,"clay, hyaluronic acid, green tea",no,no,no,PM,,20.22,skincare_products_5000.csv,P04285,synthetic
PRD0001468,CeraVe,CeraVe Balance Glycerin Moisturizer,moisturizer,combination|normal,dark spots|dryness|sensitivity,"glycerin, urea, cholesterol",yes,yes,no,AM/PM,,27.67,skincare_products_5000.csv,P03389,synthetic
PRD0001469,CeraVe,CeraVe Balance Glycerin Toner,toner,combination-sensitive|dry|normal,acne|redness,"glycerin, beta-glucan, pha",no,no,no,AM/PM,,18.68,skincare_products_5000.csv,P02695,synthetic
PRD0001470,CeraVe,CeraVe Balance Glycerin Toner,toner,dry,dryness|oiliness,"glycerin, niacinamide, beta-glucan",yes,no,no,AM,,15.39,skincare_products_5000.csv,P03778,synthetic
PRD0001471,CeraVe,CeraVe Balance Hyaluronic Acid Mask,mask,combination-sensitive,acne|redness,"hyaluronic acid, green tea",yes,no,no,AM,,25.86,skincare_products_5000.csv,P01374,synthetic
PRD0001472,CeraVe,CeraVe Balance Hyaluronic Acid Mask,mask,dry|normal|sensitive,acne|aging,"hyaluronic acid, oat extract",yes,no,no,AM,,10.24,skincare_products_5000.csv,P04318,synthetic
PRD0001473,CeraVe,CeraVe Balance Hyaluronic Acid Serum,serum,dry,oiliness|redness|sensitivity,"hyaluronic acid, retinol, vitamin c",yes,yes,no,AM,,21.2,skincare_products_5000.csv,P03898,synthetic
PRD0001474,CeraVe,CeraVe Balance Niacinamide Serum,serum,normal|sensitive,dehydration,"niacinamide, vitamin c, azelaic acid",yes,yes,no,AM,,9.89,skincare_products_5000.csv,P03769,synthetic
PRD0001475,CeraVe,CeraVe Balance Panthenol Moisturizer,moisturizer,sensitive,dehydration|dryness,panthenol,yes,yes,no,AM,,32.3,skincare_products_5000.csv,P04333,synthetic
PRD0001476,CeraVe,CeraVe Balance Peptides Serum,serum,normal,dark spots|dryness,peptides,no,yes,no,Weekly,,31.94,skincare_products_5000.csv,P03270,synthetic
PRD0001477,CeraVe,CeraVe Balance Retinol Serum,serum,normal|sensitive,aging|dark spots,retinol,yes,yes,no,AM,,33.63,skincare_products_5000.csv,P03629,synthetic
PRD0001478,CeraVe,CeraVe Balance Titanium Dioxide SPF 50,sunscreen,oily,acne|sensitivity,titanium dioxide,no,yes,no,AM,50.0,18.24,skincare_products_5000.csv,P01833,synthetic
PRD0001479,CeraVe,CeraVe Balance Urea Moisturizer,moisturizer,combination|combination-sensitive|normal,acne|oiliness|sensitivity,"urea, ceramides, glycerin",yes,yes,no,AM/PM,,22.88,skincare_products_5000.csv,P04737,synthetic
PRD0001480,CeraVe,CeraVe Balance Vitamin C Serum,serum,combination|oily|sensitive,dehydration,vitamin c,no,yes,no,AM,,34.48,skincare_products_5000.csv,P03467,synthetic
PRD0001481,CeraVe,CeraVe Balance Vitamin E SPF 50,sunscreen,dry,acne|dark spots|oiliness,vitamin e,no,yes,no,AM,30.0,13.9,skincare_products_5000.csv,P03784,synthetic
PRD0001482,CeraVe,CeraVe Barrier Benzoyl Peroxide Treatment,treatment,combination,aging|barrier repair|sensitivity,benzoyl peroxide,yes,yes,no,AM,,21.5,skincare_products_5000.csv,P03626,synthetic
PRD0001483,CeraVe,CeraVe Barrier Betaine Cleanser,cleanser,combination|combination-sensitive|oily,dark spots|dehydration,betaine,yes,yes,no,AM,,21.43,skincare_products_5000.csv,P04889,synthetic
PRD0001484,CeraVe,CeraVe Barrier Centella Cleanser,cleanser,combination-sensitive|normal,barrier repair,centella,yes,yes,no,PM,,8.88,skincare_products_5000.csv,P01061,synthetic
PRD0001485,CeraVe,CeraVe Barrier Centella Cleanser,cleanser,dry|normal,oiliness,centella,no,yes,no,AM,,24.51,skincare_products_5000.csv,P00580,synthetic
PRD0001486,CeraVe,CeraVe Barrier Centella Serum,serum,combination-sensitive|dry,redness|sensitivity,"centella, retinol",yes,yes,no,Weekly,,19.47,skincare_products_5000.csv,P04293,synthetic
PRD0001487,CeraVe,CeraVe Barrier Centella Toner,toner,oily,barrier repair|redness,"centella, glycerin",yes,no,no,AM,,19.43,skincare_products_5000.csv,P00251,synthetic
PRD0001488,CeraVe,CeraVe Barrier Cholesterol Moisturizer,moisturizer,dry|normal|sensitive,dark spots|oiliness|redness,cholesterol,yes,yes,no,AM,,34.57,skincare_products_5000.csv,P01121,synthetic
PRD0001489,CeraVe,CeraVe Barrier Green Tea Mask,mask,dry|normal,barrier repair|dehydration|oiliness,green tea,yes,no,no,Weekly,,16.28,skincare_products_5000.csv,P03192,synthetic
PRD0001490,CeraVe,CeraVe Barrier Green Tea Mask,mask,dry|oily,acne|sensitivity,"green tea, sulfur, oat extract",no,no,no,AM/PM,,17.87,skincare_products_5000.csv,P02943,synthetic
PRD0001491,CeraVe,CeraVe Barrier Hyaluronic Acid Serum,serum,combination|combination-sensitive|normal,acne,hyaluronic acid,no,yes,no,AM,,39.36,skincare_products_5000.csv,P03450,synthetic
PRD0001492,CeraVe,CeraVe Barrier Niacinamide Serum,serum,combination-sensitive|sensitive,aging,"niacinamide, centella",yes,yes,no,PM,,27.66,skincare_products_5000.csv,P04392,synthetic
PRD0001493,CeraVe,CeraVe Barrier Niacinamide Toner,toner,combination|combination-sensitive|normal,aging|oiliness,"niacinamide, panthenol",no,no,no,AM/PM,,10.58,skincare_products_5000.csv,P04402,synthetic
PRD0001494,CeraVe,CeraVe Barrier Octocrylene SPF 50,sunscreen,dry,acne|oiliness,"octocrylene, vitamin e, titanium dioxide",yes,yes,no,AM,50.0,18.0,skincare_products_5000.csv,P02740,synthetic
PRD0001495,CeraVe,CeraVe Barrier Panthenol Toner,toner,normal|sensitive,oiliness|redness|sensitivity,"panthenol, glycerin, centella",yes,no,no,Weekly,,19.29,skincare_products_5000.csv,P00564,synthetic
PRD0001496,CeraVe,CeraVe Barrier Pha Toner,toner,sensitive,barrier repair|redness,"pha, beta-glucan, centella",yes,no,no,AM,,22.04,skincare_products_5000.csv,P04304,synthetic
PRD0001497,CeraVe,CeraVe Barrier Retinol Serum,serum,dry|normal,dark spots|dryness,"retinol, hyaluronic acid",yes,no,no,Weekly,,27.99,skincare_products_5000.csv,P01044,synthetic
PRD0001498,CeraVe,CeraVe Barrier Retinol Serum,serum,dry|sensitive,redness,"retinol, niacinamide",yes,yes,no,Weekly,,34.11,skincare_products_5000.csv,P03236,synthetic
PRD0001499,CeraVe,CeraVe Barrier Salicylic Acid Cleanser,cleanser,combination-sensitive|oily|sensitive,barrier repair|dark spots|sensitivity,salicylic acid,yes,yes,no,PM,,9.31,skincare_products_5000.csv,P04670,synthetic
PRD0001500,CeraVe,CeraVe Barrier Salicylic Acid Treatment,treatment,combination-sensitive|oily|sensitive,sensitivity,"salicylic acid, adapalene, retinol",yes,yes,no,Weekly,,20.04,skincare_products_5000.csv,P01683,synthetic
PRD0001501,CeraVe,CeraVe Barrier Squalane Moisturizer,moisturizer,combination-sensitive,dark spots|dryness,"squalane, cholesterol, glycerin",yes,yes,no,Weekly,,33.04,skincare_products_5000.csv,P04521,synthetic
PRD0001502,CeraVe,CeraVe Barrier Squalane Moisturizer,moisturizer,combination|normal|sensitive,aging|dryness,"squalane, glycerin, panthenol",yes,no,no,AM/PM,,34.81,skincare_products_5000.csv,P02143,synthetic
PRD0001503,CeraVe,CeraVe Barrier Zinc Oxide SPF 50,sunscreen,combination,acne,"zinc oxide, titanium dioxide, octocrylene",yes,no,no,AM,30.0,10.36,skincare_products_5000.csv,P00598,synthetic
PRD0001504,CeraVe,CeraVe Calm Adapalene Treatment,treatment,combination|dry|sensitive,sensitivity,"adapalene, salicylic acid",yes,no,no,AM,,19.46,skincare_products_5000.csv,P02426,synthetic
PRD0001505,CeraVe,CeraVe Calm Beta-Glucan Toner,toner,dry|sensitive,dehydration,"beta-glucan, niacinamide, panthenol",yes,no,no,PM,,12.61,skincare_products_5000.csv,P01275,synthetic
PRD0001506,CeraVe,CeraVe Calm Betaine Cleanser,cleanser,combination|combination-sensitive,oiliness,"betaine, salicylic acid, centella",yes,no,no,Weekly,,10.39,skincare_products_5000.csv,P00429,synthetic
PRD0001507,CeraVe,CeraVe Calm Centella Cleanser,cleanser,dry|normal|oily,oiliness,centella,yes,yes,no,AM/PM,,11.73,skincare_products_5000.csv,P04498,synthetic
PRD0001508,CeraVe,CeraVe Calm Centella Mask,mask,combination|dry|normal,aging|barrier repair|oiliness,"centella, sulfur, hyaluronic acid",yes,no,no,Weekly,,18.82,skincare_products_5000.csv,P01151,synthetic
PRD0001509,CeraVe,CeraVe Calm Ceramides Cleanser,cleanser,dry|normal|oily,dark spots,ceramides,yes,yes,no,PM,,21.78,skincare_products_5000.csv,P04811,synthetic
PRD0001510,CeraVe,CeraVe Calm Glycerin Cleanser,cleanser,combination|combination-sensitive,aging|dark spots|dryness,glycerin,yes,no,no,Weekly,,21.68,skincare_products_5000.csv,P00122,synthetic
PRD0001511,CeraVe,CeraVe Calm Hyaluronic Acid Mask,mask,combination-sensitive|oily|sensitive,barrier repair,"hyaluronic acid, centella",no,no,no,AM,,25.7,skincare_products_5000.csv,P00664,synthetic
PRD0001512,CeraVe,CeraVe Calm Niacinamide Cleanser,cleanser,combination-sensitive|dry|normal,dark spots|dehydration|sensitivity,"niacinamide, centella, salicylic acid",no,yes,no,AM/PM,,17.55,skincare_products_5000.csv,P02637,synthetic
PRD0001513,CeraVe,CeraVe Calm Niacinamide Cleanser,cleanser,combination|combination-sensitive|oily,oiliness,niacinamide,yes,no,no,Weekly,,22.3,skincare_products_5000.csv,P04126,synthetic
PRD0001514,CeraVe,CeraVe Calm Niacinamide Cleanser,cleanser,dry,sensitivity,niacinamide,no,yes,no,AM,,12.87,skincare_products_5000.csv,P00623,synthetic
PRD0001515,CeraVe,CeraVe Calm Niacinamide Serum,serum,combination-sensitive|oily,barrier repair|dehydration|sensitivity,"niacinamide, retinol",yes,yes,no,Weekly,,15.24,skincare_products_5000.csv,P04742,synthetic
PRD0001516,CeraVe,CeraVe Calm Niacinamide Serum,serum,combination-sensitive|oily,dryness|redness|sensitivity,niacinamide,yes,yes,no,AM/PM,,38.22,skincare_products_5000.csv,P00435,synthetic
PRD0001517,CeraVe,CeraVe Calm Octocrylene SPF 50,sunscreen,dry|normal|sensitive,acne|aging|dark spots,"octocrylene, titanium dioxide",yes,yes,no,AM,30.0,21.82,skincare_products_5000.csv,P04290,synthetic
PRD0001518,CeraVe,CeraVe Calm Panthenol Toner,toner,combination|combination-sensitive,aging|dark spots|oiliness,panthenol,no,no,no,Weekly,,18.11,skincare_products_5000.csv,P02849,synthetic
PRD0001519,CeraVe,CeraVe Calm Sulfur Mask,mask,dry,sensitivity,sulfur,no,no,no,AM/PM,,21.29,skincare_products_5000.csv,P01080,synthetic
PRD0001520,CeraVe,CeraVe Calm Urea Moisturizer,moisturizer,combination-sensitive|dry,barrier repair|dark spots|sensitivity,urea,yes,no,no,PM,,17.56,skincare_products_5000.csv,P04940,synthetic
PRD0001521,CeraVe,CeraVe Calm Vitamin C Serum,serum,dry,oiliness,"vitamin c, centella",yes,yes,no,PM,,20.27,skincare_products_5000.csv,P01893,synthetic
PRD0001522,CeraVe,CeraVe Calm Vitamin E SPF 50,sunscreen,combination-sensitive|dry|oily,aging|barrier repair,vitamin e,yes,no,no,AM,50.0,28.04,skincare_products_5000.csv,P02929,synthetic
PRD0001523,CeraVe,CeraVe Clear Azelaic Acid Serum,serum,combination-sensitive,acne|oiliness|sensitivity,"azelaic acid, retinol, peptides",yes,yes,no,PM,,30.35,skincare_products_5000.csv,P01498,synthetic
PRD0001524,CeraVe,CeraVe Clear Azelaic Acid Serum,serum,combination|combination-sensitive|dry,sensitivity,azelaic acid,no,yes,no,AM/PM,,26.39,skincare_products_5000.csv,P02281,synthetic
PRD0001525,CeraVe,CeraVe Clear Betaine Cleanser,cleanser,normal|oily|sensitive,dark spots|dryness|oiliness,betaine,yes,yes,no,AM,,17.59,skincare_products_5000.csv,P04223,synthetic
PRD0001526,CeraVe,CeraVe Clear Betaine Cleanser,cleanser,sensitive,barrier repair|dark spots,"betaine, glycerin, niacinamide",yes,yes,no,AM/PM,,25.71,skincare_products_5000.csv,P00228,synthetic
PRD0001527,CeraVe,CeraVe Clear Centella Mask,mask,combination-sensitive|normal|sensitive,aging|barrier repair|redness,"centella, clay",yes,no,no,Weekly,,13.96,skincare_products_5000.csv,P00242,synthetic
PRD0001528,CeraVe,CeraVe Clear Centella Serum,serum,combination|normal|oily,barrier repair|dark spots|dehydration,centella,yes,yes,no,AM/PM,,15.41,skincare_products_5000.csv,P00292,synthetic
PRD0001529,CeraVe,CeraVe Clear Ceramides Cleanser,cleanser,combination|dry|normal,barrier repair,"ceramides, niacinamide, glycerin",yes,yes,no,Weekly,,11.97,skincare_products_5000.csv,P03846,synthetic
PRD0001530,CeraVe,CeraVe Clear Ceramides Moisturizer,moisturizer,combination|oily,acne|oiliness,"ceramides, cholesterol",no,no,no,Weekly,,22.59,skincare_products_5000.csv,P00778,synthetic
PRD0001531,CeraVe,CeraVe Clear Ceramides Moisturizer,moisturizer,normal|oily,acne|dehydration|dryness,"ceramides, urea, squalane",no,yes,no,AM,,30.34,skincare_products_5000.csv,P00156,synthetic
PRD0001532,CeraVe,CeraVe Clear Green Tea Mask,mask,combination-sensitive|normal,barrier repair|dehydration,"green tea, hyaluronic acid",yes,no,no,Weekly,,19.3,skincare_products_5000.csv,P00457,synthetic
PRD0001533,CeraVe,CeraVe Clear Niacinamide Cleanser,cleanser,combination,aging|dryness|oiliness,niacinamide,yes,yes,no,PM,,20.26,skincare_products_5000.csv,P00094,synthetic
PRD0001534,CeraVe,CeraVe Clear Niacinamide Cleanser,cleanser,dry|oily|sensitive,acne|dehydration,"niacinamide, glycerin, ceramides",yes,yes,no,PM,,17.34,skincare_products_5000.csv,P01477,synthetic
PRD0001535,CeraVe,CeraVe Clear Niacinamide Cleanser,cleanser,sensitive,barrier repair|dark spots|sensitivity,"niacinamide, betaine, salicylic acid",no,yes,no,AM,,18.08,skincare_products_5000.csv,P04497,synthetic
PRD0001536,CeraVe,CeraVe Clear Niacinamide SPF 50,sunscreen,combination|combination-sensitive|sensitive,dark spots|dehydration|sensitivity,niacinamide,yes,yes,no,AM,50.0,26.73,skincare_products_5000.csv,P02213,synthetic
PRD0001537,CeraVe,CeraVe Clear Niacinamide SPF 50,sunscreen,oily,acne,niacinamide,yes,yes,no,AM,50.0,27.65,skincare_products_5000.csv,P01635,synthetic
PRD0001538,CeraVe,CeraVe Clear Niacinamide Serum,serum,dry,aging|dark spots,niacinamide,yes,yes,no,AM/PM,,37.85,skincare_products_5000.csv,P00118,synthetic
PRD0001539,CeraVe,CeraVe Clear Oat Extract Mask,mask,combination-sensitive|dry|oily,barrier repair|dark spots|dryness,"oat extract, sulfur, centella",no,no,no,AM,,25.41,skincare_products_5000.csv,P00635,synthetic
PRD0001540,CeraVe,CeraVe Clear Peptides Serum,serum,combination|dry|oily,dark spots|redness|sensitivity,"peptides, retinol",yes,yes,no,PM,,21.03,skincare_products_5000.csv,P00924,synthetic
PRD0001541,CeraVe,CeraVe Clear Peptides Serum,serum,normal|sensitive,acne|barrier repair,peptides,yes,yes,no,PM,,39.42,skincare_products_5000.csv,P02468,synthetic
PRD0001542,CeraVe,CeraVe Clear Sulfur Treatment,treatment,dry,dark spots,sulfur,yes,yes,no,AM,,34.41,skincare_products_5000.csv,P01804,synthetic
PRD0001543,CeraVe,CeraVe Clear Zinc Oxide SPF 50,sunscreen,combination-sensitive,oiliness,"zinc oxide, octocrylene, niacinamide",yes,no,no,AM,50.0,15.8,skincare_products_5000.csv,P03208,synthetic
PRD0001544,CeraVe,CeraVe Clear Zinc Oxide SPF 50,sunscreen,combination|dry|oily,acne|dehydration,zinc oxide,yes,yes,no,AM,30.0,23.45,skincare_products_5000.csv,P00978,synthetic
PRD0001545,CeraVe,CeraVe Daily Avobenzone SPF 50,sunscreen,combination|oily,barrier repair|dark spots|redness,"avobenzone, vitamin e, niacinamide",no,yes,no,AM,50.0,25.02,skincare_products_5000.csv,P02075,synthetic
PRD0001546,CeraVe,CeraVe Daily Avobenzone SPF 50,sunscreen,dry,redness,"avobenzone, octocrylene, titanium dioxide",no,no,no,AM,30.0,15.32,skincare_products_5000.csv,P00823,synthetic
PRD0001547,CeraVe,CeraVe Daily Benzoyl Peroxide Treatment,treatment,combination-sensitive|sensitive,dehydration,"benzoyl peroxide, azelaic acid",no,yes,no,AM,,9.7,skincare_products_5000.csv,P01714,synthetic
PRD0001548,CeraVe,CeraVe Daily Betaine Cleanser,cleanser,combination-sensitive|oily,dark spots|redness|sensitivity,betaine,yes,yes,no,PM,,10.42,skincare_products_5000.csv,P00198,synthetic
PRD0001549,CeraVe,CeraVe Daily Betaine Cleanser,cleanser,sensitive,dehydration,"betaine, ceramides",no,yes,no,AM,,24.19,skincare_products_5000.csv,P04202,synthetic
PRD0001550,CeraVe,CeraVe Daily Ceramides Cleanser,cleanser,dry|normal|sensitive,aging|dehydration|sensitivity,ceramides,no,no,no,Weekly,,25.98,skincare_products_5000.csv,P03163,synthetic
PRD0001551,CeraVe,CeraVe Daily Ceramides Moisturizer,moisturizer,combination-sensitive|normal|sensitive,dark spots,"ceramides, squalane",yes,yes,no,PM,,10.29,skincare_products_5000.csv,P04823,synthetic
PRD0001552,CeraVe,CeraVe Daily Ceramides Moisturizer,moisturizer,dry,oiliness,ceramides,yes,yes,no,AM/PM,,31.88,skincare_products_5000.csv,P02667,synthetic
PRD0001553,CeraVe,CeraVe Daily Cholesterol Moisturizer,moisturizer,normal|oily,aging,cholesterol,yes,yes,no,AM/PM,,27.96,skincare_products_5000.csv,P03598,synthetic
PRD0001554,CeraVe,CeraVe Daily Niacinamide SPF 50,sunscreen,oily|sensitive,acne|dryness|redness,niacinamide,yes,yes,no,AM,30.0,26.5,skincare_products_5000.csv,P02648,synthetic
PRD0001555,CeraVe,CeraVe Daily Oat Extract Mask,mask,combination-sensitive|normal|oily,aging|barrier repair|dark spots,"oat extract, sulfur, hyaluronic acid",yes,no,no,AM,,26.54,skincare_products_5000.csv,P00560,synthetic
PRD0001556,CeraVe,CeraVe Daily Panthenol Moisturizer,moisturizer,combination,aging,"panthenol, ceramides",yes,no,no,AM/PM,,34.51,skincare_products_5000.csv,P03659,synthetic
PRD0001557,CeraVe,CeraVe Daily Panthenol Moisturizer,moisturizer,combination-sensitive,dehydration|sensitivity,"panthenol, ceramides",yes,yes,no,AM/PM,,14.74,skincare_products_5000.csv,P00052,synthetic
PRD0001558,CeraVe,CeraVe Daily Salicylic Acid Cleanser,cleanser,combination-sensitive|dry|normal,dryness,"salicylic acid, betaine, glycerin",yes,yes,no,AM/PM,,15.94,skincare_products_5000.csv,P01083,synthetic
PRD0001559,CeraVe,CeraVe Daily Salicylic Acid Treatment,treatment,combination,aging|barrier repair|dryness,"salicylic acid, sulfur",yes,yes,no,AM/PM,,33.12,skincare_products_5000.csv,P03186,synthetic
PRD0001560,CeraVe,CeraVe Daily Salicylic Acid Treatment,treatment,dry,redness,"salicylic acid, sulfur",no,yes,no,AM/PM,,10.76,skincare_products_5000.csv,P02502,synthetic
PRD0001561,CeraVe,CeraVe Daily Squalane Moisturizer,moisturizer,normal|sensitive,dryness|redness,"squalane, glycerin",yes,yes,no,PM,,30.13,skincare_products_5000.csv,P00427,synthetic
PRD0001562,CeraVe,CeraVe Daily Sulfur Mask,mask,dry,acne|dehydration|redness,"sulfur, clay, centella",yes,no,no,AM/PM,,13.25,skincare_products_5000.csv,P04707,synthetic
PRD0001563,CeraVe,CeraVe Daily Titanium Dioxide SPF 50,sunscreen,normal,dryness|oiliness,titanium dioxide,no,yes,no,AM,50.0,13.66,skincare_products_5000.csv,P01535,synthetic
PRD0001564,CeraVe,CeraVe Glow Avobenzone SPF 50,sunscreen,combination|combination-sensitive|oily,sensitivity,avobenzone,no,yes,no,AM,50.0,22.53,skincare_products_5000.csv,P00088,synthetic
PRD0001565,CeraVe,CeraVe Glow Azelaic Acid Treatment,treatment,normal|oily,dark spots|sensitivity,"azelaic acid, adapalene",no,no,yes,AM/PM,,32.53,skincare_products_5000.csv,P00019,synthetic
PRD0001566,CeraVe,CeraVe Glow Betaine Cleanser,cleanser,combination-sensitive|sensitive,acne|dehydration|oiliness,"betaine, glycerin, ceramides",yes,no,no,AM/PM,,16.04,skincare_products_5000.csv,P01276,synthetic
PRD0001567,CeraVe,CeraVe Glow Centella Mask,mask,normal,barrier repair|dehydration|dryness,centella,no,no,no,AM,,23.94,skincare_products_5000.csv,P01667,synthetic
PRD0001568,CeraVe,CeraVe Glow Centella Serum,serum,combination|dry|normal,acne|dehydration|oiliness,"centella, azelaic acid",no,yes,no,AM,,22.8,skincare_products_5000.csv,P02513,synthetic
PRD0001569,CeraVe,CeraVe Glow Centella Toner,toner,combination,acne|dehydration|oiliness,"centella, beta-glucan",no,no,no,AM,,13.68,skincare_products_5000.csv,P01773,synthetic
PRD0001570,CeraVe,CeraVe Glow Centella Toner,toner,dry,acne,"centella, beta-glucan",yes,no,no,PM,,15.44,skincare_products_5000.csv,P04069,synthetic
PRD0001571,CeraVe,CeraVe Glow Ceramides Cleanser,cleanser,combination-sensitive|normal,dark spots,ceramides,yes,no,no,PM,,12.22,skincare_products_5000.csv,P00839,synthetic
PRD0001572,CeraVe,CeraVe Glow Ceramides Cleanser,cleanser,dry,aging|dark spots|redness,ceramides,yes,yes,no,AM,,15.29,skincare_products_5000.csv,P02854,synthetic
PRD0001573,CeraVe,CeraVe Glow Glycerin Moisturizer,moisturizer,combination-sensitive,redness,"glycerin, ceramides, panthenol",no,yes,no,Weekly,,31.18,skincare_products_5000.csv,P03533,synthetic
PRD0001574,CeraVe,CeraVe Glow Green Tea Mask,mask,sensitive,dehydration,"green tea, sulfur, centella",yes,no,no,AM,,15.17,skincare_products_5000.csv,P00607,synthetic
PRD0001575,CeraVe,CeraVe Glow Octocrylene SPF 50,sunscreen,dry,aging,"octocrylene, avobenzone, vitamin e",yes,yes,no,AM,50.0,12.55,skincare_products_5000.csv,P01064,synthetic
PRD0001576,CeraVe,CeraVe Glow Panthenol Moisturizer,moisturizer,normal,aging,"panthenol, squalane, urea",yes,yes,no,AM/PM,,31.32,skincare_products_5000.csv,P02640,synthetic
PRD0001577,CeraVe,CeraVe Glow Panthenol Toner,toner,dry|oily,acne|oiliness,panthenol,yes,no,no,AM,,17.22,skincare_products_5000.csv,P00558,synthetic
PRD0001578,CeraVe,CeraVe Glow Retinol Serum,serum,combination-sensitive|oily,dark spots,retinol,yes,yes,no,AM,,30.66,skincare_products_5000.csv,P02228,synthetic
PRD0001579,CeraVe,CeraVe Glow Retinol Serum,serum,normal|oily|sensitive,barrier repair|dryness,"retinol, niacinamide, peptides",yes,no,no,AM,,29.4,skincare_products_5000.csv,P02441,synthetic
PRD0001580,CeraVe,CeraVe Glow Titanium Dioxide SPF 50,sunscreen,combination|normal,dryness,titanium dioxide,yes,yes,no,AM,50.0,12.14,skincare_products_5000.csv,P03930,synthetic
PRD0001581,CeraVe,CeraVe Glow Titanium Dioxide SPF 50,sunscreen,oily,dehydration|redness,"titanium dioxide, vitamin e, avobenzone",yes,yes,no,AM,50.0,28.25,skincare_products_5000.csv,P03997,synthetic
PRD0001582,CeraVe,CeraVe Glow Titanium Dioxide SPF 50,sunscreen,sensitive,aging|dryness,titanium dioxide,no,no,no,AM,30.0,25.35,skincare_products_5000.csv,P02158,synthetic
PRD0001583,CeraVe,CeraVe Glow Vitamin C Serum,serum,normal,aging|oiliness,"vitamin c, azelaic acid",no,yes,no,AM,,13.55,skincare_products_5000.csv,P01610,synthetic
PRD0001584,CeraVe,CeraVe Glow Vitamin E SPF 50,sunscreen,dry,barrier repair,vitamin e,yes,yes,no,AM,50.0,23.62,skincare_products_5000.csv,P04764,synthetic
PRD0001585,CeraVe,CeraVe Hydra Benzoyl Peroxide Treatment,treatment,combination-sensitive|sensitive,aging|oiliness,"benzoyl peroxide, salicylic acid",yes,yes,no,AM,,29.23,skincare_products_5000.csv,P03326,synthetic
PRD0001586,CeraVe,CeraVe Hydra Beta-Glucan Toner,toner,combination|sensitive,acne|dryness|redness,"beta-glucan, pha, glycerin",yes,no,no,AM,,22.6,skincare_products_5000.csv,P01233,synthetic
PRD0001587,CeraVe,CeraVe Hydra Centella Cleanser,cleanser,combination|oily|sensitive,oiliness,centella,no,yes,no,PM,,22.87,skincare_products_5000.csv,P02561,synthetic
PRD0001588,CeraVe,CeraVe Hydra Ceramides Cleanser,cleanser,combination|dry,sensitivity,"ceramides, salicylic acid",yes,yes,no,Weekly,,8.24,skincare_products_5000.csv,P02959,synthetic
PRD0001589,CeraVe,CeraVe Hydra Ceramides Moisturizer,moisturizer,combination|oily,aging,ceramides,yes,no,no,AM,,23.47,skincare_products_5000.csv,P04148,synthetic
PRD0001590,CeraVe,CeraVe Hydra Ceramides Moisturizer,moisturizer,normal|sensitive,barrier repair|dark spots|dehydration,"ceramides, squalane",yes,yes,no,Weekly,,26.72,skincare_products_5000.csv,P04439,synthetic
PRD0001591,CeraVe,CeraVe Hydra Cholesterol Moisturizer,moisturizer,combination|normal|oily,dehydration,cholesterol,yes,yes,no,AM,,13.9,skincare_products_5000.csv,P00061,synthetic
PRD0001592,CeraVe,CeraVe Hydra Cholesterol Moisturizer,moisturizer,dry|sensitive,oiliness|sensitivity,"cholesterol, urea",yes,no,no,AM/PM,,13.54,skincare_products_5000.csv,P03459,synthetic
PRD0001593,CeraVe,CeraVe Hydra Glycerin Cleanser,cleanser,combination-sensitive|dry,barrier repair|dryness,"glycerin, centella, salicylic acid",yes,yes,no,PM,,21.05,skincare_products_5000.csv,P03343,synthetic
PRD0001594,CeraVe,CeraVe Hydra Hyaluronic Acid Serum,serum,combination-sensitive|oily|sensitive,acne|dehydration|oiliness,hyaluronic acid,yes,yes,no,PM,,36.33,skincare_products_5000.csv,P03924,synthetic
PRD0001595,CeraVe,CeraVe Hydra Niacinamide Cleanser,cleanser,combination|combination-sensitive,dryness,niacinamide,yes,yes,no,AM/PM,,21.65,skincare_products_5000.csv,P00014,synthetic
PRD0001596,CeraVe,CeraVe Hydra Niacinamide Cleanser,cleanser,combination|oily,dehydration|oiliness,niacinamide,yes,yes,no,AM/PM,,16.97,skincare_products_5000.csv,P02205,synthetic
PRD0001597,CeraVe,CeraVe Hydra Niacinamide SPF 50,sunscreen,combination-sensitive|normal|sensitive,aging|dehydration,"niacinamide, vitamin e",yes,yes,no,AM,30.0,10.25,skincare_products_5000.csv,P04874,synthetic
PRD0001598,CeraVe,CeraVe Hydra Niacinamide Serum,serum,combination|sensitive,dehydration,niacinamide,yes,yes,no,PM,,43.55,skincare_products_5000.csv,P04009,synthetic
PRD0001599,CeraVe,CeraVe Hydra Panthenol Moisturizer,moisturizer,combination-sensitive,oiliness|redness,"panthenol, cholesterol, ceramides",yes,yes,no,PM,,34.61,skincare_products_5000.csv,P03524,synthetic
PRD0001600,CeraVe,CeraVe Hydra Panthenol Toner,toner,combination-sensitive|dry,dryness,"panthenol, pha, beta-glucan",yes,no,no,AM,,17.36,skincare_products_5000.csv,P03535,synthetic
PRD0001601,CeraVe,CeraVe Hydra Salicylic Acid Cleanser,cleanser,combination|dry|oily,barrier repair|dark spots|dryness,"salicylic acid, betaine, niacinamide",yes,no,no,AM/PM,,14.2,skincare_products_5000.csv,P00844,synthetic
PRD0001602,CeraVe,CeraVe Hydra Salicylic Acid Cleanser,cleanser,sensitive,barrier repair|oiliness,"salicylic acid, betaine",yes,yes,no,Weekly,,11.95,skincare_products_5000.csv,P03631,synthetic
PRD0001603,CeraVe,CeraVe Hydra Squalane Moisturizer,moisturizer,dry|oily,acne|aging|barrier repair,"squalane, cholesterol, glycerin",yes,yes,no,PM,,33.51,skincare_products_5000.csv,P01575,synthetic
PRD0001604,CeraVe,CeraVe Hydra Sulfur Mask,mask,oily,acne|dark spots|oiliness,"sulfur, oat extract",no,no,no,AM,,21.17,skincare_products_5000.csv,P01544,synthetic
PRD0001605,CeraVe,CeraVe Hydra Sulfur Treatment,treatment,normal|oily,acne|dryness|redness,sulfur,no,yes,no,AM,,23.31,skincare_products_5000.csv,P02106,synthetic
PRD0001606,CeraVe,CeraVe Pure Avobenzone SPF 50,sunscreen,combination-sensitive,barrier repair|dryness|sensitivity,avobenzone,yes,yes,no,AM,30.0,20.13,skincare_products_5000.csv,P01141,synthetic
PRD0001607,CeraVe,CeraVe Pure Avobenzone SPF 50,sunscreen,combination-sensitive|normal,dehydration,avobenzone,yes,no,no,AM,50.0,23.94,skincare_products_5000.csv,P03579,synthetic
PRD0001608,CeraVe,CeraVe Pure Azelaic Acid Serum,serum,combination|dry|sensitive,acne,"azelaic acid, centella",no,no,no,PM,,31.76,skincare_products_5000.csv,P00760,synthetic
PRD0001609,CeraVe,CeraVe Pure Azelaic Acid Treatment,treatment,combination|dry|oily,aging|barrier repair|dehydration,azelaic acid,yes,yes,no,Weekly,,17.03,skincare_products_5000.csv,P02434,synthetic
PRD0001610,CeraVe,CeraVe Pure Azelaic Acid Treatment,treatment,combination|oily,dark spots|dehydration|sensitivity,"azelaic acid, benzoyl peroxide, salicylic acid",yes,yes,no,AM/PM,,26.88,skincare_products_5000.csv,P00650,synthetic
PRD0001611,CeraVe,CeraVe Pure Azelaic Acid Treatment,treatment,sensitive,dehydration,azelaic acid,no,yes,no,AM/PM,,28.43,skincare_products_5000.csv,P04421,synthetic
PRD0001612,CeraVe,CeraVe Pure Benzoyl Peroxide Treatment,treatment,combination|normal,dark spots,"benzoyl peroxide, adapalene",yes,yes,no,PM,,18.17,skincare_products_5000.csv,P03110,synthetic
PRD0001613,CeraVe,CeraVe Pure Betaine Cleanser,cleanser,oily|sensitive,dark spots|dryness|redness,"betaine, salicylic acid",no,no,no,PM,,23.14,skincare_products_5000.csv,P03787,synthetic
PRD0001614,CeraVe,CeraVe Pure Clay Mask,mask,combination-sensitive|sensitive,aging|dryness,"clay, oat extract",yes,no,no,Weekly,,8.56,skincare_products_5000.csv,P03296,synthetic
PRD0001615,CeraVe,CeraVe Pure Clay Mask,mask,sensitive,dark spots|dryness|redness,clay,yes,no,no,AM/PM,,25.72,skincare_products_5000.csv,P03130,synthetic
PRD0001616,CeraVe,CeraVe Pure Glycerin Moisturizer,moisturizer,oily,aging|barrier repair|dryness,"glycerin, panthenol, cholesterol",yes,yes,no,PM,,22.85,skincare_products_5000.csv,P01288,synthetic
PRD0001617,CeraVe,CeraVe Pure Hyaluronic Acid Serum,serum,normal,oiliness|sensitivity,hyaluronic acid,yes,yes,no,AM/PM,,40.19,skincare_products_5000.csv,P02735,synthetic
PRD0001618,CeraVe,CeraVe Pure Niacinamide Cleanser,cleanser,normal|oily,acne|dehydration|oiliness,niacinamide,no,yes,no,PM,,8.41,skincare_products_5000.csv,P03038,synthetic
PRD0001619,CeraVe,CeraVe Pure Niacinamide Cleanser,cleanser,normal|oily|sensitive,acne|barrier repair|oiliness,"niacinamide, salicylic acid, betaine",no,no,no,PM,,9.24,skincare_products_5000.csv,P00348,synthetic
PRD0001620,CeraVe,CeraVe Pure Niacinamide Toner,toner,combination|oily,barrier repair,niacinamide,yes,no,no,Weekly,,11.46,skincare_products_5000.csv,P02381,synthetic
PRD0001621,CeraVe,CeraVe Pure Panthenol Toner,toner,combination-sensitive|normal|oily,oiliness,"panthenol, centella, niacinamide",yes,no,no,Weekly,,14.13,skincare_products_5000.csv,P00168,synthetic
PRD0001622,CeraVe,CeraVe Pure Peptides Serum,serum,combination-sensitive|normal,dryness|oiliness,peptides,no,no,no,PM,,41.78,skincare_products_5000.csv,P03461,synthetic
PRD0001623,CeraVe,CeraVe Pure Retinol Serum,serum,sensitive,aging|redness,"retinol, azelaic acid, centella",yes,no,no,Weekly,,22.17,skincare_products_5000.csv,P03906,synthetic
PRD0001624,CeraVe,CeraVe Pure Retinol Treatment,treatment,combination-sensitive|dry|oily,oiliness,"retinol, sulfur, benzoyl peroxide",yes,yes,no,PM,,33.19,skincare_products_5000.csv,P02516,synthetic
PRD0001625,CeraVe,CeraVe Pure Squalane Moisturizer,moisturizer,normal|sensitive,dehydration|dryness|redness,squalane,yes,yes,no,Weekly,,23.36,skincare_products_5000.csv,P01594,synthetic
PRD0001626,CeraVe,CeraVe Pure Sulfur Mask,mask,combination-sensitive,dark spots|redness,"sulfur, hyaluronic acid",yes,no,no,AM,,19.24,skincare_products_5000.csv,P01722,synthetic
PRD0001627,CeraVe,CeraVe Pure Sulfur Treatment,treatment,combination-sensitive|dry|sensitive,dark spots|dryness|sensitivity,"sulfur, adapalene, salicylic acid",yes,yes,yes,Weekly,,30.44,skincare_products_5000.csv,P02169,synthetic
PRD0001628,CeraVe,CeraVe Pure Sulfur Treatment,treatment,combination|dry|sensitive,barrier repair|sensitivity,"sulfur, salicylic acid, retinol",yes,yes,no,AM,,12.1,skincare_products_5000.csv,P03526,synthetic
PRD0001629,CeraVe,CeraVe Pure Titanium Dioxide SPF 50,sunscreen,combination|combination-sensitive|dry,dark spots|oiliness,titanium dioxide,no,no,no,AM,50.0,22.57,skincare_products_5000.csv,P01060,synthetic
PRD0001630,CeraVe,CeraVe Pure Titanium Dioxide SPF 50,sunscreen,oily|sensitive,dark spots,"titanium dioxide, avobenzone, zinc oxide",no,no,no,AM,50.0,14.36,skincare_products_5000.csv,P01341,synthetic
PRD0001631,CeraVe,CeraVe Pure Urea Moisturizer,moisturizer,oily,sensitivity,"urea, glycerin, squalane",no,yes,no,PM,,13.83,skincare_products_5000.csv,P04206,synthetic
PRD0001632,CeraVe,CeraVe Pure Vitamin C Serum,serum,combination|sensitive,barrier repair|dryness,"vitamin c, niacinamide",yes,yes,no,AM/PM,,38.69,skincare_products_5000.csv,P00952,synthetic
PRD0001633,CeraVe,CeraVe Pure Vitamin E SPF 50,sunscreen,combination|combination-sensitive|sensitive,dark spots|redness,"vitamin e, titanium dioxide",yes,yes,no,AM,30.0,28.05,skincare_products_5000.csv,P01845,synthetic
PRD0001634,CeraVe,CeraVe Pure Vitamin E SPF 50,sunscreen,normal|oily|sensitive,oiliness|redness,vitamin e,yes,yes,no,AM,50.0,19.6,skincare_products_5000.csv,P01688,synthetic
PRD0001635,CeraVe,CeraVe Repair Avobenzone SPF 50,sunscreen,combination,aging,"avobenzone, niacinamide, vitamin e",yes,yes,no,AM,50.0,11.24,skincare_products_5000.csv,P04348,synthetic
PRD0001636,CeraVe,CeraVe Repair Avobenzone SPF 50,sunscreen,combination-sensitive|normal|oily,acne|barrier repair|dryness,avobenzone,yes,no,no,AM,30.0,25.89,skincare_products_5000.csv,P04616,synthetic
PRD0001637,CeraVe,CeraVe Repair Azelaic Acid Serum,serum,combination|oily,dark spots,"azelaic acid, niacinamide, peptides",yes,yes,no,AM,,16.03,skincare_products_5000.csv,P03827,synthetic
PRD0001638,CeraVe,CeraVe Repair Beta-Glucan Toner,toner,combination-sensitive,acne|barrier repair|dryness,beta-glucan,yes,no,no,AM/PM,,23.74,skincare_products_5000.csv,P02934,synthetic
PRD0001639,CeraVe,CeraVe Repair Centella Mask,mask,combination|normal|oily,oiliness|redness,centella,no,no,no,PM,,20.28,skincare_products_5000.csv,P00554,synthetic
PRD0001640,CeraVe,CeraVe Repair Centella Serum,serum,combination-sensitive|dry,acne|dark spots,"centella, niacinamide",no,no,no,AM/PM,,11.54,skincare_products_5000.csv,P01782,synthetic
PRD0001641,CeraVe,CeraVe Repair Centella Serum,serum,dry|normal|sensitive,aging|dryness|sensitivity,"centella, peptides, niacinamide",yes,yes,no,AM/PM,,15.28,skincare_products_5000.csv,P03393,synthetic
PRD0001642,CeraVe,CeraVe Repair Centella Toner,toner,normal|oily|sensitive,oiliness|redness,"centella, beta-glucan, pha",yes,no,no,AM/PM,,10.46,skincare_products_5000.csv,P01453,synthetic
PRD0001643,CeraVe,CeraVe Repair Cholesterol Moisturizer,moisturizer,normal,acne|dehydration|dryness,"cholesterol, urea, ceramides",yes,yes,no,Weekly,,15.9,skincare_products_5000.csv,P01518,synthetic
PRD0001644,CeraVe,CeraVe Repair Clay Mask,mask,combination-sensitive|oily,dark spots|sensitivity,clay,yes,no,no,Weekly,,20.47,skincare_products_5000.csv,P00495,synthetic
PRD0001645,CeraVe,CeraVe Repair Clay Mask,mask,combination-sensitive|sensitive,dehydration|sensitivity,"clay, sulfur",no,no,no,Weekly,,27.81,skincare_products_5000.csv,P02972,synthetic
PRD0001646,CeraVe,CeraVe Repair Clay Mask,mask,oily,acne|dark spots,"clay, sulfur",yes,no,no,AM/PM,,15.1,skincare_products_5000.csv,P00907,synthetic
PRD0001647,CeraVe,CeraVe Repair Glycerin Moisturizer,moisturizer,combination|oily,acne|dark spots,glycerin,yes,yes,no,AM/PM,,19.16,skincare_products_5000.csv,P03187,synthetic
PRD0001648,CeraVe,CeraVe Repair Green Tea Mask,mask,combination-sensitive,barrier repair|dark spots|sensitivity,"green tea, clay",no,no,no,Weekly,,19.88,skincare_products_5000.csv,P03774,synthetic
PRD0001649,CeraVe,CeraVe Repair Hyaluronic Acid Mask,mask,combination-sensitive|dry|normal,dark spots,"hyaluronic acid, oat extract, clay",yes,no,no,AM,,10.69,skincare_products_5000.csv,P03361,synthetic
PRD0001650,CeraVe,CeraVe Repair Hyaluronic Acid Serum,serum,combination-sensitive,acne|dehydration,"hyaluronic acid, retinol",no,yes,no,PM,,39.68,skincare_products_5000.csv,P00505,synthetic
PRD0001651,CeraVe,CeraVe Repair Hyaluronic Acid Serum,serum,combination|combination-sensitive,redness,hyaluronic acid,yes,no,no,AM,,11.83,skincare_products_5000.csv,P03591,synthetic
PRD0001652,CeraVe,CeraVe Repair Niacinamide SPF 50,sunscreen,normal|sensitive,aging,"niacinamide, titanium dioxide, vitamin e",no,yes,no,AM,50.0,11.42,skincare_products_5000.csv,P00845,synthetic
PRD0001653,CeraVe,CeraVe Repair Niacinamide Serum,serum,combination|combination-sensitive|dry,dark spots,niacinamide,yes,no,no,AM/PM,,40.12,skincare_products_5000.csv,P00929,synthetic
PRD0001654,CeraVe,CeraVe Repair Niacinamide Toner,toner,dry,oiliness|redness,"niacinamide, panthenol",yes,no,no,Weekly,,11.45,skincare_products_5000.csv,P03328,synthetic
PRD0001655,CeraVe,CeraVe Repair Pha Toner,toner,normal|oily,redness,"pha, niacinamide, centella",yes,no,no,AM,,15.58,skincare_products_5000.csv,P01866,synthetic
PRD0001656,CeraVe,CeraVe Repair Retinol Treatment,treatment,oily|sensitive,aging|barrier repair|dehydration,"retinol, azelaic acid, benzoyl peroxide",yes,yes,no,PM,,32.54,skincare_products_5000.csv,P00797,synthetic
PRD0001657,CeraVe,CeraVe Repair Salicylic Acid Cleanser,cleanser,normal|sensitive,aging|barrier repair,"salicylic acid, centella",yes,yes,no,PM,,25.88,skincare_products_5000.csv,P02177,synthetic
PRD0001658,CeraVe,CeraVe Repair Salicylic Acid Treatment,treatment,combination-sensitive|normal,dark spots|dryness,"salicylic acid, benzoyl peroxide, sulfur",yes,no,no,AM,,15.16,skincare_products_5000.csv,P03900,synthetic
PRD0001659,CeraVe,CeraVe Repair Sulfur Treatment,treatment,combination-sensitive|normal|sensitive,dehydration|dryness,sulfur,no,yes,no,Weekly,,27.67,skincare_products_5000.csv,P03414,synthetic
PRD0001660,CeraVe,CeraVe Repair Vitamin C Serum,serum,combination|sensitive,oiliness|redness,"vitamin c, hyaluronic acid",yes,yes,no,Weekly,,23.2,skincare_products_5000.csv,P02215,synthetic
PRD0001661,CeraVe,CeraVe Repair Vitamin E SPF 50,sunscreen,combination-sensitive|normal,dehydration|oiliness,"vitamin e, octocrylene",yes,no,no,AM,50.0,20.87,skincare_products_5000.csv,P02578,synthetic
PRD0001662,CeraVe,CeraVe Repair Vitamin E SPF 50,sunscreen,combination|combination-sensitive|normal,dark spots|sensitivity,"vitamin e, niacinamide, zinc oxide",no,yes,no,AM,50.0,11.16,skincare_products_5000.csv,P00995,synthetic
PRD0001663,CeraVe,CeraVe Repair Zinc Oxide SPF 50,sunscreen,combination-sensitive|oily,dehydration|sensitivity,zinc oxide,yes,yes,no,AM,50.0,11.38,skincare_products_5000.csv,P01486,synthetic
PRD0001664,CeraVe,CeraVe Repair Zinc Oxide SPF 50,sunscreen,normal|oily,redness,"zinc oxide, niacinamide, titanium dioxide",yes,no,no,AM,50.0,12.03,skincare_products_5000.csv,P04163,synthetic
PRD0001665,Cetaphil,Cetaphil Advanced Avobenzone SPF 50,sunscreen,combination-sensitive|sensitive,acne|dryness|oiliness,avobenzone,yes,yes,no,AM,50.0,18.63,skincare_products_5000.csv,P04786,synthetic
PRD0001666,Cetaphil,Cetaphil Advanced Azelaic Acid Serum,serum,normal|sensitive,dark spots|redness,"azelaic acid, peptides, retinol",no,yes,no,AM,,17.18,skincare_products_5000.csv,P02984,synthetic
PRD0001667,Cetaphil,Cetaphil Advanced Benzoyl Peroxide Treatment,treatment,combination-sensitive|dry|oily,barrier repair|dark spots|dehydration,"benzoyl peroxide, adapalene, sulfur",yes,yes,yes,AM,,30.03,skincare_products_5000.csv,P02059,synthetic
PRD0001668,Cetaphil,Cetaphil Advanced Beta-Glucan Toner,toner,sensitive,sensitivity,beta-glucan,yes,no,no,AM,,10.46,skincare_products_5000.csv,P02523,synthetic
PRD0001669,Cetaphil,Cetaphil Advanced Betaine Cleanser,cleanser,combination|combination-sensitive,aging|barrier repair|sensitivity,"betaine, centella",yes,yes,no,PM,,25.36,skincare_products_5000.csv,P03486,synthetic
PRD0001670,Cetaphil,Cetaphil Advanced Centella Cleanser,cleanser,dry,aging,"centella, ceramides",yes,yes,no,AM/PM,,9.75,skincare_products_5000.csv,P00465,synthetic
PRD0001671,Cetaphil,Cetaphil Advanced Centella Cleanser,cleanser,normal,oiliness,"centella, ceramides",yes,yes,no,Weekly,,13.56,skincare_products_5000.csv,P01297,synthetic
PRD0001672,Cetaphil,Cetaphil Advanced Centella Mask,mask,combination-sensitive|dry|oily,acne|barrier repair|oiliness,"centella, oat extract, green tea",yes,no,no,AM/PM,,14.39,skincare_products_5000.csv,P01028,synthetic
PRD0001673,Cetaphil,Cetaphil Advanced Centella Toner,toner,combination|normal|oily,dark spots|oiliness,centella,yes,no,no,AM,,17.18,skincare_products_5000.csv,P01835,synthetic
PRD0001674,Cetaphil,Cetaphil Advanced Ceramides Moisturizer,moisturizer,sensitive,acne,"ceramides, glycerin, squalane",no,yes,no,Weekly,,19.29,skincare_products_5000.csv,P03652,synthetic
PRD0001675,Cetaphil,Cetaphil Advanced Cholesterol Moisturizer,moisturizer,sensitive,aging|dark spots|dehydration,"cholesterol, squalane, ceramides",yes,no,no,AM/PM,,28.11,skincare_products_5000.csv,P00615,synthetic
PRD0001676,Cetaphil,Cetaphil Advanced Glycerin Cleanser,cleanser,combination-sensitive|normal,aging|dark spots|sensitivity,"glycerin, betaine, centella",yes,yes,no,Weekly,,23.74,skincare_products_5000.csv,P02857,synthetic
PRD0001677,Cetaphil,Cetaphil Advanced Hyaluronic Acid Mask,mask,dry|normal|oily,oiliness|redness,hyaluronic acid,yes,no,no,PM,,17.28,skincare_products_5000.csv,P04902,synthetic
PRD0001678,Cetaphil,Cetaphil Advanced Hyaluronic Acid Serum,serum,combination-sensitive|sensitive,redness,"hyaluronic acid, vitamin c",yes,no,no,AM/PM,,33.9,skincare_products_5000.csv,P01360,synthetic
PRD0001679,Cetaphil,Cetaphil Advanced Niacinamide Cleanser,cleanser,oily,barrier repair|oiliness|redness,"niacinamide, glycerin",yes,no,no,AM,,25.78,skincare_products_5000.csv,P04259,synthetic
PRD0001680,Cetaphil,Cetaphil Advanced Niacinamide Cleanser,cleanser,oily,dehydration,niacinamide,yes,no,no,PM,,8.87,skincare_products_5000.csv,P02114,synthetic
PRD0001681,Cetaphil,Cetaphil Advanced Octocrylene SPF 50,sunscreen,dry|oily,aging|dehydration|sensitivity,"octocrylene, titanium dioxide",yes,yes,no,AM,50.0,23.24,skincare_products_5000.csv,P02647,synthetic
PRD0001682,Cetaphil,Cetaphil Advanced Panthenol Moisturizer,moisturizer,combination-sensitive|sensitive,acne|sensitivity,panthenol,no,no,no,AM/PM,,23.61,skincare_products_5000.csv,P02278,synthetic
PRD0001683,Cetaphil,Cetaphil Advanced Panthenol Toner,toner,combination|dry|normal,barrier repair|sensitivity,panthenol,yes,no,no,PM,,14.47,skincare_products_5000.csv,P01485,synthetic
PRD0001684,Cetaphil,Cetaphil Advanced Peptides Serum,serum,dry|sensitive,dehydration,"peptides, vitamin c, hyaluronic acid",yes,no,no,AM,,36.2,skincare_products_5000.csv,P03284,synthetic
PRD0001685,Cetaphil,Cetaphil Advanced Retinol Serum,serum,oily,dryness,"retinol, centella, hyaluronic acid",no,no,no,Weekly,,29.75,skincare_products_5000.csv,P03990,synthetic
PRD0001686,Cetaphil,Cetaphil Advanced Retinol Treatment,treatment,combination-sensitive|dry|oily,acne|dehydration|oiliness,"retinol, adapalene, benzoyl peroxide",yes,yes,no,AM,,14.55,skincare_products_5000.csv,P04255,synthetic
PRD0001687,Cetaphil,Cetaphil Advanced Retinol Treatment,treatment,combination|dry|oily,dehydration|oiliness|redness,"retinol, adapalene",yes,yes,yes,PM,,31.66,skincare_products_5000.csv,P02464,synthetic
PRD0001688,Cetaphil,Cetaphil Advanced Salicylic Acid Cleanser,cleanser,combination-sensitive,dryness|redness|sensitivity,"salicylic acid, betaine",yes,yes,no,PM,,13.46,skincare_products_5000.csv,P02641,synthetic
PRD0001689,Cetaphil,Cetaphil Advanced Sulfur Mask,mask,dry|oily|sensitive,acne|aging|dark spots,sulfur,yes,no,no,AM/PM,,19.85,skincare_products_5000.csv,P03759,synthetic
PRD0001690,Cetaphil,Cetaphil Advanced Sulfur Mask,mask,normal,dark spots,sulfur,yes,no,no,Weekly,,17.28,skincare_products_5000.csv,P03089,synthetic
PRD0001691,Cetaphil,Cetaphil Advanced Vitamin E SPF 50,sunscreen,combination,aging,"vitamin e, octocrylene",yes,yes,no,AM,50.0,21.33,skincare_products_5000.csv,P03189,synthetic
PRD0001692,Cetaphil,Cetaphil Advanced Vitamin E SPF 50,sunscreen,combination|normal|oily,acne|barrier repair|dark spots,"vitamin e, niacinamide, avobenzone",yes,yes,no,AM,50.0,14.23,skincare_products_5000.csv,P01095,synthetic
PRD0001693,Cetaphil,Cetaphil Advanced Zinc Oxide SPF 50,sunscreen,combination-sensitive|dry|oily,sensitivity,zinc oxide,yes,yes,no,AM,30.0,11.18,skincare_products_5000.csv,P01589,synthetic
PRD0001694,Cetaphil,Cetaphil Advanced Zinc Oxide SPF 50,sunscreen,dry,oiliness,zinc oxide,no,yes,no,AM,30.0,23.95,skincare_products_5000.csv,P00054,synthetic
PRD0001695,Cetaphil,Cetaphil Balance Azelaic Acid Treatment,treatment,combination-sensitive|dry|oily,dark spots|redness,azelaic acid,yes,yes,no,AM,,23.76,skincare_products_5000.csv,P00195,synthetic
PRD0001696,Cetaphil,Cetaphil Balance Benzoyl Peroxide Treatment,treatment,combination-sensitive,dryness,benzoyl peroxide,yes,yes,no,Weekly,,15.69,skincare_products_5000.csv,P03021,synthetic
PRD0001697,Cetaphil,Cetaphil Balance Benzoyl Peroxide Treatment,treatment,dry,acne|dryness,"benzoyl peroxide, sulfur",yes,yes,no,Weekly,,15.89,skincare_products_5000.csv,P00509,synthetic
PRD0001698,Cetaphil,Cetaphil Balance Betaine Cleanser,cleanser,combination-sensitive|normal,dark spots|sensitivity,"betaine, salicylic acid, glycerin",yes,yes,no,AM,,21.37,skincare_products_5000.csv,P02234,synthetic
PRD0001699,Cetaphil,Cetaphil Balance Betaine Cleanser,cleanser,dry|normal|oily,barrier repair,betaine,yes,yes,no,AM/PM,,19.05,skincare_products_5000.csv,P02863,synthetic
PRD0001700,Cetaphil,Cetaphil Balance Centella Cleanser,cleanser,combination-sensitive|sensitive,oiliness|redness|sensitivity,centella,no,yes,no,Weekly,,9.04,skincare_products_5000.csv,P01219,synthetic
PRD0001701,Cetaphil,Cetaphil Balance Centella Serum,serum,combination|dry,aging|redness,"centella, azelaic acid, vitamin c",yes,yes,no,Weekly,,16.46,skincare_products_5000.csv,P00625,synthetic
PRD0001702,Cetaphil,Cetaphil Balance Ceramides Moisturizer,moisturizer,oily,aging|redness,"ceramides, squalane",yes,yes,no,AM/PM,,33.61,skincare_products_5000.csv,P00315,synthetic
PRD0001703,Cetaphil,Cetaphil Balance Ceramides Moisturizer,moisturizer,sensitive,redness,ceramides,yes,yes,no,AM/PM,,26.02,skincare_products_5000.csv,P02582,synthetic
PRD0001704,Cetaphil,Cetaphil Balance Cholesterol Moisturizer,moisturizer,combination-sensitive|dry,sensitivity,"cholesterol, urea",yes,yes,no,PM,,19.92,skincare_products_5000.csv,P01462,synthetic
PRD0001705,Cetaphil,Cetaphil Balance Niacinamide Cleanser,cleanser,combination|oily,aging|dryness|redness,niacinamide,yes,yes,no,PM,,20.8,skincare_products_5000.csv,P04589,synthetic
PRD0001706,Cetaphil,Cetaphil Balance Niacinamide Cleanser,cleanser,normal,aging|oiliness|redness,"niacinamide, betaine",yes,yes,no,AM/PM,,15.86,skincare_products_5000.csv,P02895,synthetic
PRD0001707,Cetaphil,Cetaphil Balance Niacinamide Cleanser,cleanser,normal|oily|sensitive,dark spots,"niacinamide, salicylic acid, centella",yes,yes,no,PM,,9.68,skincare_products_5000.csv,P03436,synthetic
PRD0001708,Cetaphil,Cetaphil Balance Niacinamide SPF 50,sunscreen,sensitive,redness,"niacinamide, zinc oxide, titanium dioxide",yes,yes,no,AM,50.0,28.01,skincare_products_5000.csv,P03050,synthetic
PRD0001709,Cetaphil,Cetaphil Balance Octocrylene SPF 50,sunscreen,combination-sensitive,barrier repair|redness,octocrylene,yes,no,no,AM,30.0,19.39,skincare_products_5000.csv,P02287,synthetic
PRD0001710,Cetaphil,Cetaphil Balance Peptides Serum,serum,combination|dry|normal,acne|sensitivity,"peptides, azelaic acid, hyaluronic acid",yes,yes,no,PM,,28.66,skincare_products_5000.csv,P04403,synthetic
PRD0001711,Cetaphil,Cetaphil Balance Salicylic Acid Cleanser,cleanser,combination-sensitive|dry|oily,acne|aging|sensitivity,"salicylic acid, glycerin",yes,no,no,AM/PM,,10.09,skincare_products_5000.csv,P01106,synthetic
PRD0001712,Cetaphil,Cetaphil Balance Salicylic Acid Cleanser,cleanser,oily,barrier repair|oiliness,"salicylic acid, ceramides",yes,yes,no,AM,,12.39,skincare_products_5000.csv,P03077,synthetic
PRD0001713,Cetaphil,Cetaphil Balance Urea Moisturizer,moisturizer,combination|dry,acne,"urea, panthenol",yes,yes,no,AM,,13.17,skincare_products_5000.csv,P03771,synthetic
PRD0001714,Cetaphil,Cetaphil Balance Urea Moisturizer,moisturizer,combination|dry,barrier repair,urea,no,yes,no,AM/PM,,13.02,skincare_products_5000.csv,P02765,synthetic
PRD0001715,Cetaphil,Cetaphil Balance Urea Moisturizer,moisturizer,dry|oily,aging|dryness|redness,"urea, squalane, panthenol",yes,yes,no,AM/PM,,20.22,skincare_products_5000.csv,P02941,synthetic
PRD0001716,Cetaphil,Cetaphil Balance Urea Moisturizer,moisturizer,normal,aging,"urea, cholesterol, glycerin",no,no,no,AM,,19.96,skincare_products_5000.csv,P04404,synthetic
PRD0001717,Cetaphil,Cetaphil Balance Urea Moisturizer,moisturizer,oily|sensitive,redness,"urea, ceramides",yes,yes,no,AM/PM,,22.28,skincare_products_5000.csv,P03519,synthetic
PRD0001718,Cetaphil,Cetaphil Balance Vitamin C Serum,serum,sensitive,sensitivity,"vitamin c, retinol",no,no,no,Weekly,,25.02,skincare_products_5000.csv,P03057,synthetic
PRD0001719,Cetaphil,Cetaphil Balance Vitamin E SPF 50,sunscreen,combination|combination-sensitive|oily,barrier repair|oiliness|redness,vitamin e,yes,yes,no,AM,50.0,12.91,skincare_products_5000.csv,P04591,synthetic
PRD0001720,Cetaphil,Cetaphil Balance Vitamin E SPF 50,sunscreen,dry,barrier repair,"vitamin e, octocrylene",yes,yes,no,AM,50.0,23.35,skincare_products_5000.csv,P03932,synthetic
PRD0001721,Cetaphil,Cetaphil Balance Vitamin E SPF 50,sunscreen,dry|sensitive,dark spots|dehydration|redness,vitamin e,yes,yes,no,AM,30.0,25.14,skincare_products_5000.csv,P01289,synthetic
PRD0001722,Cetaphil,Cetaphil Balance Zinc Oxide SPF 50,sunscreen,normal,dark spots|sensitivity,zinc oxide,yes,yes,no,AM,50.0,17.04,skincare_products_5000.csv,P02166,synthetic
PRD0001723,Cetaphil,Cetaphil Barrier Azelaic Acid Treatment,treatment,dry,dark spots,azelaic acid,yes,yes,no,PM,,27.6,skincare_products_5000.csv,P00872,synthetic
PRD0001724,Cetaphil,Cetaphil Barrier Centella Cleanser,cleanser,combination|oily,dark spots,"centella, glycerin, niacinamide",yes,yes,no,AM,,23.01,skincare_products_5000.csv,P00368,synthetic
PRD0001725,Cetaphil,Cetaphil Barrier Centella Serum,serum,combination-sensitive|oily|sensitive,redness|sensitivity,"centella, azelaic acid",yes,yes,no,Weekly,,34.89,skincare_products_5000.csv,P02914,synthetic
PRD0001726,Cetaphil,Cetaphil Barrier Cholesterol Moisturizer,moisturizer,combination|dry|oily,dehydration|sensitivity,"cholesterol, panthenol, urea",yes,yes,no,AM/PM,,12.25,skincare_products_5000.csv,P03464,synthetic
PRD0001727,Cetaphil,Cetaphil Barrier Cholesterol Moisturizer,moisturizer,normal|oily,aging,"cholesterol, urea, glycerin",yes,yes,no,AM/PM,,25.39,skincare_products_5000.csv,P03948,synthetic
PRD0001728,Cetaphil,Cetaphil Barrier Clay Mask,mask,combination-sensitive|normal|oily,barrier repair|dehydration|sensitivity,"clay, sulfur",yes,no,no,PM,,22.55,skincare_products_5000.csv,P03454,synthetic
PRD0001729,Cetaphil,Cetaphil Barrier Glycerin Cleanser,cleanser,combination|dry|oily,redness,"glycerin, salicylic acid, betaine",yes,no,no,PM,,11.65,skincare_products_5000.csv,P03202,synthetic
PRD0001730,Cetaphil,Cetaphil Barrier Niacinamide SPF 50,sunscreen,combination-sensitive,dark spots|dryness|oiliness,"niacinamide, vitamin e",yes,yes,no,AM,50.0,10.47,skincare_products_5000.csv,P04789,synthetic
PRD0001731,Cetaphil,Cetaphil Barrier Niacinamide SPF 50,sunscreen,normal|oily,barrier repair|dark spots|sensitivity,"niacinamide, titanium dioxide",yes,yes,no,AM,50.0,28.61,skincare_products_5000.csv,P00451,synthetic
PRD0001732,Cetaphil,Cetaphil Barrier Niacinamide Serum,serum,combination-sensitive|dry|normal,dehydration|sensitivity,"niacinamide, hyaluronic acid",yes,yes,no,Weekly,,38.12,skincare_products_5000.csv,P01065,synthetic
PRD0001733,Cetaphil,Cetaphil Barrier Oat Extract Mask,mask,combination|dry|sensitive,barrier repair|dark spots|redness,"oat extract, sulfur, green tea",yes,no,no,Weekly,,19.5,skincare_products_5000.csv,P03279,synthetic
PRD0001734,Cetaphil,Cetaphil Barrier Oat Extract Mask,mask,dry,aging|dryness,"oat extract, clay",yes,no,no,AM,,13.43,skincare_products_5000.csv,P00446,synthetic
PRD0001735,Cetaphil,Cetaphil Barrier Peptides Serum,serum,combination|sensitive,dryness|redness,"peptides, vitamin c",yes,yes,no,AM/PM,,14.44,skincare_products_5000.csv,P04502,synthetic
PRD0001736,Cetaphil,Cetaphil Barrier Retinol Treatment,treatment,oily,aging,retinol,yes,yes,no,PM,,21.2,skincare_products_5000.csv,P04173,synthetic
PRD0001737,Cetaphil,Cetaphil Barrier Salicylic Acid Cleanser,cleanser,combination,aging|barrier repair|dark spots,salicylic acid,yes,yes,no,PM,,14.36,skincare_products_5000.csv,P01206,synthetic
PRD0001738,Cetaphil,Cetaphil Barrier Salicylic Acid Cleanser,cleanser,combination-sensitive|oily,aging,"salicylic acid, betaine",yes,no,no,AM,,8.31,skincare_products_5000.csv,P01548,synthetic
PRD0001739,Cetaphil,Cetaphil Barrier Salicylic Acid Treatment,treatment,combination-sensitive|sensitive,dehydration,"salicylic acid, azelaic acid, benzoyl peroxide",yes,yes,no,AM,,17.03,skincare_products_5000.csv,P04119,synthetic
PRD0001740,Cetaphil,Cetaphil Barrier Squalane Moisturizer,moisturizer,dry|normal|sensitive,aging|barrier repair|oiliness,squalane,yes,yes,no,PM,,14.22,skincare_products_5000.csv,P01825,synthetic
PRD0001741,Cetaphil,Cetaphil Barrier Titanium Dioxide SPF 50,sunscreen,combination|oily|sensitive,acne|barrier repair|dehydration,"titanium dioxide, avobenzone",no,yes,no,AM,30.0,20.2,skincare_products_5000.csv,P03329,synthetic
PRD0001742,Cetaphil,Cetaphil Barrier Vitamin C Serum,serum,combination,dehydration|dryness|sensitivity,"vitamin c, centella, niacinamide",no,yes,no,AM/PM,,18.71,skincare_products_5000.csv,P03325,synthetic
PRD0001743,Cetaphil,Cetaphil Barrier Vitamin C Serum,serum,oily,dark spots|dehydration|redness,"vitamin c, centella",no,yes,no,Weekly,,33.01,skincare_products_5000.csv,P03143,synthetic
PRD0001744,Cetaphil,Cetaphil Barrier Vitamin E SPF 50,sunscreen,dry|oily|sensitive,acne|oiliness,vitamin e,no,yes,no,AM,50.0,24.2,skincare_products_5000.csv,P01995,synthetic
PRD0001745,Cetaphil,Cetaphil Calm Avobenzone SPF 50,sunscreen,combination|sensitive,acne|sensitivity,avobenzone,yes,yes,no,AM,30.0,17.97,skincare_products_5000.csv,P03141,synthetic
PRD0001746,Cetaphil,Cetaphil Calm Azelaic Acid Serum,serum,sensitive,sensitivity,"azelaic acid, hyaluronic acid",no,yes,no,PM,,42.05,skincare_products_5000.csv,P03991,synthetic
PRD0001747,Cetaphil,Cetaphil Calm Azelaic Acid Treatment,treatment,combination|normal|oily,dark spots|dryness,"azelaic acid, salicylic acid",no,yes,no,PM,,32.81,skincare_products_5000.csv,P00268,synthetic
PRD0001748,Cetaphil,Cetaphil Calm Azelaic Acid Treatment,treatment,normal|oily,acne|dehydration,azelaic acid,no,yes,no,Weekly,,9.83,skincare_products_5000.csv,P02971,synthetic
PRD0001749,Cetaphil,Cetaphil Calm Centella Cleanser,cleanser,combination|normal|oily,barrier repair,"centella, ceramides, salicylic acid",yes,no,no,AM/PM,,8.61,skincare_products_5000.csv,P02155,synthetic
PRD0001750,Cetaphil,Cetaphil Calm Centella Serum,serum,dry,acne|barrier repair|oiliness,"centella, niacinamide, azelaic acid",no,yes,no,AM,,32.36,skincare_products_5000.csv,P03094,synthetic
PRD0001751,Cetaphil,Cetaphil Calm Ceramides Cleanser,cleanser,combination|normal|sensitive,dryness|oiliness|redness,ceramides,yes,yes,no,AM/PM,,18.16,skincare_products_5000.csv,P04868,synthetic
PRD0001752,Cetaphil,Cetaphil Calm Ceramides Cleanser,cleanser,dry,dark spots,"ceramides, glycerin",no,no,no,Weekly,,12.39,skincare_products_5000.csv,P02023,synthetic
PRD0001753,Cetaphil,Cetaphil Calm Cholesterol Moisturizer,moisturizer,combination|oily|sensitive,acne|dryness|redness,"cholesterol, squalane, glycerin",yes,yes,no,Weekly,,19.5,skincare_products_5000.csv,P00336,synthetic
PRD0001754,Cetaphil,Cetaphil Calm Clay Mask,mask,dry,acne|dark spots,"clay, green tea",yes,no,no,PM,,24.88,skincare_products_5000.csv,P03360,synthetic
PRD0001755,Cetaphil,Cetaphil Calm Glycerin Cleanser,cleanser,oily|sensitive,barrier repair,"glycerin, ceramides, centella",yes,no,no,PM,,14.39,skincare_products_5000.csv,P00541,synthetic
PRD0001756,Cetaphil,Cetaphil Calm Glycerin Toner,toner,sensitive,dark spots|sensitivity,"glycerin, pha",yes,no,no,AM,,9.52,skincare_products_5000.csv,P01427,synthetic
PRD0001757,Cetaphil,Cetaphil Calm Green Tea Mask,mask,combination-sensitive|dry|oily,dehydration,green tea,yes,no,no,AM,,17.54,skincare_products_5000.csv,P02194,synthetic
PRD0001758,Cetaphil,Cetaphil Calm Hyaluronic Acid Mask,mask,combination-sensitive,acne|aging|dryness,"hyaluronic acid, centella",no,no,no,AM/PM,,10.92,skincare_products_5000.csv,P04909,synthetic
PRD0001759,Cetaphil,Cetaphil Calm Niacinamide SPF 50,sunscreen,combination|sensitive,aging|barrier repair|oiliness,niacinamide,yes,yes,no,AM,50.0,23.47,skincare_products_5000.csv,P02279,synthetic
PRD0001760,Cetaphil,Cetaphil Calm Niacinamide Toner,toner,combination,aging|dehydration|redness,"niacinamide, panthenol",yes,no,no,AM/PM,,14.92,skincare_products_5000.csv,P03555,synthetic
PRD0001761,Cetaphil,Cetaphil Calm Niacinamide Toner,toner,combination|dry|normal,dryness,"niacinamide, beta-glucan, pha",yes,no,no,PM,,16.92,skincare_products_5000.csv,P02707,synthetic
PRD0001762,Cetaphil,Cetaphil Calm Panthenol Moisturizer,moisturizer,normal,aging|dryness,panthenol,no,yes,no,Weekly,,12.4,skincare_products_5000.csv,P04000,synthetic
PRD0001763,Cetaphil,Cetaphil Calm Peptides Serum,serum,oily,dryness,"peptides, vitamin c, niacinamide",no,yes,no,Weekly,,20.66,skincare_products_5000.csv,P01398,synthetic
PRD0001764,Cetaphil,Cetaphil Calm Pha Toner,toner,combination-sensitive|dry|normal,redness,"pha, niacinamide",yes,no,no,PM,,18.13,skincare_products_5000.csv,P00976,synthetic
PRD0001765,Cetaphil,Cetaphil Calm Pha Toner,toner,combination|normal|oily,acne|dehydration|sensitivity,pha,yes,no,no,Weekly,,13.34,skincare_products_5000.csv,P03799,synthetic
PRD0001766,Cetaphil,Cetaphil Calm Retinol Serum,serum,normal|sensitive,dehydration,"retinol, niacinamide, centella",yes,yes,no,PM,,37.76,skincare_products_5000.csv,P01066,synthetic
PRD0001767,Cetaphil,Cetaphil Calm Salicylic Acid Cleanser,cleanser,combination|combination-sensitive|sensitive,aging|dark spots|dryness,"salicylic acid, ceramides, niacinamide",yes,yes,no,Weekly,,11.85,skincare_products_5000.csv,P03433,synthetic
PRD0001768,Cetaphil,Cetaphil Calm Sulfur Mask,mask,combination,barrier repair|sensitivity,"sulfur, oat extract, hyaluronic acid",no,no,no,Weekly,,25.44,skincare_products_5000.csv,P04568,synthetic
PRD0001769,Cetaphil,Cetaphil Calm Sulfur Mask,mask,combination|dry,dark spots|dehydration,sulfur,yes,no,no,Weekly,,12.22,skincare_products_5000.csv,P01020,synthetic
PRD0001770,Cetaphil,Cetaphil Calm Sulfur Mask,mask,sensitive,dehydration|dryness,"sulfur, oat extract, green tea",yes,no,no,AM/PM,,21.9,skincare_products_5000.csv,P02437,synthetic
PRD0001771,Cetaphil,Cetaphil Calm Titanium Dioxide SPF 50,sunscreen,oily,acne,titanium dioxide,yes,yes,no,AM,50.0,17.18,skincare_products_5000.csv,P03758,synthetic
PRD0001772,Cetaphil,Cetaphil Calm Urea Moisturizer,moisturizer,sensitive,aging|oiliness,"urea, ceramides",yes,yes,no,AM,,33.84,skincare_products_5000.csv,P02251,synthetic
PRD0001773,Cetaphil,Cetaphil Calm Vitamin C Serum,serum,normal|sensitive,aging|oiliness,"vitamin c, niacinamide, peptides",yes,yes,no,Weekly,,43.68,skincare_products_5000.csv,P02317,synthetic
PRD0001774,Cetaphil,Cetaphil Calm Vitamin E SPF 50,sunscreen,combination|combination-sensitive|dry,acne|barrier repair|sensitivity,vitamin e,yes,yes,no,AM,50.0,26.18,skincare_products_5000.csv,P03480,synthetic
PRD0001775,Cetaphil,Cetaphil Calm Zinc Oxide SPF 50,sunscreen,dry|oily|sensitive,sensitivity,"zinc oxide, titanium dioxide",yes,yes,no,AM,50.0,26.03,skincare_products_5000.csv,P00201,synthetic
PRD0001776,Cetaphil,Cetaphil Clear Azelaic Acid Serum,serum,combination-sensitive|oily|sensitive,barrier repair,azelaic acid,yes,yes,no,Weekly,,36.13,skincare_products_5000.csv,P01809,synthetic
PRD0001777,Cetaphil,Cetaphil Clear Centella Cleanser,cleanser,dry|normal|oily,dehydration|sensitivity,"centella, niacinamide, betaine",yes,no,no,AM/PM,,21.86,skincare_products_5000.csv,P03132,synthetic
PRD0001778,Cetaphil,Cetaphil Clear Centella Mask,mask,combination|combination-sensitive,oiliness,"centella, sulfur",yes,no,no,AM,,21.54,skincare_products_5000.csv,P01834,synthetic
PRD0001779,Cetaphil,Cetaphil Clear Centella Mask,mask,combination|oily|sensitive,dark spots|dehydration,"centella, hyaluronic acid",yes,no,no,PM,,19.18,skincare_products_5000.csv,P00524,synthetic
PRD0001780,Cetaphil,Cetaphil Clear Centella Toner,toner,combination|normal|oily,barrier repair|dehydration|oiliness,"centella, panthenol, niacinamide",yes,no,no,Weekly,,10.08,skincare_products_5000.csv,P02164,synthetic
PRD0001781,Cetaphil,Cetaphil Clear Ceramides Moisturizer,moisturizer,combination,barrier repair|dehydration|sensitivity,ceramides,yes,yes,no,PM,,24.45,skincare_products_5000.csv,P01685,synthetic
PRD0001782,Cetaphil,Cetaphil Clear Ceramides Moisturizer,moisturizer,oily,acne|redness|sensitivity,ceramides,yes,yes,no,Weekly,,31.06,skincare_products_5000.csv,P01534,synthetic
PRD0001783,Cetaphil,Cetaphil Clear Glycerin Cleanser,cleanser,oily,acne|dryness|redness,"glycerin, niacinamide",yes,yes,no,AM/PM,,9.73,skincare_products_5000.csv,P01978,synthetic
PRD0001784,Cetaphil,Cetaphil Clear Niacinamide Cleanser,cleanser,combination-sensitive|dry|sensitive,dryness|oiliness,niacinamide,yes,yes,no,AM,,14.22,skincare_products_5000.csv,P00871,synthetic
PRD0001785,Cetaphil,Cetaphil Clear Octocrylene SPF 50,sunscreen,dry|sensitive,dehydration,octocrylene,yes,yes,no,AM,50.0,15.62,skincare_products_5000.csv,P02087,synthetic
PRD0001786,Cetaphil,Cetaphil Clear Octocrylene SPF 50,sunscreen,normal|oily,oiliness,octocrylene,yes,yes,no,AM,30.0,27.48,skincare_products_5000.csv,P03580,synthetic
PRD0001787,Cetaphil,Cetaphil Clear Panthenol Moisturizer,moisturizer,normal,dehydration|oiliness,"panthenol, squalane, cholesterol",yes,yes,no,Weekly,,21.55,skincare_products_5000.csv,P00477,synthetic
PRD0001788,Cetaphil,Cetaphil Clear Panthenol Moisturizer,moisturizer,normal|oily,acne|barrier repair|dehydration,"panthenol, cholesterol, ceramides",yes,no,no,AM,,28.17,skincare_products_5000.csv,P01758,synthetic
PRD0001789,Cetaphil,Cetaphil Clear Retinol Serum,serum,combination-sensitive|normal|sensitive,acne,retinol,yes,yes,no,AM,,23.4,skincare_products_5000.csv,P04659,synthetic
PRD0001790,Cetaphil,Cetaphil Clear Retinol Serum,serum,combination|combination-sensitive|oily,dehydration|oiliness,"retinol, hyaluronic acid, azelaic acid",yes,no,no,Weekly,,18.13,skincare_products_5000.csv,P04447,synthetic
PRD0001791,Cetaphil,Cetaphil Clear Retinol Treatment,treatment,sensitive,oiliness,retinol,yes,yes,no,Weekly,,12.89,skincare_products_5000.csv,P01643,synthetic
PRD0001792,Cetaphil,Cetaphil Clear Squalane Moisturizer,moisturizer,combination|normal,dryness|sensitivity,"squalane, cholesterol, urea",yes,yes,no,Weekly,,28.67,skincare_products_5000.csv,P04451,synthetic
PRD0001793,Cetaphil,Cetaphil Clear Sulfur Treatment,treatment,combination-sensitive|normal|sensitive,dehydration,sulfur,yes,yes,no,PM,,32.05,skincare_products_5000.csv,P01810,synthetic
PRD0001794,Cetaphil,Cetaphil Clear Sulfur Treatment,treatment,dry|normal|oily,aging|oiliness|sensitivity,"sulfur, retinol, benzoyl peroxide",no,yes,no,PM,,25.44,skincare_products_5000.csv,P02654,synthetic
PRD0001795,Cetaphil,Cetaphil Clear Titanium Dioxide SPF 50,sunscreen,combination-sensitive|oily,acne|oiliness|redness,"titanium dioxide, octocrylene",yes,no,no,AM,30.0,20.29,skincare_products_5000.csv,P03179,synthetic
PRD0001796,Cetaphil,Cetaphil Clear Titanium Dioxide SPF 50,sunscreen,sensitive,dehydration|oiliness,"titanium dioxide, niacinamide, zinc oxide",yes,no,no,AM,50.0,10.91,skincare_products_5000.csv,P02342,synthetic
PRD0001797,Cetaphil,Cetaphil Clear Urea Moisturizer,moisturizer,combination,acne|dehydration,"urea, glycerin, cholesterol",yes,yes,no,AM/PM,,14.03,skincare_products_5000.csv,P01007,synthetic
PRD0001798,Cetaphil,Cetaphil Clear Vitamin E SPF 50,sunscreen,dry,dryness,"vitamin e, zinc oxide, octocrylene",yes,yes,no,AM,30.0,26.85,skincare_products_5000.csv,P03722,synthetic
PRD0001799,Cetaphil,Cetaphil Clear Vitamin E SPF 50,sunscreen,oily,dark spots|dehydration|oiliness,"vitamin e, niacinamide, zinc oxide",yes,yes,no,AM,50.0,21.95,skincare_products_5000.csv,P00522,synthetic
PRD0001800,Cetaphil,Cetaphil Daily Adapalene Treatment,treatment,combination-sensitive|sensitive,barrier repair|oiliness,adapalene,no,yes,yes,AM/PM,,25.45,skincare_products_5000.csv,P04467,synthetic
PRD0001801,Cetaphil,Cetaphil Daily Adapalene Treatment,treatment,normal,sensitivity,"adapalene, salicylic acid, azelaic acid",yes,yes,no,Weekly,,14.71,skincare_products_5000.csv,P00355,synthetic
PRD0001802,Cetaphil,Cetaphil Daily Centella Mask,mask,dry,redness,"centella, sulfur",no,no,no,AM/PM,,15.48,skincare_products_5000.csv,P02052,synthetic
PRD0001803,Cetaphil,Cetaphil Daily Ceramides Cleanser,cleanser,combination,dark spots|dryness|oiliness,ceramides,yes,no,no,PM,,9.96,skincare_products_5000.csv,P00419,synthetic
PRD0001804,Cetaphil,Cetaphil Daily Ceramides Cleanser,cleanser,combination|normal|sensitive,dryness|sensitivity,"ceramides, centella",yes,yes,no,AM/PM,,22.69,skincare_products_5000.csv,P02182,synthetic
PRD0001805,Cetaphil,Cetaphil Daily Clay Mask,mask,combination-sensitive,barrier repair|dehydration|dryness,"clay, centella, hyaluronic acid",yes,no,no,Weekly,,25.41,skincare_products_5000.csv,P02876,synthetic
PRD0001806,Cetaphil,Cetaphil Daily Glycerin Cleanser,cleanser,combination-sensitive|oily,dehydration|redness|sensitivity,glycerin,yes,yes,no,PM,,15.83,skincare_products_5000.csv,P03946,synthetic
PRD0001807,Cetaphil,Cetaphil Daily Glycerin Cleanser,cleanser,dry|normal|sensitive,sensitivity,"glycerin, ceramides, salicylic acid",no,yes,no,Weekly,,24.86,skincare_products_5000.csv,P02729,synthetic
PRD0001808,Cetaphil,Cetaphil Daily Glycerin Cleanser,cleanser,normal|oily|sensitive,barrier repair|dark spots,glycerin,no,no,no,AM,,20.58,skincare_products_5000.csv,P04776,synthetic
PRD0001809,Cetaphil,Cetaphil Daily Hyaluronic Acid Mask,mask,combination|dry|oily,barrier repair|dehydration|sensitivity,"hyaluronic acid, green tea",yes,no,no,PM,,11.69,skincare_products_5000.csv,P02390,synthetic
PRD0001810,Cetaphil,Cetaphil Daily Niacinamide Serum,serum,combination-sensitive|sensitive,dehydration,"niacinamide, retinol, vitamin c",yes,yes,no,Weekly,,10.02,skincare_products_5000.csv,P04952,synthetic
PRD0001811,Cetaphil,Cetaphil Daily Niacinamide Toner,toner,normal,barrier repair|oiliness|redness,"niacinamide, pha, centella",yes,no,no,AM/PM,,13.34,skincare_products_5000.csv,P03446,synthetic
PRD0001812,Cetaphil,Cetaphil Daily Panthenol Moisturizer,moisturizer,combination-sensitive|dry|sensitive,dryness,"panthenol, cholesterol",yes,yes,no,AM,,26.11,skincare_products_5000.csv,P04418,synthetic
PRD0001813,Cetaphil,Cetaphil Daily Panthenol Moisturizer,moisturizer,normal|sensitive,acne,"panthenol, squalane",no,yes,no,AM,,32.38,skincare_products_5000.csv,P00683,synthetic
PRD0001814,Cetaphil,Cetaphil Daily Retinol Serum,serum,combination|dry|sensitive,acne,retinol,yes,yes,no,AM/PM,,12.04,skincare_products_5000.csv,P02197,synthetic
PRD0001815,Cetaphil,Cetaphil Daily Retinol Serum,serum,oily|sensitive,aging|redness|sensitivity,retinol,yes,yes,no,AM/PM,,38.19,skincare_products_5000.csv,P00093,synthetic
PRD0001816,Cetaphil,Cetaphil Daily Retinol Treatment,treatment,combination|sensitive,acne|dryness,"retinol, adapalene, benzoyl peroxide",no,no,yes,AM,,22.22,skincare_products_5000.csv,P00910,synthetic
PRD0001817,Cetaphil,Cetaphil Daily Salicylic Acid Cleanser,cleanser,dry|normal|sensitive,aging|dehydration|oiliness,"salicylic acid, niacinamide, betaine",yes,yes,no,PM,,9.83,skincare_products_5000.csv,P00622,synthetic
PRD0001818,Cetaphil,Cetaphil Daily Salicylic Acid Treatment,treatment,dry|oily|sensitive,barrier repair|dark spots|sensitivity,"salicylic acid, benzoyl peroxide",yes,yes,no,AM,,23.25,skincare_products_5000.csv,P01827,synthetic
PRD0001819,Cetaphil,Cetaphil Daily Vitamin E SPF 50,sunscreen,combination,acne|aging|dark spots,"vitamin e, titanium dioxide",yes,yes,no,AM,50.0,23.09,skincare_products_5000.csv,P01565,synthetic
PRD0001820,Cetaphil,Cetaphil Glow Azelaic Acid Treatment,treatment,oily,barrier repair,"azelaic acid, adapalene, sulfur",yes,yes,yes,PM,,19.34,skincare_products_5000.csv,P04867,synthetic
PRD0001821,Cetaphil,Cetaphil Glow Benzoyl Peroxide Treatment,treatment,oily|sensitive,dryness|oiliness,"benzoyl peroxide, salicylic acid",yes,yes,no,Weekly,,21.7,skincare_products_5000.csv,P00961,synthetic
PRD0001822,Cetaphil,Cetaphil Glow Centella Cleanser,cleanser,combination-sensitive|sensitive,barrier repair|redness,"centella, niacinamide, salicylic acid",yes,yes,no,PM,,22.04,skincare_products_5000.csv,P00532,synthetic
PRD0001823,Cetaphil,Cetaphil Glow Centella Cleanser,cleanser,combination-sensitive|sensitive,dehydration|dryness|oiliness,"centella, ceramides",yes,yes,no,AM/PM,,12.9,skincare_products_5000.csv,P03912,synthetic
PRD0001824,Cetaphil,Cetaphil Glow Centella Serum,serum,combination|combination-sensitive,dark spots|dryness,centella,no,yes,no,PM,,15.96,skincare_products_5000.csv,P02374,synthetic
PRD0001825,Cetaphil,Cetaphil Glow Cholesterol Moisturizer,moisturizer,dry|oily,dark spots|dehydration|oiliness,"cholesterol, glycerin",yes,yes,no,AM,,22.47,skincare_products_5000.csv,P01131,synthetic
PRD0001826,Cetaphil,Cetaphil Glow Glycerin Toner,toner,combination|combination-sensitive,barrier repair|dehydration|redness,"glycerin, centella",yes,no,no,PM,,13.69,skincare_products_5000.csv,P04341,synthetic
PRD0001827,Cetaphil,Cetaphil Glow Glycerin Toner,toner,combination|normal|sensitive,dark spots|dehydration,"glycerin, pha, centella",yes,no,no,Weekly,,11.11,skincare_products_5000.csv,P02657,synthetic
PRD0001828,Cetaphil,Cetaphil Glow Hyaluronic Acid Serum,serum,combination-sensitive|normal|sensitive,aging|redness,"hyaluronic acid, vitamin c",yes,yes,no,PM,,41.07,skincare_products_5000.csv,P00402,synthetic
PRD0001829,Cetaphil,Cetaphil Glow Niacinamide Serum,serum,combination-sensitive,oiliness,"niacinamide, centella",yes,no,no,PM,,34.92,skincare_products_5000.csv,P03098,synthetic
PRD0001830,Cetaphil,Cetaphil Glow Niacinamide Serum,serum,dry,dark spots|dehydration,niacinamide,yes,no,no,Weekly,,24.4,skincare_products_5000.csv,P03234,synthetic
PRD0001831,Cetaphil,Cetaphil Glow Niacinamide Serum,serum,normal|sensitive,aging|dehydration|oiliness,"niacinamide, peptides",no,yes,no,PM,,20.85,skincare_products_5000.csv,P00333,synthetic
PRD0001832,Cetaphil,Cetaphil Glow Panthenol Moisturizer,moisturizer,oily,aging|barrier repair|dark spots,"panthenol, glycerin",no,yes,no,Weekly,,20.77,skincare_products_5000.csv,P03161,synthetic
PRD0001833,Cetaphil,Cetaphil Glow Peptides Serum,serum,combination|combination-sensitive|normal,aging|barrier repair|dryness,"peptides, vitamin c, hyaluronic acid",yes,yes,no,AM,,29.41,skincare_products_5000.csv,P00904,synthetic
PRD0001834,Cetaphil,Cetaphil Glow Peptides Serum,serum,combination|normal|oily,dark spots|oiliness|redness,"peptides, vitamin c",yes,yes,no,Weekly,,15.57,skincare_products_5000.csv,P01668,synthetic
PRD0001835,Cetaphil,Cetaphil Glow Pha Toner,toner,combination|dry,dryness,"pha, glycerin",yes,no,no,AM,,19.61,skincare_products_5000.csv,P00404,synthetic
PRD0001836,Cetaphil,Cetaphil Glow Sulfur Mask,mask,combination,dehydration|dryness,sulfur,yes,no,no,Weekly,,18.06,skincare_products_5000.csv,P03015,synthetic
PRD0001837,Cetaphil,Cetaphil Glow Vitamin C Serum,serum,combination-sensitive,dehydration|dryness|sensitivity,"vitamin c, retinol",yes,no,no,AM/PM,,11.67,skincare_products_5000.csv,P03283,synthetic
PRD0001838,Cetaphil,Cetaphil Glow Vitamin C Serum,serum,normal|sensitive,dryness,"vitamin c, retinol",yes,yes,no,AM,,16.24,skincare_products_5000.csv,P00494,synthetic
PRD0001839,Cetaphil,Cetaphil Hydra Azelaic Acid Serum,serum,combination-sensitive|oily|sensitive,barrier repair|oiliness|sensitivity,"azelaic acid, vitamin c, centella",yes,yes,no,AM/PM,,16.71,skincare_products_5000.csv,P04382,synthetic
PRD0001840,Cetaphil,Cetaphil Hydra Benzoyl Peroxide Treatment,treatment,combination-sensitive,dark spots|oiliness,"benzoyl peroxide, sulfur, salicylic acid",yes,yes,no,AM,,31.09,skincare_products_5000.csv,P01260,synthetic
PRD0001841,Cetaphil,Cetaphil Hydra Beta-Glucan Toner,toner,oily|sensitive,dehydration|redness|sensitivity,"beta-glucan, panthenol",yes,no,no,PM,,20.41,skincare_products_5000.csv,P00131,synthetic
PRD0001842,Cetaphil,Cetaphil Hydra Centella Cleanser,cleanser,combination|normal|sensitive,dark spots|dryness,"centella, salicylic acid",yes,yes,no,Weekly,,10.94,skincare_products_5000.csv,P04034,synthetic
PRD0001843,Cetaphil,Cetaphil Hydra Centella Cleanser,cleanser,dry|normal,dehydration,"centella, ceramides, salicylic acid",yes,yes,no,AM/PM,,18.42,skincare_products_5000.csv,P01814,synthetic
PRD0001844,Cetaphil,Cetaphil Hydra Centella Cleanser,cleanser,sensitive,dryness,centella,no,no,no,PM,,24.38,skincare_products_5000.csv,P02800,synthetic
PRD0001845,Cetaphil,Cetaphil Hydra Centella Serum,serum,combination|normal,aging|dryness|sensitivity,centella,yes,yes,no,Weekly,,30.84,skincare_products_5000.csv,P00567,synthetic
PRD0001846,Cetaphil,Cetaphil Hydra Centella Serum,serum,normal|sensitive,dehydration,"centella, hyaluronic acid",yes,yes,no,PM,,9.53,skincare_products_5000.csv,P00161,synthetic
PRD0001847,Cetaphil,Cetaphil Hydra Ceramides Cleanser,cleanser,combination|normal|oily,barrier repair|sensitivity,"ceramides, glycerin",no,yes,no,Weekly,,22.15,skincare_products_5000.csv,P02031,synthetic
PRD0001848,Cetaphil,Cetaphil Hydra Ceramides Moisturizer,moisturizer,combination|normal|oily,barrier repair|redness,"ceramides, panthenol",yes,yes,no,Weekly,,16.65,skincare_products_5000.csv,P04797,synthetic
PRD0001849,Cetaphil,Cetaphil Hydra Cholesterol Moisturizer,moisturizer,combination-sensitive,aging|redness|sensitivity,cholesterol,no,yes,no,PM,,16.76,skincare_products_5000.csv,P03559,synthetic
PRD0001850,Cetaphil,Cetaphil Hydra Cholesterol Moisturizer,moisturizer,combination|combination-sensitive|dry,acne|dryness,"cholesterol, squalane, glycerin",yes,yes,no,Weekly,,17.66,skincare_products_5000.csv,P04052,synthetic
PRD0001851,Cetaphil,Cetaphil Hydra Glycerin Cleanser,cleanser,combination-sensitive|dry|sensitive,dehydration|dryness|redness,"glycerin, ceramides",no,no,no,AM/PM,,15.49,skincare_products_5000.csv,P00073,synthetic
PRD0001852,Cetaphil,Cetaphil Hydra Glycerin Cleanser,cleanser,combination-sensitive|normal|sensitive,dryness|sensitivity,"glycerin, niacinamide",yes,yes,no,AM/PM,,12.72,skincare_products_5000.csv,P00938,synthetic
PRD0001853,Cetaphil,Cetaphil Hydra Hyaluronic Acid Serum,serum,normal|oily,dark spots|dryness|redness,"hyaluronic acid, niacinamide, centella",no,yes,no,AM,,31.51,skincare_products_5000.csv,P04390,synthetic
PRD0001854,Cetaphil,Cetaphil Hydra Oat Extract Mask,mask,combination-sensitive,acne,"oat extract, green tea, centella",yes,no,no,PM,,17.05,skincare_products_5000.csv,P00253,synthetic
PRD0001855,Cetaphil,Cetaphil Hydra Oat Extract Mask,mask,combination|sensitive,dryness|oiliness,"oat extract, sulfur, green tea",yes,no,no,AM/PM,,27.05,skincare_products_5000.csv,P03476,synthetic
PRD0001856,Cetaphil,Cetaphil Hydra Panthenol Moisturizer,moisturizer,combination-sensitive|dry|oily,aging|barrier repair,"panthenol, glycerin, urea",yes,yes,no,AM/PM,,11.32,skincare_products_5000.csv,P00217,synthetic
PRD0001857,Cetaphil,Cetaphil Hydra Squalane Moisturizer,moisturizer,combination-sensitive,sensitivity,"squalane, ceramides, cholesterol",yes,yes,no,Weekly,,16.94,skincare_products_5000.csv,P02797,synthetic
PRD0001858,Cetaphil,Cetaphil Hydra Sulfur Treatment,treatment,combination|dry|oily,acne|oiliness|sensitivity,sulfur,yes,yes,no,Weekly,,17.26,skincare_products_5000.csv,P00971,synthetic
PRD0001859,Cetaphil,Cetaphil Hydra Titanium Dioxide SPF 50,sunscreen,combination-sensitive|normal|sensitive,redness|sensitivity,"titanium dioxide, niacinamide",yes,yes,no,AM,50.0,12.09,skincare_products_5000.csv,P04750,synthetic
PRD0001860,Cetaphil,Cetaphil Hydra Titanium Dioxide SPF 50,sunscreen,dry|oily,aging,"titanium dioxide, avobenzone, niacinamide",yes,yes,no,AM,30.0,18.87,skincare_products_5000.csv,P04048,synthetic
PRD0001861,Cetaphil,Cetaphil Hydra Urea Moisturizer,moisturizer,combination|oily,acne,"urea, squalane, ceramides",no,yes,no,AM/PM,,19.46,skincare_products_5000.csv,P01330,synthetic
PRD0001862,Cetaphil,Cetaphil Hydra Vitamin C Serum,serum,combination|normal|oily,barrier repair|dehydration|redness,vitamin c,no,no,no,PM,,42.18,skincare_products_5000.csv,P01828,synthetic
PRD0001863,Cetaphil,Cetaphil Pure Adapalene Treatment,treatment,normal,dehydration|oiliness|sensitivity,"adapalene, azelaic acid, benzoyl peroxide",yes,yes,yes,AM/PM,,26.83,skincare_products_5000.csv,P00267,synthetic
PRD0001864,Cetaphil,Cetaphil Pure Adapalene Treatment,treatment,oily,barrier repair|redness,"adapalene, retinol, salicylic acid",yes,yes,no,AM/PM,,9.9,skincare_products_5000.csv,P01933,synthetic
PRD0001865,Cetaphil,Cetaphil Pure Azelaic Acid Treatment,treatment,combination-sensitive,acne|dryness|oiliness,azelaic acid,yes,no,no,AM/PM,,31.74,skincare_products_5000.csv,P03358,synthetic
PRD0001866,Cetaphil,Cetaphil Pure Benzoyl Peroxide Treatment,treatment,combination|combination-sensitive|dry,acne|dehydration|redness,"benzoyl peroxide, adapalene, salicylic acid",yes,yes,no,PM,,32.62,skincare_products_5000.csv,P02493,synthetic
PRD0001867,Cetaphil,Cetaphil Pure Benzoyl Peroxide Treatment,treatment,dry|sensitive,acne|dark spots|dehydration,benzoyl peroxide,no,yes,no,AM/PM,,27.41,skincare_products_5000.csv,P04960,synthetic
PRD0001868,Cetaphil,Cetaphil Pure Betaine Cleanser,cleanser,dry,oiliness|redness|sensitivity,"betaine, centella, ceramides",yes,yes,no,AM/PM,,11.4,skincare_products_5000.csv,P03237,synthetic
PRD0001869,Cetaphil,Cetaphil Pure Centella Toner,toner,combination,barrier repair|dark spots,"centella, panthenol, beta-glucan",no,no,no,AM,,9.1,skincare_products_5000.csv,P01114,synthetic
PRD0001870,Cetaphil,Cetaphil Pure Centella Toner,toner,oily|sensitive,dehydration|sensitivity,centella,no,no,no,Weekly,,21.8,skincare_products_5000.csv,P04900,synthetic
PRD0001871,Cetaphil,Cetaphil Pure Ceramides Moisturizer,moisturizer,combination-sensitive|oily,dark spots,ceramides,yes,yes,no,AM/PM,,10.29,skincare_products_5000.csv,P03123,synthetic
PRD0001872,Cetaphil,Cetaphil Pure Ceramides Moisturizer,moisturizer,dry,aging,"ceramides, glycerin",no,yes,no,Weekly,,30.58,skincare_products_5000.csv,P00223,synthetic
PRD0001873,Cetaphil,Cetaphil Pure Cholesterol Moisturizer,moisturizer,combination|combination-sensitive,aging|dryness|sensitivity,"cholesterol, ceramides, glycerin",yes,no,no,AM,,14.65,skincare_products_5000.csv,P00423,synthetic
PRD0001874,Cetaphil,Cetaphil Pure Cholesterol Moisturizer,moisturizer,dry|normal|oily,dryness|oiliness|sensitivity,cholesterol,yes,yes,no,Weekly,,13.24,skincare_products_5000.csv,P03996,synthetic
PRD0001875,Cetaphil,Cetaphil Pure Glycerin Moisturizer,moisturizer,combination|normal,aging|barrier repair,"glycerin, urea",no,yes,no,PM,,14.29,skincare_products_5000.csv,P00264,synthetic
PRD0001876,Cetaphil,Cetaphil Pure Glycerin Toner,toner,oily,dryness|redness,"glycerin, pha, centella",yes,no,no,AM/PM,,11.34,skincare_products_5000.csv,P03596,synthetic
PRD0001877,Cetaphil,Cetaphil Pure Hyaluronic Acid Mask,mask,combination-sensitive|normal|oily,oiliness,"hyaluronic acid, green tea",yes,no,no,Weekly,,14.01,skincare_products_5000.csv,P02330,synthetic
PRD0001878,Cetaphil,Cetaphil Pure Hyaluronic Acid Mask,mask,oily,aging|dryness|sensitivity,"hyaluronic acid, sulfur",yes,no,no,AM/PM,,17.68,skincare_products_5000.csv,P02271,synthetic
PRD0001879,Cetaphil,Cetaphil Pure Hyaluronic Acid Mask,mask,sensitive,oiliness,"hyaluronic acid, centella",yes,no,no,AM/PM,,23.79,skincare_products_5000.csv,P02615,synthetic
PRD0001880,Cetaphil,Cetaphil Pure Niacinamide Cleanser,cleanser,dry|oily,barrier repair|dryness,"niacinamide, betaine",yes,yes,no,AM,,10.94,skincare_products_5000.csv,P03152,synthetic
PRD0001881,Cetaphil,Cetaphil Pure Niacinamide Cleanser,cleanser,normal,aging|barrier repair|oiliness,"niacinamide, betaine",yes,yes,no,Weekly,,11.53,skincare_products_5000.csv,P04981,synthetic
PRD0001882,Cetaphil,Cetaphil Pure Niacinamide SPF 50,sunscreen,combination-sensitive,aging|oiliness,"niacinamide, avobenzone",yes,yes,no,AM,50.0,14.19,skincare_products_5000.csv,P04675,synthetic
PRD0001883,Cetaphil,Cetaphil Pure Niacinamide SPF 50,sunscreen,combination-sensitive,dehydration|dryness|sensitivity,"niacinamide, zinc oxide",no,yes,no,AM,50.0,16.09,skincare_products_5000.csv,P04703,synthetic
PRD0001884,Cetaphil,Cetaphil Pure Niacinamide SPF 50,sunscreen,combination-sensitive|normal,aging,"niacinamide, vitamin e",yes,yes,no,AM,50.0,16.05,skincare_products_5000.csv,P01617,synthetic
PRD0001885,Cetaphil,Cetaphil Pure Panthenol Moisturizer,moisturizer,oily,aging|oiliness,"panthenol, cholesterol, glycerin",yes,no,no,Weekly,,19.85,skincare_products_5000.csv,P03961,synthetic
PRD0001886,Cetaphil,Cetaphil Pure Panthenol Toner,toner,sensitive,acne|barrier repair|dryness,"panthenol, beta-glucan, glycerin",yes,no,no,Weekly,,12.7,skincare_products_5000.csv,P01679,synthetic
PRD0001887,Cetaphil,Cetaphil Pure Salicylic Acid Cleanser,cleanser,combination-sensitive,barrier repair|dark spots|dehydration,"salicylic acid, ceramides, centella",yes,yes,no,Weekly,,8.85,skincare_products_5000.csv,P00240,synthetic
PRD0001888,Cetaphil,Cetaphil Pure Salicylic Acid Cleanser,cleanser,combination-sensitive|normal|sensitive,dark spots|oiliness|sensitivity,"salicylic acid, ceramides",yes,yes,no,AM/PM,,21.32,skincare_products_5000.csv,P04452,synthetic
PRD0001889,Cetaphil,Cetaphil Pure Sulfur Treatment,treatment,combination,acne|dehydration|sensitivity,"sulfur, benzoyl peroxide",no,yes,no,Weekly,,12.17,skincare_products_5000.csv,P00985,synthetic
PRD0001890,Cetaphil,Cetaphil Pure Titanium Dioxide SPF 50,sunscreen,combination-sensitive|normal|sensitive,barrier repair,titanium dioxide,yes,yes,no,AM,50.0,16.09,skincare_products_5000.csv,P02910,synthetic
PRD0001891,Cetaphil,Cetaphil Pure Zinc Oxide SPF 50,sunscreen,normal|oily|sensitive,barrier repair|redness|sensitivity,"zinc oxide, vitamin e",yes,yes,no,AM,50.0,25.91,skincare_products_5000.csv,P02795,synthetic
PRD0001892,Cetaphil,Cetaphil Repair Adapalene Treatment,treatment,dry,acne|barrier repair|sensitivity,"adapalene, sulfur",yes,yes,yes,Weekly,,19.26,skincare_products_5000.csv,P02731,synthetic
PRD0001893,Cetaphil,Cetaphil Repair Azelaic Acid Serum,serum,dry|sensitive,aging|oiliness,"azelaic acid, peptides",yes,yes,no,AM,,26.3,skincare_products_5000.csv,P04697,synthetic
PRD0001894,Cetaphil,Cetaphil Repair Azelaic Acid Treatment,treatment,combination|dry|sensitive,acne,"azelaic acid, sulfur",yes,yes,no,AM/PM,,26.35,skincare_products_5000.csv,P02112,synthetic
PRD0001895,Cetaphil,Cetaphil Repair Beta-Glucan Toner,toner,normal|sensitive,acne|dryness,"beta-glucan, niacinamide",no,no,no,AM/PM,,9.17,skincare_products_5000.csv,P00557,synthetic
PRD0001896,Cetaphil,Cetaphil Repair Beta-Glucan Toner,toner,oily|sensitive,acne|dehydration,"beta-glucan, centella, glycerin",yes,no,no,PM,,21.41,skincare_products_5000.csv,P03365,synthetic
PRD0001897,Cetaphil,Cetaphil Repair Beta-Glucan Toner,toner,sensitive,aging,beta-glucan,yes,no,no,AM/PM,,14.79,skincare_products_5000.csv,P00030,synthetic
PRD0001898,Cetaphil,Cetaphil Repair Centella Cleanser,cleanser,combination,acne|dehydration,"centella, niacinamide, salicylic acid",yes,yes,no,PM,,9.03,skincare_products_5000.csv,P00648,synthetic
PRD0001899,Cetaphil,Cetaphil Repair Centella Mask,mask,normal,dark spots,"centella, clay",yes,no,no,AM,,22.93,skincare_products_5000.csv,P00739,synthetic
PRD0001900,Cetaphil,Cetaphil Repair Centella Serum,serum,combination-sensitive|oily|sensitive,redness,centella,yes,yes,no,AM/PM,,36.41,skincare_products_5000.csv,P03357,synthetic
PRD0001901,Cetaphil,Cetaphil Repair Ceramides Moisturizer,moisturizer,combination-sensitive|normal|oily,aging,"ceramides, glycerin, panthenol",yes,yes,no,AM,,18.65,skincare_products_5000.csv,P04566,synthetic
PRD0001902,Cetaphil,Cetaphil Repair Glycerin Moisturizer,moisturizer,combination|dry,dark spots|dryness|redness,glycerin,no,yes,no,PM,,27.06,skincare_products_5000.csv,P01170,synthetic
PRD0001903,Cetaphil,Cetaphil Repair Green Tea Mask,mask,normal,barrier repair|oiliness|redness,"green tea, oat extract",yes,no,no,AM/PM,,18.56,skincare_products_5000.csv,P04715,synthetic
PRD0001904,Cetaphil,Cetaphil Repair Hyaluronic Acid Mask,mask,combination-sensitive|normal|oily,acne,"hyaluronic acid, centella",yes,no,no,Weekly,,26.96,skincare_products_5000.csv,P00086,synthetic
PRD0001905,Cetaphil,Cetaphil Repair Hyaluronic Acid Mask,mask,normal,aging|oiliness|redness,"hyaluronic acid, oat extract, clay",yes,no,no,AM/PM,,15.19,skincare_products_5000.csv,P04271,synthetic
PRD0001906,Cetaphil,Cetaphil Repair Hyaluronic Acid Serum,serum,normal|sensitive,dehydration,"hyaluronic acid, retinol, centella",yes,yes,no,AM/PM,,12.14,skincare_products_5000.csv,P01228,synthetic
PRD0001907,Cetaphil,Cetaphil Repair Niacinamide SPF 50,sunscreen,combination|normal|oily,barrier repair|oiliness,"niacinamide, zinc oxide",yes,no,no,AM,50.0,17.2,skincare_products_5000.csv,P03543,synthetic
PRD0001908,Cetaphil,Cetaphil Repair Niacinamide Serum,serum,combination|combination-sensitive|sensitive,acne|dehydration|sensitivity,"niacinamide, hyaluronic acid",yes,yes,no,Weekly,,36.12,skincare_products_5000.csv,P00157,synthetic
PRD0001909,Cetaphil,Cetaphil Repair Niacinamide Serum,serum,normal|sensitive,dryness,niacinamide,no,yes,no,AM,,34.11,skincare_products_5000.csv,P00774,synthetic
PRD0001910,Cetaphil,Cetaphil Repair Oat Extract Mask,mask,combination|oily|sensitive,oiliness,"oat extract, hyaluronic acid",yes,no,no,PM,,20.13,skincare_products_5000.csv,P00882,synthetic
PRD0001911,Cetaphil,Cetaphil Repair Octocrylene SPF 50,sunscreen,combination|combination-sensitive|oily,aging|dryness,"octocrylene, niacinamide, zinc oxide",yes,yes,no,AM,50.0,13.81,skincare_products_5000.csv,P04555,synthetic
PRD0001912,Cetaphil,Cetaphil Repair Panthenol Toner,toner,dry|oily|sensitive,dark spots|dryness|sensitivity,"panthenol, glycerin, beta-glucan",no,no,no,Weekly,,9.9,skincare_products_5000.csv,P01222,synthetic
PRD0001913,Cetaphil,Cetaphil Repair Peptides Serum,serum,combination,aging|barrier repair,peptides,yes,no,no,Weekly,,35.69,skincare_products_5000.csv,P02894,synthetic
PRD0001914,Cetaphil,Cetaphil Repair Pha Toner,toner,combination|dry|oily,acne|dryness,pha,no,no,no,AM,,8.53,skincare_products_5000.csv,P00236,synthetic
PRD0001915,Cetaphil,Cetaphil Repair Retinol Serum,serum,combination-sensitive|dry,acne|aging|barrier repair,retinol,no,no,no,AM/PM,,38.71,skincare_products_5000.csv,P01780,synthetic
PRD0001916,Cetaphil,Cetaphil Repair Retinol Serum,serum,normal,dehydration,"retinol, peptides",yes,yes,no,PM,,43.41,skincare_products_5000.csv,P04327,synthetic
PRD0001917,Cetaphil,Cetaphil Repair Retinol Treatment,treatment,combination|combination-sensitive|sensitive,acne,"retinol, sulfur",yes,no,no,Weekly,,24.25,skincare_products_5000.csv,P02192,synthetic
PRD0001918,Cetaphil,Cetaphil Repair Sulfur Mask,mask,combination-sensitive|normal|sensitive,barrier repair|dehydration|redness,sulfur,no,no,no,AM,,15.5,skincare_products_5000.csv,P00798,synthetic
PRD0001919,Cetaphil,Cetaphil Repair Sulfur Treatment,treatment,combination,barrier repair|dryness,"sulfur, retinol, benzoyl peroxide",yes,yes,no,AM,,33.16,skincare_products_5000.csv,P03830,synthetic
PRD0001920,Cetaphil,Cetaphil Repair Sulfur Treatment,treatment,combination|normal|oily,acne|dark spots|dryness,"sulfur, salicylic acid, retinol",yes,no,no,AM,,23.22,skincare_products_5000.csv,P02947,synthetic
PRD0001921,Cetaphil,Cetaphil Repair Sulfur Treatment,treatment,normal|oily,acne|dehydration|sensitivity,sulfur,yes,no,no,Weekly,,28.39,skincare_products_5000.csv,P01338,synthetic
PRD0001922,Cetaphil,Cetaphil Repair Urea Moisturizer,moisturizer,combination-sensitive|normal,barrier repair|dehydration,"urea, ceramides, squalane",yes,no,no,Weekly,,17.14,skincare_products_5000.csv,P04541,synthetic
PRD0001923,Cetaphil,Cetaphil Repair Urea Moisturizer,moisturizer,dry|normal,acne|oiliness,"urea, squalane, panthenol",yes,yes,no,AM,,28.16,skincare_products_5000.csv,P00896,synthetic
PRD0001924,Cetaphil,Cetaphil Repair Vitamin E SPF 50,sunscreen,dry|sensitive,aging|dark spots|dehydration,vitamin e,no,no,no,AM,30.0,25.71,skincare_products_5000.csv,P02347,synthetic
PRD0001925,ClearBiome,Azelaic Acid Cream 10%,Treatment,sensitive|acne-prone|combination,redness|post-acne marks|acne,azelaic acid,no,yes,,PM,,,skincare_training_starter_pack.xlsx::ProductsRules,55,from_starter_pack_products_rules
PRD0001926,ClearBiome,Barrier Repair Cream,Moisturizer,dry|sensitive,dryness|redness|dehydration,ceramides; panthenol; cholesterol,no,yes,,AM|PM,,,skincare_training_starter_pack.xlsx::ProductsRules,51,from_starter_pack_products_rules
PRD0001927,ClearBiome,Fluid Sunscreen SPF 50+,Sunscreen,oily|combination|acne-prone,uv protection|oiliness,modern uv filters,no,yes,,AM,,,skincare_training_starter_pack.xlsx::ProductsRules,60,from_starter_pack_products_rules
PRD0001928,ClearBiome,Foaming Gel Cleanser,Cleanser,oily|combination|acne-prone,oiliness|acne,zinc pca; mild surfactants,no,yes,,AM|PM,,,skincare_training_starter_pack.xlsx::ProductsRules,50,from_starter_pack_products_rules
PRD0001929,ClearBiome,Gentle Hydrating Cleanser,Cleanser,dry|sensitive|normal,dryness|sensitivity,ceramides; glycerin; hyaluronic acid,no,yes,,AM|PM,,,skincare_training_starter_pack.xlsx::ProductsRules,49,from_starter_pack_products_rules
PRD0001930,ClearBiome,Lightweight Gel Moisturizer,Moisturizer,oily|combination,oiliness|dehydration,glycerin; niacinamide,no,yes,,AM|PM,,,skincare_training_starter_pack.xlsx::ProductsRules,52,from_starter_pack_products_rules
PRD0001931,ClearBiome,Mineral Sunscreen SPF 50,Sunscreen,sensitive|dry|normal,uv protection|redness,zinc oxide; titanium dioxide,no,yes,,AM,,,skincare_training_starter_pack.xlsx::ProductsRules,59,from_starter_pack_products_rules
PRD0001932,ClearBiome,Niacinamide Serum 5%,Serum,oily|combination|sensitive,oiliness|pores|redness,niacinamide,no,yes,,AM|PM,,,skincare_training_starter_pack.xlsx::ProductsRules,53,from_starter_pack_products_rules
PRD0001933,ClearBiome,Retinol Serum 0.2%,Serum,mature|combination|oily,fine lines|texture,retinol,no,usually,,PM,,,skincare_training_starter_pack.xlsx::ProductsRules,58,from_starter_pack_products_rules
PRD0001934,ClearBiome,Salicylic Acid Serum 2%,Serum,oily|acne-prone,acne|blackheads|oiliness,salicylic acid,no,yes,,PM,,,skincare_training_starter_pack.xlsx::ProductsRules,54,from_starter_pack_products_rules
PRD0001935,ClearBiome,Soothing Toner,Toner,sensitive|dry,sensitivity|redness,centella; panthenol,no,yes,,AM|PM,,,skincare_training_starter_pack.xlsx::ProductsRules,56,from_starter_pack_products_rules
PRD0001936,ClearBiome,Vitamin C Serum 10%,Serum,normal|combination|mature,dullness|post-acne marks,ascorbic acid; ferulic acid,sometimes,usually,,AM,,,skincare_training_starter_pack.xlsx::ProductsRules,57,from_starter_pack_products_rules
PRD0001937,DermaLab,Azelaic Acid Cream 10%,Treatment,sensitive|acne-prone|combination,redness|post-acne marks|acne,azelaic acid,no,yes,,PM,,,skincare_training_starter_pack.xlsx::ProductsRules,7,from_starter_pack_products_rules
PRD0001938,DermaLab,Barrier Repair Cream,Moisturizer,dry|sensitive,dryness|redness|dehydration,ceramides; panthenol; cholesterol,no,yes,,AM|PM,,,skincare_training_starter_pack.xlsx::ProductsRules,3,from_starter_pack_products_rules
PRD0001939,DermaLab,Fluid Sunscreen SPF 50+,Sunscreen,oily|combination|acne-prone,uv protection|oiliness,modern uv filters,no,yes,,AM,,,skincare_training_starter_pack.xlsx::ProductsRules,12,from_starter_pack_products_rules
PRD0001940,DermaLab,Foaming Gel Cleanser,Cleanser,oily|combination|acne-prone,oiliness|acne,zinc pca; mild surfactants,no,yes,,AM|PM,,,skincare_training_starter_pack.xlsx::ProductsRules,2,from_starter_pack_products_rules
PRD0001941,DermaLab,Gentle Hydrating Cleanser,Cleanser,dry|sensitive|normal,dryness|sensitivity,ceramides; glycerin; hyaluronic acid,no,yes,,AM|PM,,,skincare_training_starter_pack.xlsx::ProductsRules,1,from_starter_pack_products_rules
PRD0001942,DermaLab,Lightweight Gel Moisturizer,Moisturizer,oily|combination,oiliness|dehydration,glycerin; niacinamide,no,yes,,AM|PM,,,skincare_training_starter_pack.xlsx::ProductsRules,4,from_starter_pack_products_rules
PRD0001943,DermaLab,Mineral Sunscreen SPF 50,Sunscreen,sensitive|dry|normal,uv protection|redness,zinc oxide; titanium dioxide,no,yes,,AM,,,skincare_training_starter_pack.xlsx::ProductsRules,11,from_starter_pack_products_rules
PRD0001944,DermaLab,Niacinamide Serum 5%,Serum,oily|combination|sensitive,oiliness|pores|redness,niacinamide,no,yes,,AM|PM,,,skincare_training_starter_pack.xlsx::ProductsRules,5,from_starter_pack_products_rules
PRD0001945,DermaLab,Retinol Serum 0.2%,Serum,mature|combination|oily,fine lines|texture,retinol,no,usually,,PM,,,skincare_training_starter_pack.xlsx::ProductsRules,10,from_starter_pack_products_rules
PRD0001946,DermaLab,Salicylic Acid Serum 2%,Serum,oily|acne-prone,acne|blackheads|oiliness,salicylic acid,no,yes,,PM,,,skincare_training_starter_pack.xlsx::ProductsRules,6,from_starter_pack_products_rules
PRD0001947,DermaLab,Soothing Toner,Toner,sensitive|dry,sensitivity|redness,centella; panthenol,no,yes,,AM|PM,,,skincare_training_starter_pack.xlsx::ProductsRules,8,from_starter_pack_products_rules
PRD0001948,DermaLab,Vitamin C Serum 10%,Serum,normal|combination|mature,dullness|post-acne marks,ascorbic acid; ferulic acid,sometimes,usually,,AM,,,skincare_training_starter_pack.xlsx::ProductsRules,9,from_starter_pack_products_rules
PRD0001949,Eucerin,Eucerin Advanced Adapalene Treatment,treatment,combination-sensitive|sensitive,aging|dehydration|oiliness,"adapalene, salicylic acid",yes,no,yes,Weekly,,27.61,skincare_products_5000.csv,P01479,synthetic
PRD0001950,Eucerin,Eucerin Advanced Avobenzone SPF 50,sunscreen,sensitive,sensitivity,"avobenzone, zinc oxide",yes,yes,no,AM,50.0,17.0,skincare_products_5000.csv,P01350,synthetic
PRD0001951,Eucerin,Eucerin Advanced Betaine Cleanser,cleanser,dry|oily|sensitive,dryness,betaine,yes,yes,no,Weekly,,25.25,skincare_products_5000.csv,P01977,synthetic
PRD0001952,Eucerin,Eucerin Advanced Ceramides Cleanser,cleanser,combination|sensitive,dehydration|oiliness,"ceramides, betaine, niacinamide",no,yes,no,AM/PM,,11.31,skincare_products_5000.csv,P01467,synthetic
PRD0001953,Eucerin,Eucerin Advanced Ceramides Cleanser,cleanser,combination|sensitive,redness,"ceramides, betaine",yes,yes,no,AM,,23.37,skincare_products_5000.csv,P02167,synthetic
PRD0001954,Eucerin,Eucerin Advanced Ceramides Cleanser,cleanser,normal,dryness|oiliness|sensitivity,ceramides,yes,yes,no,Weekly,,14.49,skincare_products_5000.csv,P04013,synthetic
PRD0001955,Eucerin,Eucerin Advanced Ceramides Moisturizer,moisturizer,combination|sensitive,dehydration|dryness|redness,"ceramides, panthenol, urea",yes,yes,no,Weekly,,31.92,skincare_products_5000.csv,P03637,synthetic
PRD0001956,Eucerin,Eucerin Advanced Ceramides Moisturizer,moisturizer,normal,acne|dehydration,"ceramides, urea, cholesterol",no,yes,no,AM/PM,,27.3,skincare_products_5000.csv,P02119,synthetic
PRD0001957,Eucerin,Eucerin Advanced Ceramides Moisturizer,moisturizer,normal,dark spots,"ceramides, panthenol",no,yes,no,AM,,11.12,skincare_products_5000.csv,P02899,synthetic
PRD0001958,Eucerin,Eucerin Advanced Cholesterol Moisturizer,moisturizer,combination-sensitive,aging|redness,"cholesterol, ceramides",yes,yes,no,Weekly,,25.69,skincare_products_5000.csv,P01112,synthetic
PRD0001959,Eucerin,Eucerin Advanced Clay Mask,mask,combination|normal,barrier repair|redness,"clay, green tea",yes,no,no,PM,,24.98,skincare_products_5000.csv,P03825,synthetic
PRD0001960,Eucerin,Eucerin Advanced Glycerin Moisturizer,moisturizer,combination,dehydration|dryness,glycerin,yes,yes,no,Weekly,,26.57,skincare_products_5000.csv,P03256,synthetic
PRD0001961,Eucerin,Eucerin Advanced Glycerin Toner,toner,normal|oily|sensitive,dehydration|dryness|sensitivity,"glycerin, pha",no,no,no,PM,,18.02,skincare_products_5000.csv,P04862,synthetic
PRD0001962,Eucerin,Eucerin Advanced Green Tea Mask,mask,combination-sensitive|dry|oily,aging|barrier repair|dryness,"green tea, clay, centella",yes,no,no,AM,,17.0,skincare_products_5000.csv,P03379,synthetic
PRD0001963,Eucerin,Eucerin Advanced Green Tea Mask,mask,oily,acne|dehydration|dryness,"green tea, clay, sulfur",yes,no,no,Weekly,,11.73,skincare_products_5000.csv,P02710,synthetic
PRD0001964,Eucerin,Eucerin Advanced Hyaluronic Acid Serum,serum,combination|oily,acne,hyaluronic acid,yes,yes,no,AM,,17.95,skincare_products_5000.csv,P00584,synthetic
PRD0001965,Eucerin,Eucerin Advanced Hyaluronic Acid Serum,serum,normal|oily,dark spots|redness,"hyaluronic acid, azelaic acid",no,yes,no,PM,,27.65,skincare_products_5000.csv,P02674,synthetic
PRD0001966,Eucerin,Eucerin Advanced Retinol Serum,serum,combination-sensitive,dryness,"retinol, niacinamide",yes,yes,no,PM,,14.15,skincare_products_5000.csv,P03197,synthetic
PRD0001967,Eucerin,Eucerin Advanced Retinol Treatment,treatment,combination|dry|sensitive,acne|aging|dryness,"retinol, adapalene, sulfur",yes,no,yes,AM/PM,,31.69,skincare_products_5000.csv,P00963,synthetic
PRD0001968,Eucerin,Eucerin Advanced Salicylic Acid Treatment,treatment,combination|dry|normal,dehydration|sensitivity,salicylic acid,yes,yes,no,PM,,9.29,skincare_products_5000.csv,P04110,synthetic
PRD0001969,Eucerin,Eucerin Advanced Salicylic Acid Treatment,treatment,dry|normal,aging|dark spots,"salicylic acid, adapalene, sulfur",no,yes,yes,AM,,27.34,skincare_products_5000.csv,P02092,synthetic
PRD0001970,Eucerin,Eucerin Advanced Sulfur Treatment,treatment,normal,barrier repair|redness|sensitivity,sulfur,yes,yes,no,AM/PM,,24.48,skincare_products_5000.csv,P00575,synthetic
PRD0001971,Eucerin,Eucerin Advanced Titanium Dioxide SPF 50,sunscreen,combination-sensitive|dry|normal,redness|sensitivity,titanium dioxide,yes,yes,no,AM,50.0,26.97,skincare_products_5000.csv,P03460,synthetic
PRD0001972,Eucerin,Eucerin Advanced Titanium Dioxide SPF 50,sunscreen,oily,barrier repair,"titanium dioxide, avobenzone",yes,yes,no,AM,50.0,12.8,skincare_products_5000.csv,P02511,synthetic
PRD0001973,Eucerin,Eucerin Advanced Urea Moisturizer,moisturizer,dry|normal,aging|oiliness,"urea, cholesterol",no,yes,no,PM,,12.2,skincare_products_5000.csv,P03439,synthetic
PRD0001974,Eucerin,Eucerin Advanced Vitamin C Serum,serum,combination|dry|oily,acne|oiliness|sensitivity,vitamin c,no,no,no,AM/PM,,12.58,skincare_products_5000.csv,P00964,synthetic
PRD0001975,Eucerin,Eucerin Advanced Vitamin C Serum,serum,combination|dry|sensitive,sensitivity,"vitamin c, centella",yes,no,no,AM,,24.69,skincare_products_5000.csv,P01661,synthetic
PRD0001976,Eucerin,Eucerin Advanced Vitamin E SPF 50,sunscreen,dry|oily,dark spots,vitamin e,yes,yes,no,AM,30.0,14.42,skincare_products_5000.csv,P00415,synthetic
PRD0001977,Eucerin,Eucerin Balance Adapalene Treatment,treatment,oily,dryness,"adapalene, salicylic acid",yes,no,no,Weekly,,9.53,skincare_products_5000.csv,P03537,synthetic
PRD0001978,Eucerin,Eucerin Balance Avobenzone SPF 50,sunscreen,normal|sensitive,aging|dark spots|dryness,"avobenzone, octocrylene, vitamin e",yes,no,no,AM,50.0,12.82,skincare_products_5000.csv,P01585,synthetic
PRD0001979,Eucerin,Eucerin Balance Centella Cleanser,cleanser,combination|combination-sensitive|dry,aging|barrier repair|dark spots,"centella, ceramides",no,yes,no,Weekly,,14.51,skincare_products_5000.csv,P02531,synthetic
PRD0001980,Eucerin,Eucerin Balance Centella Serum,serum,combination-sensitive,acne|dark spots|dehydration,centella,no,yes,no,AM,,38.43,skincare_products_5000.csv,P04371,synthetic
PRD0001981,Eucerin,Eucerin Balance Centella Serum,serum,dry,barrier repair|oiliness,"centella, peptides, retinol",yes,yes,no,AM,,33.46,skincare_products_5000.csv,P04060,synthetic
PRD0001982,Eucerin,Eucerin Balance Ceramides Moisturizer,moisturizer,oily,dark spots|dehydration|redness,"ceramides, panthenol, glycerin",yes,yes,no,Weekly,,12.45,skincare_products_5000.csv,P04708,synthetic
PRD0001983,Eucerin,Eucerin Balance Cholesterol Moisturizer,moisturizer,combination,acne|redness,"cholesterol, urea, ceramides",yes,yes,no,AM,,23.44,skincare_products_5000.csv,P02791,synthetic
PRD0001984,Eucerin,Eucerin Balance Glycerin Cleanser,cleanser,combination-sensitive|normal|oily,sensitivity,"glycerin, centella",yes,yes,no,Weekly,,12.83,skincare_products_5000.csv,P01609,synthetic
PRD0001985,Eucerin,Eucerin Balance Hyaluronic Acid Serum,serum,oily,sensitivity,"hyaluronic acid, retinol, peptides",no,yes,no,PM,,32.8,skincare_products_5000.csv,P02008,synthetic
PRD0001986,Eucerin,Eucerin Balance Niacinamide Cleanser,cleanser,normal,dark spots,"niacinamide, salicylic acid",yes,yes,no,AM,,19.33,skincare_products_5000.csv,P01216,synthetic
PRD0001987,Eucerin,Eucerin Balance Niacinamide Serum,serum,combination-sensitive,dark spots,"niacinamide, hyaluronic acid",no,yes,no,PM,,10.51,skincare_products_5000.csv,P04050,synthetic
PRD0001988,Eucerin,Eucerin Balance Niacinamide Toner,toner,combination,oiliness,"niacinamide, pha",no,no,no,PM,,16.34,skincare_products_5000.csv,P03388,synthetic
PRD0001989,Eucerin,Eucerin Balance Niacinamide Toner,toner,combination-sensitive|oily|sensitive,dehydration|redness,"niacinamide, glycerin",yes,no,no,PM,,13.76,skincare_products_5000.csv,P03427,synthetic
PRD0001990,Eucerin,Eucerin Balance Octocrylene SPF 50,sunscreen,normal,dehydration|sensitivity,"octocrylene, avobenzone, vitamin e",yes,yes,no,AM,50.0,26.99,skincare_products_5000.csv,P00966,synthetic
PRD0001991,Eucerin,Eucerin Balance Peptides Serum,serum,normal,acne|dark spots|sensitivity,"peptides, hyaluronic acid",yes,yes,no,PM,,38.07,skincare_products_5000.csv,P02969,synthetic
PRD0001992,Eucerin,Eucerin Balance Pha Toner,toner,combination|combination-sensitive|dry,acne|barrier repair,pha,no,no,no,Weekly,,14.76,skincare_products_5000.csv,P02072,synthetic
PRD0001993,Eucerin,Eucerin Balance Retinol Treatment,treatment,combination|dry|sensitive,acne|aging|dehydration,retinol,no,yes,no,Weekly,,27.71,skincare_products_5000.csv,P02130,synthetic
PRD0001994,Eucerin,Eucerin Balance Salicylic Acid Cleanser,cleanser,combination|oily,aging|dehydration|sensitivity,"salicylic acid, niacinamide",yes,yes,no,AM/PM,,23.62,skincare_products_5000.csv,P02739,synthetic
PRD0001995,Eucerin,Eucerin Balance Salicylic Acid Cleanser,cleanser,dry,aging|dehydration|redness,salicylic acid,yes,yes,no,AM,,11.25,skincare_products_5000.csv,P01381,synthetic
PRD0001996,Eucerin,Eucerin Balance Salicylic Acid Cleanser,cleanser,sensitive,aging|dark spots|oiliness,salicylic acid,yes,yes,no,Weekly,,22.25,skincare_products_5000.csv,P02750,synthetic
PRD0001997,Eucerin,Eucerin Balance Sulfur Mask,mask,normal,aging|dehydration|sensitivity,"sulfur, oat extract",yes,no,no,PM,,9.91,skincare_products_5000.csv,P04548,synthetic
PRD0001998,Eucerin,Eucerin Balance Sulfur Treatment,treatment,combination-sensitive|oily|sensitive,acne|dark spots|dryness,sulfur,yes,no,no,AM/PM,,31.79,skincare_products_5000.csv,P04389,synthetic
PRD0001999,Eucerin,Eucerin Balance Vitamin C Serum,serum,dry|oily|sensitive,barrier repair|dryness,"vitamin c, hyaluronic acid",yes,yes,no,AM,,40.59,skincare_products_5000.csv,P02708,synthetic
PRD0002000,Eucerin,Eucerin Balance Vitamin E SPF 50,sunscreen,normal|sensitive,aging|redness,vitamin e,no,yes,no,AM,30.0,19.95,skincare_products_5000.csv,P03001,synthetic
PRD0002001,Eucerin,Eucerin Barrier Adapalene Treatment,treatment,combination-sensitive|dry|normal,dark spots|dehydration|redness,adapalene,no,yes,yes,AM/PM,,25.65,skincare_products_5000.csv,P04847,synthetic
PRD0002002,Eucerin,Eucerin Barrier Adapalene Treatment,treatment,combination|sensitive,acne|aging|dryness,"adapalene, azelaic acid, retinol",yes,yes,yes,AM,,30.08,skincare_products_5000.csv,P02096,synthetic
PRD0002003,Eucerin,Eucerin Barrier Azelaic Acid Treatment,treatment,combination,acne|aging|dark spots,"azelaic acid, salicylic acid, retinol",yes,no,no,PM,,19.5,skincare_products_5000.csv,P04004,synthetic
PRD0002004,Eucerin,Eucerin Barrier Centella Mask,mask,combination|oily|sensitive,dehydration|redness|sensitivity,"centella, green tea",no,no,no,Weekly,,10.95,skincare_products_5000.csv,P03076,synthetic
PRD0002005,Eucerin,Eucerin Barrier Centella Toner,toner,combination-sensitive|dry|oily,acne|oiliness,centella,yes,no,no,AM,,22.71,skincare_products_5000.csv,P03463,synthetic
PRD0002006,Eucerin,Eucerin Barrier Ceramides Moisturizer,moisturizer,dry|normal,dehydration|redness,"ceramides, squalane",yes,yes,no,PM,,26.55,skincare_products_5000.csv,P04669,synthetic
PRD0002007,Eucerin,Eucerin Barrier Glycerin Moisturizer,moisturizer,combination-sensitive,aging,"glycerin, squalane",yes,yes,no,AM,,18.77,skincare_products_5000.csv,P01059,synthetic
PRD0002008,Eucerin,Eucerin Barrier Glycerin Moisturizer,moisturizer,combination-sensitive|dry,aging|barrier repair|dehydration,"glycerin, panthenol",yes,yes,no,PM,,33.42,skincare_products_5000.csv,P01697,synthetic
PRD0002009,Eucerin,Eucerin Barrier Glycerin Moisturizer,moisturizer,combination|normal,barrier repair|dehydration,glycerin,yes,yes,no,Weekly,,29.17,skincare_products_5000.csv,P02212,synthetic
PRD0002010,Eucerin,Eucerin Barrier Glycerin Moisturizer,moisturizer,normal|oily|sensitive,acne|aging|redness,"glycerin, cholesterol",yes,yes,no,Weekly,,20.6,skincare_products_5000.csv,P03548,synthetic
PRD0002011,Eucerin,Eucerin Barrier Glycerin Toner,toner,dry|normal,dark spots|redness,"glycerin, pha",yes,no,no,PM,,8.61,skincare_products_5000.csv,P01074,synthetic
PRD0002012,Eucerin,Eucerin Barrier Glycerin Toner,toner,sensitive,aging|sensitivity,"glycerin, pha, beta-glucan",yes,no,no,Weekly,,10.66,skincare_products_5000.csv,P01966,synthetic
PRD0002013,Eucerin,Eucerin Barrier Green Tea Mask,mask,combination-sensitive,barrier repair,"green tea, clay",yes,no,no,PM,,11.2,skincare_products_5000.csv,P03546,synthetic
PRD0002014,Eucerin,Eucerin Barrier Hyaluronic Acid Serum,serum,combination-sensitive|dry|oily,acne|oiliness,hyaluronic acid,yes,yes,no,AM,,15.14,skincare_products_5000.csv,P04635,synthetic
PRD0002015,Eucerin,Eucerin Barrier Niacinamide Toner,toner,combination-sensitive|dry|normal,aging|redness,"niacinamide, glycerin",yes,no,no,PM,,8.91,skincare_products_5000.csv,P03691,synthetic
PRD0002016,Eucerin,Eucerin Barrier Niacinamide Toner,toner,dry,dryness,"niacinamide, pha",yes,no,no,PM,,12.62,skincare_products_5000.csv,P04419,synthetic
PRD0002017,Eucerin,Eucerin Barrier Niacinamide Toner,toner,oily,acne,niacinamide,yes,no,no,Weekly,,14.41,skincare_products_5000.csv,P04945,synthetic
PRD0002018,Eucerin,Eucerin Barrier Panthenol Moisturizer,moisturizer,combination|dry,dryness,"panthenol, squalane, cholesterol",no,yes,no,Weekly,,23.83,skincare_products_5000.csv,P02652,synthetic
PRD0002019,Eucerin,Eucerin Barrier Peptides Serum,serum,combination|oily|sensitive,oiliness,"peptides, niacinamide",yes,no,no,Weekly,,39.63,skincare_products_5000.csv,P01257,synthetic
PRD0002020,Eucerin,Eucerin Barrier Pha Toner,toner,combination-sensitive|dry|oily,acne,pha,no,no,no,AM/PM,,9.01,skincare_products_5000.csv,P02549,synthetic
PRD0002021,Eucerin,Eucerin Barrier Squalane Moisturizer,moisturizer,combination|sensitive,acne|dehydration,"squalane, ceramides, glycerin",yes,yes,no,AM/PM,,23.69,skincare_products_5000.csv,P02912,synthetic
PRD0002022,Eucerin,Eucerin Barrier Squalane Moisturizer,moisturizer,dry|normal|oily,aging|redness,"squalane, ceramides",yes,yes,no,AM/PM,,21.63,skincare_products_5000.csv,P00643,synthetic
PRD0002023,Eucerin,Eucerin Barrier Sulfur Mask,mask,combination-sensitive|oily|sensitive,barrier repair|oiliness,"sulfur, oat extract, centella",yes,no,no,AM,,12.21,skincare_products_5000.csv,P04695,synthetic
PRD0002024,Eucerin,Eucerin Barrier Sulfur Mask,mask,dry,barrier repair|dehydration,"sulfur, oat extract, green tea",yes,no,no,Weekly,,15.54,skincare_products_5000.csv,P00637,synthetic
PRD0002025,Eucerin,Eucerin Barrier Sulfur Treatment,treatment,dry|normal,dehydration|redness,"sulfur, retinol, salicylic acid",no,yes,no,AM,,13.79,skincare_products_5000.csv,P00587,synthetic
PRD0002026,Eucerin,Eucerin Barrier Sulfur Treatment,treatment,oily,aging|oiliness|redness,"sulfur, benzoyl peroxide",no,no,no,AM/PM,,14.36,skincare_products_5000.csv,P02875,synthetic
PRD0002027,Eucerin,Eucerin Barrier Titanium Dioxide SPF 50,sunscreen,combination-sensitive|dry|normal,dehydration|oiliness|redness,"titanium dioxide, vitamin e, niacinamide",no,yes,no,AM,50.0,23.2,skincare_products_5000.csv,P03993,synthetic
PRD0002028,Eucerin,Eucerin Calm Adapalene Treatment,treatment,combination|oily|sensitive,dryness,adapalene,yes,yes,no,AM/PM,,22.51,skincare_products_5000.csv,P00838,synthetic
PRD0002029,Eucerin,Eucerin Calm Avobenzone SPF 50,sunscreen,normal,dehydration|oiliness,avobenzone,yes,yes,no,AM,30.0,28.3,skincare_products_5000.csv,P02820,synthetic
PRD0002030,Eucerin,Eucerin Calm Azelaic Acid Treatment,treatment,combination-sensitive|dry,dark spots,"azelaic acid, retinol, adapalene",no,yes,no,AM/PM,,23.35,skincare_products_5000.csv,P02083,synthetic
PRD0002031,Eucerin,Eucerin Calm Benzoyl Peroxide Treatment,treatment,combination-sensitive|normal|oily,aging,"benzoyl peroxide, sulfur",yes,yes,no,Weekly,,27.14,skincare_products_5000.csv,P04065,synthetic
PRD0002032,Eucerin,Eucerin Calm Benzoyl Peroxide Treatment,treatment,combination|normal,barrier repair|dark spots|oiliness,"benzoyl peroxide, azelaic acid, sulfur",yes,yes,no,PM,,16.08,skincare_products_5000.csv,P00175,synthetic
PRD0002033,Eucerin,Eucerin Calm Benzoyl Peroxide Treatment,treatment,sensitive,acne,"benzoyl peroxide, salicylic acid",no,yes,no,Weekly,,31.12,skincare_products_5000.csv,P00744,synthetic
PRD0002034,Eucerin,Eucerin Calm Betaine Cleanser,cleanser,combination-sensitive|normal|sensitive,aging|barrier repair|dryness,"betaine, centella, salicylic acid",yes,yes,no,AM,,15.16,skincare_products_5000.csv,P01812,synthetic
PRD0002035,Eucerin,Eucerin Calm Betaine Cleanser,cleanser,normal|oily,dryness,"betaine, centella",yes,yes,no,Weekly,,17.37,skincare_products_5000.csv,P04347,synthetic
PRD0002036,Eucerin,Eucerin Calm Centella Serum,serum,dry|oily,acne|barrier repair|dehydration,"centella, peptides",yes,yes,no,PM,,28.59,skincare_products_5000.csv,P03905,synthetic
PRD0002037,Eucerin,Eucerin Calm Centella Serum,serum,normal,acne,centella,no,yes,no,PM,,25.02,skincare_products_5000.csv,P02488,synthetic
PRD0002038,Eucerin,Eucerin Calm Ceramides Moisturizer,moisturizer,combination-sensitive|normal|oily,dehydration|dryness,ceramides,yes,no,no,AM,,34.3,skincare_products_5000.csv,P00916,synthetic
PRD0002039,Eucerin,Eucerin Calm Ceramides Moisturizer,moisturizer,dry|sensitive,aging|dark spots|sensitivity,ceramides,yes,yes,no,Weekly,,14.49,skincare_products_5000.csv,P04073,synthetic
PRD0002040,Eucerin,Eucerin Calm Glycerin Cleanser,cleanser,combination-sensitive|oily|sensitive,dark spots|oiliness,glycerin,yes,no,no,Weekly,,13.42,skincare_products_5000.csv,P00023,synthetic
PRD0002041,Eucerin,Eucerin Calm Glycerin Cleanser,cleanser,normal|sensitive,acne|aging|dryness,glycerin,no,yes,no,AM,,15.63,skincare_products_5000.csv,P01906,synthetic
PRD0002042,Eucerin,Eucerin Calm Glycerin Moisturizer,moisturizer,sensitive,dehydration|redness,"glycerin, ceramides",yes,yes,no,AM/PM,,33.32,skincare_products_5000.csv,P00408,synthetic
PRD0002043,Eucerin,Eucerin Calm Green Tea Mask,mask,combination|oily,aging|dehydration|dryness,"green tea, clay",yes,no,no,AM,,8.49,skincare_products_5000.csv,P03372,synthetic
PRD0002044,Eucerin,Eucerin Calm Niacinamide Cleanser,cleanser,normal,aging,"niacinamide, ceramides",yes,yes,no,PM,,13.72,skincare_products_5000.csv,P01134,synthetic
PRD0002045,Eucerin,Eucerin Calm Niacinamide SPF 50,sunscreen,combination-sensitive,dryness,niacinamide,no,no,no,AM,50.0,11.56,skincare_products_5000.csv,P02138,synthetic
PRD0002046,Eucerin,Eucerin Calm Niacinamide SPF 50,sunscreen,combination-sensitive|dry|oily,dark spots,"niacinamide, octocrylene",yes,no,no,AM,30.0,26.6,skincare_products_5000.csv,P02642,synthetic
PRD0002047,Eucerin,Eucerin Calm Panthenol Moisturizer,moisturizer,combination,barrier repair,"panthenol, ceramides, squalane",no,yes,no,AM,,14.84,skincare_products_5000.csv,P00318,synthetic
PRD0002048,Eucerin,Eucerin Calm Pha Toner,toner,combination-sensitive|sensitive,dryness,"pha, glycerin, centella",yes,no,no,PM,,17.32,skincare_products_5000.csv,P00824,synthetic
PRD0002049,Eucerin,Eucerin Calm Retinol Serum,serum,combination,dark spots|sensitivity,"retinol, hyaluronic acid",yes,yes,no,Weekly,,28.72,skincare_products_5000.csv,P01376,synthetic
PRD0002050,Eucerin,Eucerin Calm Retinol Serum,serum,dry|oily|sensitive,aging|dryness,"retinol, centella, azelaic acid",yes,yes,no,Weekly,,10.08,skincare_products_5000.csv,P02423,synthetic
PRD0002051,Eucerin,Eucerin Calm Sulfur Treatment,treatment,oily|sensitive,aging,"sulfur, retinol, adapalene",yes,yes,no,Weekly,,33.33,skincare_products_5000.csv,P01343,synthetic
PRD0002052,Eucerin,Eucerin Clear Adapalene Treatment,treatment,oily|sensitive,dehydration|oiliness,"adapalene, salicylic acid",yes,yes,yes,AM/PM,,20.27,skincare_products_5000.csv,P00206,synthetic
PRD0002053,Eucerin,Eucerin Clear Avobenzone SPF 50,sunscreen,dry|normal,dark spots|dryness,avobenzone,yes,yes,no,AM,50.0,27.73,skincare_products_5000.csv,P00473,synthetic
PRD0002054,Eucerin,Eucerin Clear Benzoyl Peroxide Treatment,treatment,combination-sensitive,dark spots,"benzoyl peroxide, adapalene, sulfur",yes,yes,no,Weekly,,18.76,skincare_products_5000.csv,P02395,synthetic
PRD0002055,Eucerin,Eucerin Clear Benzoyl Peroxide Treatment,treatment,combination-sensitive|oily|sensitive,acne|aging|barrier repair,"benzoyl peroxide, adapalene",yes,yes,yes,Weekly,,32.42,skincare_products_5000.csv,P04397,synthetic
PRD0002056,Eucerin,Eucerin Clear Betaine Cleanser,cleanser,normal|sensitive,aging,"betaine, centella",yes,yes,no,AM,,13.78,skincare_products_5000.csv,P00323,synthetic
PRD0002057,Eucerin,Eucerin Clear Centella Cleanser,cleanser,combination-sensitive,dryness,"centella, salicylic acid, glycerin",no,yes,no,AM/PM,,13.91,skincare_products_5000.csv,P02034,synthetic
PRD0002058,Eucerin,Eucerin Clear Centella Mask,mask,dry,dehydration|oiliness,"centella, sulfur",yes,no,no,AM/PM,,10.48,skincare_products_5000.csv,P00383,synthetic
PRD0002059,Eucerin,Eucerin Clear Centella Mask,mask,dry|oily,barrier repair,centella,yes,no,no,PM,,14.34,skincare_products_5000.csv,P04165,synthetic
PRD0002060,Eucerin,Eucerin Clear Ceramides Cleanser,cleanser,combination|normal,acne|aging|dark spots,ceramides,no,yes,no,AM/PM,,12.95,skincare_products_5000.csv,P03385,synthetic
PRD0002061,Eucerin,Eucerin Clear Ceramides Moisturizer,moisturizer,dry|normal|oily,dark spots|dryness|oiliness,ceramides,yes,yes,no,PM,,22.4,skincare_products_5000.csv,P01964,synthetic
PRD0002062,Eucerin,Eucerin Clear Clay Mask,mask,combination-sensitive|oily|sensitive,dehydration|redness,"clay, green tea, hyaluronic acid",yes,no,no,Weekly,,18.49,skincare_products_5000.csv,P01638,synthetic
PRD0002063,Eucerin,Eucerin Clear Glycerin Cleanser,cleanser,oily,barrier repair|redness|sensitivity,"glycerin, ceramides",no,yes,no,AM,,18.82,skincare_products_5000.csv,P03249,synthetic
PRD0002064,Eucerin,Eucerin Clear Hyaluronic Acid Mask,mask,oily,aging|oiliness|sensitivity,hyaluronic acid,yes,no,no,Weekly,,26.44,skincare_products_5000.csv,P02844,synthetic
PRD0002065,Eucerin,Eucerin Clear Niacinamide Cleanser,cleanser,combination|normal|oily,dryness,niacinamide,no,yes,no,PM,,13.11,skincare_products_5000.csv,P02958,synthetic
PRD0002066,Eucerin,Eucerin Clear Niacinamide Cleanser,cleanser,sensitive,barrier repair|dehydration,"niacinamide, centella, salicylic acid",yes,no,no,Weekly,,10.73,skincare_products_5000.csv,P04778,synthetic
PRD0002067,Eucerin,Eucerin Clear Panthenol Toner,toner,combination-sensitive,aging,"panthenol, niacinamide",no,no,no,Weekly,,22.23,skincare_products_5000.csv,P03644,synthetic
PRD0002068,Eucerin,Eucerin Clear Retinol Serum,serum,combination|dry,dryness,"retinol, vitamin c, niacinamide",yes,yes,no,PM,,26.68,skincare_products_5000.csv,P04391,synthetic
PRD0002069,Eucerin,Eucerin Clear Salicylic Acid Cleanser,cleanser,dry,dark spots|dehydration|sensitivity,"salicylic acid, niacinamide",yes,yes,no,AM/PM,,8.38,skincare_products_5000.csv,P02680,synthetic
PRD0002070,Eucerin,Eucerin Clear Salicylic Acid Cleanser,cleanser,dry|oily,aging|dark spots|sensitivity,"salicylic acid, betaine, ceramides",yes,yes,no,AM/PM,,9.36,skincare_products_5000.csv,P00012,synthetic
PRD0002071,Eucerin,Eucerin Clear Salicylic Acid Cleanser,cleanser,oily,acne|redness|sensitivity,"salicylic acid, niacinamide",no,yes,no,PM,,8.02,skincare_products_5000.csv,P02991,synthetic
PRD0002072,Eucerin,Eucerin Clear Squalane Moisturizer,moisturizer,combination|normal,aging|dehydration,"squalane, cholesterol",yes,yes,no,AM,,26.0,skincare_products_5000.csv,P03520,synthetic
PRD0002073,Eucerin,Eucerin Clear Squalane Moisturizer,moisturizer,sensitive,aging|dark spots,"squalane, glycerin, ceramides",no,no,no,PM,,14.35,skincare_products_5000.csv,P03113,synthetic
PRD0002074,Eucerin,Eucerin Clear Titanium Dioxide SPF 50,sunscreen,dry|oily|sensitive,barrier repair|dark spots|dryness,"titanium dioxide, vitamin e",yes,yes,no,AM,50.0,27.61,skincare_products_5000.csv,P03172,synthetic
PRD0002075,Eucerin,Eucerin Clear Titanium Dioxide SPF 50,sunscreen,normal,acne,"titanium dioxide, octocrylene, niacinamide",yes,yes,no,AM,50.0,29.64,skincare_products_5000.csv,P00928,synthetic
PRD0002076,Eucerin,Eucerin Daily Centella Cleanser,cleanser,dry,barrier repair,"centella, betaine",yes,yes,no,PM,,23.42,skincare_products_5000.csv,P02706,synthetic
PRD0002077,Eucerin,Eucerin Daily Ceramides Moisturizer,moisturizer,combination|normal|sensitive,dehydration,"ceramides, glycerin",yes,yes,no,PM,,17.82,skincare_products_5000.csv,P02889,synthetic
PRD0002078,Eucerin,Eucerin Daily Ceramides Moisturizer,moisturizer,combination|oily,acne|oiliness,ceramides,yes,yes,no,PM,,16.47,skincare_products_5000.csv,P00801,synthetic
PRD0002079,Eucerin,Eucerin Daily Ceramides Moisturizer,moisturizer,dry|sensitive,acne|dehydration,ceramides,yes,yes,no,Weekly,,24.57,skincare_products_5000.csv,P03835,synthetic
PRD0002080,Eucerin,Eucerin Daily Cholesterol Moisturizer,moisturizer,dry|normal|oily,acne|oiliness|sensitivity,"cholesterol, panthenol, urea",yes,no,no,Weekly,,26.99,skincare_products_5000.csv,P01183,synthetic
PRD0002081,Eucerin,Eucerin Daily Glycerin Cleanser,cleanser,sensitive,dehydration|dryness|redness,glycerin,yes,no,no,AM,,12.24,skincare_products_5000.csv,P02815,synthetic
PRD0002082,Eucerin,Eucerin Daily Glycerin Moisturizer,moisturizer,normal,dark spots,glycerin,yes,yes,no,PM,,12.29,skincare_products_5000.csv,P02056,synthetic
PRD0002083,Eucerin,Eucerin Daily Glycerin Toner,toner,combination-sensitive,sensitivity,glycerin,no,no,no,AM,,16.97,skincare_products_5000.csv,P03031,synthetic
PRD0002084,Eucerin,Eucerin Daily Hyaluronic Acid Serum,serum,normal|oily,dryness,hyaluronic acid,yes,yes,no,Weekly,,33.25,skincare_products_5000.csv,P01756,synthetic
PRD0002085,Eucerin,Eucerin Daily Hyaluronic Acid Serum,serum,normal|oily|sensitive,acne|barrier repair,"hyaluronic acid, centella",no,yes,no,PM,,32.12,skincare_products_5000.csv,P00957,synthetic
PRD0002086,Eucerin,Eucerin Daily Hyaluronic Acid Serum,serum,oily,barrier repair,"hyaluronic acid, centella",yes,yes,no,Weekly,,32.8,skincare_products_5000.csv,P03614,synthetic
PRD0002087,Eucerin,Eucerin Daily Niacinamide Cleanser,cleanser,dry|oily,barrier repair,niacinamide,yes,yes,no,PM,,25.47,skincare_products_5000.csv,P01099,synthetic
PRD0002088,Eucerin,Eucerin Daily Niacinamide SPF 50,sunscreen,combination|combination-sensitive|normal,acne|dark spots|sensitivity,niacinamide,yes,yes,no,AM,50.0,19.45,skincare_products_5000.csv,P02580,synthetic
PRD0002089,Eucerin,Eucerin Daily Niacinamide Serum,serum,combination|dry,dark spots|dryness,niacinamide,no,yes,no,PM,,44.45,skincare_products_5000.csv,P02357,synthetic
PRD0002090,Eucerin,Eucerin Daily Octocrylene SPF 50,sunscreen,combination-sensitive|dry,acne,"octocrylene, titanium dioxide, zinc oxide",yes,yes,no,AM,30.0,17.72,skincare_products_5000.csv,P02981,synthetic
PRD0002091,Eucerin,Eucerin Daily Octocrylene SPF 50,sunscreen,dry,aging|dehydration,"octocrylene, vitamin e, titanium dioxide",yes,yes,no,AM,50.0,17.21,skincare_products_5000.csv,P00860,synthetic
PRD0002092,Eucerin,Eucerin Daily Octocrylene SPF 50,sunscreen,sensitive,dehydration|sensitivity,octocrylene,yes,yes,no,AM,50.0,20.07,skincare_products_5000.csv,P00371,synthetic
PRD0002093,Eucerin,Eucerin Daily Peptides Serum,serum,combination|normal|sensitive,acne|aging,peptides,yes,yes,no,AM,,13.06,skincare_products_5000.csv,P04835,synthetic
PRD0002094,Eucerin,Eucerin Daily Retinol Serum,serum,dry,aging|dryness|sensitivity,"retinol, azelaic acid",yes,yes,no,AM/PM,,21.67,skincare_products_5000.csv,P01675,synthetic
PRD0002095,Eucerin,Eucerin Daily Salicylic Acid Treatment,treatment,combination-sensitive,acne|dark spots,"salicylic acid, adapalene, benzoyl peroxide",yes,yes,yes,AM,,22.53,skincare_products_5000.csv,P00011,synthetic
PRD0002096,Eucerin,Eucerin Daily Squalane Moisturizer,moisturizer,combination|dry|sensitive,barrier repair|redness|sensitivity,squalane,yes,yes,no,PM,,26.93,skincare_products_5000.csv,P02068,synthetic
PRD0002097,Eucerin,Eucerin Daily Squalane Moisturizer,moisturizer,sensitive,dryness|oiliness,"squalane, panthenol",yes,yes,no,AM,,32.95,skincare_products_5000.csv,P03370,synthetic
PRD0002098,Eucerin,Eucerin Daily Sulfur Treatment,treatment,combination|dry,dark spots|oiliness,"sulfur, adapalene, azelaic acid",no,yes,yes,PM,,21.5,skincare_products_5000.csv,P02191,synthetic
PRD0002099,Eucerin,Eucerin Daily Titanium Dioxide SPF 50,sunscreen,combination|normal,acne|dark spots|dryness,"titanium dioxide, avobenzone",yes,yes,no,AM,50.0,20.63,skincare_products_5000.csv,P03834,synthetic
PRD0002100,Eucerin,Eucerin Daily Urea Moisturizer,moisturizer,combination-sensitive,acne,"urea, cholesterol, squalane",yes,yes,no,AM,,20.77,skincare_products_5000.csv,P04730,synthetic
PRD0002101,Eucerin,Eucerin Daily Vitamin E SPF 50,sunscreen,sensitive,aging|dehydration|redness,"vitamin e, octocrylene",no,yes,no,AM,50.0,24.19,skincare_products_5000.csv,P01607,synthetic
PRD0002102,Eucerin,Eucerin Glow Avobenzone SPF 50,sunscreen,combination|normal|sensitive,acne|dehydration|sensitivity,"avobenzone, zinc oxide",yes,yes,no,AM,30.0,20.39,skincare_products_5000.csv,P04680,synthetic
PRD0002103,Eucerin,Eucerin Glow Azelaic Acid Serum,serum,combination,dark spots|redness|sensitivity,azelaic acid,yes,yes,no,AM/PM,,12.46,skincare_products_5000.csv,P01189,synthetic
PRD0002104,Eucerin,Eucerin Glow Benzoyl Peroxide Treatment,treatment,dry|normal,acne,"benzoyl peroxide, salicylic acid",yes,yes,no,AM,,32.93,skincare_products_5000.csv,P02515,synthetic
PRD0002105,Eucerin,Eucerin Glow Benzoyl Peroxide Treatment,treatment,dry|oily,barrier repair|dehydration,"benzoyl peroxide, sulfur, adapalene",no,yes,yes,AM/PM,,15.45,skincare_products_5000.csv,P04217,synthetic
PRD0002106,Eucerin,Eucerin Glow Beta-Glucan Toner,toner,sensitive,aging,beta-glucan,no,no,no,Weekly,,8.08,skincare_products_5000.csv,P00293,synthetic
PRD0002107,Eucerin,Eucerin Glow Betaine Cleanser,cleanser,combination-sensitive|dry,dryness|sensitivity,"betaine, niacinamide",yes,no,no,PM,,21.21,skincare_products_5000.csv,P02874,synthetic
PRD0002108,Eucerin,Eucerin Glow Centella Cleanser,cleanser,combination-sensitive|dry|oily,aging,centella,yes,yes,no,AM/PM,,17.87,skincare_products_5000.csv,P03731,synthetic
PRD0002109,Eucerin,Eucerin Glow Centella Serum,serum,combination-sensitive|sensitive,aging|dehydration|dryness,centella,yes,yes,no,AM/PM,,20.62,skincare_products_5000.csv,P03829,synthetic
PRD0002110,Eucerin,Eucerin Glow Centella Toner,toner,combination-sensitive|oily,oiliness|redness,"centella, panthenol, glycerin",no,no,no,AM,,11.3,skincare_products_5000.csv,P02145,synthetic
PRD0002111,Eucerin,Eucerin Glow Centella Toner,toner,combination-sensitive|sensitive,dehydration|oiliness,centella,yes,no,no,AM,,9.7,skincare_products_5000.csv,P04044,synthetic
PRD0002112,Eucerin,Eucerin Glow Ceramides Moisturizer,moisturizer,sensitive,redness,"ceramides, glycerin, cholesterol",yes,yes,no,AM/PM,,34.97,skincare_products_5000.csv,P04250,synthetic
PRD0002113,Eucerin,Eucerin Glow Cholesterol Moisturizer,moisturizer,combination-sensitive|dry|normal,dryness|redness,"cholesterol, glycerin, panthenol",no,yes,no,Weekly,,23.35,skincare_products_5000.csv,P02600,synthetic
PRD0002114,Eucerin,Eucerin Glow Clay Mask,mask,combination|combination-sensitive|dry,sensitivity,"clay, oat extract, hyaluronic acid",yes,no,no,Weekly,,11.32,skincare_products_5000.csv,P01045,synthetic
PRD0002115,Eucerin,Eucerin Glow Glycerin Cleanser,cleanser,combination-sensitive|sensitive,acne|dehydration|dryness,glycerin,no,yes,no,AM,,20.14,skincare_products_5000.csv,P03482,synthetic
PRD0002116,Eucerin,Eucerin Glow Niacinamide Cleanser,cleanser,combination,redness,niacinamide,yes,yes,no,Weekly,,18.36,skincare_products_5000.csv,P02907,synthetic
PRD0002117,Eucerin,Eucerin Glow Oat Extract Mask,mask,normal,acne|barrier repair|dehydration,"oat extract, centella",yes,no,no,AM/PM,,8.06,skincare_products_5000.csv,P03645,synthetic
PRD0002118,Eucerin,Eucerin Glow Panthenol Moisturizer,moisturizer,dry|normal,barrier repair,"panthenol, cholesterol, ceramides",yes,yes,no,Weekly,,19.37,skincare_products_5000.csv,P04986,synthetic
PRD0002119,Eucerin,Eucerin Glow Panthenol Moisturizer,moisturizer,dry|normal|oily,aging,"panthenol, cholesterol, squalane",yes,yes,no,AM,,17.76,skincare_products_5000.csv,P00975,synthetic
PRD0002120,Eucerin,Eucerin Glow Peptides Serum,serum,combination-sensitive|oily|sensitive,dark spots,peptides,yes,yes,no,PM,,14.63,skincare_products_5000.csv,P02942,synthetic
PRD0002121,Eucerin,Eucerin Glow Peptides Serum,serum,combination-sensitive|sensitive,oiliness|sensitivity,peptides,yes,yes,no,Weekly,,32.05,skincare_products_5000.csv,P03261,synthetic
PRD0002122,Eucerin,Eucerin Glow Peptides Serum,serum,sensitive,aging|dark spots|sensitivity,"peptides, hyaluronic acid",no,yes,no,PM,,20.2,skincare_products_5000.csv,P01511,synthetic
PRD0002123,Eucerin,Eucerin Glow Retinol Serum,serum,combination-sensitive|dry|normal,barrier repair|dryness|sensitivity,retinol,yes,yes,no,Weekly,,38.74,skincare_products_5000.csv,P03718,synthetic
PRD0002124,Eucerin,Eucerin Glow Retinol Treatment,treatment,sensitive,acne|dryness|redness,retinol,yes,yes,no,AM,,18.73,skincare_products_5000.csv,P00682,synthetic
PRD0002125,Eucerin,Eucerin Glow Salicylic Acid Cleanser,cleanser,oily,aging|dryness|sensitivity,salicylic acid,yes,yes,no,Weekly,,12.63,skincare_products_5000.csv,P00859,synthetic
PRD0002126,Eucerin,Eucerin Glow Salicylic Acid Cleanser,cleanser,sensitive,oiliness,salicylic acid,yes,yes,no,PM,,20.81,skincare_products_5000.csv,P02022,synthetic
PRD0002127,Eucerin,Eucerin Glow Squalane Moisturizer,moisturizer,combination,acne|barrier repair|dehydration,"squalane, panthenol, urea",yes,no,no,Weekly,,10.44,skincare_products_5000.csv,P03854,synthetic
PRD0002128,Eucerin,Eucerin Glow Squalane Moisturizer,moisturizer,combination-sensitive|dry|sensitive,dark spots|dehydration,"squalane, glycerin",yes,yes,no,Weekly,,32.87,skincare_products_5000.csv,P00196,synthetic
PRD0002129,Eucerin,Eucerin Glow Squalane Moisturizer,moisturizer,oily,redness,"squalane, cholesterol, ceramides",yes,yes,no,AM,,13.83,skincare_products_5000.csv,P01917,synthetic
PRD0002130,Eucerin,Eucerin Glow Zinc Oxide SPF 50,sunscreen,normal,acne|oiliness,"zinc oxide, avobenzone, titanium dioxide",no,no,no,AM,50.0,29.92,skincare_products_5000.csv,P03311,synthetic
PRD0002131,Eucerin,Eucerin Hydra Adapalene Treatment,treatment,combination-sensitive|oily,dryness,"adapalene, benzoyl peroxide, retinol",yes,yes,yes,PM,,19.64,skincare_products_5000.csv,P02780,synthetic
PRD0002132,Eucerin,Eucerin Hydra Avobenzone SPF 50,sunscreen,dry|oily|sensitive,acne|redness,"avobenzone, vitamin e, octocrylene",no,yes,no,AM,50.0,18.91,skincare_products_5000.csv,P01503,synthetic
PRD0002133,Eucerin,Eucerin Hydra Azelaic Acid Serum,serum,combination,acne,"azelaic acid, retinol",yes,yes,no,Weekly,,21.5,skincare_products_5000.csv,P04637,synthetic
PRD0002134,Eucerin,Eucerin Hydra Betaine Cleanser,cleanser,combination|combination-sensitive|dry,barrier repair,betaine,yes,yes,no,Weekly,,11.16,skincare_products_5000.csv,P02840,synthetic
PRD0002135,Eucerin,Eucerin Hydra Betaine Cleanser,cleanser,combination|combination-sensitive|dry,dark spots,"betaine, glycerin, ceramides",yes,no,no,Weekly,,12.4,skincare_products_5000.csv,P04363,synthetic
PRD0002136,Eucerin,Eucerin Hydra Ceramides Moisturizer,moisturizer,combination-sensitive,oiliness,ceramides,yes,yes,no,AM,,25.22,skincare_products_5000.csv,P02636,synthetic
PRD0002137,Eucerin,Eucerin Hydra Cholesterol Moisturizer,moisturizer,combination-sensitive|normal,aging|barrier repair|dehydration,cholesterol,no,no,no,AM/PM,,19.05,skincare_products_5000.csv,P02247,synthetic
PRD0002138,Eucerin,Eucerin Hydra Cholesterol Moisturizer,moisturizer,combination|dry|oily,aging|barrier repair,"cholesterol, squalane, ceramides",yes,yes,no,AM,,22.17,skincare_products_5000.csv,P02927,synthetic
PRD0002139,Eucerin,Eucerin Hydra Cholesterol Moisturizer,moisturizer,sensitive,dark spots|redness,cholesterol,no,yes,no,PM,,18.76,skincare_products_5000.csv,P00289,synthetic
PRD0002140,Eucerin,Eucerin Hydra Clay Mask,mask,normal|sensitive,oiliness,clay,yes,no,no,AM/PM,,14.6,skincare_products_5000.csv,P01921,synthetic
PRD0002141,Eucerin,Eucerin Hydra Green Tea Mask,mask,combination|normal|oily,barrier repair|dryness|oiliness,"green tea, hyaluronic acid",yes,no,no,AM,,8.97,skincare_products_5000.csv,P02283,synthetic
PRD0002142,Eucerin,Eucerin Hydra Hyaluronic Acid Mask,mask,oily|sensitive,barrier repair,"hyaluronic acid, sulfur",yes,no,no,AM,,14.06,skincare_products_5000.csv,P00485,synthetic
PRD0002143,Eucerin,Eucerin Hydra Oat Extract Mask,mask,combination-sensitive|sensitive,acne|aging|dryness,"oat extract, clay, hyaluronic acid",yes,no,no,Weekly,,14.09,skincare_products_5000.csv,P02622,synthetic
PRD0002144,Eucerin,Eucerin Hydra Pha Toner,toner,combination-sensitive|dry|oily,barrier repair|oiliness,pha,yes,no,no,PM,,21.89,skincare_products_5000.csv,P01246,synthetic
PRD0002145,Eucerin,Eucerin Hydra Retinol Serum,serum,combination-sensitive|dry|oily,dryness|sensitivity,retinol,yes,yes,no,Weekly,,38.84,skincare_products_5000.csv,P00890,synthetic
PRD0002146,Eucerin,Eucerin Hydra Salicylic Acid Cleanser,cleanser,dry,barrier repair|dryness|oiliness,"salicylic acid, niacinamide",yes,yes,no,AM/PM,,23.21,skincare_products_5000.csv,P04274,synthetic
PRD0002147,Eucerin,Eucerin Hydra Sulfur Mask,mask,combination|dry|sensitive,acne|oiliness|sensitivity,sulfur,no,no,no,PM,,10.07,skincare_products_5000.csv,P03301,synthetic
PRD0002148,Eucerin,Eucerin Hydra Sulfur Treatment,treatment,normal,barrier repair|dryness|redness,"sulfur, benzoyl peroxide, azelaic acid",yes,yes,no,PM,,19.14,skincare_products_5000.csv,P02960,synthetic
PRD0002149,Eucerin,Eucerin Hydra Urea Moisturizer,moisturizer,combination|oily|sensitive,dryness,"urea, panthenol, glycerin",yes,yes,no,PM,,16.59,skincare_products_5000.csv,P04307,synthetic
PRD0002150,Eucerin,Eucerin Hydra Vitamin C Serum,serum,combination|oily,acne|dehydration|sensitivity,"vitamin c, azelaic acid",no,yes,no,Weekly,,10.62,skincare_products_5000.csv,P01009,synthetic
PRD0002151,Eucerin,Eucerin Hydra Vitamin C Serum,serum,sensitive,acne|barrier repair|dehydration,vitamin c,yes,yes,no,PM,,37.25,skincare_products_5000.csv,P03292,synthetic
PRD0002152,Eucerin,Eucerin Hydra Vitamin E SPF 50,sunscreen,combination-sensitive,dark spots,vitamin e,no,yes,no,AM,30.0,12.51,skincare_products_5000.csv,P03312,synthetic
PRD0002153,Eucerin,Eucerin Hydra Zinc Oxide SPF 50,sunscreen,oily,aging,"zinc oxide, titanium dioxide, octocrylene",yes,yes,no,AM,50.0,25.85,skincare_products_5000.csv,P03278,synthetic
PRD0002154,Eucerin,Eucerin Hydra Zinc Oxide SPF 50,sunscreen,oily|sensitive,oiliness,"zinc oxide, niacinamide, avobenzone",yes,yes,no,AM,30.0,12.55,skincare_products_5000.csv,P00421,synthetic
PRD0002155,Eucerin,Eucerin Pure Adapalene Treatment,treatment,normal,acne|barrier repair,adapalene,yes,no,yes,PM,,26.7,skincare_products_5000.csv,P03751,synthetic
PRD0002156,Eucerin,Eucerin Pure Azelaic Acid Treatment,treatment,combination-sensitive,oiliness,"azelaic acid, benzoyl peroxide",yes,no,no,Weekly,,19.91,skincare_products_5000.csv,P02905,synthetic
PRD0002157,Eucerin,Eucerin Pure Centella Toner,toner,combination-sensitive|sensitive,oiliness,centella,yes,no,no,AM,,10.02,skincare_products_5000.csv,P03969,synthetic
PRD0002158,Eucerin,Eucerin Pure Ceramides Cleanser,cleanser,combination|dry,redness,ceramides,yes,yes,no,AM,,20.2,skincare_products_5000.csv,P02847,synthetic
PRD0002159,Eucerin,Eucerin Pure Ceramides Cleanser,cleanser,combination|normal|oily,dark spots,ceramides,yes,yes,no,AM,,24.33,skincare_products_5000.csv,P00146,synthetic
PRD0002160,Eucerin,Eucerin Pure Ceramides Cleanser,cleanser,normal|sensitive,oiliness,ceramides,yes,yes,no,Weekly,,10.02,skincare_products_5000.csv,P03225,synthetic
PRD0002161,Eucerin,Eucerin Pure Ceramides Moisturizer,moisturizer,combination|dry,oiliness,ceramides,yes,yes,no,PM,,16.21,skincare_products_5000.csv,P04070,synthetic
PRD0002162,Eucerin,Eucerin Pure Glycerin Cleanser,cleanser,combination-sensitive|normal,sensitivity,"glycerin, betaine",yes,yes,no,PM,,8.89,skincare_products_5000.csv,P03710,synthetic
PRD0002163,Eucerin,Eucerin Pure Glycerin Cleanser,cleanser,oily,dark spots|dehydration|dryness,"glycerin, centella",yes,no,no,Weekly,,23.37,skincare_products_5000.csv,P04965,synthetic
PRD0002164,Eucerin,Eucerin Pure Glycerin Moisturizer,moisturizer,combination,barrier repair|oiliness|sensitivity,"glycerin, squalane, cholesterol",no,no,no,PM,,33.05,skincare_products_5000.csv,P02193,synthetic
PRD0002165,Eucerin,Eucerin Pure Glycerin Toner,toner,dry,dryness,glycerin,yes,no,no,AM,,14.17,skincare_products_5000.csv,P02747,synthetic
PRD0002166,Eucerin,Eucerin Pure Hyaluronic Acid Serum,serum,dry|oily,dryness|redness,"hyaluronic acid, centella",yes,yes,no,PM,,12.3,skincare_products_5000.csv,P00646,synthetic
PRD0002167,Eucerin,Eucerin Pure Niacinamide Cleanser,cleanser,dry,aging|redness|sensitivity,"niacinamide, ceramides, betaine",yes,yes,no,Weekly,,23.03,skincare_products_5000.csv,P04042,synthetic
PRD0002168,Eucerin,Eucerin Pure Niacinamide Cleanser,cleanser,normal,aging|barrier repair|sensitivity,"niacinamide, salicylic acid, glycerin",yes,yes,no,AM/PM,,16.35,skincare_products_5000.csv,P01762,synthetic
PRD0002169,Eucerin,Eucerin Pure Niacinamide SPF 50,sunscreen,combination,barrier repair|dark spots|redness,"niacinamide, zinc oxide, octocrylene",yes,yes,no,AM,50.0,11.75,skincare_products_5000.csv,P04320,synthetic
PRD0002170,Eucerin,Eucerin Pure Niacinamide SPF 50,sunscreen,combination-sensitive|normal,dryness|oiliness|redness,"niacinamide, octocrylene",no,yes,no,AM,50.0,15.18,skincare_products_5000.csv,P03831,synthetic
PRD0002171,Eucerin,Eucerin Pure Oat Extract Mask,mask,dry,dryness,"oat extract, clay",yes,no,no,AM,,27.87,skincare_products_5000.csv,P04523,synthetic
PRD0002172,Eucerin,Eucerin Pure Oat Extract Mask,mask,sensitive,barrier repair|dehydration|dryness,"oat extract, clay",no,no,no,Weekly,,16.21,skincare_products_5000.csv,P01720,synthetic
PRD0002173,Eucerin,Eucerin Pure Octocrylene SPF 50,sunscreen,combination-sensitive|normal,dehydration|sensitivity,"octocrylene, avobenzone, zinc oxide",yes,no,no,AM,50.0,24.13,skincare_products_5000.csv,P02090,synthetic
PRD0002174,Eucerin,Eucerin Pure Salicylic Acid Cleanser,cleanser,combination|dry|normal,aging|dryness|sensitivity,"salicylic acid, ceramides",yes,yes,no,Weekly,,8.92,skincare_products_5000.csv,P03668,synthetic
PRD0002175,Eucerin,Eucerin Pure Salicylic Acid Cleanser,cleanser,combination|normal,aging|barrier repair|oiliness,"salicylic acid, glycerin",yes,yes,no,AM,,21.53,skincare_products_5000.csv,P02376,synthetic
PRD0002176,Eucerin,Eucerin Pure Sulfur Mask,mask,combination-sensitive,dryness,sulfur,yes,no,no,AM/PM,,18.07,skincare_products_5000.csv,P02646,synthetic
PRD0002177,Eucerin,Eucerin Pure Sulfur Mask,mask,combination|dry,barrier repair,sulfur,yes,no,no,AM/PM,,9.15,skincare_products_5000.csv,P04422,synthetic
PRD0002178,Eucerin,Eucerin Pure Urea Moisturizer,moisturizer,combination|combination-sensitive|normal,acne|barrier repair|dark spots,urea,yes,yes,no,PM,,13.31,skincare_products_5000.csv,P02545,synthetic
PRD0002179,Eucerin,Eucerin Pure Vitamin E SPF 50,sunscreen,combination|sensitive,oiliness,vitamin e,no,yes,no,AM,50.0,18.98,skincare_products_5000.csv,P04117,synthetic
PRD0002180,Eucerin,Eucerin Repair Avobenzone SPF 50,sunscreen,dry,dryness|oiliness,avobenzone,no,yes,no,AM,50.0,18.84,skincare_products_5000.csv,P02446,synthetic
PRD0002181,Eucerin,Eucerin Repair Ceramides Cleanser,cleanser,combination|dry|normal,barrier repair|redness,"ceramides, centella, salicylic acid",yes,no,no,AM/PM,,15.37,skincare_products_5000.csv,P01987,synthetic
PRD0002182,Eucerin,Eucerin Repair Ceramides Moisturizer,moisturizer,combination|combination-sensitive|normal,dehydration|sensitivity,"ceramides, cholesterol",no,yes,no,AM/PM,,16.68,skincare_products_5000.csv,P03228,synthetic
PRD0002183,Eucerin,Eucerin Repair Cholesterol Moisturizer,moisturizer,normal,dark spots|dryness,"cholesterol, urea, panthenol",yes,yes,no,AM,,14.31,skincare_products_5000.csv,P02257,synthetic
PRD0002184,Eucerin,Eucerin Repair Glycerin Cleanser,cleanser,combination-sensitive|dry|sensitive,aging,"glycerin, salicylic acid",yes,yes,no,AM,,23.64,skincare_products_5000.csv,P02280,synthetic
PRD0002185,Eucerin,Eucerin Repair Glycerin Moisturizer,moisturizer,dry|normal|oily,barrier repair,glycerin,yes,yes,no,PM,,34.35,skincare_products_5000.csv,P01792,synthetic
PRD0002186,Eucerin,Eucerin Repair Niacinamide Cleanser,cleanser,combination|normal|oily,dark spots|oiliness,"niacinamide, betaine, ceramides",no,no,no,AM/PM,,25.41,skincare_products_5000.csv,P03618,synthetic
PRD0002187,Eucerin,Eucerin Repair Niacinamide Cleanser,cleanser,normal|oily,acne|dryness,"niacinamide, betaine, glycerin",yes,yes,no,AM/PM,,25.48,skincare_products_5000.csv,P01348,synthetic
PRD0002188,Eucerin,Eucerin Repair Niacinamide Toner,toner,combination,redness,"niacinamide, beta-glucan, panthenol",yes,no,no,AM,,20.38,skincare_products_5000.csv,P01725,synthetic
PRD0002189,Eucerin,Eucerin Repair Panthenol Moisturizer,moisturizer,combination-sensitive|dry,dark spots|dehydration|sensitivity,"panthenol, urea, cholesterol",yes,yes,no,Weekly,,23.19,skincare_products_5000.csv,P03805,synthetic
PRD0002190,Eucerin,Eucerin Repair Peptides Serum,serum,oily,oiliness,peptides,yes,yes,no,Weekly,,44.23,skincare_products_5000.csv,P02141,synthetic
PRD0002191,Eucerin,Eucerin Repair Retinol Serum,serum,combination-sensitive|normal|sensitive,acne|dryness,"retinol, azelaic acid, hyaluronic acid",yes,yes,no,PM,,39.61,skincare_products_5000.csv,P01815,synthetic
PRD0002192,Eucerin,Eucerin Repair Retinol Serum,serum,combination|normal|oily,redness|sensitivity,retinol,yes,yes,no,Weekly,,9.58,skincare_products_5000.csv,P01163,synthetic
PRD0002193,Eucerin,Eucerin Repair Salicylic Acid Cleanser,cleanser,combination-sensitive|dry|sensitive,dryness|oiliness,"salicylic acid, ceramides, betaine",yes,yes,no,AM,,19.69,skincare_products_5000.csv,P04289,synthetic
PRD0002194,Eucerin,Eucerin Repair Salicylic Acid Cleanser,cleanser,combination|sensitive,redness,salicylic acid,no,yes,no,AM,,16.68,skincare_products_5000.csv,P02184,synthetic
PRD0002195,Eucerin,Eucerin Repair Salicylic Acid Treatment,treatment,dry|oily,dark spots|dryness|sensitivity,salicylic acid,no,yes,no,AM/PM,,11.01,skincare_products_5000.csv,P03703,synthetic
PRD0002196,Eucerin,Eucerin Repair Squalane Moisturizer,moisturizer,combination,acne|dehydration,"squalane, panthenol",yes,yes,no,AM/PM,,12.11,skincare_products_5000.csv,P04020,synthetic
PRD0002197,Eucerin,Eucerin Repair Squalane Moisturizer,moisturizer,combination-sensitive,acne|dryness|sensitivity,"squalane, panthenol",no,no,no,AM/PM,,29.41,skincare_products_5000.csv,P01437,synthetic
PRD0002198,Eucerin,Eucerin Repair Sulfur Mask,mask,combination-sensitive|normal,dehydration|dryness|sensitivity,"sulfur, centella, green tea",yes,no,no,AM,,10.72,skincare_products_5000.csv,P01120,synthetic
PRD0002199,Eucerin,Eucerin Repair Sulfur Mask,mask,normal,aging|barrier repair,"sulfur, oat extract, centella",yes,no,no,AM/PM,,21.12,skincare_products_5000.csv,P01464,synthetic
PRD0002200,Eucerin,Eucerin Repair Sulfur Treatment,treatment,sensitive,dehydration|redness|sensitivity,"sulfur, adapalene",yes,no,no,Weekly,,21.77,skincare_products_5000.csv,P00399,synthetic
PRD0002201,Eucerin,Eucerin Repair Vitamin E SPF 50,sunscreen,dry,dark spots|dryness|oiliness,"vitamin e, avobenzone, titanium dioxide",yes,yes,no,AM,50.0,29.28,skincare_products_5000.csv,P03082,synthetic
PRD0002202,Eucerin,Eucerin Repair Vitamin E SPF 50,sunscreen,sensitive,aging|dark spots|dryness,"vitamin e, avobenzone, titanium dioxide",yes,yes,no,AM,50.0,23.34,skincare_products_5000.csv,P00439,synthetic
PRD0002203,Garnier,Garnier Advanced Betaine Cleanser,cleanser,dry|oily|sensitive,aging|dehydration,"betaine, salicylic acid",no,yes,no,Weekly,,22.76,skincare_products_5000.csv,P03516,synthetic
PRD0002204,Garnier,Garnier Advanced Centella Serum,serum,combination|combination-sensitive,redness,"centella, hyaluronic acid, azelaic acid",yes,yes,no,AM/PM,,15.0,skincare_products_5000.csv,P00670,synthetic
PRD0002205,Garnier,Garnier Advanced Ceramides Cleanser,cleanser,combination|normal|oily,barrier repair|sensitivity,"ceramides, glycerin",yes,no,no,AM,,24.88,skincare_products_5000.csv,P02867,synthetic
PRD0002206,Garnier,Garnier Advanced Cholesterol Moisturizer,moisturizer,combination,oiliness|redness|sensitivity,"cholesterol, panthenol",yes,yes,no,AM,,17.21,skincare_products_5000.csv,P03494,synthetic
PRD0002207,Garnier,Garnier Advanced Glycerin Cleanser,cleanser,combination|dry|oily,dehydration,"glycerin, ceramides",no,yes,no,AM/PM,,17.78,skincare_products_5000.csv,P03966,synthetic
PRD0002208,Garnier,Garnier Advanced Glycerin Toner,toner,combination,sensitivity,glycerin,no,no,no,AM/PM,,16.68,skincare_products_5000.csv,P04211,synthetic
PRD0002209,Garnier,Garnier Advanced Glycerin Toner,toner,dry,redness,glycerin,yes,no,no,AM,,20.21,skincare_products_5000.csv,P00997,synthetic
PRD0002210,Garnier,Garnier Advanced Green Tea Mask,mask,combination,dehydration,"green tea, oat extract, centella",yes,no,no,Weekly,,9.28,skincare_products_5000.csv,P03396,synthetic
PRD0002211,Garnier,Garnier Advanced Hyaluronic Acid Mask,mask,combination,acne|dehydration|sensitivity,hyaluronic acid,yes,no,no,AM/PM,,24.13,skincare_products_5000.csv,P03798,synthetic
PRD0002212,Garnier,Garnier Advanced Niacinamide Cleanser,cleanser,combination|oily|sensitive,barrier repair|dehydration,niacinamide,no,yes,no,Weekly,,20.04,skincare_products_5000.csv,P03133,synthetic
PRD0002213,Garnier,Garnier Advanced Niacinamide Cleanser,cleanser,normal|sensitive,oiliness,"niacinamide, ceramides",yes,no,no,Weekly,,9.96,skincare_products_5000.csv,P03821,synthetic
PRD0002214,Garnier,Garnier Advanced Niacinamide Serum,serum,oily,dehydration|oiliness|sensitivity,"niacinamide, azelaic acid, centella",no,yes,no,Weekly,,21.08,skincare_products_5000.csv,P01323,synthetic
PRD0002215,Garnier,Garnier Advanced Niacinamide Toner,toner,combination-sensitive,dehydration|redness,"niacinamide, centella",yes,no,no,PM,,12.8,skincare_products_5000.csv,P04702,synthetic
PRD0002216,Garnier,Garnier Advanced Octocrylene SPF 50,sunscreen,combination|normal|oily,dark spots,octocrylene,yes,yes,no,AM,50.0,11.57,skincare_products_5000.csv,P04427,synthetic
PRD0002217,Garnier,Garnier Advanced Pha Toner,toner,dry|oily|sensitive,aging|oiliness,"pha, niacinamide",no,no,no,Weekly,,14.34,skincare_products_5000.csv,P02546,synthetic
PRD0002218,Garnier,Garnier Advanced Titanium Dioxide SPF 50,sunscreen,oily,dryness|oiliness,titanium dioxide,no,yes,no,AM,50.0,19.74,skincare_products_5000.csv,P01821,synthetic
PRD0002219,Garnier,Garnier Advanced Vitamin E SPF 50,sunscreen,combination,dark spots,"vitamin e, avobenzone, niacinamide",yes,yes,no,AM,50.0,11.47,skincare_products_5000.csv,P03324,synthetic
PRD0002220,Garnier,Garnier Balance Adapalene Treatment,treatment,combination-sensitive,acne,adapalene,yes,no,no,AM/PM,,11.16,skincare_products_5000.csv,P02951,synthetic
PRD0002221,Garnier,Garnier Balance Adapalene Treatment,treatment,combination|combination-sensitive|oily,dark spots|dehydration|oiliness,"adapalene, benzoyl peroxide",no,yes,no,AM,,34.26,skincare_products_5000.csv,P01084,synthetic
PRD0002222,Garnier,Garnier Balance Avobenzone SPF 50,sunscreen,combination-sensitive|sensitive,dark spots|dryness|redness,avobenzone,yes,yes,no,AM,50.0,17.46,skincare_products_5000.csv,P00998,synthetic
PRD0002223,Garnier,Garnier Balance Azelaic Acid Treatment,treatment,dry,acne|barrier repair|dehydration,"azelaic acid, benzoyl peroxide, salicylic acid",no,no,no,PM,,29.54,skincare_products_5000.csv,P02570,synthetic
PRD0002224,Garnier,Garnier Balance Centella Mask,mask,combination-sensitive,barrier repair|oiliness,"centella, oat extract, clay",yes,no,no,AM/PM,,10.07,skincare_products_5000.csv,P00903,synthetic
PRD0002225,Garnier,Garnier Balance Centella Toner,toner,oily,redness,centella,yes,no,no,Weekly,,9.07,skincare_products_5000.csv,P04429,synthetic
PRD0002226,Garnier,Garnier Balance Ceramides Cleanser,cleanser,combination-sensitive|normal|sensitive,aging|redness|sensitivity,ceramides,yes,yes,no,Weekly,,19.31,skincare_products_5000.csv,P02599,synthetic
PRD0002227,Garnier,Garnier Balance Ceramides Moisturizer,moisturizer,dry|normal|oily,aging|oiliness,"ceramides, squalane",yes,yes,no,PM,,15.17,skincare_products_5000.csv,P03600,synthetic
PRD0002228,Garnier,Garnier Balance Ceramides Moisturizer,moisturizer,normal,acne|dehydration,ceramides,yes,yes,no,AM,,20.15,skincare_products_5000.csv,P00590,synthetic
PRD0002229,Garnier,Garnier Balance Cholesterol Moisturizer,moisturizer,dry|sensitive,aging|dark spots|oiliness,cholesterol,yes,no,no,Weekly,,13.79,skincare_products_5000.csv,P02573,synthetic
PRD0002230,Garnier,Garnier Balance Glycerin Cleanser,cleanser,sensitive,acne|redness|sensitivity,"glycerin, betaine",yes,yes,no,AM/PM,,17.23,skincare_products_5000.csv,P00277,synthetic
PRD0002231,Garnier,Garnier Balance Green Tea Mask,mask,combination|oily|sensitive,acne|barrier repair,green tea,no,no,no,AM/PM,,26.29,skincare_products_5000.csv,P01434,synthetic
PRD0002232,Garnier,Garnier Balance Niacinamide Serum,serum,combination,acne|sensitivity,niacinamide,yes,yes,no,AM,,10.55,skincare_products_5000.csv,P00384,synthetic
PRD0002233,Garnier,Garnier Balance Niacinamide Serum,serum,combination|dry|oily,barrier repair|dark spots|sensitivity,"niacinamide, peptides",yes,no,no,AM,,34.75,skincare_products_5000.csv,P04968,synthetic
PRD0002234,Garnier,Garnier Balance Octocrylene SPF 50,sunscreen,dry,aging|redness,octocrylene,yes,yes,no,AM,50.0,20.36,skincare_products_5000.csv,P04571,synthetic
PRD0002235,Garnier,Garnier Balance Panthenol Toner,toner,dry|normal|oily,dehydration|dryness,"panthenol, niacinamide",yes,no,no,AM,,12.0,skincare_products_5000.csv,P02178,synthetic
PRD0002236,Garnier,Garnier Balance Pha Toner,toner,combination-sensitive,acne|dark spots|oiliness,"pha, glycerin",no,no,no,AM/PM,,17.68,skincare_products_5000.csv,P01743,synthetic
PRD0002237,Garnier,Garnier Balance Pha Toner,toner,combination-sensitive|dry,barrier repair,pha,no,no,no,AM,,12.05,skincare_products_5000.csv,P01217,synthetic
PRD0002238,Garnier,Garnier Balance Sulfur Mask,mask,combination-sensitive|oily|sensitive,aging|sensitivity,"sulfur, green tea, clay",yes,no,no,Weekly,,12.53,skincare_products_5000.csv,P01363,synthetic
PRD0002239,Garnier,Garnier Balance Sulfur Mask,mask,combination|normal|oily,acne|barrier repair,"sulfur, green tea, centella",yes,no,no,AM,,23.1,skincare_products_5000.csv,P02946,synthetic
PRD0002240,Garnier,Garnier Balance Titanium Dioxide SPF 50,sunscreen,combination-sensitive,aging,titanium dioxide,yes,yes,no,AM,50.0,16.39,skincare_products_5000.csv,P00072,synthetic
PRD0002241,Garnier,Garnier Balance Urea Moisturizer,moisturizer,normal|oily,aging|dark spots|dryness,urea,yes,yes,no,AM/PM,,16.55,skincare_products_5000.csv,P02409,synthetic
PRD0002242,Garnier,Garnier Balance Vitamin C Serum,serum,dry,dehydration|oiliness|sensitivity,"vitamin c, peptides",yes,no,no,AM/PM,,37.21,skincare_products_5000.csv,P01415,synthetic
PRD0002243,Garnier,Garnier Balance Vitamin C Serum,serum,oily|sensitive,aging|dehydration|sensitivity,"vitamin c, azelaic acid",no,yes,no,PM,,36.26,skincare_products_5000.csv,P02772,synthetic
PRD0002244,Garnier,Garnier Balance Vitamin E SPF 50,sunscreen,combination|combination-sensitive|dry,dryness,vitamin e,yes,yes,no,AM,30.0,12.68,skincare_products_5000.csv,P03399,synthetic
PRD0002245,Garnier,Garnier Balance Zinc Oxide SPF 50,sunscreen,combination|dry|normal,dark spots,"zinc oxide, octocrylene",no,yes,no,AM,50.0,13.37,skincare_products_5000.csv,P02949,synthetic
PRD0002246,Garnier,Garnier Barrier Adapalene Treatment,treatment,combination|sensitive,barrier repair|dark spots|dryness,"adapalene, sulfur",yes,yes,no,PM,,20.37,skincare_products_5000.csv,P02224,synthetic
PRD0002247,Garnier,Garnier Barrier Avobenzone SPF 50,sunscreen,normal|oily,acne|dryness|sensitivity,"avobenzone, vitamin e, zinc oxide",yes,yes,no,AM,50.0,20.12,skincare_products_5000.csv,P04934,synthetic
PRD0002248,Garnier,Garnier Barrier Azelaic Acid Serum,serum,normal|sensitive,oiliness,"azelaic acid, centella",yes,yes,no,AM,,13.22,skincare_products_5000.csv,P04326,synthetic
PRD0002249,Garnier,Garnier Barrier Azelaic Acid Serum,serum,sensitive,dark spots|dehydration,azelaic acid,yes,yes,no,AM/PM,,36.98,skincare_products_5000.csv,P02760,synthetic
PRD0002250,Garnier,Garnier Barrier Azelaic Acid Treatment,treatment,combination|dry,barrier repair|redness|sensitivity,"azelaic acid, retinol",yes,yes,no,Weekly,,24.58,skincare_products_5000.csv,P03611,synthetic
PRD0002251,Garnier,Garnier Barrier Beta-Glucan Toner,toner,combination|oily|sensitive,acne,"beta-glucan, centella",no,no,no,Weekly,,18.71,skincare_products_5000.csv,P02012,synthetic
PRD0002252,Garnier,Garnier Barrier Beta-Glucan Toner,toner,dry|sensitive,dryness|sensitivity,beta-glucan,yes,no,no,AM,,20.02,skincare_products_5000.csv,P03902,synthetic
PRD0002253,Garnier,Garnier Barrier Betaine Cleanser,cleanser,combination-sensitive|normal,barrier repair,betaine,yes,yes,no,AM/PM,,9.33,skincare_products_5000.csv,P02004,synthetic
PRD0002254,Garnier,Garnier Barrier Centella Cleanser,cleanser,combination|oily|sensitive,oiliness|sensitivity,centella,no,yes,no,Weekly,,22.9,skincare_products_5000.csv,P04791,synthetic
PRD0002255,Garnier,Garnier Barrier Centella Serum,serum,combination|combination-sensitive|dry,acne|barrier repair|redness,"centella, retinol",yes,yes,no,PM,,28.73,skincare_products_5000.csv,P01739,synthetic
PRD0002256,Garnier,Garnier Barrier Centella Toner,toner,dry|normal|oily,aging|dark spots,"centella, beta-glucan, pha",yes,no,no,AM/PM,,17.38,skincare_products_5000.csv,P00701,synthetic
PRD0002257,Garnier,Garnier Barrier Ceramides Cleanser,cleanser,normal,dryness|sensitivity,"ceramides, glycerin",yes,yes,no,AM,,9.94,skincare_products_5000.csv,P04314,synthetic
PRD0002258,Garnier,Garnier Barrier Ceramides Moisturizer,moisturizer,combination-sensitive|dry|normal,sensitivity,"ceramides, panthenol",yes,no,no,Weekly,,15.74,skincare_products_5000.csv,P04569,synthetic
PRD0002259,Garnier,Garnier Barrier Ceramides Moisturizer,moisturizer,combination|combination-sensitive|sensitive,sensitivity,"ceramides, glycerin, panthenol",no,yes,no,PM,,18.87,skincare_products_5000.csv,P02793,synthetic
PRD0002260,Garnier,Garnier Barrier Clay Mask,mask,combination,dark spots|dehydration|sensitivity,clay,yes,no,no,AM,,11.69,skincare_products_5000.csv,P00430,synthetic
PRD0002261,Garnier,Garnier Barrier Clay Mask,mask,dry|normal,acne|dryness,clay,yes,no,no,PM,,13.46,skincare_products_5000.csv,P03673,synthetic
PRD0002262,Garnier,Garnier Barrier Glycerin Cleanser,cleanser,combination,acne|barrier repair|dark spots,"glycerin, centella",yes,no,no,Weekly,,14.1,skincare_products_5000.csv,P04460,synthetic
PRD0002263,Garnier,Garnier Barrier Glycerin Moisturizer,moisturizer,combination-sensitive,acne|dryness,"glycerin, ceramides",yes,yes,no,AM/PM,,33.38,skincare_products_5000.csv,P01459,synthetic
PRD0002264,Garnier,Garnier Barrier Glycerin Moisturizer,moisturizer,combination-sensitive|dry,dehydration,glycerin,yes,yes,no,Weekly,,24.77,skincare_products_5000.csv,P03735,synthetic
PRD0002265,Garnier,Garnier Barrier Glycerin Moisturizer,moisturizer,combination|combination-sensitive,barrier repair|sensitivity,"glycerin, squalane, urea",no,yes,no,AM/PM,,11.65,skincare_products_5000.csv,P01701,synthetic
PRD0002266,Garnier,Garnier Barrier Hyaluronic Acid Serum,serum,combination|dry,dark spots,"hyaluronic acid, peptides, vitamin c",no,yes,no,AM/PM,,44.12,skincare_products_5000.csv,P01070,synthetic
PRD0002267,Garnier,Garnier Barrier Niacinamide Cleanser,cleanser,combination|combination-sensitive|dry,dark spots|dryness|redness,"niacinamide, centella, salicylic acid",no,yes,no,Weekly,,11.67,skincare_products_5000.csv,P02751,synthetic
PRD0002268,Garnier,Garnier Barrier Niacinamide SPF 50,sunscreen,sensitive,dark spots,"niacinamide, octocrylene, vitamin e",yes,yes,no,AM,30.0,27.26,skincare_products_5000.csv,P01385,synthetic
PRD0002269,Garnier,Garnier Barrier Niacinamide Serum,serum,sensitive,oiliness|redness,"niacinamide, vitamin c, hyaluronic acid",yes,yes,no,AM,,21.41,skincare_products_5000.csv,P04295,synthetic
PRD0002270,Garnier,Garnier Barrier Panthenol Moisturizer,moisturizer,combination|dry|normal,oiliness,"panthenol, squalane",no,no,no,Weekly,,17.1,skincare_products_5000.csv,P01229,synthetic
PRD0002271,Garnier,Garnier Barrier Pha Toner,toner,combination-sensitive|dry|normal,aging,"pha, beta-glucan, glycerin",no,no,no,AM,,8.15,skincare_products_5000.csv,P01474,synthetic
PRD0002272,Garnier,Garnier Barrier Retinol Treatment,treatment,oily,aging|dryness,"retinol, azelaic acid, salicylic acid",no,yes,no,AM,,14.93,skincare_products_5000.csv,P03174,synthetic
PRD0002273,Garnier,Garnier Barrier Salicylic Acid Cleanser,cleanser,combination,dark spots|dehydration|sensitivity,"salicylic acid, ceramides",yes,yes,no,PM,,22.97,skincare_products_5000.csv,P04821,synthetic
PRD0002274,Garnier,Garnier Barrier Salicylic Acid Cleanser,cleanser,combination|sensitive,dehydration|oiliness|sensitivity,salicylic acid,yes,yes,no,PM,,21.61,skincare_products_5000.csv,P02120,synthetic
PRD0002275,Garnier,Garnier Barrier Urea Moisturizer,moisturizer,combination-sensitive|normal,aging,urea,yes,no,no,AM,,27.66,skincare_products_5000.csv,P03242,synthetic
PRD0002276,Garnier,Garnier Calm Azelaic Acid Treatment,treatment,combination-sensitive,barrier repair|oiliness|sensitivity,azelaic acid,no,yes,no,AM,,34.17,skincare_products_5000.csv,P04305,synthetic
PRD0002277,Garnier,Garnier Calm Azelaic Acid Treatment,treatment,combination-sensitive|dry|sensitive,aging|dryness,azelaic acid,yes,yes,no,PM,,23.1,skincare_products_5000.csv,P03299,synthetic
PRD0002278,Garnier,Garnier Calm Benzoyl Peroxide Treatment,treatment,combination-sensitive|dry|oily,barrier repair|dark spots|oiliness,"benzoyl peroxide, retinol",yes,yes,no,AM,,28.3,skincare_products_5000.csv,P01194,synthetic
PRD0002279,Garnier,Garnier Calm Beta-Glucan Toner,toner,combination|normal,redness|sensitivity,beta-glucan,no,no,no,PM,,23.93,skincare_products_5000.csv,P01508,synthetic
PRD0002280,Garnier,Garnier Calm Betaine Cleanser,cleanser,combination|oily,dehydration,"betaine, centella, niacinamide",yes,yes,no,PM,,24.77,skincare_products_5000.csv,P00572,synthetic
PRD0002281,Garnier,Garnier Calm Centella Cleanser,cleanser,combination-sensitive|dry|sensitive,aging|barrier repair|dryness,"centella, ceramides",no,yes,no,AM/PM,,13.45,skincare_products_5000.csv,P04334,synthetic
PRD0002282,Garnier,Garnier Calm Centella Mask,mask,dry|oily|sensitive,dehydration|sensitivity,centella,yes,no,no,Weekly,,20.77,skincare_products_5000.csv,P02304,synthetic
PRD0002283,Garnier,Garnier Calm Centella Serum,serum,combination-sensitive|oily,barrier repair|dehydration|dryness,"centella, peptides",yes,yes,no,AM,,41.27,skincare_products_5000.csv,P02994,synthetic
PRD0002284,Garnier,Garnier Calm Centella Serum,serum,dry,dryness|redness|sensitivity,centella,yes,no,no,Weekly,,18.93,skincare_products_5000.csv,P04178,synthetic
PRD0002285,Garnier,Garnier Calm Centella Toner,toner,combination|dry|normal,oiliness,"centella, beta-glucan",no,no,no,AM/PM,,22.16,skincare_products_5000.csv,P03702,synthetic
PRD0002286,Garnier,Garnier Calm Cholesterol Moisturizer,moisturizer,combination|combination-sensitive,oiliness|redness,"cholesterol, glycerin",no,no,no,PM,,11.14,skincare_products_5000.csv,P04753,synthetic
PRD0002287,Garnier,Garnier Calm Cholesterol Moisturizer,moisturizer,dry|oily,aging|barrier repair,"cholesterol, urea",yes,yes,no,AM,,14.79,skincare_products_5000.csv,P00687,synthetic
PRD0002288,Garnier,Garnier Calm Glycerin Cleanser,cleanser,combination|dry,oiliness|sensitivity,glycerin,yes,yes,no,AM,,9.21,skincare_products_5000.csv,P03462,synthetic
PRD0002289,Garnier,Garnier Calm Glycerin Cleanser,cleanser,oily|sensitive,redness,"glycerin, niacinamide",yes,yes,no,AM,,14.49,skincare_products_5000.csv,P00075,synthetic
PRD0002290,Garnier,Garnier Calm Hyaluronic Acid Mask,mask,normal,aging|dryness|sensitivity,hyaluronic acid,no,no,no,AM/PM,,11.28,skincare_products_5000.csv,P03314,synthetic
PRD0002291,Garnier,Garnier Calm Niacinamide Cleanser,cleanser,combination-sensitive,acne|aging,niacinamide,yes,yes,no,AM/PM,,20.31,skincare_products_5000.csv,P00028,synthetic
PRD0002292,Garnier,Garnier Calm Niacinamide Cleanser,cleanser,combination|combination-sensitive|dry,acne|oiliness|sensitivity,"niacinamide, centella, betaine",yes,yes,no,Weekly,,15.54,skincare_products_5000.csv,P02109,synthetic
PRD0002293,Garnier,Garnier Calm Niacinamide Cleanser,cleanser,dry|normal|oily,acne,niacinamide,yes,yes,no,PM,,14.68,skincare_products_5000.csv,P03746,synthetic
PRD0002294,Garnier,Garnier Calm Niacinamide SPF 50,sunscreen,combination-sensitive|dry|sensitive,dark spots,"niacinamide, avobenzone",yes,yes,no,AM,50.0,27.75,skincare_products_5000.csv,P02837,synthetic
PRD0002295,Garnier,Garnier Calm Peptides Serum,serum,combination-sensitive|sensitive,acne,"peptides, niacinamide",yes,yes,no,Weekly,,22.65,skincare_products_5000.csv,P04752,synthetic
PRD0002296,Garnier,Garnier Calm Pha Toner,toner,combination|dry|oily,oiliness,"pha, panthenol",no,no,no,AM,,16.75,skincare_products_5000.csv,P02685,synthetic
PRD0002297,Garnier,Garnier Calm Retinol Treatment,treatment,normal,acne|dryness|oiliness,"retinol, azelaic acid, sulfur",yes,yes,no,AM,,18.74,skincare_products_5000.csv,P04851,synthetic
PRD0002298,Garnier,Garnier Calm Salicylic Acid Cleanser,cleanser,dry|oily|sensitive,acne|barrier repair,"salicylic acid, niacinamide, centella",no,yes,no,PM,,24.25,skincare_products_5000.csv,P02692,synthetic
PRD0002299,Garnier,Garnier Calm Salicylic Acid Treatment,treatment,combination|dry|oily,barrier repair,salicylic acid,yes,yes,no,Weekly,,20.41,skincare_products_5000.csv,P03134,synthetic
PRD0002300,Garnier,Garnier Calm Sulfur Mask,mask,oily|sensitive,aging|dehydration|dryness,sulfur,yes,no,no,AM,,13.62,skincare_products_5000.csv,P00101,synthetic
PRD0002301,Garnier,Garnier Calm Sulfur Treatment,treatment,dry|oily|sensitive,redness,sulfur,no,yes,no,AM/PM,,19.15,skincare_products_5000.csv,P01086,synthetic
PRD0002302,Garnier,Garnier Calm Urea Moisturizer,moisturizer,combination|oily|sensitive,dryness|oiliness|redness,"urea, glycerin, squalane",no,no,no,Weekly,,21.9,skincare_products_5000.csv,P04864,synthetic
PRD0002303,Garnier,Garnier Calm Vitamin C Serum,serum,combination-sensitive,acne,vitamin c,no,yes,no,AM,,24.44,skincare_products_5000.csv,P04962,synthetic
PRD0002304,Garnier,Garnier Calm Vitamin C Serum,serum,normal|oily,dark spots|dryness|oiliness,"vitamin c, retinol, centella",yes,yes,no,Weekly,,13.38,skincare_products_5000.csv,P04922,synthetic
PRD0002305,Garnier,Garnier Calm Vitamin E SPF 50,sunscreen,combination|sensitive,aging,"vitamin e, octocrylene",yes,yes,no,AM,30.0,17.54,skincare_products_5000.csv,P03810,synthetic
PRD0002306,Garnier,Garnier Clear Benzoyl Peroxide Treatment,treatment,combination-sensitive,dryness,"benzoyl peroxide, sulfur, adapalene",yes,yes,yes,Weekly,,33.81,skincare_products_5000.csv,P02796,synthetic
PRD0002307,Garnier,Garnier Clear Beta-Glucan Toner,toner,normal,acne,beta-glucan,no,no,no,AM/PM,,18.46,skincare_products_5000.csv,P02035,synthetic
PRD0002308,Garnier,Garnier Clear Betaine Cleanser,cleanser,combination-sensitive|normal|oily,aging,"betaine, glycerin, ceramides",no,yes,no,PM,,18.39,skincare_products_5000.csv,P02027,synthetic
PRD0002309,Garnier,Garnier Clear Betaine Cleanser,cleanser,combination|sensitive,dryness,"betaine, glycerin",no,yes,no,AM,,16.19,skincare_products_5000.csv,P01389,synthetic
PRD0002310,Garnier,Garnier Clear Betaine Cleanser,cleanser,dry|oily,redness,"betaine, centella, salicylic acid",no,yes,no,AM,,12.14,skincare_products_5000.csv,P01433,synthetic
PRD0002311,Garnier,Garnier Clear Ceramides Moisturizer,moisturizer,combination|combination-sensitive|dry,dryness|sensitivity,"ceramides, panthenol",yes,yes,no,PM,,32.17,skincare_products_5000.csv,P04405,synthetic
PRD0002312,Garnier,Garnier Clear Cholesterol Moisturizer,moisturizer,combination|dry|oily,barrier repair,cholesterol,yes,yes,no,AM,,27.37,skincare_products_5000.csv,P02726,synthetic
PRD0002313,Garnier,Garnier Clear Clay Mask,mask,combination-sensitive|normal|oily,acne|aging|dehydration,clay,no,no,no,Weekly,,9.64,skincare_products_5000.csv,P02455,synthetic
PRD0002314,Garnier,Garnier Clear Hyaluronic Acid Mask,mask,oily,acne|barrier repair|dark spots,"hyaluronic acid, green tea, centella",yes,no,no,Weekly,,17.77,skincare_products_5000.csv,P02882,synthetic
PRD0002315,Garnier,Garnier Clear Hyaluronic Acid Serum,serum,combination|dry|sensitive,dark spots|redness,"hyaluronic acid, centella, niacinamide",yes,yes,no,PM,,43.51,skincare_products_5000.csv,P01145,synthetic
PRD0002316,Garnier,Garnier Clear Niacinamide SPF 50,sunscreen,normal|sensitive,dark spots|dehydration|redness,niacinamide,yes,yes,no,AM,50.0,21.02,skincare_products_5000.csv,P04306,synthetic
PRD0002317,Garnier,Garnier Clear Panthenol Moisturizer,moisturizer,combination-sensitive|oily|sensitive,acne|sensitivity,panthenol,yes,yes,no,AM/PM,,29.12,skincare_products_5000.csv,P02380,synthetic
PRD0002318,Garnier,Garnier Clear Retinol Serum,serum,normal|sensitive,acne|aging,"retinol, peptides, azelaic acid",yes,yes,no,PM,,28.56,skincare_products_5000.csv,P02887,synthetic
PRD0002319,Garnier,Garnier Clear Retinol Treatment,treatment,combination|dry|oily,aging|sensitivity,retinol,no,yes,no,PM,,15.85,skincare_products_5000.csv,P04565,synthetic
PRD0002320,Garnier,Garnier Clear Squalane Moisturizer,moisturizer,combination|sensitive,aging|dryness|sensitivity,"squalane, panthenol, ceramides",yes,yes,no,Weekly,,25.13,skincare_products_5000.csv,P00891,synthetic
PRD0002321,Garnier,Garnier Clear Squalane Moisturizer,moisturizer,dry|oily,acne|redness,"squalane, cholesterol, ceramides",yes,yes,no,Weekly,,33.64,skincare_products_5000.csv,P02643,synthetic
PRD0002322,Garnier,Garnier Clear Sulfur Mask,mask,sensitive,aging,"sulfur, hyaluronic acid",no,no,no,AM/PM,,10.36,skincare_products_5000.csv,P00981,synthetic
PRD0002323,Garnier,Garnier Clear Sulfur Treatment,treatment,combination,acne,"sulfur, retinol, adapalene",yes,yes,no,PM,,33.14,skincare_products_5000.csv,P03176,synthetic
PRD0002324,Garnier,Garnier Clear Vitamin C Serum,serum,combination-sensitive|dry,acne,vitamin c,yes,yes,no,AM,,24.18,skincare_products_5000.csv,P02175,synthetic
PRD0002325,Garnier,Garnier Daily Adapalene Treatment,treatment,normal|sensitive,sensitivity,adapalene,yes,yes,yes,AM/PM,,25.77,skincare_products_5000.csv,P00074,synthetic
PRD0002326,Garnier,Garnier Daily Avobenzone SPF 50,sunscreen,oily,acne|dryness,"avobenzone, titanium dioxide",yes,yes,no,AM,50.0,20.84,skincare_products_5000.csv,P04579,synthetic
PRD0002327,Garnier,Garnier Daily Beta-Glucan Toner,toner,combination|sensitive,aging|oiliness|redness,"beta-glucan, pha, niacinamide",yes,no,no,AM/PM,,21.96,skincare_products_5000.csv,P03662,synthetic
PRD0002328,Garnier,Garnier Daily Betaine Cleanser,cleanser,combination|oily,dark spots|oiliness,"betaine, ceramides",yes,yes,no,AM/PM,,12.57,skincare_products_5000.csv,P02812,synthetic
PRD0002329,Garnier,Garnier Daily Centella Cleanser,cleanser,combination|sensitive,acne|dark spots|sensitivity,"centella, ceramides",yes,yes,no,AM,,16.68,skincare_products_5000.csv,P02619,synthetic
PRD0002330,Garnier,Garnier Daily Centella Cleanser,cleanser,oily,acne|aging,"centella, niacinamide, salicylic acid",yes,yes,no,Weekly,,20.65,skincare_products_5000.csv,P02344,synthetic
PRD0002331,Garnier,Garnier Daily Centella Mask,mask,combination|combination-sensitive|dry,dark spots|dryness,centella,yes,no,no,Weekly,,26.95,skincare_products_5000.csv,P01119,synthetic
PRD0002332,Garnier,Garnier Daily Centella Mask,mask,combination|normal|oily,dehydration|dryness,"centella, oat extract",yes,no,no,AM,,24.36,skincare_products_5000.csv,P01904,synthetic
PRD0002333,Garnier,Garnier Daily Centella Serum,serum,normal|oily|sensitive,dehydration,"centella, retinol",yes,no,no,AM,,32.49,skincare_products_5000.csv,P04817,synthetic
PRD0002334,Garnier,Garnier Daily Ceramides Cleanser,cleanser,combination,dark spots|oiliness|sensitivity,"ceramides, betaine, centella",yes,yes,no,AM/PM,,22.98,skincare_products_5000.csv,P02781,synthetic
PRD0002335,Garnier,Garnier Daily Ceramides Cleanser,cleanser,combination|combination-sensitive|normal,acne|dehydration|redness,"ceramides, niacinamide, salicylic acid",yes,yes,no,AM,,8.93,skincare_products_5000.csv,P01992,synthetic
PRD0002336,Garnier,Garnier Daily Cholesterol Moisturizer,moisturizer,normal|sensitive,dehydration|oiliness|sensitivity,"cholesterol, glycerin, ceramides",yes,yes,no,AM/PM,,32.54,skincare_products_5000.csv,P03954,synthetic
PRD0002337,Garnier,Garnier Daily Green Tea Mask,mask,combination-sensitive|dry|sensitive,acne,green tea,yes,no,no,Weekly,,24.56,skincare_products_5000.csv,P01735,synthetic
PRD0002338,Garnier,Garnier Daily Niacinamide Serum,serum,combination-sensitive|sensitive,dehydration|redness,"niacinamide, azelaic acid, centella",yes,yes,no,PM,,20.87,skincare_products_5000.csv,P00487,synthetic
PRD0002339,Garnier,Garnier Daily Octocrylene SPF 50,sunscreen,combination-sensitive|sensitive,redness,octocrylene,yes,yes,no,AM,50.0,15.17,skincare_products_5000.csv,P04989,synthetic
PRD0002340,Garnier,Garnier Daily Peptides Serum,serum,dry|oily|sensitive,acne,"peptides, centella, hyaluronic acid",yes,no,no,PM,,11.59,skincare_products_5000.csv,P01489,synthetic
PRD0002341,Garnier,Garnier Daily Salicylic Acid Cleanser,cleanser,dry|normal,aging|redness|sensitivity,"salicylic acid, ceramides, glycerin",no,no,no,AM/PM,,9.57,skincare_products_5000.csv,P02378,synthetic
PRD0002342,Garnier,Garnier Daily Urea Moisturizer,moisturizer,combination-sensitive|normal|sensitive,acne|dryness|oiliness,"urea, panthenol",yes,yes,no,AM,,22.77,skincare_products_5000.csv,P03359,synthetic
PRD0002343,Garnier,Garnier Daily Zinc Oxide SPF 50,sunscreen,sensitive,dark spots|sensitivity,"zinc oxide, niacinamide",yes,yes,no,AM,50.0,29.14,skincare_products_5000.csv,P04698,synthetic
PRD0002344,Garnier,Garnier Glow Adapalene Treatment,treatment,combination|combination-sensitive|sensitive,acne|barrier repair|dark spots,"adapalene, sulfur",yes,yes,no,Weekly,,14.14,skincare_products_5000.csv,P01536,synthetic
PRD0002345,Garnier,Garnier Glow Azelaic Acid Serum,serum,combination|sensitive,acne|redness,azelaic acid,yes,no,no,AM,,17.61,skincare_products_5000.csv,P00078,synthetic
PRD0002346,Garnier,Garnier Glow Beta-Glucan Toner,toner,oily,aging|dryness,beta-glucan,yes,no,no,Weekly,,8.56,skincare_products_5000.csv,P00764,synthetic
PRD0002347,Garnier,Garnier Glow Centella Toner,toner,dry|normal|oily,aging|dark spots|dehydration,"centella, pha, niacinamide",yes,no,no,AM,,8.13,skincare_products_5000.csv,P02565,synthetic
PRD0002348,Garnier,Garnier Glow Ceramides Moisturizer,moisturizer,combination-sensitive|dry|sensitive,aging|dehydration|oiliness,"ceramides, squalane, cholesterol",yes,no,no,PM,,10.13,skincare_products_5000.csv,P02500,synthetic
PRD0002349,Garnier,Garnier Glow Ceramides Moisturizer,moisturizer,combination|combination-sensitive|oily,dark spots|dehydration|dryness,"ceramides, urea, squalane",no,no,no,PM,,20.37,skincare_products_5000.csv,P03444,synthetic
PRD0002350,Garnier,Garnier Glow Cholesterol Moisturizer,moisturizer,combination-sensitive,acne|aging|barrier repair,"cholesterol, squalane",yes,yes,no,Weekly,,22.09,skincare_products_5000.csv,P03159,synthetic
PRD0002351,Garnier,Garnier Glow Glycerin Moisturizer,moisturizer,combination|dry,barrier repair|sensitivity,"glycerin, squalane",yes,yes,no,Weekly,,31.13,skincare_products_5000.csv,P01487,synthetic
PRD0002352,Garnier,Garnier Glow Glycerin Toner,toner,dry|normal,dark spots|dehydration|sensitivity,glycerin,yes,no,no,AM/PM,,18.47,skincare_products_5000.csv,P00632,synthetic
PRD0002353,Garnier,Garnier Glow Glycerin Toner,toner,sensitive,dehydration|dryness|redness,"glycerin, panthenol",no,no,no,PM,,9.03,skincare_products_5000.csv,P01970,synthetic
PRD0002354,Garnier,Garnier Glow Hyaluronic Acid Serum,serum,combination-sensitive|sensitive,dark spots,hyaluronic acid,no,yes,no,AM,,34.23,skincare_products_5000.csv,P03181,synthetic
PRD0002355,Garnier,Garnier Glow Niacinamide Cleanser,cleanser,dry,dryness,"niacinamide, betaine, salicylic acid",yes,yes,no,AM,,8.38,skincare_products_5000.csv,P02156,synthetic
PRD0002356,Garnier,Garnier Glow Niacinamide SPF 50,sunscreen,combination-sensitive|normal|sensitive,oiliness,"niacinamide, vitamin e",yes,yes,no,AM,50.0,11.69,skincare_products_5000.csv,P01235,synthetic
PRD0002357,Garnier,Garnier Glow Peptides Serum,serum,combination-sensitive|oily,aging|dryness|sensitivity,"peptides, hyaluronic acid",no,yes,no,Weekly,,27.03,skincare_products_5000.csv,P00284,synthetic
PRD0002358,Garnier,Garnier Glow Peptides Serum,serum,normal|oily,acne|redness,"peptides, retinol, centella",yes,yes,no,AM/PM,,43.35,skincare_products_5000.csv,P02474,synthetic
PRD0002359,Garnier,Garnier Glow Retinol Treatment,treatment,combination|normal|sensitive,oiliness|redness,"retinol, salicylic acid, sulfur",yes,yes,no,Weekly,,24.87,skincare_products_5000.csv,P02285,synthetic
PRD0002360,Garnier,Garnier Glow Salicylic Acid Treatment,treatment,combination,aging|barrier repair,salicylic acid,yes,no,no,Weekly,,15.22,skincare_products_5000.csv,P03670,synthetic
PRD0002361,Garnier,Garnier Glow Salicylic Acid Treatment,treatment,combination-sensitive|normal,dryness|redness,"salicylic acid, benzoyl peroxide, azelaic acid",yes,yes,no,AM/PM,,14.55,skincare_products_5000.csv,P00847,synthetic
PRD0002362,Garnier,Garnier Glow Squalane Moisturizer,moisturizer,combination|sensitive,acne|aging|sensitivity,"squalane, cholesterol",yes,yes,no,PM,,26.32,skincare_products_5000.csv,P03024,synthetic
PRD0002363,Garnier,Garnier Glow Sulfur Treatment,treatment,combination|normal|oily,redness,"sulfur, salicylic acid, retinol",yes,no,no,AM,,23.88,skincare_products_5000.csv,P02744,synthetic
PRD0002364,Garnier,Garnier Glow Sulfur Treatment,treatment,dry|oily|sensitive,barrier repair,"sulfur, azelaic acid",yes,yes,no,AM,,28.34,skincare_products_5000.csv,P04383,synthetic
PRD0002365,Garnier,Garnier Glow Titanium Dioxide SPF 50,sunscreen,combination|dry|oily,aging,"titanium dioxide, zinc oxide, niacinamide",yes,yes,no,AM,50.0,11.64,skincare_products_5000.csv,P04522,synthetic
PRD0002366,Garnier,Garnier Glow Vitamin C Serum,serum,combination,acne|barrier repair|redness,vitamin c,yes,no,no,AM/PM,,16.78,skincare_products_5000.csv,P01578,synthetic
PRD0002367,Garnier,Garnier Glow Vitamin C Serum,serum,sensitive,sensitivity,"vitamin c, peptides",yes,yes,no,PM,,34.08,skincare_products_5000.csv,P04012,synthetic
PRD0002368,Garnier,Garnier Glow Vitamin E SPF 50,sunscreen,dry|normal|sensitive,aging|barrier repair,vitamin e,yes,yes,no,AM,50.0,14.94,skincare_products_5000.csv,P02963,synthetic
PRD0002369,Garnier,Garnier Glow Zinc Oxide SPF 50,sunscreen,normal,aging|dark spots,zinc oxide,no,yes,no,AM,50.0,25.86,skincare_products_5000.csv,P03304,synthetic
PRD0002370,Garnier,Garnier Hydra Azelaic Acid Serum,serum,combination-sensitive|dry|sensitive,dark spots|redness,azelaic acid,yes,yes,no,AM,,10.57,skincare_products_5000.csv,P03646,synthetic
PRD0002371,Garnier,Garnier Hydra Azelaic Acid Serum,serum,combination|dry|oily,acne|dehydration|oiliness,"azelaic acid, peptides, niacinamide",yes,yes,no,AM/PM,,32.24,skincare_products_5000.csv,P04313,synthetic
PRD0002372,Garnier,Garnier Hydra Azelaic Acid Treatment,treatment,combination|normal,sensitivity,"azelaic acid, adapalene, sulfur",yes,yes,yes,AM/PM,,32.45,skincare_products_5000.csv,P01764,synthetic
PRD0002373,Garnier,Garnier Hydra Betaine Cleanser,cleanser,dry|oily|sensitive,sensitivity,"betaine, glycerin",yes,yes,no,Weekly,,20.85,skincare_products_5000.csv,P03009,synthetic
PRD0002374,Garnier,Garnier Hydra Centella Serum,serum,combination-sensitive|dry,redness,centella,yes,yes,no,PM,,36.16,skincare_products_5000.csv,P00295,synthetic
PRD0002375,Garnier,Garnier Hydra Centella Serum,serum,combination|dry|sensitive,aging|barrier repair|sensitivity,"centella, azelaic acid",yes,no,no,AM,,10.55,skincare_products_5000.csv,P04064,synthetic
PRD0002376,Garnier,Garnier Hydra Ceramides Cleanser,cleanser,sensitive,dryness|oiliness,"ceramides, salicylic acid, glycerin",yes,yes,no,AM,,19.18,skincare_products_5000.csv,P02961,synthetic
PRD0002377,Garnier,Garnier Hydra Ceramides Moisturizer,moisturizer,combination-sensitive,aging|dark spots,ceramides,yes,no,no,Weekly,,12.44,skincare_products_5000.csv,P01568,synthetic
PRD0002378,Garnier,Garnier Hydra Cholesterol Moisturizer,moisturizer,normal,barrier repair|redness,"cholesterol, panthenol",no,no,no,AM,,26.5,skincare_products_5000.csv,P00158,synthetic
PRD0002379,Garnier,Garnier Hydra Clay Mask,mask,sensitive,dark spots|dehydration|sensitivity,clay,yes,no,no,Weekly,,21.74,skincare_products_5000.csv,P00239,synthetic
PRD0002380,Garnier,Garnier Hydra Glycerin Cleanser,cleanser,combination|normal|oily,dryness|oiliness,glycerin,yes,yes,no,AM/PM,,12.44,skincare_products_5000.csv,P00312,synthetic
PRD0002381,Garnier,Garnier Hydra Glycerin Moisturizer,moisturizer,dry,barrier repair|dryness|oiliness,glycerin,yes,no,no,Weekly,,33.01,skincare_products_5000.csv,P00988,synthetic
PRD0002382,Garnier,Garnier Hydra Hyaluronic Acid Mask,mask,oily|sensitive,oiliness,"hyaluronic acid, green tea",yes,no,no,Weekly,,19.86,skincare_products_5000.csv,P01586,synthetic
PRD0002383,Garnier,Garnier Hydra Hyaluronic Acid Serum,serum,combination-sensitive|dry|sensitive,aging|dryness,hyaluronic acid,yes,yes,no,PM,,22.2,skincare_products_5000.csv,P00861,synthetic
PRD0002384,Garnier,Garnier Hydra Niacinamide SPF 50,sunscreen,combination|combination-sensitive|normal,dark spots|dehydration|sensitivity,"niacinamide, avobenzone, vitamin e",no,no,no,AM,50.0,15.06,skincare_products_5000.csv,P03980,synthetic
PRD0002385,Garnier,Garnier Hydra Niacinamide SPF 50,sunscreen,combination|normal|oily,aging,"niacinamide, vitamin e, zinc oxide",yes,yes,no,AM,50.0,27.93,skincare_products_5000.csv,P01342,synthetic
PRD0002386,Garnier,Garnier Hydra Niacinamide Toner,toner,combination,acne,"niacinamide, panthenol, beta-glucan",yes,no,no,AM,,9.43,skincare_products_5000.csv,P00761,synthetic
PRD0002387,Garnier,Garnier Hydra Niacinamide Toner,toner,dry|oily|sensitive,acne|dryness|oiliness,niacinamide,no,no,no,AM,,11.72,skincare_products_5000.csv,P00444,synthetic
PRD0002388,Garnier,Garnier Hydra Oat Extract Mask,mask,combination-sensitive|normal|oily,oiliness,"oat extract, sulfur",yes,no,no,PM,,26.09,skincare_products_5000.csv,P04674,synthetic
PRD0002389,Garnier,Garnier Hydra Octocrylene SPF 50,sunscreen,combination|combination-sensitive,dryness|sensitivity,"octocrylene, avobenzone",yes,no,no,AM,50.0,28.51,skincare_products_5000.csv,P04237,synthetic
PRD0002390,Garnier,Garnier Hydra Panthenol Moisturizer,moisturizer,combination|normal|sensitive,acne|dehydration,"panthenol, cholesterol, squalane",no,yes,no,AM/PM,,20.56,skincare_products_5000.csv,P00327,synthetic
PRD0002391,Garnier,Garnier Hydra Panthenol Moisturizer,moisturizer,oily,aging|dark spots|dryness,"panthenol, cholesterol",yes,yes,no,AM/PM,,28.49,skincare_products_5000.csv,P04053,synthetic
PRD0002392,Garnier,Garnier Hydra Peptides Serum,serum,combination-sensitive,dehydration|dryness,"peptides, hyaluronic acid",no,no,no,Weekly,,33.39,skincare_products_5000.csv,P00661,synthetic
PRD0002393,Garnier,Garnier Hydra Peptides Serum,serum,combination-sensitive|sensitive,aging|dark spots|oiliness,peptides,yes,yes,no,AM,,14.02,skincare_products_5000.csv,P00908,synthetic
PRD0002394,Garnier,Garnier Hydra Salicylic Acid Cleanser,cleanser,dry|normal,barrier repair|redness|sensitivity,"salicylic acid, centella",yes,no,no,AM,,18.32,skincare_products_5000.csv,P00840,synthetic
PRD0002395,Garnier,Garnier Hydra Squalane Moisturizer,moisturizer,combination|oily|sensitive,dark spots|sensitivity,squalane,yes,yes,no,AM,,34.48,skincare_products_5000.csv,P01588,synthetic
PRD0002396,Garnier,Garnier Hydra Squalane Moisturizer,moisturizer,dry|normal|sensitive,aging|oiliness|sensitivity,"squalane, cholesterol",no,yes,no,PM,,31.51,skincare_products_5000.csv,P01909,synthetic
PRD0002397,Garnier,Garnier Hydra Titanium Dioxide SPF 50,sunscreen,combination|combination-sensitive,dryness,"titanium dioxide, avobenzone, niacinamide",yes,yes,no,AM,50.0,18.67,skincare_products_5000.csv,P04435,synthetic
PRD0002398,Garnier,Garnier Hydra Urea Moisturizer,moisturizer,dry|normal|oily,aging|barrier repair|dehydration,"urea, cholesterol",yes,yes,no,AM,,25.97,skincare_products_5000.csv,P04532,synthetic
PRD0002399,Garnier,Garnier Hydra Urea Moisturizer,moisturizer,normal,dark spots,"urea, cholesterol",yes,no,no,PM,,22.6,skincare_products_5000.csv,P03808,synthetic
PRD0002400,Garnier,Garnier Hydra Vitamin C Serum,serum,combination-sensitive|dry,barrier repair|dark spots,vitamin c,yes,yes,no,AM,,22.81,skincare_products_5000.csv,P04506,synthetic
PRD0002401,Garnier,Garnier Hydra Vitamin E SPF 50,sunscreen,combination-sensitive|oily|sensitive,dryness,vitamin e,yes,yes,no,AM,50.0,28.88,skincare_products_5000.csv,P03500,synthetic
PRD0002402,Garnier,Garnier Hydra Vitamin E SPF 50,sunscreen,combination|normal,acne|redness,vitamin e,yes,no,no,AM,50.0,16.59,skincare_products_5000.csv,P00593,synthetic
PRD0002403,Garnier,Garnier Hydra Vitamin E SPF 50,sunscreen,dry|sensitive,acne|barrier repair,vitamin e,yes,yes,no,AM,50.0,28.37,skincare_products_5000.csv,P00659,synthetic
PRD0002404,Garnier,Garnier Pure Azelaic Acid Treatment,treatment,normal|sensitive,oiliness,azelaic acid,yes,no,no,AM,,34.5,skincare_products_5000.csv,P02471,synthetic
PRD0002405,Garnier,Garnier Pure Beta-Glucan Toner,toner,combination-sensitive|dry,oiliness,"beta-glucan, niacinamide, panthenol",yes,no,no,PM,,13.36,skincare_products_5000.csv,P00950,synthetic
PRD0002406,Garnier,Garnier Pure Betaine Cleanser,cleanser,combination,dehydration|dryness,"betaine, salicylic acid",yes,yes,no,AM/PM,,22.64,skincare_products_5000.csv,P04845,synthetic
PRD0002407,Garnier,Garnier Pure Betaine Cleanser,cleanser,combination|combination-sensitive|dry,dryness|redness|sensitivity,"betaine, centella, niacinamide",yes,yes,no,Weekly,,10.82,skincare_products_5000.csv,P01787,synthetic
PRD0002408,Garnier,Garnier Pure Centella Cleanser,cleanser,combination,aging|barrier repair|oiliness,centella,yes,yes,no,Weekly,,10.37,skincare_products_5000.csv,P00749,synthetic
PRD0002409,Garnier,Garnier Pure Centella Cleanser,cleanser,combination|combination-sensitive|dry,dehydration,"centella, ceramides, betaine",yes,yes,no,Weekly,,15.8,skincare_products_5000.csv,P03416,synthetic
PRD0002410,Garnier,Garnier Pure Ceramides Cleanser,cleanser,combination|dry|oily,redness,ceramides,no,yes,no,AM/PM,,20.34,skincare_products_5000.csv,P00984,synthetic
PRD0002411,Garnier,Garnier Pure Green Tea Mask,mask,combination-sensitive|dry,barrier repair|dryness|oiliness,"green tea, oat extract, hyaluronic acid",no,no,no,AM/PM,,22.3,skincare_products_5000.csv,P04019,synthetic
PRD0002412,Garnier,Garnier Pure Green Tea Mask,mask,combination-sensitive|dry,dehydration|dryness,"green tea, oat extract",yes,no,no,AM/PM,,8.83,skincare_products_5000.csv,P03470,synthetic
PRD0002413,Garnier,Garnier Pure Green Tea Mask,mask,normal|oily|sensitive,aging|barrier repair,green tea,yes,no,no,PM,,23.38,skincare_products_5000.csv,P03409,synthetic
PRD0002414,Garnier,Garnier Pure Hyaluronic Acid Mask,mask,combination,dark spots|dryness,"hyaluronic acid, green tea",yes,no,no,PM,,19.11,skincare_products_5000.csv,P02609,synthetic
PRD0002415,Garnier,Garnier Pure Hyaluronic Acid Mask,mask,oily,oiliness,"hyaluronic acid, clay",yes,no,no,Weekly,,10.15,skincare_products_5000.csv,P00671,synthetic
PRD0002416,Garnier,Garnier Pure Hyaluronic Acid Serum,serum,combination|oily|sensitive,dehydration|redness,"hyaluronic acid, niacinamide, centella",yes,yes,no,AM,,32.27,skincare_products_5000.csv,P02284,synthetic
PRD0002417,Garnier,Garnier Pure Hyaluronic Acid Serum,serum,normal,dehydration|oiliness|sensitivity,"hyaluronic acid, retinol",yes,no,no,Weekly,,14.55,skincare_products_5000.csv,P00274,synthetic
PRD0002418,Garnier,Garnier Pure Oat Extract Mask,mask,combination,aging,"oat extract, centella",yes,no,no,Weekly,,22.66,skincare_products_5000.csv,P00489,synthetic
PRD0002419,Garnier,Garnier Pure Octocrylene SPF 50,sunscreen,combination-sensitive|dry|sensitive,dehydration|redness,"octocrylene, zinc oxide",yes,yes,no,AM,50.0,29.54,skincare_products_5000.csv,P04367,synthetic
PRD0002420,Garnier,Garnier Pure Peptides Serum,serum,combination-sensitive,dark spots,"peptides, hyaluronic acid",no,yes,no,Weekly,,39.63,skincare_products_5000.csv,P04100,synthetic
PRD0002421,Garnier,Garnier Pure Salicylic Acid Cleanser,cleanser,oily,aging,"salicylic acid, glycerin, betaine",yes,no,no,Weekly,,14.82,skincare_products_5000.csv,P03403,synthetic
PRD0002422,Garnier,Garnier Pure Salicylic Acid Cleanser,cleanser,sensitive,redness,"salicylic acid, ceramides, centella",yes,no,no,PM,,24.93,skincare_products_5000.csv,P04681,synthetic
PRD0002423,Garnier,Garnier Pure Squalane Moisturizer,moisturizer,combination|combination-sensitive|oily,aging|dehydration|dryness,"squalane, ceramides, cholesterol",yes,no,no,Weekly,,20.92,skincare_products_5000.csv,P01333,synthetic
PRD0002424,Garnier,Garnier Pure Titanium Dioxide SPF 50,sunscreen,combination-sensitive,dryness,"titanium dioxide, zinc oxide",yes,no,no,AM,50.0,26.32,skincare_products_5000.csv,P02587,synthetic
PRD0002425,Garnier,Garnier Pure Titanium Dioxide SPF 50,sunscreen,normal,acne|dryness|redness,titanium dioxide,yes,yes,no,AM,50.0,20.91,skincare_products_5000.csv,P04947,synthetic
PRD0002426,Garnier,Garnier Pure Vitamin C Serum,serum,combination-sensitive|dry,acne|aging|dark spots,vitamin c,no,yes,no,Weekly,,22.48,skincare_products_5000.csv,P03240,synthetic
PRD0002427,Garnier,Garnier Pure Vitamin C Serum,serum,dry|oily,dehydration|redness,"vitamin c, retinol, peptides",no,yes,no,AM,,13.59,skincare_products_5000.csv,P01732,synthetic
PRD0002428,Garnier,Garnier Pure Vitamin E SPF 50,sunscreen,combination|combination-sensitive|oily,aging|oiliness|sensitivity,vitamin e,yes,yes,no,AM,50.0,23.67,skincare_products_5000.csv,P01624,synthetic
PRD0002429,Garnier,Garnier Pure Vitamin E SPF 50,sunscreen,combination|dry|normal,dehydration,"vitamin e, zinc oxide",yes,yes,no,AM,50.0,14.13,skincare_products_5000.csv,P00967,synthetic
PRD0002430,Garnier,Garnier Repair Adapalene Treatment,treatment,normal,sensitivity,"adapalene, azelaic acid, salicylic acid",yes,no,yes,AM,,11.6,skincare_products_5000.csv,P00237,synthetic
PRD0002431,Garnier,Garnier Repair Adapalene Treatment,treatment,normal|oily|sensitive,aging|dark spots|redness,adapalene,yes,yes,yes,AM/PM,,9.95,skincare_products_5000.csv,P02359,synthetic
PRD0002432,Garnier,Garnier Repair Azelaic Acid Serum,serum,combination|combination-sensitive|normal,redness,"azelaic acid, niacinamide",yes,yes,no,PM,,19.81,skincare_products_5000.csv,P00167,synthetic
PRD0002433,Garnier,Garnier Repair Azelaic Acid Serum,serum,combination|normal,dark spots|oiliness|sensitivity,"azelaic acid, peptides, niacinamide",no,yes,no,PM,,13.32,skincare_products_5000.csv,P02447,synthetic
PRD0002434,Garnier,Garnier Repair Azelaic Acid Treatment,treatment,normal|sensitive,barrier repair|dark spots|sensitivity,"azelaic acid, adapalene, benzoyl peroxide",no,no,yes,PM,,23.45,skincare_products_5000.csv,P00999,synthetic
PRD0002435,Garnier,Garnier Repair Benzoyl Peroxide Treatment,treatment,dry|sensitive,oiliness|redness,"benzoyl peroxide, adapalene, azelaic acid",yes,yes,yes,AM/PM,,21.64,skincare_products_5000.csv,P04072,synthetic
PRD0002436,Garnier,Garnier Repair Betaine Cleanser,cleanser,oily,dryness|redness,betaine,yes,yes,no,Weekly,,19.87,skincare_products_5000.csv,P02051,synthetic
PRD0002437,Garnier,Garnier Repair Centella Mask,mask,combination-sensitive,barrier repair|dark spots|dehydration,"centella, oat extract",yes,no,no,PM,,14.62,skincare_products_5000.csv,P00704,synthetic
PRD0002438,Garnier,Garnier Repair Centella Mask,mask,dry|normal,aging|dryness|sensitivity,"centella, sulfur, oat extract",yes,no,no,PM,,22.92,skincare_products_5000.csv,P04067,synthetic
PRD0002439,Garnier,Garnier Repair Ceramides Moisturizer,moisturizer,dry|sensitive,aging|barrier repair,ceramides,yes,yes,no,Weekly,,33.33,skincare_products_5000.csv,P03149,synthetic
PRD0002440,Garnier,Garnier Repair Clay Mask,mask,combination|combination-sensitive|oily,acne|dark spots,"clay, oat extract",yes,no,no,PM,,8.67,skincare_products_5000.csv,P04394,synthetic
PRD0002441,Garnier,Garnier Repair Glycerin Toner,toner,oily,aging|dark spots|dehydration,glycerin,yes,no,no,AM,,12.41,skincare_products_5000.csv,P03402,synthetic
PRD0002442,Garnier,Garnier Repair Niacinamide Toner,toner,combination-sensitive,oiliness,"niacinamide, pha, centella",yes,no,no,PM,,18.07,skincare_products_5000.csv,P01823,synthetic
PRD0002443,Garnier,Garnier Repair Octocrylene SPF 50,sunscreen,dry,acne|sensitivity,"octocrylene, niacinamide, avobenzone",no,no,no,AM,50.0,16.03,skincare_products_5000.csv,P01629,synthetic
PRD0002444,Garnier,Garnier Repair Panthenol Moisturizer,moisturizer,combination|dry|oily,dehydration|dryness,"panthenol, squalane",no,yes,no,PM,,20.79,skincare_products_5000.csv,P01750,synthetic
PRD0002445,Garnier,Garnier Repair Panthenol Moisturizer,moisturizer,oily,acne|sensitivity,panthenol,yes,yes,no,AM/PM,,21.92,skincare_products_5000.csv,P02606,synthetic
PRD0002446,Garnier,Garnier Repair Peptides Serum,serum,combination-sensitive|normal|sensitive,oiliness,"peptides, retinol",no,yes,no,AM/PM,,25.8,skincare_products_5000.csv,P00129,synthetic
PRD0002447,Garnier,Garnier Repair Peptides Serum,serum,combination-sensitive|oily|sensitive,aging,"peptides, niacinamide",yes,yes,no,AM,,37.38,skincare_products_5000.csv,P04128,synthetic
PRD0002448,Garnier,Garnier Repair Retinol Serum,serum,combination-sensitive|oily,acne|dryness,"retinol, hyaluronic acid",no,yes,no,AM,,31.18,skincare_products_5000.csv,P03716,synthetic
PRD0002449,Garnier,Garnier Repair Retinol Serum,serum,oily,dryness,retinol,yes,yes,no,AM/PM,,26.74,skincare_products_5000.csv,P02422,synthetic
PRD0002450,Garnier,Garnier Repair Salicylic Acid Cleanser,cleanser,combination|dry|normal,acne|redness,"salicylic acid, betaine",yes,no,no,AM/PM,,21.1,skincare_products_5000.csv,P02566,synthetic
PRD0002451,Garnier,Garnier Repair Salicylic Acid Cleanser,cleanser,dry,acne|dehydration,"salicylic acid, betaine",yes,yes,no,Weekly,,9.23,skincare_products_5000.csv,P04253,synthetic
PRD0002452,Garnier,Garnier Repair Squalane Moisturizer,moisturizer,normal|sensitive,aging,squalane,yes,no,no,Weekly,,17.8,skincare_products_5000.csv,P02574,synthetic
PRD0002453,Garnier,Garnier Repair Sulfur Treatment,treatment,combination-sensitive,redness,sulfur,no,yes,no,AM/PM,,29.79,skincare_products_5000.csv,P01174,synthetic
PRD0002454,Garnier,Garnier Repair Titanium Dioxide SPF 50,sunscreen,combination|combination-sensitive|sensitive,dark spots|dryness|sensitivity,titanium dioxide,yes,yes,no,AM,30.0,12.38,skincare_products_5000.csv,P04208,synthetic
PRD0002455,Garnier,Garnier Repair Urea Moisturizer,moisturizer,normal,acne|oiliness|redness,urea,yes,yes,no,AM,,26.98,skincare_products_5000.csv,P00627,synthetic
PRD0002456,Garnier,Garnier Repair Vitamin C Serum,serum,sensitive,dark spots|oiliness,"vitamin c, peptides, niacinamide",yes,yes,no,Weekly,,9.77,skincare_products_5000.csv,P04802,synthetic
PRD0002457,Garnier,Garnier Repair Vitamin E SPF 50,sunscreen,combination,acne|redness,"vitamin e, titanium dioxide, octocrylene",yes,yes,no,AM,50.0,24.35,skincare_products_5000.csv,P04160,synthetic
PRD0002458,Inkey List,Inkey List Advanced Adapalene Treatment,treatment,dry|sensitive,dark spots|redness,"adapalene, sulfur",yes,no,no,AM,,11.53,skincare_products_5000.csv,P02450,synthetic
PRD0002459,Inkey List,Inkey List Advanced Avobenzone SPF 50,sunscreen,combination-sensitive|dry,barrier repair|dark spots,"avobenzone, octocrylene",yes,yes,no,AM,50.0,18.23,skincare_products_5000.csv,P01537,synthetic
PRD0002460,Inkey List,Inkey List Advanced Azelaic Acid Serum,serum,combination|combination-sensitive|oily,aging|sensitivity,"azelaic acid, peptides",yes,yes,no,AM,,41.88,skincare_products_5000.csv,P02836,synthetic
PRD0002461,Inkey List,Inkey List Advanced Azelaic Acid Serum,serum,combination|normal|oily,aging|barrier repair,azelaic acid,yes,no,no,PM,,42.42,skincare_products_5000.csv,P00256,synthetic
PRD0002462,Inkey List,Inkey List Advanced Beta-Glucan Toner,toner,combination-sensitive|dry|sensitive,aging|barrier repair|sensitivity,"beta-glucan, panthenol, niacinamide",yes,no,no,PM,,9.33,skincare_products_5000.csv,P02521,synthetic
PRD0002463,Inkey List,Inkey List Advanced Betaine Cleanser,cleanser,combination|combination-sensitive|dry,aging|barrier repair|dehydration,betaine,yes,yes,no,Weekly,,21.14,skincare_products_5000.csv,P02933,synthetic
PRD0002464,Inkey List,Inkey List Advanced Betaine Cleanser,cleanser,dry|normal|oily,aging|dark spots|dryness,betaine,yes,no,no,Weekly,,10.51,skincare_products_5000.csv,P00605,synthetic
PRD0002465,Inkey List,Inkey List Advanced Centella Cleanser,cleanser,combination-sensitive|dry|normal,dark spots,centella,yes,yes,no,AM/PM,,9.9,skincare_products_5000.csv,P02593,synthetic
PRD0002466,Inkey List,Inkey List Advanced Centella Cleanser,cleanser,combination-sensitive|oily|sensitive,dryness,"centella, glycerin, ceramides",yes,yes,no,PM,,12.54,skincare_products_5000.csv,P02244,synthetic
PRD0002467,Inkey List,Inkey List Advanced Centella Cleanser,cleanser,combination|normal,aging,centella,yes,yes,no,AM/PM,,17.33,skincare_products_5000.csv,P04733,synthetic
PRD0002468,Inkey List,Inkey List Advanced Centella Mask,mask,combination-sensitive|normal|oily,acne|dark spots,"centella, hyaluronic acid, green tea",yes,no,no,AM/PM,,18.67,skincare_products_5000.csv,P02149,synthetic
PRD0002469,Inkey List,Inkey List Advanced Cholesterol Moisturizer,moisturizer,combination-sensitive|oily,barrier repair,"cholesterol, urea",no,yes,no,AM,,23.64,skincare_products_5000.csv,P03232,synthetic
PRD0002470,Inkey List,Inkey List Advanced Cholesterol Moisturizer,moisturizer,combination|dry|sensitive,dehydration,cholesterol,no,yes,no,AM/PM,,31.0,skincare_products_5000.csv,P01162,synthetic
PRD0002471,Inkey List,Inkey List Advanced Hyaluronic Acid Mask,mask,combination-sensitive|dry|oily,aging|barrier repair|dryness,"hyaluronic acid, oat extract",yes,no,no,Weekly,,24.76,skincare_products_5000.csv,P02459,synthetic
PRD0002472,Inkey List,Inkey List Advanced Octocrylene SPF 50,sunscreen,combination,dark spots|dryness|redness,"octocrylene, niacinamide, vitamin e",yes,yes,no,AM,30.0,18.85,skincare_products_5000.csv,P02462,synthetic
PRD0002473,Inkey List,Inkey List Advanced Panthenol Toner,toner,dry|normal|oily,acne|oiliness,panthenol,yes,no,no,Weekly,,8.34,skincare_products_5000.csv,P00809,synthetic
PRD0002474,Inkey List,Inkey List Advanced Retinol Serum,serum,combination|combination-sensitive|normal,dehydration|dryness,"retinol, niacinamide",yes,yes,no,Weekly,,31.39,skincare_products_5000.csv,P04998,synthetic
PRD0002475,Inkey List,Inkey List Advanced Retinol Treatment,treatment,dry|sensitive,redness,retinol,no,yes,no,PM,,15.29,skincare_products_5000.csv,P04107,synthetic
PRD0002476,Inkey List,Inkey List Advanced Retinol Treatment,treatment,normal,aging|barrier repair|dryness,retinol,no,yes,no,AM,,11.3,skincare_products_5000.csv,P00846,synthetic
PRD0002477,Inkey List,Inkey List Advanced Squalane Moisturizer,moisturizer,normal|sensitive,barrier repair|sensitivity,squalane,yes,yes,no,AM/PM,,28.06,skincare_products_5000.csv,P02294,synthetic
PRD0002478,Inkey List,Inkey List Advanced Sulfur Mask,mask,combination|sensitive,dark spots|oiliness|redness,"sulfur, green tea, oat extract",no,no,no,PM,,21.13,skincare_products_5000.csv,P03363,synthetic
PRD0002479,Inkey List,Inkey List Advanced Urea Moisturizer,moisturizer,combination,aging|oiliness|redness,urea,yes,yes,no,PM,,16.87,skincare_products_5000.csv,P00462,synthetic
PRD0002480,Inkey List,Inkey List Advanced Vitamin C Serum,serum,combination|oily,oiliness|sensitivity,"vitamin c, centella",no,yes,no,AM/PM,,16.7,skincare_products_5000.csv,P01000,synthetic
PRD0002481,Inkey List,Inkey List Advanced Vitamin E SPF 50,sunscreen,combination-sensitive|normal|sensitive,dehydration|dryness,vitamin e,yes,yes,no,AM,50.0,22.3,skincare_products_5000.csv,P00660,synthetic
PRD0002482,Inkey List,Inkey List Advanced Vitamin E SPF 50,sunscreen,sensitive,redness,vitamin e,yes,yes,no,AM,30.0,22.42,skincare_products_5000.csv,P02534,synthetic
PRD0002483,Inkey List,Inkey List Advanced Zinc Oxide SPF 50,sunscreen,combination|dry|normal,barrier repair|dark spots|dryness,"zinc oxide, vitamin e, titanium dioxide",no,yes,no,AM,50.0,12.15,skincare_products_5000.csv,P02322,synthetic
PRD0002484,Inkey List,Inkey List Balance Adapalene Treatment,treatment,combination-sensitive|dry|normal,redness|sensitivity,adapalene,yes,yes,yes,AM/PM,,23.0,skincare_products_5000.csv,P00082,synthetic
PRD0002485,Inkey List,Inkey List Balance Avobenzone SPF 50,sunscreen,combination|oily|sensitive,oiliness,avobenzone,yes,yes,no,AM,30.0,19.53,skincare_products_5000.csv,P02383,synthetic
PRD0002486,Inkey List,Inkey List Balance Avobenzone SPF 50,sunscreen,normal|oily,oiliness|sensitivity,"avobenzone, titanium dioxide",no,no,no,AM,50.0,22.39,skincare_products_5000.csv,P03558,synthetic
PRD0002487,Inkey List,Inkey List Balance Benzoyl Peroxide Treatment,treatment,dry|normal|sensitive,redness,"benzoyl peroxide, sulfur, azelaic acid",yes,yes,no,PM,,26.84,skincare_products_5000.csv,P04291,synthetic
PRD0002488,Inkey List,Inkey List Balance Betaine Cleanser,cleanser,combination|oily|sensitive,acne|dehydration|dryness,"betaine, glycerin",yes,yes,no,AM,,19.17,skincare_products_5000.csv,P04184,synthetic
PRD0002489,Inkey List,Inkey List Balance Centella Mask,mask,dry|normal|sensitive,dehydration,centella,yes,no,no,Weekly,,11.64,skincare_products_5000.csv,P03565,synthetic
PRD0002490,Inkey List,Inkey List Balance Centella Mask,mask,dry|oily,aging|dehydration|oiliness,"centella, green tea",yes,no,no,Weekly,,17.45,skincare_products_5000.csv,P03350,synthetic
PRD0002491,Inkey List,Inkey List Balance Centella Serum,serum,oily|sensitive,acne,"centella, retinol",yes,yes,no,AM,,18.77,skincare_products_5000.csv,P00169,synthetic
PRD0002492,Inkey List,Inkey List Balance Cholesterol Moisturizer,moisturizer,combination-sensitive|dry|normal,barrier repair,"cholesterol, squalane",yes,yes,no,AM/PM,,30.77,skincare_products_5000.csv,P01614,synthetic
PRD0002493,Inkey List,Inkey List Balance Cholesterol Moisturizer,moisturizer,combination-sensitive|dry|sensitive,dehydration|oiliness,"cholesterol, ceramides",yes,yes,no,AM/PM,,31.6,skincare_products_5000.csv,P01973,synthetic
PRD0002494,Inkey List,Inkey List Balance Cholesterol Moisturizer,moisturizer,oily,aging,cholesterol,no,no,no,PM,,18.02,skincare_products_5000.csv,P02522,synthetic
PRD0002495,Inkey List,Inkey List Balance Glycerin Cleanser,cleanser,combination-sensitive|sensitive,dark spots,"glycerin, centella, betaine",no,yes,no,AM/PM,,20.57,skincare_products_5000.csv,P01672,synthetic
PRD0002496,Inkey List,Inkey List Balance Glycerin Cleanser,cleanser,dry|normal|sensitive,dehydration|oiliness,"glycerin, salicylic acid",yes,yes,no,Weekly,,20.0,skincare_products_5000.csv,P02550,synthetic
PRD0002497,Inkey List,Inkey List Balance Glycerin Toner,toner,combination|sensitive,aging,glycerin,yes,no,no,Weekly,,21.17,skincare_products_5000.csv,P01180,synthetic
PRD0002498,Inkey List,Inkey List Balance Hyaluronic Acid Mask,mask,oily,barrier repair|dehydration|dryness,"hyaluronic acid, centella",yes,no,no,PM,,27.76,skincare_products_5000.csv,P01026,synthetic
PRD0002499,Inkey List,Inkey List Balance Octocrylene SPF 50,sunscreen,combination|combination-sensitive|normal,acne|redness,"octocrylene, zinc oxide",no,yes,no,AM,50.0,15.47,skincare_products_5000.csv,P03593,synthetic
PRD0002500,Inkey List,Inkey List Balance Panthenol Moisturizer,moisturizer,oily|sensitive,barrier repair|dark spots|dehydration,"panthenol, glycerin",no,yes,no,AM/PM,,21.37,skincare_products_5000.csv,P04298,synthetic
PRD0002501,Inkey List,Inkey List Balance Panthenol Moisturizer,moisturizer,sensitive,barrier repair|dryness,"panthenol, cholesterol, glycerin",yes,yes,no,AM/PM,,25.57,skincare_products_5000.csv,P04916,synthetic
PRD0002502,Inkey List,Inkey List Balance Panthenol Toner,toner,dry|oily|sensitive,dryness,"panthenol, beta-glucan",no,no,no,Weekly,,16.08,skincare_products_5000.csv,P03488,synthetic
PRD0002503,Inkey List,Inkey List Balance Salicylic Acid Cleanser,cleanser,normal,oiliness|redness,"salicylic acid, ceramides, betaine",yes,yes,no,AM,,21.55,skincare_products_5000.csv,P03483,synthetic
PRD0002504,Inkey List,Inkey List Balance Squalane Moisturizer,moisturizer,combination-sensitive|sensitive,aging|barrier repair|dark spots,squalane,no,yes,no,AM,,34.99,skincare_products_5000.csv,P02822,synthetic
PRD0002505,Inkey List,Inkey List Balance Squalane Moisturizer,moisturizer,oily|sensitive,dehydration|sensitivity,squalane,yes,no,no,AM/PM,,13.67,skincare_products_5000.csv,P04016,synthetic
PRD0002506,Inkey List,Inkey List Balance Sulfur Mask,mask,combination-sensitive|oily,dryness,"sulfur, green tea",no,no,no,AM,,24.32,skincare_products_5000.csv,P02890,synthetic
PRD0002507,Inkey List,Inkey List Balance Sulfur Treatment,treatment,normal|oily|sensitive,acne|oiliness|redness,sulfur,yes,yes,no,Weekly,,15.23,skincare_products_5000.csv,P01067,synthetic
PRD0002508,Inkey List,Inkey List Balance Titanium Dioxide SPF 50,sunscreen,combination-sensitive|dry,acne,"titanium dioxide, avobenzone",no,no,no,AM,50.0,28.08,skincare_products_5000.csv,P04893,synthetic
PRD0002509,Inkey List,Inkey List Balance Vitamin C Serum,serum,dry|oily,barrier repair|dryness|redness,vitamin c,yes,yes,no,AM,,37.29,skincare_products_5000.csv,P01091,synthetic
PRD0002510,Inkey List,Inkey List Balance Vitamin E SPF 50,sunscreen,normal,dark spots|dehydration,vitamin e,yes,yes,no,AM,50.0,13.29,skincare_products_5000.csv,P04596,synthetic
PRD0002511,Inkey List,Inkey List Balance Zinc Oxide SPF 50,sunscreen,combination|oily,barrier repair|sensitivity,zinc oxide,yes,yes,no,AM,50.0,13.91,skincare_products_5000.csv,P04362,synthetic
PRD0002512,Inkey List,Inkey List Barrier Avobenzone SPF 50,sunscreen,combination-sensitive|oily|sensitive,dark spots|oiliness|redness,"avobenzone, titanium dioxide",yes,no,no,AM,30.0,15.47,skincare_products_5000.csv,P00958,synthetic
PRD0002513,Inkey List,Inkey List Barrier Azelaic Acid Treatment,treatment,combination-sensitive|normal,barrier repair|dryness,azelaic acid,yes,yes,no,Weekly,,13.44,skincare_products_5000.csv,P00180,synthetic
PRD0002514,Inkey List,Inkey List Barrier Azelaic Acid Treatment,treatment,dry|oily,dryness|sensitivity,azelaic acid,yes,yes,no,AM,,9.3,skincare_products_5000.csv,P02777,synthetic
PRD0002515,Inkey List,Inkey List Barrier Centella Cleanser,cleanser,sensitive,acne|dehydration|sensitivity,centella,yes,yes,no,Weekly,,14.0,skincare_products_5000.csv,P03258,synthetic
PRD0002516,Inkey List,Inkey List Barrier Centella Mask,mask,combination-sensitive,aging|dehydration,centella,no,no,no,AM/PM,,26.55,skincare_products_5000.csv,P02915,synthetic
PRD0002517,Inkey List,Inkey List Barrier Centella Mask,mask,dry|sensitive,aging|dark spots|dryness,"centella, clay",yes,no,no,Weekly,,12.51,skincare_products_5000.csv,P02069,synthetic
PRD0002518,Inkey List,Inkey List Barrier Centella Serum,serum,dry,dryness|oiliness|redness,"centella, niacinamide",yes,yes,no,Weekly,,10.99,skincare_products_5000.csv,P00610,synthetic
PRD0002519,Inkey List,Inkey List Barrier Ceramides Cleanser,cleanser,combination-sensitive|oily,acne|dark spots|redness,"ceramides, glycerin",yes,no,no,PM,,25.24,skincare_products_5000.csv,P00530,synthetic
PRD0002520,Inkey List,Inkey List Barrier Ceramides Cleanser,cleanser,dry|sensitive,dark spots|dehydration,"ceramides, glycerin, niacinamide",yes,yes,no,Weekly,,17.57,skincare_products_5000.csv,P04337,synthetic
PRD0002521,Inkey List,Inkey List Barrier Ceramides Cleanser,cleanser,oily,dark spots|dehydration|redness,ceramides,yes,no,no,AM/PM,,12.05,skincare_products_5000.csv,P01577,synthetic
PRD0002522,Inkey List,Inkey List Barrier Ceramides Moisturizer,moisturizer,combination-sensitive|dry|oily,acne|barrier repair|oiliness,"ceramides, squalane",no,yes,no,AM,,10.96,skincare_products_5000.csv,P04627,synthetic
PRD0002523,Inkey List,Inkey List Barrier Ceramides Moisturizer,moisturizer,dry,aging|barrier repair|sensitivity,"ceramides, squalane, cholesterol",yes,yes,no,PM,,17.52,skincare_products_5000.csv,P01615,synthetic
PRD0002524,Inkey List,Inkey List Barrier Cholesterol Moisturizer,moisturizer,dry|oily|sensitive,sensitivity,"cholesterol, panthenol",yes,yes,no,Weekly,,31.85,skincare_products_5000.csv,P01218,synthetic
PRD0002525,Inkey List,Inkey List Barrier Glycerin Cleanser,cleanser,combination|normal,acne|aging|redness,"glycerin, ceramides, centella",yes,yes,no,Weekly,,9.57,skincare_products_5000.csv,P04679,synthetic
PRD0002526,Inkey List,Inkey List Barrier Glycerin Moisturizer,moisturizer,combination|normal|sensitive,acne|barrier repair|dehydration,glycerin,yes,yes,no,Weekly,,13.04,skincare_products_5000.csv,P03693,synthetic
PRD0002527,Inkey List,Inkey List Barrier Niacinamide SPF 50,sunscreen,combination|oily|sensitive,aging|redness,"niacinamide, titanium dioxide, octocrylene",yes,yes,no,AM,50.0,11.19,skincare_products_5000.csv,P01178,synthetic
PRD0002528,Inkey List,Inkey List Barrier Niacinamide Toner,toner,combination,acne|oiliness|redness,niacinamide,no,no,no,PM,,18.85,skincare_products_5000.csv,P01822,synthetic
PRD0002529,Inkey List,Inkey List Barrier Oat Extract Mask,mask,combination|dry,aging|sensitivity,"oat extract, green tea",yes,no,no,AM,,11.5,skincare_products_5000.csv,P00250,synthetic
PRD0002530,Inkey List,Inkey List Barrier Panthenol Toner,toner,combination-sensitive|dry|normal,aging,"panthenol, beta-glucan, niacinamide",no,no,no,AM,,11.6,skincare_products_5000.csv,P01884,synthetic
PRD0002531,Inkey List,Inkey List Barrier Panthenol Toner,toner,combination-sensitive|normal|sensitive,acne,panthenol,yes,no,no,AM/PM,,12.63,skincare_products_5000.csv,P03616,synthetic
PRD0002532,Inkey List,Inkey List Barrier Panthenol Toner,toner,combination|combination-sensitive|normal,aging|barrier repair,"panthenol, centella, pha",yes,no,no,AM,,23.58,skincare_products_5000.csv,P00381,synthetic
PRD0002533,Inkey List,Inkey List Barrier Panthenol Toner,toner,sensitive,acne,"panthenol, niacinamide",no,no,no,AM/PM,,15.56,skincare_products_5000.csv,P02866,synthetic
PRD0002534,Inkey List,Inkey List Barrier Peptides Serum,serum,combination|dry|oily,dark spots|sensitivity,"peptides, vitamin c, centella",yes,yes,no,PM,,12.53,skincare_products_5000.csv,P03147,synthetic
PRD0002535,Inkey List,Inkey List Barrier Peptides Serum,serum,dry|oily,acne|dryness,peptides,yes,yes,no,AM,,31.92,skincare_products_5000.csv,P03792,synthetic
PRD0002536,Inkey List,Inkey List Barrier Pha Toner,toner,normal,acne|aging|dark spots,"pha, panthenol, niacinamide",yes,no,no,Weekly,,13.19,skincare_products_5000.csv,P03448,synthetic
PRD0002537,Inkey List,Inkey List Barrier Retinol Serum,serum,combination,aging|dark spots,"retinol, hyaluronic acid",no,no,no,PM,,12.23,skincare_products_5000.csv,P04781,synthetic
PRD0002538,Inkey List,Inkey List Barrier Retinol Treatment,treatment,combination-sensitive,barrier repair|oiliness|redness,"retinol, adapalene, azelaic acid",yes,yes,yes,Weekly,,13.35,skincare_products_5000.csv,P00533,synthetic
PRD0002539,Inkey List,Inkey List Barrier Vitamin E SPF 50,sunscreen,combination-sensitive|normal|oily,sensitivity,"vitamin e, octocrylene",yes,yes,no,AM,50.0,12.26,skincare_products_5000.csv,P04056,synthetic
PRD0002540,Inkey List,Inkey List Barrier Vitamin E SPF 50,sunscreen,combination|dry|sensitive,acne|dark spots|dryness,vitamin e,yes,no,no,AM,30.0,10.7,skincare_products_5000.csv,P04636,synthetic
PRD0002541,Inkey List,Inkey List Barrier Zinc Oxide SPF 50,sunscreen,combination-sensitive,sensitivity,zinc oxide,no,yes,no,AM,50.0,26.4,skincare_products_5000.csv,P00230,synthetic
PRD0002542,Inkey List,Inkey List Calm Adapalene Treatment,treatment,combination,acne|aging|oiliness,adapalene,yes,yes,no,AM/PM,,22.12,skincare_products_5000.csv,P01441,synthetic
PRD0002543,Inkey List,Inkey List Calm Adapalene Treatment,treatment,combination|normal|oily,acne|dryness,"adapalene, benzoyl peroxide",yes,yes,no,AM,,28.55,skincare_products_5000.csv,P04699,synthetic
PRD0002544,Inkey List,Inkey List Calm Avobenzone SPF 50,sunscreen,combination|combination-sensitive|dry,dryness|redness,"avobenzone, zinc oxide, vitamin e",yes,yes,no,AM,50.0,16.58,skincare_products_5000.csv,P04489,synthetic
PRD0002545,Inkey List,Inkey List Calm Benzoyl Peroxide Treatment,treatment,combination,barrier repair|dryness,"benzoyl peroxide, sulfur",yes,no,no,AM,,11.19,skincare_products_5000.csv,P02576,synthetic
PRD0002546,Inkey List,Inkey List Calm Benzoyl Peroxide Treatment,treatment,sensitive,dark spots|sensitivity,"benzoyl peroxide, retinol, azelaic acid",yes,yes,no,Weekly,,31.64,skincare_products_5000.csv,P03931,synthetic
PRD0002547,Inkey List,Inkey List Calm Betaine Cleanser,cleanser,combination-sensitive|normal,dark spots,"betaine, salicylic acid",yes,yes,no,PM,,17.85,skincare_products_5000.csv,P02118,synthetic
PRD0002548,Inkey List,Inkey List Calm Centella Cleanser,cleanser,combination,redness,"centella, glycerin, salicylic acid",yes,yes,no,Weekly,,15.83,skincare_products_5000.csv,P01680,synthetic
PRD0002549,Inkey List,Inkey List Calm Centella Cleanser,cleanser,combination-sensitive|sensitive,aging|sensitivity,"centella, salicylic acid, glycerin",no,yes,no,PM,,19.15,skincare_products_5000.csv,P00854,synthetic
PRD0002550,Inkey List,Inkey List Calm Centella Cleanser,cleanser,combination|combination-sensitive|sensitive,dehydration|sensitivity,"centella, glycerin",yes,yes,no,AM,,23.68,skincare_products_5000.csv,P01109,synthetic
PRD0002551,Inkey List,Inkey List Calm Ceramides Moisturizer,moisturizer,dry|oily|sensitive,dark spots,ceramides,yes,yes,no,AM,,30.35,skincare_products_5000.csv,P04883,synthetic
PRD0002552,Inkey List,Inkey List Calm Cholesterol Moisturizer,moisturizer,combination|normal|sensitive,dehydration,cholesterol,yes,yes,no,AM/PM,,17.22,skincare_products_5000.csv,P02173,synthetic
PRD0002553,Inkey List,Inkey List Calm Cholesterol Moisturizer,moisturizer,combination|normal|sensitive,oiliness,"cholesterol, glycerin",yes,yes,no,Weekly,,13.88,skincare_products_5000.csv,P01514,synthetic
PRD0002554,Inkey List,Inkey List Calm Glycerin Moisturizer,moisturizer,dry|normal,aging|redness|sensitivity,"glycerin, squalane",yes,yes,no,AM/PM,,11.1,skincare_products_5000.csv,P02198,synthetic
PRD0002555,Inkey List,Inkey List Calm Green Tea Mask,mask,combination|combination-sensitive|oily,dehydration|dryness|sensitivity,"green tea, centella",yes,no,no,PM,,12.85,skincare_products_5000.csv,P04227,synthetic
PRD0002556,Inkey List,Inkey List Calm Niacinamide SPF 50,sunscreen,combination|normal,aging,"niacinamide, avobenzone, vitamin e",yes,yes,no,AM,30.0,18.6,skincare_products_5000.csv,P02467,synthetic
PRD0002557,Inkey List,Inkey List Calm Niacinamide Toner,toner,normal|oily|sensitive,barrier repair,"niacinamide, pha",yes,no,no,AM/PM,,9.53,skincare_products_5000.csv,P03063,synthetic
PRD0002558,Inkey List,Inkey List Calm Oat Extract Mask,mask,dry,dark spots|oiliness,"oat extract, green tea",no,no,no,Weekly,,15.31,skincare_products_5000.csv,P04176,synthetic
PRD0002559,Inkey List,Inkey List Calm Panthenol Moisturizer,moisturizer,combination|dry|oily,dehydration|sensitivity,panthenol,yes,yes,no,Weekly,,25.22,skincare_products_5000.csv,P00486,synthetic
PRD0002560,Inkey List,Inkey List Calm Panthenol Moisturizer,moisturizer,combination|oily,aging|dryness,"panthenol, ceramides, squalane",yes,no,no,PM,,13.62,skincare_products_5000.csv,P03511,synthetic
PRD0002561,Inkey List,Inkey List Calm Panthenol Toner,toner,dry|normal|sensitive,acne|oiliness,panthenol,yes,no,no,PM,,17.93,skincare_products_5000.csv,P00617,synthetic
PRD0002562,Inkey List,Inkey List Calm Peptides Serum,serum,combination|dry|normal,dark spots|dryness,"peptides, centella",no,yes,no,PM,,17.81,skincare_products_5000.csv,P04094,synthetic
PRD0002563,Inkey List,Inkey List Calm Salicylic Acid Treatment,treatment,combination,dark spots,"salicylic acid, sulfur, azelaic acid",yes,yes,no,AM,,33.11,skincare_products_5000.csv,P04017,synthetic
PRD0002564,Inkey List,Inkey List Calm Squalane Moisturizer,moisturizer,combination|dry|sensitive,dryness|sensitivity,squalane,no,yes,no,AM,,32.74,skincare_products_5000.csv,P01593,synthetic
PRD0002565,Inkey List,Inkey List Calm Squalane Moisturizer,moisturizer,sensitive,acne|redness,squalane,yes,yes,no,AM,,30.08,skincare_products_5000.csv,P01125,synthetic
PRD0002566,Inkey List,Inkey List Calm Sulfur Treatment,treatment,combination-sensitive|sensitive,dark spots,"sulfur, adapalene, benzoyl peroxide",no,yes,yes,PM,,26.57,skincare_products_5000.csv,P02937,synthetic
PRD0002567,Inkey List,Inkey List Calm Titanium Dioxide SPF 50,sunscreen,normal,aging,"titanium dioxide, niacinamide",yes,no,no,AM,50.0,23.81,skincare_products_5000.csv,P01880,synthetic
PRD0002568,Inkey List,Inkey List Calm Vitamin C Serum,serum,combination|normal,dryness,vitamin c,yes,yes,no,AM,,35.09,skincare_products_5000.csv,P04858,synthetic
PRD0002569,Inkey List,Inkey List Calm Zinc Oxide SPF 50,sunscreen,normal|oily,acne|dark spots|dehydration,zinc oxide,yes,yes,no,AM,50.0,29.33,skincare_products_5000.csv,P00526,synthetic
PRD0002570,Inkey List,Inkey List Clear Adapalene Treatment,treatment,combination|dry|normal,acne|aging,"adapalene, salicylic acid",yes,no,yes,Weekly,,15.87,skincare_products_5000.csv,P02368,synthetic
PRD0002571,Inkey List,Inkey List Clear Adapalene Treatment,treatment,dry|sensitive,aging|dark spots|redness,adapalene,no,yes,yes,PM,,24.52,skincare_products_5000.csv,P03348,synthetic
PRD0002572,Inkey List,Inkey List Clear Adapalene Treatment,treatment,normal,barrier repair|dehydration|sensitivity,"adapalene, salicylic acid",yes,yes,yes,PM,,17.15,skincare_products_5000.csv,P01979,synthetic
PRD0002573,Inkey List,Inkey List Clear Avobenzone SPF 50,sunscreen,combination-sensitive|normal|oily,dark spots|oiliness,"avobenzone, octocrylene",no,yes,no,AM,50.0,17.69,skincare_products_5000.csv,P00221,synthetic
PRD0002574,Inkey List,Inkey List Clear Betaine Cleanser,cleanser,combination-sensitive,dark spots,"betaine, ceramides",yes,yes,no,AM,,19.91,skincare_products_5000.csv,P03502,synthetic
PRD0002575,Inkey List,Inkey List Clear Centella Cleanser,cleanser,combination-sensitive|dry|sensitive,acne|dark spots|dryness,"centella, betaine, niacinamide",yes,yes,no,AM,,12.76,skincare_products_5000.csv,P01691,synthetic
PRD0002576,Inkey List,Inkey List Clear Centella Toner,toner,oily|sensitive,acne|sensitivity,"centella, pha",yes,no,no,Weekly,,19.31,skincare_products_5000.csv,P03075,synthetic
PRD0002577,Inkey List,Inkey List Clear Ceramides Cleanser,cleanser,dry|oily|sensitive,dryness|oiliness,ceramides,yes,yes,no,AM,,25.53,skincare_products_5000.csv,P00497,synthetic
PRD0002578,Inkey List,Inkey List Clear Ceramides Moisturizer,moisturizer,combination-sensitive|oily,barrier repair|dehydration|redness,"ceramides, squalane, urea",yes,yes,no,AM/PM,,22.41,skincare_products_5000.csv,P03756,synthetic
PRD0002579,Inkey List,Inkey List Clear Cholesterol Moisturizer,moisturizer,combination|normal|oily,acne|dehydration|redness,cholesterol,yes,yes,no,PM,,32.31,skincare_products_5000.csv,P02577,synthetic
PRD0002580,Inkey List,Inkey List Clear Glycerin Cleanser,cleanser,combination|dry|oily,aging|dehydration|oiliness,glycerin,yes,no,no,PM,,18.5,skincare_products_5000.csv,P04030,synthetic
PRD0002581,Inkey List,Inkey List Clear Glycerin Moisturizer,moisturizer,combination-sensitive|dry|normal,sensitivity,"glycerin, ceramides",yes,yes,no,PM,,12.75,skincare_products_5000.csv,P02085,synthetic
PRD0002582,Inkey List,Inkey List Clear Green Tea Mask,mask,combination|normal,acne|aging|dark spots,"green tea, sulfur, hyaluronic acid",no,no,no,AM,,14.01,skincare_products_5000.csv,P04735,synthetic
PRD0002583,Inkey List,Inkey List Clear Hyaluronic Acid Mask,mask,combination|normal,dryness|redness|sensitivity,"hyaluronic acid, centella",yes,no,no,AM,,10.61,skincare_products_5000.csv,P04983,synthetic
PRD0002584,Inkey List,Inkey List Clear Niacinamide Cleanser,cleanser,dry|normal|oily,dehydration|oiliness,"niacinamide, salicylic acid",yes,yes,no,Weekly,,11.87,skincare_products_5000.csv,P02229,synthetic
PRD0002585,Inkey List,Inkey List Clear Niacinamide SPF 50,sunscreen,normal,dark spots,"niacinamide, zinc oxide",yes,no,no,AM,50.0,16.35,skincare_products_5000.csv,P03911,synthetic
PRD0002586,Inkey List,Inkey List Clear Niacinamide Serum,serum,combination|normal,barrier repair|oiliness,"niacinamide, peptides, retinol",yes,yes,no,AM/PM,,37.41,skincare_products_5000.csv,P01285,synthetic
PRD0002587,Inkey List,Inkey List Clear Panthenol Moisturizer,moisturizer,normal|oily|sensitive,barrier repair|sensitivity,"panthenol, urea, ceramides",yes,yes,no,Weekly,,32.88,skincare_products_5000.csv,P02243,synthetic
PRD0002588,Inkey List,Inkey List Clear Panthenol Toner,toner,combination|combination-sensitive|dry,acne|dark spots|dehydration,"panthenol, glycerin",no,no,no,Weekly,,19.57,skincare_products_5000.csv,P01283,synthetic
PRD0002589,Inkey List,Inkey List Clear Panthenol Toner,toner,normal,dark spots,panthenol,no,no,no,AM,,13.39,skincare_products_5000.csv,P01383,synthetic
PRD0002590,Inkey List,Inkey List Clear Panthenol Toner,toner,oily,barrier repair|dark spots,"panthenol, centella, pha",yes,no,no,AM/PM,,8.09,skincare_products_5000.csv,P02362,synthetic
PRD0002591,Inkey List,Inkey List Clear Peptides Serum,serum,combination|combination-sensitive|sensitive,dark spots,"peptides, retinol",yes,yes,no,AM/PM,,17.61,skincare_products_5000.csv,P03674,synthetic
PRD0002592,Inkey List,Inkey List Clear Pha Toner,toner,normal|oily|sensitive,redness,pha,yes,no,no,Weekly,,21.76,skincare_products_5000.csv,P00215,synthetic
PRD0002593,Inkey List,Inkey List Clear Retinol Serum,serum,combination|dry|oily,barrier repair|sensitivity,"retinol, peptides, vitamin c",yes,yes,no,PM,,28.28,skincare_products_5000.csv,P02456,synthetic
PRD0002594,Inkey List,Inkey List Clear Retinol Serum,serum,dry|oily|sensitive,dryness|oiliness,"retinol, azelaic acid, hyaluronic acid",yes,yes,no,PM,,36.65,skincare_products_5000.csv,P04668,synthetic
PRD0002595,Inkey List,Inkey List Clear Salicylic Acid Cleanser,cleanser,dry|oily,barrier repair|dark spots,"salicylic acid, centella, ceramides",yes,yes,no,AM/PM,,24.57,skincare_products_5000.csv,P01396,synthetic
PRD0002596,Inkey List,Inkey List Clear Salicylic Acid Treatment,treatment,normal,aging|oiliness,salicylic acid,yes,yes,no,Weekly,,16.8,skincare_products_5000.csv,P02406,synthetic
PRD0002597,Inkey List,Inkey List Clear Titanium Dioxide SPF 50,sunscreen,combination-sensitive,barrier repair|dehydration|dryness,titanium dioxide,yes,yes,no,AM,30.0,13.46,skincare_products_5000.csv,P01693,synthetic
PRD0002598,Inkey List,Inkey List Clear Urea Moisturizer,moisturizer,combination-sensitive|sensitive,redness,urea,yes,yes,no,AM/PM,,23.96,skincare_products_5000.csv,P00716,synthetic
PRD0002599,Inkey List,Inkey List Clear Vitamin E SPF 50,sunscreen,combination-sensitive|dry|sensitive,acne|aging|barrier repair,vitamin e,yes,yes,no,AM,50.0,25.29,skincare_products_5000.csv,P01829,synthetic
PRD0002600,Inkey List,Inkey List Clear Zinc Oxide SPF 50,sunscreen,combination|combination-sensitive,dryness|redness,zinc oxide,yes,yes,no,AM,50.0,17.84,skincare_products_5000.csv,P01805,synthetic
PRD0002601,Inkey List,Inkey List Daily Azelaic Acid Serum,serum,combination|combination-sensitive|sensitive,oiliness,"azelaic acid, vitamin c",no,yes,no,AM/PM,,35.09,skincare_products_5000.csv,P03195,synthetic
PRD0002602,Inkey List,Inkey List Daily Azelaic Acid Serum,serum,normal,redness,azelaic acid,no,yes,no,AM,,41.4,skincare_products_5000.csv,P02401,synthetic
PRD0002603,Inkey List,Inkey List Daily Azelaic Acid Treatment,treatment,combination-sensitive|dry|normal,aging|barrier repair,"azelaic acid, benzoyl peroxide, sulfur",no,yes,no,PM,,16.88,skincare_products_5000.csv,P04174,synthetic
PRD0002604,Inkey List,Inkey List Daily Azelaic Acid Treatment,treatment,combination|normal|oily,dryness,"azelaic acid, salicylic acid, benzoyl peroxide",yes,yes,no,Weekly,,18.44,skincare_products_5000.csv,P02597,synthetic
PRD0002605,Inkey List,Inkey List Daily Azelaic Acid Treatment,treatment,oily,redness|sensitivity,azelaic acid,yes,yes,no,PM,,10.65,skincare_products_5000.csv,P03025,synthetic
PRD0002606,Inkey List,Inkey List Daily Betaine Cleanser,cleanser,dry,dark spots|sensitivity,"betaine, niacinamide, glycerin",yes,yes,no,AM,,22.3,skincare_products_5000.csv,P00279,synthetic
PRD0002607,Inkey List,Inkey List Daily Betaine Cleanser,cleanser,normal,aging|dark spots|dehydration,"betaine, niacinamide",yes,no,no,Weekly,,11.36,skincare_products_5000.csv,P00311,synthetic
PRD0002608,Inkey List,Inkey List Daily Ceramides Cleanser,cleanser,combination|combination-sensitive|dry,acne|barrier repair|sensitivity,"ceramides, betaine, salicylic acid",yes,no,no,AM,,22.23,skincare_products_5000.csv,P04609,synthetic
PRD0002609,Inkey List,Inkey List Daily Ceramides Moisturizer,moisturizer,oily,dehydration|dryness,ceramides,yes,yes,no,PM,,12.94,skincare_products_5000.csv,P04140,synthetic
PRD0002610,Inkey List,Inkey List Daily Cholesterol Moisturizer,moisturizer,combination-sensitive|oily,barrier repair|dehydration|dryness,"cholesterol, ceramides",no,yes,no,PM,,22.89,skincare_products_5000.csv,P00193,synthetic
PRD0002611,Inkey List,Inkey List Daily Glycerin Cleanser,cleanser,combination|normal,aging|dryness|oiliness,glycerin,yes,yes,no,PM,,18.77,skincare_products_5000.csv,P04098,synthetic
PRD0002612,Inkey List,Inkey List Daily Glycerin Moisturizer,moisturizer,dry|normal,aging|dark spots,"glycerin, panthenol",yes,yes,no,PM,,18.77,skincare_products_5000.csv,P03895,synthetic
PRD0002613,Inkey List,Inkey List Daily Niacinamide Cleanser,cleanser,combination-sensitive|dry|sensitive,barrier repair|dehydration,"niacinamide, ceramides, betaine",yes,no,no,AM,,20.91,skincare_products_5000.csv,P02442,synthetic
PRD0002614,Inkey List,Inkey List Daily Niacinamide SPF 50,sunscreen,combination-sensitive,acne|barrier repair|dark spots,"niacinamide, vitamin e",yes,no,no,AM,30.0,29.53,skincare_products_5000.csv,P00365,synthetic
PRD0002615,Inkey List,Inkey List Daily Niacinamide Serum,serum,combination|dry|oily,acne|dryness|redness,"niacinamide, centella",no,yes,no,PM,,27.29,skincare_products_5000.csv,P03709,synthetic
PRD0002616,Inkey List,Inkey List Daily Niacinamide Serum,serum,combination|normal|sensitive,acne|dark spots|redness,"niacinamide, hyaluronic acid, azelaic acid",yes,yes,no,PM,,12.35,skincare_products_5000.csv,P04552,synthetic
PRD0002617,Inkey List,Inkey List Daily Niacinamide Toner,toner,combination,acne|redness,"niacinamide, centella, panthenol",yes,no,no,PM,,23.45,skincare_products_5000.csv,P02402,synthetic
PRD0002618,Inkey List,Inkey List Daily Niacinamide Toner,toner,dry|normal|oily,dark spots|dehydration,"niacinamide, centella, glycerin",no,no,no,PM,,11.48,skincare_products_5000.csv,P02332,synthetic
PRD0002619,Inkey List,Inkey List Daily Octocrylene SPF 50,sunscreen,combination|oily|sensitive,dehydration|oiliness|redness,"octocrylene, vitamin e",yes,yes,no,AM,30.0,11.12,skincare_products_5000.csv,P01894,synthetic
PRD0002620,Inkey List,Inkey List Daily Squalane Moisturizer,moisturizer,sensitive,aging|dehydration|oiliness,"squalane, panthenol",yes,yes,no,Weekly,,15.67,skincare_products_5000.csv,P01263,synthetic
PRD0002621,Inkey List,Inkey List Daily Titanium Dioxide SPF 50,sunscreen,combination,aging|sensitivity,"titanium dioxide, octocrylene",yes,yes,no,AM,30.0,22.83,skincare_products_5000.csv,P02267,synthetic
PRD0002622,Inkey List,Inkey List Daily Titanium Dioxide SPF 50,sunscreen,combination-sensitive|oily,barrier repair|dark spots|dryness,titanium dioxide,yes,no,no,AM,30.0,11.49,skincare_products_5000.csv,P02539,synthetic
PRD0002623,Inkey List,Inkey List Daily Urea Moisturizer,moisturizer,combination|dry|sensitive,aging|dehydration,"urea, cholesterol",yes,yes,no,PM,,27.76,skincare_products_5000.csv,P03308,synthetic
PRD0002624,Inkey List,Inkey List Daily Urea Moisturizer,moisturizer,combination|normal|sensitive,barrier repair|oiliness|sensitivity,"urea, squalane, glycerin",yes,yes,no,AM/PM,,32.42,skincare_products_5000.csv,P04545,synthetic
PRD0002625,Inkey List,Inkey List Daily Zinc Oxide SPF 50,sunscreen,dry,aging|barrier repair|dryness,zinc oxide,yes,yes,no,AM,30.0,29.12,skincare_products_5000.csv,P02341,synthetic
PRD0002626,Inkey List,Inkey List Daily Zinc Oxide SPF 50,sunscreen,normal|oily,acne,"zinc oxide, niacinamide, vitamin e",yes,yes,no,AM,30.0,28.12,skincare_products_5000.csv,P00766,synthetic
PRD0002627,Inkey List,Inkey List Glow Avobenzone SPF 50,sunscreen,combination-sensitive|sensitive,dark spots|oiliness|sensitivity,avobenzone,yes,yes,no,AM,50.0,25.78,skincare_products_5000.csv,P00013,synthetic
PRD0002628,Inkey List,Inkey List Glow Avobenzone SPF 50,sunscreen,combination|combination-sensitive|sensitive,acne|redness,"avobenzone, octocrylene, titanium dioxide",yes,yes,no,AM,50.0,16.62,skincare_products_5000.csv,P01269,synthetic
PRD0002629,Inkey List,Inkey List Glow Avobenzone SPF 50,sunscreen,dry,aging|barrier repair|dehydration,avobenzone,yes,no,no,AM,50.0,25.37,skincare_products_5000.csv,P02753,synthetic
PRD0002630,Inkey List,Inkey List Glow Azelaic Acid Serum,serum,combination|combination-sensitive,acne|dryness|redness,azelaic acid,no,yes,no,Weekly,,13.38,skincare_products_5000.csv,P01637,synthetic
PRD0002631,Inkey List,Inkey List Glow Azelaic Acid Treatment,treatment,oily,redness,"azelaic acid, sulfur",no,yes,no,PM,,23.16,skincare_products_5000.csv,P04023,synthetic
PRD0002632,Inkey List,Inkey List Glow Centella Cleanser,cleanser,combination|oily,dark spots|dehydration|sensitivity,centella,yes,no,no,AM,,11.17,skincare_products_5000.csv,P00504,synthetic
PRD0002633,Inkey List,Inkey List Glow Centella Serum,serum,combination-sensitive|oily,aging|dryness|oiliness,centella,yes,yes,no,PM,,32.03,skincare_products_5000.csv,P03863,synthetic
PRD0002634,Inkey List,Inkey List Glow Cholesterol Moisturizer,moisturizer,combination|normal|oily,aging|oiliness,"cholesterol, squalane",yes,no,no,Weekly,,22.7,skincare_products_5000.csv,P00536,synthetic
PRD0002635,Inkey List,Inkey List Glow Cholesterol Moisturizer,moisturizer,normal,acne|dark spots,"cholesterol, urea, panthenol",yes,yes,no,PM,,10.72,skincare_products_5000.csv,P00420,synthetic
PRD0002636,Inkey List,Inkey List Glow Clay Mask,mask,combination|oily,dryness|oiliness|sensitivity,"clay, centella",yes,no,no,Weekly,,11.66,skincare_products_5000.csv,P02343,synthetic
PRD0002637,Inkey List,Inkey List Glow Glycerin Moisturizer,moisturizer,combination|combination-sensitive|dry,acne|redness|sensitivity,"glycerin, panthenol",yes,yes,no,AM/PM,,20.7,skincare_products_5000.csv,P04356,synthetic
PRD0002638,Inkey List,Inkey List Glow Glycerin Moisturizer,moisturizer,normal|oily,aging,"glycerin, ceramides",yes,no,no,AM,,24.61,skincare_products_5000.csv,P04723,synthetic
PRD0002639,Inkey List,Inkey List Glow Glycerin Toner,toner,dry,aging,glycerin,no,no,no,AM,,13.1,skincare_products_5000.csv,P03239,synthetic
PRD0002640,Inkey List,Inkey List Glow Green Tea Mask,mask,dry|sensitive,acne|dark spots,"green tea, clay, sulfur",yes,no,no,Weekly,,20.06,skincare_products_5000.csv,P04967,synthetic
PRD0002641,Inkey List,Inkey List Glow Green Tea Mask,mask,sensitive,dark spots|oiliness|sensitivity,"green tea, centella",no,no,no,AM/PM,,27.52,skincare_products_5000.csv,P00626,synthetic
PRD0002642,Inkey List,Inkey List Glow Hyaluronic Acid Mask,mask,normal|sensitive,acne|dehydration|oiliness,hyaluronic acid,yes,no,no,Weekly,,10.87,skincare_products_5000.csv,P02954,synthetic
PRD0002643,Inkey List,Inkey List Glow Niacinamide Cleanser,cleanser,combination-sensitive|sensitive,aging|barrier repair|dehydration,"niacinamide, ceramides, glycerin",no,yes,no,AM/PM,,10.01,skincare_products_5000.csv,P03382,synthetic
PRD0002644,Inkey List,Inkey List Glow Niacinamide SPF 50,sunscreen,combination-sensitive|oily|sensitive,dehydration|redness|sensitivity,"niacinamide, titanium dioxide, zinc oxide",yes,yes,no,AM,50.0,15.39,skincare_products_5000.csv,P03407,synthetic
PRD0002645,Inkey List,Inkey List Glow Niacinamide Serum,serum,dry,acne,"niacinamide, azelaic acid",yes,no,no,PM,,24.03,skincare_products_5000.csv,P00353,synthetic
PRD0002646,Inkey List,Inkey List Glow Niacinamide Serum,serum,oily,dehydration,"niacinamide, hyaluronic acid, centella",yes,yes,no,AM,,38.41,skincare_products_5000.csv,P00171,synthetic
PRD0002647,Inkey List,Inkey List Glow Panthenol Moisturizer,moisturizer,dry|sensitive,dryness|sensitivity,panthenol,no,yes,no,PM,,23.3,skincare_products_5000.csv,P00342,synthetic
PRD0002648,Inkey List,Inkey List Glow Pha Toner,toner,normal|sensitive,barrier repair|dehydration|oiliness,"pha, niacinamide, beta-glucan",yes,no,no,AM,,14.5,skincare_products_5000.csv,P00480,synthetic
PRD0002649,Inkey List,Inkey List Glow Sulfur Treatment,treatment,combination-sensitive|dry|normal,acne,"sulfur, retinol, benzoyl peroxide",yes,no,no,PM,,34.58,skincare_products_5000.csv,P04544,synthetic
PRD0002650,Inkey List,Inkey List Glow Vitamin E SPF 50,sunscreen,dry|oily|sensitive,barrier repair|oiliness,"vitamin e, avobenzone, zinc oxide",yes,yes,no,AM,50.0,25.49,skincare_products_5000.csv,P02077,synthetic
PRD0002651,Inkey List,Inkey List Glow Zinc Oxide SPF 50,sunscreen,combination-sensitive|dry,acne|dryness|redness,"zinc oxide, niacinamide, vitamin e",no,yes,no,AM,50.0,18.74,skincare_products_5000.csv,P04824,synthetic
PRD0002652,Inkey List,Inkey List Hydra Adapalene Treatment,treatment,normal,oiliness|redness,"adapalene, salicylic acid",yes,yes,yes,Weekly,,34.98,skincare_products_5000.csv,P02482,synthetic
PRD0002653,Inkey List,Inkey List Hydra Benzoyl Peroxide Treatment,treatment,combination|dry,aging|sensitivity,"benzoyl peroxide, azelaic acid",yes,yes,no,AM/PM,,27.39,skincare_products_5000.csv,P03998,synthetic
PRD0002654,Inkey List,Inkey List Hydra Beta-Glucan Toner,toner,combination|dry,acne|dehydration|redness,"beta-glucan, panthenol",yes,no,no,AM,,22.34,skincare_products_5000.csv,P01223,synthetic
PRD0002655,Inkey List,Inkey List Hydra Centella Cleanser,cleanser,combination-sensitive|dry|oily,dryness,centella,yes,yes,no,AM,,21.56,skincare_products_5000.csv,P00400,synthetic
PRD0002656,Inkey List,Inkey List Hydra Centella Cleanser,cleanser,combination|oily,redness|sensitivity,centella,no,yes,no,AM,,20.61,skincare_products_5000.csv,P00731,synthetic
PRD0002657,Inkey List,Inkey List Hydra Centella Mask,mask,combination|combination-sensitive|dry,barrier repair|oiliness,"centella, hyaluronic acid, sulfur",no,no,no,Weekly,,17.04,skincare_products_5000.csv,P03847,synthetic
PRD0002658,Inkey List,Inkey List Hydra Ceramides Moisturizer,moisturizer,combination,barrier repair|dryness,"ceramides, squalane, urea",yes,no,no,Weekly,,17.7,skincare_products_5000.csv,P04705,synthetic
PRD0002659,Inkey List,Inkey List Hydra Ceramides Moisturizer,moisturizer,combination|dry|normal,dryness|redness,"ceramides, glycerin",yes,no,no,AM/PM,,34.99,skincare_products_5000.csv,P02239,synthetic
PRD0002660,Inkey List,Inkey List Hydra Glycerin Moisturizer,moisturizer,normal,dehydration,"glycerin, squalane, panthenol",yes,yes,no,AM,,28.57,skincare_products_5000.csv,P00089,synthetic
PRD0002661,Inkey List,Inkey List Hydra Green Tea Mask,mask,dry,acne|aging,"green tea, centella",yes,no,no,AM,,11.04,skincare_products_5000.csv,P00189,synthetic
PRD0002662,Inkey List,Inkey List Hydra Green Tea Mask,mask,oily|sensitive,aging|dehydration|sensitivity,green tea,yes,no,no,PM,,18.77,skincare_products_5000.csv,P04617,synthetic
PRD0002663,Inkey List,Inkey List Hydra Niacinamide SPF 50,sunscreen,normal|oily,acne,niacinamide,yes,yes,no,AM,50.0,13.48,skincare_products_5000.csv,P02612,synthetic
PRD0002664,Inkey List,Inkey List Hydra Niacinamide Serum,serum,combination,acne|aging|barrier repair,niacinamide,no,yes,no,Weekly,,41.88,skincare_products_5000.csv,P02309,synthetic
PRD0002665,Inkey List,Inkey List Hydra Niacinamide Serum,serum,combination-sensitive|dry|sensitive,oiliness|sensitivity,"niacinamide, hyaluronic acid",no,yes,no,AM,,26.69,skincare_products_5000.csv,P03395,synthetic
PRD0002666,Inkey List,Inkey List Hydra Niacinamide Serum,serum,combination-sensitive|normal|sensitive,dark spots|redness|sensitivity,niacinamide,yes,yes,no,PM,,25.3,skincare_products_5000.csv,P02826,synthetic
PRD0002667,Inkey List,Inkey List Hydra Octocrylene SPF 50,sunscreen,combination-sensitive|dry|normal,acne|dark spots|dryness,octocrylene,no,yes,no,AM,30.0,17.95,skincare_products_5000.csv,P00225,synthetic
PRD0002668,Inkey List,Inkey List Hydra Octocrylene SPF 50,sunscreen,normal,dark spots|dehydration,"octocrylene, vitamin e, zinc oxide",no,yes,no,AM,50.0,28.03,skincare_products_5000.csv,P02137,synthetic
PRD0002669,Inkey List,Inkey List Hydra Panthenol Moisturizer,moisturizer,combination-sensitive|normal|oily,oiliness,panthenol,no,yes,no,PM,,12.14,skincare_products_5000.csv,P01241,synthetic
PRD0002670,Inkey List,Inkey List Hydra Panthenol Moisturizer,moisturizer,dry|normal|sensitive,acne|dryness,"panthenol, urea",yes,no,no,PM,,10.42,skincare_products_5000.csv,P02339,synthetic
PRD0002671,Inkey List,Inkey List Hydra Peptides Serum,serum,combination|normal,barrier repair|oiliness|redness,peptides,no,yes,no,AM/PM,,35.12,skincare_products_5000.csv,P04604,synthetic
PRD0002672,Inkey List,Inkey List Hydra Retinol Serum,serum,dry|oily|sensitive,oiliness|redness,"retinol, niacinamide, azelaic acid",yes,no,no,PM,,20.45,skincare_products_5000.csv,P04046,synthetic
PRD0002673,Inkey List,Inkey List Hydra Salicylic Acid Treatment,treatment,combination|dry|sensitive,barrier repair|oiliness,"salicylic acid, benzoyl peroxide, retinol",yes,no,no,PM,,18.04,skincare_products_5000.csv,P01379,synthetic
PRD0002674,Inkey List,Inkey List Hydra Squalane Moisturizer,moisturizer,dry|normal,dark spots,"squalane, ceramides, cholesterol",yes,no,no,Weekly,,14.4,skincare_products_5000.csv,P04628,synthetic
PRD0002675,Inkey List,Inkey List Hydra Squalane Moisturizer,moisturizer,normal|sensitive,oiliness,"squalane, panthenol, glycerin",yes,yes,no,AM/PM,,25.06,skincare_products_5000.csv,P00291,synthetic
PRD0002676,Inkey List,Inkey List Hydra Urea Moisturizer,moisturizer,combination|combination-sensitive,acne,urea,yes,yes,no,PM,,27.7,skincare_products_5000.csv,P02107,synthetic
PRD0002677,Inkey List,Inkey List Hydra Vitamin C Serum,serum,combination,aging|dryness,"vitamin c, centella",yes,yes,no,AM/PM,,24.37,skincare_products_5000.csv,P01763,synthetic
PRD0002678,Inkey List,Inkey List Hydra Zinc Oxide SPF 50,sunscreen,combination|combination-sensitive|dry,barrier repair|sensitivity,"zinc oxide, titanium dioxide",no,yes,no,AM,50.0,11.51,skincare_products_5000.csv,P00301,synthetic
PRD0002679,Inkey List,Inkey List Pure Avobenzone SPF 50,sunscreen,combination-sensitive|normal|oily,dehydration,"avobenzone, octocrylene, titanium dioxide",yes,yes,no,AM,50.0,10.38,skincare_products_5000.csv,P04906,synthetic
PRD0002680,Inkey List,Inkey List Pure Azelaic Acid Serum,serum,oily,aging|dehydration|redness,"azelaic acid, niacinamide, vitamin c",no,yes,no,Weekly,,40.7,skincare_products_5000.csv,P02885,synthetic
PRD0002681,Inkey List,Inkey List Pure Beta-Glucan Toner,toner,combination-sensitive|dry|normal,acne|oiliness|sensitivity,"beta-glucan, centella, glycerin",yes,no,no,AM,,15.17,skincare_products_5000.csv,P02908,synthetic
PRD0002682,Inkey List,Inkey List Pure Betaine Cleanser,cleanser,combination|combination-sensitive,dehydration,"betaine, centella",yes,yes,no,AM,,11.26,skincare_products_5000.csv,P02078,synthetic
PRD0002683,Inkey List,Inkey List Pure Centella Mask,mask,combination|normal|sensitive,aging|oiliness|redness,"centella, oat extract, hyaluronic acid",yes,no,no,AM,,26.73,skincare_products_5000.csv,P03782,synthetic
PRD0002684,Inkey List,Inkey List Pure Centella Mask,mask,normal|sensitive,barrier repair|dehydration|sensitivity,"centella, hyaluronic acid",no,no,no,AM,,8.19,skincare_products_5000.csv,P04277,synthetic
PRD0002685,Inkey List,Inkey List Pure Centella Serum,serum,combination-sensitive|normal|sensitive,dark spots|oiliness|redness,"centella, niacinamide",yes,yes,no,AM,,38.17,skincare_products_5000.csv,P04268,synthetic
PRD0002686,Inkey List,Inkey List Pure Ceramides Moisturizer,moisturizer,dry|normal,aging|dehydration|sensitivity,"ceramides, urea, cholesterol",yes,yes,no,AM,,23.43,skincare_products_5000.csv,P02356,synthetic
PRD0002687,Inkey List,Inkey List Pure Hyaluronic Acid Mask,mask,combination-sensitive,barrier repair|oiliness,hyaluronic acid,no,no,no,AM/PM,,19.2,skincare_products_5000.csv,P04041,synthetic
PRD0002688,Inkey List,Inkey List Pure Hyaluronic Acid Serum,serum,combination|dry|oily,aging|dehydration|dryness,hyaluronic acid,yes,yes,no,Weekly,,38.45,skincare_products_5000.csv,P02841,synthetic
PRD0002689,Inkey List,Inkey List Pure Niacinamide Cleanser,cleanser,dry|normal|sensitive,acne|sensitivity,niacinamide,yes,yes,no,PM,,24.67,skincare_products_5000.csv,P01315,synthetic
PRD0002690,Inkey List,Inkey List Pure Niacinamide Toner,toner,dry,barrier repair|dryness|oiliness,"niacinamide, panthenol",yes,no,no,Weekly,,16.7,skincare_products_5000.csv,P04653,synthetic
PRD0002691,Inkey List,Inkey List Pure Oat Extract Mask,mask,combination-sensitive|normal,dryness,oat extract,yes,no,no,Weekly,,15.69,skincare_products_5000.csv,P04470,synthetic
PRD0002692,Inkey List,Inkey List Pure Oat Extract Mask,mask,combination|sensitive,aging|dehydration,"oat extract, centella",yes,no,no,AM,,11.4,skincare_products_5000.csv,P04592,synthetic
PRD0002693,Inkey List,Inkey List Pure Octocrylene SPF 50,sunscreen,combination|oily,acne,octocrylene,yes,yes,no,AM,50.0,25.83,skincare_products_5000.csv,P04713,synthetic
PRD0002694,Inkey List,Inkey List Pure Peptides Serum,serum,combination-sensitive|oily,barrier repair|redness,"peptides, hyaluronic acid, vitamin c",yes,yes,no,AM,,34.32,skincare_products_5000.csv,P04018,synthetic
PRD0002695,Inkey List,Inkey List Pure Pha Toner,toner,combination-sensitive|normal|sensitive,acne,"pha, glycerin, beta-glucan",no,no,no,PM,,18.55,skincare_products_5000.csv,P01664,synthetic
PRD0002696,Inkey List,Inkey List Pure Salicylic Acid Cleanser,cleanser,combination|combination-sensitive|dry,aging,"salicylic acid, betaine",no,yes,no,AM/PM,,22.26,skincare_products_5000.csv,P01123,synthetic
PRD0002697,Inkey List,Inkey List Pure Salicylic Acid Cleanser,cleanser,dry|normal|sensitive,dark spots|dehydration|sensitivity,salicylic acid,yes,yes,no,AM/PM,,21.64,skincare_products_5000.csv,P02211,synthetic
PRD0002698,Inkey List,Inkey List Pure Salicylic Acid Treatment,treatment,combination,aging|barrier repair|oiliness,"salicylic acid, sulfur, benzoyl peroxide",yes,yes,no,PM,,13.51,skincare_products_5000.csv,P00071,synthetic
PRD0002699,Inkey List,Inkey List Pure Salicylic Acid Treatment,treatment,combination|sensitive,dark spots,"salicylic acid, retinol, benzoyl peroxide",yes,yes,no,PM,,13.11,skincare_products_5000.csv,P00332,synthetic
PRD0002700,Inkey List,Inkey List Pure Sulfur Treatment,treatment,combination|combination-sensitive|sensitive,acne|dark spots|oiliness,"sulfur, azelaic acid, adapalene",no,yes,yes,AM/PM,,13.83,skincare_products_5000.csv,P01690,synthetic
PRD0002701,Inkey List,Inkey List Pure Titanium Dioxide SPF 50,sunscreen,combination|dry|normal,barrier repair|oiliness,titanium dioxide,no,yes,no,AM,50.0,10.69,skincare_products_5000.csv,P02921,synthetic
PRD0002702,Inkey List,Inkey List Pure Zinc Oxide SPF 50,sunscreen,oily,acne|barrier repair|dryness,zinc oxide,yes,yes,no,AM,50.0,29.38,skincare_products_5000.csv,P04215,synthetic
PRD0002703,Inkey List,Inkey List Repair Azelaic Acid Serum,serum,combination|combination-sensitive,aging|barrier repair|oiliness,"azelaic acid, peptides, retinol",yes,no,no,AM,,15.96,skincare_products_5000.csv,P04685,synthetic
PRD0002704,Inkey List,Inkey List Repair Azelaic Acid Treatment,treatment,normal|oily,barrier repair|dryness|sensitivity,"azelaic acid, salicylic acid",yes,no,no,Weekly,,14.64,skincare_products_5000.csv,P00254,synthetic
PRD0002705,Inkey List,Inkey List Repair Betaine Cleanser,cleanser,oily|sensitive,acne|aging|dark spots,"betaine, niacinamide, centella",yes,no,no,PM,,20.08,skincare_products_5000.csv,P02506,synthetic
PRD0002706,Inkey List,Inkey List Repair Centella Serum,serum,dry,oiliness,centella,yes,yes,no,Weekly,,29.66,skincare_products_5000.csv,P00283,synthetic
PRD0002707,Inkey List,Inkey List Repair Ceramides Cleanser,cleanser,combination-sensitive|sensitive,acne|redness|sensitivity,"ceramides, salicylic acid, niacinamide",no,yes,no,AM/PM,,24.99,skincare_products_5000.csv,P04465,synthetic
PRD0002708,Inkey List,Inkey List Repair Ceramides Moisturizer,moisturizer,combination-sensitive|sensitive,acne,"ceramides, squalane",yes,yes,no,Weekly,,18.76,skincare_products_5000.csv,P04035,synthetic
PRD0002709,Inkey List,Inkey List Repair Ceramides Moisturizer,moisturizer,combination|dry|oily,aging|oiliness|sensitivity,"ceramides, urea, squalane",yes,yes,no,AM/PM,,20.79,skincare_products_5000.csv,P04231,synthetic
PRD0002710,Inkey List,Inkey List Repair Cholesterol Moisturizer,moisturizer,combination,dryness|redness|sensitivity,"cholesterol, glycerin",yes,yes,no,PM,,10.96,skincare_products_5000.csv,P02767,synthetic
PRD0002711,Inkey List,Inkey List Repair Cholesterol Moisturizer,moisturizer,combination|combination-sensitive,dehydration|sensitivity,"cholesterol, urea, ceramides",yes,yes,no,PM,,11.34,skincare_products_5000.csv,P01930,synthetic
PRD0002712,Inkey List,Inkey List Repair Clay Mask,mask,dry,aging|redness,clay,yes,no,no,Weekly,,27.9,skincare_products_5000.csv,P03977,synthetic
PRD0002713,Inkey List,Inkey List Repair Green Tea Mask,mask,combination|combination-sensitive,dryness|redness,"green tea, sulfur, hyaluronic acid",no,no,no,PM,,19.51,skincare_products_5000.csv,P04519,synthetic
PRD0002714,Inkey List,Inkey List Repair Hyaluronic Acid Serum,serum,combination-sensitive|dry,barrier repair|redness,"hyaluronic acid, retinol",no,yes,no,AM/PM,,18.21,skincare_products_5000.csv,P00619,synthetic
PRD0002715,Inkey List,Inkey List Repair Niacinamide SPF 50,sunscreen,combination-sensitive|dry|oily,dehydration|oiliness|redness,niacinamide,yes,no,no,AM,50.0,13.33,skincare_products_5000.csv,P02335,synthetic
PRD0002716,Inkey List,Inkey List Repair Niacinamide SPF 50,sunscreen,sensitive,dryness|sensitivity,niacinamide,yes,no,no,AM,50.0,26.27,skincare_products_5000.csv,P01705,synthetic
PRD0002717,Inkey List,Inkey List Repair Niacinamide Serum,serum,dry|sensitive,dryness|oiliness,"niacinamide, hyaluronic acid, retinol",yes,yes,no,AM/PM,,30.27,skincare_products_5000.csv,P00209,synthetic
PRD0002718,Inkey List,Inkey List Repair Niacinamide Serum,serum,normal|sensitive,acne|aging|oiliness,"niacinamide, centella",yes,yes,no,AM/PM,,9.12,skincare_products_5000.csv,P03594,synthetic
PRD0002719,Inkey List,Inkey List Repair Niacinamide Serum,serum,normal|sensitive,dark spots,niacinamide,yes,no,no,AM/PM,,25.13,skincare_products_5000.csv,P02698,synthetic
PRD0002720,Inkey List,Inkey List Repair Panthenol Moisturizer,moisturizer,combination,aging|dehydration,"panthenol, ceramides",yes,no,no,AM,,13.35,skincare_products_5000.csv,P01481,synthetic
PRD0002721,Inkey List,Inkey List Repair Panthenol Moisturizer,moisturizer,normal,aging|dehydration|sensitivity,panthenol,no,yes,no,Weekly,,22.8,skincare_products_5000.csv,P02484,synthetic
PRD0002722,Inkey List,Inkey List Repair Panthenol Toner,toner,combination|normal,aging,"panthenol, beta-glucan, glycerin",yes,no,no,Weekly,,9.37,skincare_products_5000.csv,P03822,synthetic
PRD0002723,Inkey List,Inkey List Repair Peptides Serum,serum,combination-sensitive|oily,acne|redness|sensitivity,"peptides, centella",no,yes,no,PM,,34.6,skincare_products_5000.csv,P02427,synthetic
PRD0002724,Inkey List,Inkey List Repair Peptides Serum,serum,dry|oily|sensitive,barrier repair|dark spots,peptides,yes,yes,no,Weekly,,30.77,skincare_products_5000.csv,P02598,synthetic
PRD0002725,Inkey List,Inkey List Repair Retinol Serum,serum,combination|oily,dehydration,"retinol, vitamin c, niacinamide",no,no,no,Weekly,,13.41,skincare_products_5000.csv,P04108,synthetic
PRD0002726,Inkey List,Inkey List Repair Titanium Dioxide SPF 50,sunscreen,dry|normal|oily,aging|dark spots|sensitivity,"titanium dioxide, octocrylene, avobenzone",yes,yes,no,AM,30.0,21.56,skincare_products_5000.csv,P01069,synthetic
PRD0002727,Inkey List,Inkey List Repair Titanium Dioxide SPF 50,sunscreen,oily,acne,"titanium dioxide, zinc oxide",yes,yes,no,AM,50.0,22.55,skincare_products_5000.csv,P04997,synthetic
PRD0002728,Inkey List,Inkey List Repair Urea Moisturizer,moisturizer,combination|combination-sensitive,dehydration|oiliness,"urea, squalane",yes,yes,no,AM,,32.22,skincare_products_5000.csv,P01755,synthetic
PRD0002729,Isntree,Isntree Advanced Adapalene Treatment,treatment,combination|sensitive,acne|dark spots,"adapalene, benzoyl peroxide, retinol",yes,yes,yes,Weekly,,10.38,skincare_products_5000.csv,P04501,synthetic
PRD0002730,Isntree,Isntree Advanced Avobenzone SPF 50,sunscreen,normal|sensitive,acne,"avobenzone, zinc oxide",no,yes,no,AM,50.0,11.33,skincare_products_5000.csv,P00261,synthetic
PRD0002731,Isntree,Isntree Advanced Centella Mask,mask,sensitive,dark spots,"centella, green tea, hyaluronic acid",yes,no,no,PM,,20.86,skincare_products_5000.csv,P03981,synthetic
PRD0002732,Isntree,Isntree Advanced Centella Serum,serum,combination|normal,dehydration,"centella, retinol, peptides",yes,yes,no,AM/PM,,10.1,skincare_products_5000.csv,P03253,synthetic
PRD0002733,Isntree,Isntree Advanced Ceramides Cleanser,cleanser,combination|dry,dryness,"ceramides, centella, salicylic acid",no,yes,no,Weekly,,25.25,skincare_products_5000.csv,P04728,synthetic
PRD0002734,Isntree,Isntree Advanced Ceramides Moisturizer,moisturizer,sensitive,acne|dehydration,"ceramides, cholesterol",yes,yes,no,AM,,12.14,skincare_products_5000.csv,P00586,synthetic
PRD0002735,Isntree,Isntree Advanced Cholesterol Moisturizer,moisturizer,combination-sensitive,acne|barrier repair|oiliness,cholesterol,no,no,no,Weekly,,13.61,skincare_products_5000.csv,P04843,synthetic
PRD0002736,Isntree,Isntree Advanced Cholesterol Moisturizer,moisturizer,combination-sensitive|normal,dryness|oiliness|redness,"cholesterol, ceramides, glycerin",yes,yes,no,PM,,10.47,skincare_products_5000.csv,P03795,synthetic
PRD0002737,Isntree,Isntree Advanced Cholesterol Moisturizer,moisturizer,dry|normal|sensitive,aging|dehydration|sensitivity,"cholesterol, glycerin",yes,no,no,AM/PM,,33.46,skincare_products_5000.csv,P04395,synthetic
PRD0002738,Isntree,Isntree Advanced Cholesterol Moisturizer,moisturizer,oily|sensitive,aging|oiliness,cholesterol,yes,yes,no,AM/PM,,17.38,skincare_products_5000.csv,P00472,synthetic
PRD0002739,Isntree,Isntree Advanced Glycerin Cleanser,cleanser,normal|sensitive,aging|barrier repair|sensitivity,glycerin,no,yes,no,Weekly,,19.51,skincare_products_5000.csv,P02976,synthetic
PRD0002740,Isntree,Isntree Advanced Glycerin Moisturizer,moisturizer,combination-sensitive|dry,barrier repair,"glycerin, urea",yes,yes,no,Weekly,,18.78,skincare_products_5000.csv,P04914,synthetic
PRD0002741,Isntree,Isntree Advanced Glycerin Toner,toner,dry|normal|oily,aging|dryness|redness,glycerin,yes,no,no,Weekly,,8.83,skincare_products_5000.csv,P00549,synthetic
PRD0002742,Isntree,Isntree Advanced Niacinamide Cleanser,cleanser,sensitive,dark spots,"niacinamide, glycerin, centella",yes,yes,no,Weekly,,9.42,skincare_products_5000.csv,P00069,synthetic
PRD0002743,Isntree,Isntree Advanced Niacinamide SPF 50,sunscreen,combination-sensitive,dark spots,"niacinamide, vitamin e, octocrylene",yes,yes,no,AM,50.0,11.04,skincare_products_5000.csv,P00781,synthetic
PRD0002744,Isntree,Isntree Advanced Niacinamide Toner,toner,combination|combination-sensitive|sensitive,barrier repair,"niacinamide, beta-glucan, glycerin",yes,no,no,Weekly,,17.28,skincare_products_5000.csv,P03246,synthetic
PRD0002745,Isntree,Isntree Advanced Oat Extract Mask,mask,dry|oily|sensitive,sensitivity,"oat extract, centella, clay",yes,no,no,AM,,11.44,skincare_products_5000.csv,P00742,synthetic
PRD0002746,Isntree,Isntree Advanced Octocrylene SPF 50,sunscreen,combination,barrier repair,"octocrylene, avobenzone, niacinamide",yes,yes,no,AM,50.0,19.01,skincare_products_5000.csv,P03910,synthetic
PRD0002747,Isntree,Isntree Advanced Panthenol Toner,toner,combination|dry,barrier repair|dark spots|redness,"panthenol, glycerin, centella",yes,no,no,PM,,15.77,skincare_products_5000.csv,P00133,synthetic
PRD0002748,Isntree,Isntree Advanced Peptides Serum,serum,sensitive,acne|barrier repair|sensitivity,"peptides, centella, niacinamide",yes,yes,no,AM/PM,,21.62,skincare_products_5000.csv,P04970,synthetic
PRD0002749,Isntree,Isntree Advanced Pha Toner,toner,oily|sensitive,acne|sensitivity,"pha, beta-glucan, centella",yes,no,no,Weekly,,21.89,skincare_products_5000.csv,P02678,synthetic
PRD0002750,Isntree,Isntree Advanced Squalane Moisturizer,moisturizer,normal,aging|dryness,"squalane, panthenol, cholesterol",no,yes,no,AM/PM,,13.1,skincare_products_5000.csv,P03729,synthetic
PRD0002751,Isntree,Isntree Advanced Titanium Dioxide SPF 50,sunscreen,normal,aging|dryness,"titanium dioxide, niacinamide",no,yes,no,AM,30.0,24.83,skincare_products_5000.csv,P01279,synthetic
PRD0002752,Isntree,Isntree Advanced Titanium Dioxide SPF 50,sunscreen,normal,dark spots|oiliness|redness,"titanium dioxide, zinc oxide, avobenzone",yes,yes,no,AM,30.0,17.67,skincare_products_5000.csv,P02608,synthetic
PRD0002753,Isntree,Isntree Advanced Zinc Oxide SPF 50,sunscreen,dry,barrier repair|dryness|redness,"zinc oxide, octocrylene",yes,yes,no,AM,50.0,12.93,skincare_products_5000.csv,P04180,synthetic
PRD0002754,Isntree,Isntree Balance Adapalene Treatment,treatment,combination|dry|oily,aging|oiliness|sensitivity,"adapalene, retinol",yes,yes,no,AM/PM,,30.44,skincare_products_5000.csv,P00214,synthetic
PRD0002755,Isntree,Isntree Balance Adapalene Treatment,treatment,dry,barrier repair|dehydration|sensitivity,"adapalene, retinol",no,yes,no,AM,,9.02,skincare_products_5000.csv,P02174,synthetic
PRD0002756,Isntree,Isntree Balance Azelaic Acid Serum,serum,dry|normal|sensitive,acne,"azelaic acid, vitamin c",yes,yes,no,AM/PM,,14.93,skincare_products_5000.csv,P03984,synthetic
PRD0002757,Isntree,Isntree Balance Betaine Cleanser,cleanser,oily,acne|barrier repair|dark spots,betaine,yes,yes,no,PM,,23.78,skincare_products_5000.csv,P00033,synthetic
PRD0002758,Isntree,Isntree Balance Centella Cleanser,cleanser,combination-sensitive,dryness,"centella, salicylic acid, glycerin",yes,no,no,Weekly,,25.5,skincare_products_5000.csv,P02653,synthetic
PRD0002759,Isntree,Isntree Balance Centella Mask,mask,dry|oily,barrier repair|dehydration|redness,centella,yes,no,no,Weekly,,10.02,skincare_products_5000.csv,P03505,synthetic
PRD0002760,Isntree,Isntree Balance Centella Toner,toner,combination-sensitive|sensitive,acne|dryness|sensitivity,centella,yes,no,no,Weekly,,8.17,skincare_products_5000.csv,P01612,synthetic
PRD0002761,Isntree,Isntree Balance Ceramides Cleanser,cleanser,combination-sensitive|normal|oily,dark spots|oiliness|sensitivity,ceramides,yes,yes,no,Weekly,,20.39,skincare_products_5000.csv,P00980,synthetic
PRD0002762,Isntree,Isntree Balance Ceramides Cleanser,cleanser,sensitive,aging|oiliness,"ceramides, salicylic acid",yes,yes,no,PM,,11.95,skincare_products_5000.csv,P01582,synthetic
PRD0002763,Isntree,Isntree Balance Ceramides Moisturizer,moisturizer,dry|oily,dehydration|dryness|redness,"ceramides, glycerin",no,yes,no,AM/PM,,10.39,skincare_products_5000.csv,P02821,synthetic
PRD0002764,Isntree,Isntree Balance Cholesterol Moisturizer,moisturizer,combination|sensitive,aging|dehydration|redness,"cholesterol, ceramides",no,yes,no,Weekly,,19.72,skincare_products_5000.csv,P00743,synthetic
PRD0002765,Isntree,Isntree Balance Glycerin Cleanser,cleanser,combination-sensitive|sensitive,dryness|sensitivity,glycerin,yes,yes,no,AM,,14.57,skincare_products_5000.csv,P02293,synthetic
PRD0002766,Isntree,Isntree Balance Glycerin Moisturizer,moisturizer,combination|combination-sensitive|sensitive,oiliness,"glycerin, ceramides, urea",yes,yes,no,Weekly,,21.62,skincare_products_5000.csv,P02773,synthetic
PRD0002767,Isntree,Isntree Balance Glycerin Toner,toner,dry|oily,dark spots|oiliness|redness,"glycerin, beta-glucan",yes,no,no,Weekly,,23.28,skincare_products_5000.csv,P00297,synthetic
PRD0002768,Isntree,Isntree Balance Green Tea Mask,mask,combination-sensitive|dry,dehydration|redness,"green tea, sulfur",yes,no,no,Weekly,,13.04,skincare_products_5000.csv,P04059,synthetic
PRD0002769,Isntree,Isntree Balance Hyaluronic Acid Serum,serum,combination-sensitive,dehydration,"hyaluronic acid, retinol, peptides",yes,yes,no,PM,,41.29,skincare_products_5000.csv,P01048,synthetic
PRD0002770,Isntree,Isntree Balance Niacinamide Cleanser,cleanser,combination|dry|oily,barrier repair|dryness|sensitivity,"niacinamide, glycerin, salicylic acid",yes,yes,no,Weekly,,17.89,skincare_products_5000.csv,P04894,synthetic
PRD0002771,Isntree,Isntree Balance Niacinamide Cleanser,cleanser,dry|oily,sensitivity,"niacinamide, centella, salicylic acid",yes,yes,no,PM,,18.01,skincare_products_5000.csv,P01842,synthetic
PRD0002772,Isntree,Isntree Balance Niacinamide Cleanser,cleanser,normal,aging|sensitivity,niacinamide,yes,yes,no,Weekly,,8.45,skincare_products_5000.csv,P01791,synthetic
PRD0002773,Isntree,Isntree Balance Octocrylene SPF 50,sunscreen,normal,acne,"octocrylene, avobenzone",yes,yes,no,AM,50.0,19.09,skincare_products_5000.csv,P01291,synthetic
PRD0002774,Isntree,Isntree Balance Panthenol Toner,toner,combination|normal|sensitive,dark spots,"panthenol, glycerin",no,no,no,Weekly,,8.55,skincare_products_5000.csv,P02227,synthetic
PRD0002775,Isntree,Isntree Balance Retinol Serum,serum,normal|sensitive,dryness|sensitivity,retinol,yes,yes,no,PM,,17.44,skincare_products_5000.csv,P04288,synthetic
PRD0002776,Isntree,Isntree Balance Retinol Serum,serum,sensitive,acne,retinol,yes,yes,no,AM/PM,,21.34,skincare_products_5000.csv,P03584,synthetic
PRD0002777,Isntree,Isntree Balance Squalane Moisturizer,moisturizer,combination-sensitive|dry|oily,dark spots|oiliness|sensitivity,squalane,yes,yes,no,PM,,12.53,skincare_products_5000.csv,P02909,synthetic
PRD0002778,Isntree,Isntree Balance Squalane Moisturizer,moisturizer,combination|combination-sensitive|oily,barrier repair|dark spots|dehydration,squalane,yes,yes,no,AM,,17.27,skincare_products_5000.csv,P02170,synthetic
PRD0002779,Isntree,Isntree Balance Squalane Moisturizer,moisturizer,combination|dry,aging|dark spots|sensitivity,"squalane, cholesterol, ceramides",yes,no,no,AM/PM,,21.92,skincare_products_5000.csv,P01955,synthetic
PRD0002780,Isntree,Isntree Balance Squalane Moisturizer,moisturizer,normal,aging|barrier repair|oiliness,squalane,yes,yes,no,PM,,11.94,skincare_products_5000.csv,P02151,synthetic
PRD0002781,Isntree,Isntree Balance Sulfur Treatment,treatment,combination-sensitive|oily|sensitive,dark spots|oiliness,"sulfur, azelaic acid",no,yes,no,AM,,29.27,skincare_products_5000.csv,P02810,synthetic
PRD0002782,Isntree,Isntree Balance Titanium Dioxide SPF 50,sunscreen,oily|sensitive,aging|dehydration,titanium dioxide,yes,no,no,AM,50.0,13.81,skincare_products_5000.csv,P03023,synthetic
PRD0002783,Isntree,Isntree Balance Urea Moisturizer,moisturizer,oily,acne,urea,yes,no,no,Weekly,,16.42,skincare_products_5000.csv,P00208,synthetic
PRD0002784,Isntree,Isntree Balance Urea Moisturizer,moisturizer,oily|sensitive,dehydration|dryness|oiliness,"urea, glycerin, squalane",yes,yes,no,PM,,17.99,skincare_products_5000.csv,P01960,synthetic
PRD0002785,Isntree,Isntree Balance Vitamin C Serum,serum,normal|sensitive,dark spots|dryness|redness,"vitamin c, peptides, niacinamide",yes,yes,no,Weekly,,21.97,skincare_products_5000.csv,P02556,synthetic
PRD0002786,Isntree,Isntree Balance Vitamin E SPF 50,sunscreen,combination|combination-sensitive|dry,dark spots|oiliness,vitamin e,no,yes,no,AM,50.0,18.33,skincare_products_5000.csv,P03760,synthetic
PRD0002787,Isntree,Isntree Balance Vitamin E SPF 50,sunscreen,combination|normal|sensitive,acne|sensitivity,"vitamin e, zinc oxide",yes,yes,no,AM,50.0,21.43,skincare_products_5000.csv,P03883,synthetic
PRD0002788,Isntree,Isntree Balance Vitamin E SPF 50,sunscreen,normal,aging|dark spots|dehydration,"vitamin e, zinc oxide, niacinamide",yes,yes,no,AM,30.0,23.5,skincare_products_5000.csv,P00081,synthetic
PRD0002789,Isntree,Isntree Barrier Azelaic Acid Serum,serum,combination-sensitive|normal|sensitive,acne,"azelaic acid, peptides",no,no,no,PM,,19.48,skincare_products_5000.csv,P03889,synthetic
PRD0002790,Isntree,Isntree Barrier Betaine Cleanser,cleanser,dry,aging|barrier repair|dark spots,betaine,no,no,no,PM,,16.4,skincare_products_5000.csv,P03435,synthetic
PRD0002791,Isntree,Isntree Barrier Betaine Cleanser,cleanser,oily,acne|dark spots|redness,"betaine, niacinamide, centella",no,no,no,PM,,25.86,skincare_products_5000.csv,P02006,synthetic
PRD0002792,Isntree,Isntree Barrier Centella Mask,mask,normal,aging|dehydration,"centella, sulfur",yes,no,no,AM/PM,,24.47,skincare_products_5000.csv,P02770,synthetic
PRD0002793,Isntree,Isntree Barrier Centella Serum,serum,combination|normal,acne|aging|barrier repair,centella,yes,no,no,AM/PM,,10.1,skincare_products_5000.csv,P03095,synthetic
PRD0002794,Isntree,Isntree Barrier Centella Toner,toner,dry|oily,barrier repair|dehydration|oiliness,"centella, glycerin, niacinamide",yes,no,no,Weekly,,12.97,skincare_products_5000.csv,P04182,synthetic
PRD0002795,Isntree,Isntree Barrier Ceramides Cleanser,cleanser,combination-sensitive,acne|dehydration,ceramides,yes,yes,no,PM,,16.08,skincare_products_5000.csv,P03235,synthetic
PRD0002796,Isntree,Isntree Barrier Cholesterol Moisturizer,moisturizer,combination-sensitive|dry,dryness,"cholesterol, squalane",yes,yes,no,AM/PM,,33.73,skincare_products_5000.csv,P04575,synthetic
PRD0002797,Isntree,Isntree Barrier Cholesterol Moisturizer,moisturizer,combination-sensitive|oily,dark spots,"cholesterol, glycerin, urea",no,yes,no,PM,,21.19,skincare_products_5000.csv,P02990,synthetic
PRD0002798,Isntree,Isntree Barrier Glycerin Moisturizer,moisturizer,normal|oily,acne|barrier repair,"glycerin, panthenol",yes,no,no,Weekly,,11.38,skincare_products_5000.csv,P03687,synthetic
PRD0002799,Isntree,Isntree Barrier Glycerin Toner,toner,combination-sensitive|normal,acne|barrier repair|sensitivity,"glycerin, niacinamide",yes,no,no,Weekly,,11.89,skincare_products_5000.csv,P03587,synthetic
PRD0002800,Isntree,Isntree Barrier Hyaluronic Acid Mask,mask,combination-sensitive|normal|oily,barrier repair,"hyaluronic acid, centella",no,no,no,AM,,13.68,skincare_products_5000.csv,P03331,synthetic
PRD0002801,Isntree,Isntree Barrier Hyaluronic Acid Serum,serum,combination,dehydration,"hyaluronic acid, retinol",yes,yes,no,AM/PM,,34.69,skincare_products_5000.csv,P00145,synthetic
PRD0002802,Isntree,Isntree Barrier Hyaluronic Acid Serum,serum,sensitive,aging|dark spots|dehydration,"hyaluronic acid, azelaic acid, vitamin c",yes,yes,no,AM/PM,,33.96,skincare_products_5000.csv,P04010,synthetic
PRD0002803,Isntree,Isntree Barrier Niacinamide Cleanser,cleanser,normal,dehydration,niacinamide,yes,yes,no,AM/PM,,17.76,skincare_products_5000.csv,P00696,synthetic
PRD0002804,Isntree,Isntree Barrier Oat Extract Mask,mask,combination,aging|barrier repair,oat extract,yes,no,no,AM/PM,,19.45,skincare_products_5000.csv,P03250,synthetic
PRD0002805,Isntree,Isntree Barrier Octocrylene SPF 50,sunscreen,dry|oily,dehydration|redness,"octocrylene, niacinamide",yes,yes,no,AM,30.0,23.3,skincare_products_5000.csv,P01450,synthetic
PRD0002806,Isntree,Isntree Barrier Panthenol Moisturizer,moisturizer,dry|normal,acne|dark spots|sensitivity,"panthenol, ceramides",yes,yes,no,PM,,19.42,skincare_products_5000.csv,P03762,synthetic
PRD0002807,Isntree,Isntree Barrier Panthenol Moisturizer,moisturizer,oily,aging|oiliness|redness,panthenol,yes,yes,no,PM,,11.57,skincare_products_5000.csv,P04115,synthetic
PRD0002808,Isntree,Isntree Barrier Salicylic Acid Cleanser,cleanser,dry,acne|dark spots|redness,"salicylic acid, centella",yes,yes,no,AM,,8.96,skincare_products_5000.csv,P02300,synthetic
PRD0002809,Isntree,Isntree Barrier Squalane Moisturizer,moisturizer,combination|combination-sensitive|oily,dryness,"squalane, urea, ceramides",yes,yes,no,AM/PM,,11.5,skincare_products_5000.csv,P03665,synthetic
PRD0002810,Isntree,Isntree Barrier Titanium Dioxide SPF 50,sunscreen,combination|oily|sensitive,acne|oiliness|sensitivity,titanium dioxide,yes,yes,no,AM,50.0,17.44,skincare_products_5000.csv,P03767,synthetic
PRD0002811,Isntree,Isntree Calm Benzoyl Peroxide Treatment,treatment,oily,acne|barrier repair|redness,"benzoyl peroxide, sulfur, retinol",no,yes,no,AM,,9.57,skincare_products_5000.csv,P01836,synthetic
PRD0002812,Isntree,Isntree Calm Beta-Glucan Toner,toner,dry|normal|oily,dark spots,beta-glucan,yes,no,no,Weekly,,15.3,skincare_products_5000.csv,P04051,synthetic
PRD0002813,Isntree,Isntree Calm Centella Cleanser,cleanser,sensitive,acne,centella,yes,yes,no,AM,,25.84,skincare_products_5000.csv,P03880,synthetic
PRD0002814,Isntree,Isntree Calm Cholesterol Moisturizer,moisturizer,combination|combination-sensitive|dry,barrier repair|redness|sensitivity,"cholesterol, glycerin",yes,no,no,Weekly,,28.46,skincare_products_5000.csv,P02050,synthetic
PRD0002815,Isntree,Isntree Calm Clay Mask,mask,oily,dryness|oiliness|redness,"clay, oat extract",yes,no,no,AM,,11.62,skincare_products_5000.csv,P00001,synthetic
PRD0002816,Isntree,Isntree Calm Glycerin Cleanser,cleanser,combination,dehydration|oiliness,"glycerin, centella",yes,no,no,AM,,21.05,skincare_products_5000.csv,P02752,synthetic
PRD0002817,Isntree,Isntree Calm Glycerin Cleanser,cleanser,oily,sensitivity,glycerin,yes,yes,no,Weekly,,14.73,skincare_products_5000.csv,P01448,synthetic
PRD0002818,Isntree,Isntree Calm Glycerin Moisturizer,moisturizer,combination-sensitive,dehydration,glycerin,yes,yes,no,AM,,21.98,skincare_products_5000.csv,P00810,synthetic
PRD0002819,Isntree,Isntree Calm Hyaluronic Acid Mask,mask,normal,acne|redness,"hyaluronic acid, clay, oat extract",no,no,no,PM,,27.96,skincare_products_5000.csv,P00563,synthetic
PRD0002820,Isntree,Isntree Calm Hyaluronic Acid Serum,serum,combination-sensitive,sensitivity,"hyaluronic acid, peptides, centella",yes,yes,no,AM,,30.53,skincare_products_5000.csv,P04213,synthetic
PRD0002821,Isntree,Isntree Calm Hyaluronic Acid Serum,serum,combination|combination-sensitive,dark spots|dehydration,"hyaluronic acid, centella, peptides",yes,yes,no,AM,,17.28,skincare_products_5000.csv,P02629,synthetic
PRD0002822,Isntree,Isntree Calm Hyaluronic Acid Serum,serum,combination|dry|normal,acne,"hyaluronic acid, azelaic acid, peptides",no,yes,no,PM,,29.38,skincare_products_5000.csv,P01910,synthetic
PRD0002823,Isntree,Isntree Calm Oat Extract Mask,mask,combination-sensitive|dry|oily,dehydration|redness,"oat extract, green tea",yes,no,no,Weekly,,19.45,skincare_products_5000.csv,P00247,synthetic
PRD0002824,Isntree,Isntree Calm Oat Extract Mask,mask,combination|oily,aging,"oat extract, clay",yes,no,no,AM,,16.08,skincare_products_5000.csv,P00138,synthetic
PRD0002825,Isntree,Isntree Calm Oat Extract Mask,mask,dry,barrier repair,"oat extract, clay, sulfur",yes,no,no,AM/PM,,9.97,skincare_products_5000.csv,P03158,synthetic
PRD0002826,Isntree,Isntree Calm Octocrylene SPF 50,sunscreen,combination,barrier repair,"octocrylene, zinc oxide, niacinamide",no,yes,no,AM,50.0,22.42,skincare_products_5000.csv,P02794,synthetic
PRD0002827,Isntree,Isntree Calm Panthenol Toner,toner,oily,aging|dark spots|redness,panthenol,yes,no,no,PM,,15.51,skincare_products_5000.csv,P04605,synthetic
PRD0002828,Isntree,Isntree Calm Peptides Serum,serum,combination|combination-sensitive|oily,aging|oiliness|sensitivity,peptides,no,yes,no,AM,,18.59,skincare_products_5000.csv,P02463,synthetic
PRD0002829,Isntree,Isntree Calm Retinol Serum,serum,sensitive,dryness,"retinol, vitamin c, azelaic acid",no,no,no,AM,,17.96,skincare_products_5000.csv,P03899,synthetic
PRD0002830,Isntree,Isntree Calm Retinol Treatment,treatment,sensitive,aging|dark spots,"retinol, salicylic acid, benzoyl peroxide",yes,yes,no,AM,,27.13,skincare_products_5000.csv,P04428,synthetic
PRD0002831,Isntree,Isntree Calm Salicylic Acid Cleanser,cleanser,combination-sensitive|oily|sensitive,aging,"salicylic acid, ceramides",no,yes,no,PM,,10.28,skincare_products_5000.csv,P00713,synthetic
PRD0002832,Isntree,Isntree Calm Salicylic Acid Cleanser,cleanser,dry|normal|oily,acne|barrier repair|dark spots,"salicylic acid, ceramides, glycerin",yes,yes,no,PM,,21.53,skincare_products_5000.csv,P02542,synthetic
PRD0002833,Isntree,Isntree Calm Squalane Moisturizer,moisturizer,combination-sensitive|dry|oily,acne|aging|dehydration,"squalane, panthenol",yes,yes,no,AM/PM,,12.76,skincare_products_5000.csv,P00406,synthetic
PRD0002834,Isntree,Isntree Calm Squalane Moisturizer,moisturizer,dry|sensitive,acne|oiliness|sensitivity,squalane,yes,yes,no,PM,,13.93,skincare_products_5000.csv,P01293,synthetic
PRD0002835,Isntree,Isntree Calm Sulfur Mask,mask,combination-sensitive|dry,redness,"sulfur, centella, oat extract",no,no,no,AM/PM,,12.5,skincare_products_5000.csv,P00470,synthetic
PRD0002836,Isntree,Isntree Calm Sulfur Treatment,treatment,combination|dry|sensitive,aging,sulfur,yes,no,no,AM,,30.11,skincare_products_5000.csv,P04996,synthetic
PRD0002837,Isntree,Isntree Calm Sulfur Treatment,treatment,dry,dark spots|sensitivity,sulfur,yes,yes,no,PM,,13.2,skincare_products_5000.csv,P04775,synthetic
PRD0002838,Isntree,Isntree Calm Vitamin C Serum,serum,combination-sensitive|normal|oily,dryness|oiliness|redness,"vitamin c, centella",yes,yes,no,Weekly,,29.01,skincare_products_5000.csv,P01278,synthetic
PRD0002839,Isntree,Isntree Calm Vitamin C Serum,serum,combination|oily|sensitive,oiliness|sensitivity,"vitamin c, centella, azelaic acid",yes,yes,no,AM,,18.12,skincare_products_5000.csv,P04641,synthetic
PRD0002840,Isntree,Isntree Calm Vitamin E SPF 50,sunscreen,normal|sensitive,aging,"vitamin e, titanium dioxide",yes,no,no,AM,50.0,22.18,skincare_products_5000.csv,P00286,synthetic
PRD0002841,Isntree,Isntree Calm Zinc Oxide SPF 50,sunscreen,normal,barrier repair|oiliness|sensitivity,zinc oxide,yes,yes,no,AM,50.0,16.02,skincare_products_5000.csv,P00783,synthetic
PRD0002842,Isntree,Isntree Clear Azelaic Acid Serum,serum,combination-sensitive,dryness|redness,azelaic acid,yes,yes,no,AM/PM,,30.47,skincare_products_5000.csv,P03392,synthetic
PRD0002843,Isntree,Isntree Clear Beta-Glucan Toner,toner,combination-sensitive|normal,acne|redness,beta-glucan,no,no,no,Weekly,,17.89,skincare_products_5000.csv,P02693,synthetic
PRD0002844,Isntree,Isntree Clear Beta-Glucan Toner,toner,combination|oily|sensitive,oiliness|sensitivity,"beta-glucan, niacinamide",yes,no,no,AM/PM,,19.65,skincare_products_5000.csv,P01626,synthetic
PRD0002845,Isntree,Isntree Clear Betaine Cleanser,cleanser,combination-sensitive|normal|oily,redness,"betaine, centella",yes,yes,no,Weekly,,14.38,skincare_products_5000.csv,P04003,synthetic
PRD0002846,Isntree,Isntree Clear Betaine Cleanser,cleanser,sensitive,acne|aging,"betaine, ceramides, centella",yes,yes,no,AM/PM,,14.46,skincare_products_5000.csv,P00068,synthetic
PRD0002847,Isntree,Isntree Clear Centella Cleanser,cleanser,combination|normal|oily,barrier repair|dehydration,"centella, glycerin",yes,no,no,PM,,19.46,skincare_products_5000.csv,P04236,synthetic
PRD0002848,Isntree,Isntree Clear Centella Cleanser,cleanser,combination|oily|sensitive,dark spots|sensitivity,centella,yes,yes,no,AM,,22.68,skincare_products_5000.csv,P04537,synthetic
PRD0002849,Isntree,Isntree Clear Ceramides Cleanser,cleanser,sensitive,acne,"ceramides, niacinamide",no,yes,no,AM/PM,,25.88,skincare_products_5000.csv,P00693,synthetic
PRD0002850,Isntree,Isntree Clear Cholesterol Moisturizer,moisturizer,combination|combination-sensitive,dehydration|oiliness,cholesterol,yes,yes,no,AM/PM,,29.46,skincare_products_5000.csv,P02715,synthetic
PRD0002851,Isntree,Isntree Clear Cholesterol Moisturizer,moisturizer,normal,aging,"cholesterol, glycerin",yes,yes,no,AM,,19.38,skincare_products_5000.csv,P03268,synthetic
PRD0002852,Isntree,Isntree Clear Glycerin Cleanser,cleanser,dry|oily|sensitive,acne|aging|dryness,"glycerin, niacinamide",yes,yes,no,PM,,12.98,skincare_products_5000.csv,P04988,synthetic
PRD0002853,Isntree,Isntree Clear Glycerin Moisturizer,moisturizer,oily,barrier repair|dark spots,"glycerin, cholesterol, ceramides",yes,yes,no,AM,,16.37,skincare_products_5000.csv,P04468,synthetic
PRD0002854,Isntree,Isntree Clear Green Tea Mask,mask,dry|normal|oily,aging|barrier repair|dryness,"green tea, centella, hyaluronic acid",yes,no,no,AM,,24.1,skincare_products_5000.csv,P01327,synthetic
PRD0002855,Isntree,Isntree Clear Green Tea Mask,mask,dry|sensitive,dark spots|dryness|sensitivity,"green tea, oat extract",yes,no,no,AM,,11.7,skincare_products_5000.csv,P03743,synthetic
PRD0002856,Isntree,Isntree Clear Hyaluronic Acid Serum,serum,combination|dry,acne|dark spots|oiliness,hyaluronic acid,yes,yes,no,AM/PM,,21.38,skincare_products_5000.csv,P04788,synthetic
PRD0002857,Isntree,Isntree Clear Panthenol Moisturizer,moisturizer,sensitive,acne|barrier repair,panthenol,yes,yes,no,Weekly,,27.18,skincare_products_5000.csv,P02614,synthetic
PRD0002858,Isntree,Isntree Clear Panthenol Toner,toner,sensitive,dehydration|oiliness,panthenol,yes,no,no,PM,,16.84,skincare_products_5000.csv,P00152,synthetic
PRD0002859,Isntree,Isntree Clear Pha Toner,toner,combination|combination-sensitive|oily,aging|barrier repair|oiliness,pha,no,no,no,AM/PM,,16.9,skincare_products_5000.csv,P00737,synthetic
PRD0002860,Isntree,Isntree Clear Pha Toner,toner,dry|oily,barrier repair|dark spots|dehydration,"pha, beta-glucan",yes,no,no,AM/PM,,23.62,skincare_products_5000.csv,P01592,synthetic
PRD0002861,Isntree,Isntree Clear Retinol Treatment,treatment,combination,aging|barrier repair,"retinol, adapalene",yes,yes,yes,AM,,25.9,skincare_products_5000.csv,P03666,synthetic
PRD0002862,Isntree,Isntree Clear Salicylic Acid Cleanser,cleanser,combination-sensitive,dark spots|sensitivity,salicylic acid,no,yes,no,PM,,17.12,skincare_products_5000.csv,P01132,synthetic
PRD0002863,Isntree,Isntree Clear Salicylic Acid Cleanser,cleanser,combination|oily|sensitive,acne,"salicylic acid, niacinamide",yes,yes,no,AM,,20.75,skincare_products_5000.csv,P01579,synthetic
PRD0002864,Isntree,Isntree Clear Titanium Dioxide SPF 50,sunscreen,normal|sensitive,dryness,titanium dioxide,yes,yes,no,AM,50.0,24.7,skincare_products_5000.csv,P02639,synthetic
PRD0002865,Isntree,Isntree Clear Urea Moisturizer,moisturizer,combination-sensitive|oily|sensitive,dark spots|redness|sensitivity,"urea, ceramides, cholesterol",yes,yes,no,PM,,26.99,skincare_products_5000.csv,P02712,synthetic
PRD0002866,Isntree,Isntree Clear Urea Moisturizer,moisturizer,dry,dryness|oiliness,"urea, ceramides",yes,no,no,PM,,24.69,skincare_products_5000.csv,P04112,synthetic
PRD0002867,Isntree,Isntree Clear Vitamin C Serum,serum,dry,acne|dryness|redness,vitamin c,yes,yes,no,PM,,16.22,skincare_products_5000.csv,P04804,synthetic
PRD0002868,Isntree,Isntree Clear Vitamin E SPF 50,sunscreen,sensitive,oiliness|redness,"vitamin e, octocrylene",no,yes,no,AM,50.0,17.68,skincare_products_5000.csv,P00008,synthetic
PRD0002869,Isntree,Isntree Clear Zinc Oxide SPF 50,sunscreen,normal|oily|sensitive,dehydration,"zinc oxide, vitamin e, octocrylene",yes,yes,no,AM,30.0,21.7,skincare_products_5000.csv,P01182,synthetic
PRD0002870,Isntree,Isntree Daily Avobenzone SPF 50,sunscreen,combination|normal,oiliness|sensitivity,avobenzone,yes,yes,no,AM,50.0,10.27,skincare_products_5000.csv,P01298,synthetic
PRD0002871,Isntree,Isntree Daily Benzoyl Peroxide Treatment,treatment,combination-sensitive|normal|oily,aging|dehydration|sensitivity,"benzoyl peroxide, adapalene, azelaic acid",yes,yes,yes,AM,,20.91,skincare_products_5000.csv,P03664,synthetic
PRD0002872,Isntree,Isntree Daily Beta-Glucan Toner,toner,combination|combination-sensitive|oily,dryness,"beta-glucan, glycerin, panthenol",yes,no,no,AM,,11.5,skincare_products_5000.csv,P04803,synthetic
PRD0002873,Isntree,Isntree Daily Beta-Glucan Toner,toner,combination|normal,barrier repair,"beta-glucan, pha, glycerin",yes,no,no,AM/PM,,19.26,skincare_products_5000.csv,P00680,synthetic
PRD0002874,Isntree,Isntree Daily Betaine Cleanser,cleanser,combination-sensitive|oily,dryness|sensitivity,"betaine, centella",no,yes,no,Weekly,,10.84,skincare_products_5000.csv,P01414,synthetic
PRD0002875,Isntree,Isntree Daily Betaine Cleanser,cleanser,combination|combination-sensitive|oily,aging|dryness,"betaine, niacinamide, glycerin",no,yes,no,PM,,11.69,skincare_products_5000.csv,P02596,synthetic
PRD0002876,Isntree,Isntree Daily Ceramides Cleanser,cleanser,combination|dry|sensitive,dark spots,"ceramides, salicylic acid, centella",yes,yes,no,AM,,23.41,skincare_products_5000.csv,P04994,synthetic
PRD0002877,Isntree,Isntree Daily Ceramides Moisturizer,moisturizer,combination|combination-sensitive|dry,acne|aging|barrier repair,"ceramides, cholesterol",yes,yes,no,AM/PM,,19.32,skincare_products_5000.csv,P04534,synthetic
PRD0002878,Isntree,Isntree Daily Glycerin Cleanser,cleanser,combination|dry|normal,acne|aging|dark spots,glycerin,yes,yes,no,AM/PM,,11.22,skincare_products_5000.csv,P00150,synthetic
PRD0002879,Isntree,Isntree Daily Glycerin Cleanser,cleanser,dry|oily,aging|redness,"glycerin, niacinamide",yes,yes,no,PM,,18.39,skincare_products_5000.csv,P02354,synthetic
PRD0002880,Isntree,Isntree Daily Glycerin Moisturizer,moisturizer,dry|normal,dark spots|redness,"glycerin, urea",yes,no,no,PM,,17.39,skincare_products_5000.csv,P01848,synthetic
PRD0002881,Isntree,Isntree Daily Glycerin Toner,toner,dry|sensitive,dark spots,"glycerin, niacinamide",yes,no,no,PM,,18.59,skincare_products_5000.csv,P01304,synthetic
PRD0002882,Isntree,Isntree Daily Green Tea Mask,mask,combination-sensitive|dry,aging|dark spots,"green tea, clay, hyaluronic acid",yes,no,no,Weekly,,17.24,skincare_products_5000.csv,P04364,synthetic
PRD0002883,Isntree,Isntree Daily Oat Extract Mask,mask,combination-sensitive,oiliness|redness|sensitivity,oat extract,no,no,no,AM/PM,,15.62,skincare_products_5000.csv,P03219,synthetic
PRD0002884,Isntree,Isntree Daily Panthenol Moisturizer,moisturizer,combination|dry,aging|dehydration|redness,"panthenol, squalane",yes,no,no,PM,,25.67,skincare_products_5000.csv,P04156,synthetic
PRD0002885,Isntree,Isntree Daily Peptides Serum,serum,oily|sensitive,sensitivity,"peptides, vitamin c",yes,yes,no,Weekly,,17.19,skincare_products_5000.csv,P04917,synthetic
PRD0002886,Isntree,Isntree Daily Retinol Serum,serum,combination|oily,acne|aging,"retinol, niacinamide",yes,yes,no,AM,,27.04,skincare_products_5000.csv,P02379,synthetic
PRD0002887,Isntree,Isntree Daily Retinol Serum,serum,normal,dryness|oiliness,retinol,yes,yes,no,Weekly,,24.92,skincare_products_5000.csv,P00493,synthetic
PRD0002888,Isntree,Isntree Daily Retinol Treatment,treatment,combination|normal,oiliness,"retinol, azelaic acid, salicylic acid",yes,yes,no,AM/PM,,23.06,skincare_products_5000.csv,P03127,synthetic
PRD0002889,Isntree,Isntree Daily Salicylic Acid Treatment,treatment,combination|oily,aging|dark spots,salicylic acid,yes,yes,no,AM,,23.19,skincare_products_5000.csv,P00103,synthetic
PRD0002890,Isntree,Isntree Daily Urea Moisturizer,moisturizer,combination|normal,aging|dryness|oiliness,"urea, cholesterol, panthenol",yes,yes,no,Weekly,,27.29,skincare_products_5000.csv,P03455,synthetic
PRD0002891,Isntree,Isntree Daily Urea Moisturizer,moisturizer,normal,acne|dehydration,urea,no,yes,no,AM/PM,,31.03,skincare_products_5000.csv,P03607,synthetic
PRD0002892,Isntree,Isntree Daily Vitamin C Serum,serum,combination|oily,redness,"vitamin c, retinol",yes,yes,no,AM/PM,,43.31,skincare_products_5000.csv,P02048,synthetic
PRD0002893,Isntree,Isntree Daily Vitamin C Serum,serum,combination|oily|sensitive,acne,vitamin c,yes,yes,no,PM,,44.32,skincare_products_5000.csv,P00962,synthetic
PRD0002894,Isntree,Isntree Daily Vitamin E SPF 50,sunscreen,combination|combination-sensitive|normal,sensitivity,"vitamin e, avobenzone, zinc oxide",no,yes,no,AM,30.0,15.03,skincare_products_5000.csv,P01757,synthetic
PRD0002895,Isntree,Isntree Daily Vitamin E SPF 50,sunscreen,normal,barrier repair|dryness|sensitivity,"vitamin e, avobenzone, octocrylene",yes,yes,no,AM,50.0,25.44,skincare_products_5000.csv,P04999,synthetic
PRD0002896,Isntree,Isntree Glow Adapalene Treatment,treatment,normal|oily|sensitive,aging|redness,"adapalene, salicylic acid",yes,no,no,Weekly,,16.59,skincare_products_5000.csv,P04701,synthetic
PRD0002897,Isntree,Isntree Glow Adapalene Treatment,treatment,oily,dehydration,adapalene,yes,yes,yes,PM,,26.69,skincare_products_5000.csv,P00183,synthetic
PRD0002898,Isntree,Isntree Glow Avobenzone SPF 50,sunscreen,combination-sensitive,barrier repair|dark spots,"avobenzone, octocrylene",no,yes,no,AM,50.0,13.77,skincare_products_5000.csv,P01295,synthetic
PRD0002899,Isntree,Isntree Glow Avobenzone SPF 50,sunscreen,normal|oily,oiliness|sensitivity,"avobenzone, vitamin e, titanium dioxide",yes,yes,no,AM,50.0,21.49,skincare_products_5000.csv,P02766,synthetic
PRD0002900,Isntree,Isntree Glow Azelaic Acid Serum,serum,combination|dry|sensitive,barrier repair|redness,azelaic acid,no,no,no,AM,,22.24,skincare_products_5000.csv,P03064,synthetic
PRD0002901,Isntree,Isntree Glow Azelaic Acid Treatment,treatment,combination|sensitive,aging|dehydration|redness,"azelaic acid, salicylic acid, adapalene",yes,yes,yes,PM,,24.42,skincare_products_5000.csv,P00296,synthetic
PRD0002902,Isntree,Isntree Glow Benzoyl Peroxide Treatment,treatment,combination-sensitive|normal|sensitive,dehydration,"benzoyl peroxide, salicylic acid, adapalene",yes,yes,yes,PM,,18.87,skincare_products_5000.csv,P00194,synthetic
PRD0002903,Isntree,Isntree Glow Centella Cleanser,cleanser,combination-sensitive|sensitive,dehydration|dryness,"centella, salicylic acid",no,yes,no,AM,,19.96,skincare_products_5000.csv,P00702,synthetic
PRD0002904,Isntree,Isntree Glow Centella Serum,serum,combination,barrier repair|redness,"centella, vitamin c",yes,yes,no,AM,,13.61,skincare_products_5000.csv,P03155,synthetic
PRD0002905,Isntree,Isntree Glow Centella Serum,serum,combination|normal|oily,acne,"centella, retinol, hyaluronic acid",no,yes,no,Weekly,,38.78,skincare_products_5000.csv,P00065,synthetic
PRD0002906,Isntree,Isntree Glow Centella Serum,serum,dry|normal|oily,barrier repair|redness,"centella, niacinamide",no,yes,no,Weekly,,11.89,skincare_products_5000.csv,P00865,synthetic
PRD0002907,Isntree,Isntree Glow Ceramides Cleanser,cleanser,combination-sensitive,dark spots,"ceramides, niacinamide, betaine",no,no,no,Weekly,,9.01,skincare_products_5000.csv,P02621,synthetic
PRD0002908,Isntree,Isntree Glow Ceramides Cleanser,cleanser,dry|sensitive,aging|barrier repair|redness,ceramides,yes,yes,no,AM,,25.47,skincare_products_5000.csv,P01958,synthetic
PRD0002909,Isntree,Isntree Glow Ceramides Moisturizer,moisturizer,combination|dry|sensitive,acne,ceramides,yes,yes,no,AM,,17.48,skincare_products_5000.csv,P02116,synthetic
PRD0002910,Isntree,Isntree Glow Glycerin Moisturizer,moisturizer,dry|oily|sensitive,redness,glycerin,yes,yes,no,AM,,17.64,skincare_products_5000.csv,P02221,synthetic
PRD0002911,Isntree,Isntree Glow Green Tea Mask,mask,combination|normal|sensitive,aging|barrier repair,"green tea, hyaluronic acid, sulfur",yes,no,no,Weekly,,20.01,skincare_products_5000.csv,P04726,synthetic
PRD0002912,Isntree,Isntree Glow Hyaluronic Acid Serum,serum,sensitive,redness,"hyaluronic acid, peptides",yes,yes,no,PM,,27.06,skincare_products_5000.csv,P03817,synthetic
PRD0002913,Isntree,Isntree Glow Niacinamide SPF 50,sunscreen,combination|combination-sensitive,oiliness,"niacinamide, zinc oxide, vitamin e",yes,yes,no,AM,30.0,28.97,skincare_products_5000.csv,P02701,synthetic
PRD0002914,Isntree,Isntree Glow Oat Extract Mask,mask,combination|dry|sensitive,dark spots|redness,oat extract,yes,no,no,PM,,22.14,skincare_products_5000.csv,P02616,synthetic
PRD0002915,Isntree,Isntree Glow Octocrylene SPF 50,sunscreen,combination,acne|aging|dark spots,octocrylene,yes,yes,no,AM,50.0,21.08,skincare_products_5000.csv,P01902,synthetic
PRD0002916,Isntree,Isntree Glow Peptides Serum,serum,dry|normal|sensitive,aging,"peptides, centella",yes,no,no,AM/PM,,43.34,skincare_products_5000.csv,P04366,synthetic
PRD0002917,Isntree,Isntree Glow Salicylic Acid Cleanser,cleanser,oily,dryness|redness|sensitivity,salicylic acid,yes,no,no,AM/PM,,19.07,skincare_products_5000.csv,P03083,synthetic
PRD0002918,Isntree,Isntree Glow Squalane Moisturizer,moisturizer,combination-sensitive|dry,aging|barrier repair|sensitivity,squalane,yes,no,no,Weekly,,22.39,skincare_products_5000.csv,P04370,synthetic
PRD0002919,Isntree,Isntree Glow Squalane Moisturizer,moisturizer,dry|sensitive,dehydration|sensitivity,"squalane, urea",yes,yes,no,PM,,18.94,skincare_products_5000.csv,P01370,synthetic
PRD0002920,Isntree,Isntree Glow Titanium Dioxide SPF 50,sunscreen,oily,aging,"titanium dioxide, avobenzone",yes,yes,no,AM,50.0,11.83,skincare_products_5000.csv,P01928,synthetic
PRD0002921,Isntree,Isntree Glow Vitamin C Serum,serum,combination-sensitive|oily,acne,vitamin c,yes,no,no,Weekly,,22.37,skincare_products_5000.csv,P00799,synthetic
PRD0002922,Isntree,Isntree Glow Vitamin C Serum,serum,oily,sensitivity,"vitamin c, niacinamide, azelaic acid",yes,yes,no,AM/PM,,27.22,skincare_products_5000.csv,P01517,synthetic
PRD0002923,Isntree,Isntree Hydra Adapalene Treatment,treatment,sensitive,dehydration|oiliness,"adapalene, retinol",yes,no,no,Weekly,,14.33,skincare_products_5000.csv,P01430,synthetic
PRD0002924,Isntree,Isntree Hydra Avobenzone SPF 50,sunscreen,combination|dry,oiliness,"avobenzone, titanium dioxide, vitamin e",no,yes,no,AM,50.0,19.2,skincare_products_5000.csv,P03869,synthetic
PRD0002925,Isntree,Isntree Hydra Azelaic Acid Serum,serum,combination|combination-sensitive|sensitive,dark spots|dehydration|sensitivity,azelaic acid,yes,yes,no,PM,,21.61,skincare_products_5000.csv,P02660,synthetic
PRD0002926,Isntree,Isntree Hydra Betaine Cleanser,cleanser,combination|combination-sensitive|dry,redness|sensitivity,"betaine, niacinamide, glycerin",yes,yes,no,AM/PM,,21.81,skincare_products_5000.csv,P01286,synthetic
PRD0002927,Isntree,Isntree Hydra Centella Serum,serum,combination|normal|oily,dryness|sensitivity,"centella, niacinamide, peptides",yes,yes,no,AM/PM,,27.91,skincare_products_5000.csv,P04595,synthetic
PRD0002928,Isntree,Isntree Hydra Ceramides Cleanser,cleanser,combination-sensitive|sensitive,aging|sensitivity,ceramides,yes,no,no,AM/PM,,9.88,skincare_products_5000.csv,P00004,synthetic
PRD0002929,Isntree,Isntree Hydra Ceramides Moisturizer,moisturizer,combination-sensitive|normal|sensitive,barrier repair,ceramides,yes,yes,no,PM,,24.15,skincare_products_5000.csv,P02925,synthetic
PRD0002930,Isntree,Isntree Hydra Cholesterol Moisturizer,moisturizer,combination-sensitive,dehydration|sensitivity,cholesterol,yes,yes,no,AM,,21.88,skincare_products_5000.csv,P03553,synthetic
PRD0002931,Isntree,Isntree Hydra Cholesterol Moisturizer,moisturizer,normal,aging|barrier repair|dryness,"cholesterol, urea, glycerin",yes,yes,no,AM/PM,,28.72,skincare_products_5000.csv,P03625,synthetic
PRD0002932,Isntree,Isntree Hydra Glycerin Cleanser,cleanser,oily,dark spots|dryness|redness,glycerin,yes,yes,no,Weekly,,21.29,skincare_products_5000.csv,P04232,synthetic
PRD0002933,Isntree,Isntree Hydra Glycerin Toner,toner,normal|oily,sensitivity,"glycerin, pha, beta-glucan",yes,no,no,Weekly,,21.6,skincare_products_5000.csv,P00837,synthetic
PRD0002934,Isntree,Isntree Hydra Niacinamide Cleanser,cleanser,normal,dehydration|redness|sensitivity,"niacinamide, salicylic acid, ceramides",yes,no,no,AM/PM,,18.57,skincare_products_5000.csv,P01126,synthetic
PRD0002935,Isntree,Isntree Hydra Niacinamide SPF 50,sunscreen,dry,barrier repair,"niacinamide, avobenzone, zinc oxide",no,yes,no,AM,50.0,18.28,skincare_products_5000.csv,P01769,synthetic
PRD0002936,Isntree,Isntree Hydra Octocrylene SPF 50,sunscreen,combination-sensitive,dryness,octocrylene,yes,yes,no,AM,50.0,10.21,skincare_products_5000.csv,P01328,synthetic
PRD0002937,Isntree,Isntree Hydra Pha Toner,toner,combination|combination-sensitive|dry,aging|dehydration,"pha, panthenol, niacinamide",yes,no,no,Weekly,,12.16,skincare_products_5000.csv,P00879,synthetic
PRD0002938,Isntree,Isntree Hydra Retinol Serum,serum,dry|oily|sensitive,acne,retinol,yes,yes,no,AM,,41.32,skincare_products_5000.csv,P01349,synthetic
PRD0002939,Isntree,Isntree Hydra Retinol Treatment,treatment,dry|sensitive,barrier repair,retinol,yes,yes,no,Weekly,,17.96,skincare_products_5000.csv,P01634,synthetic
PRD0002940,Isntree,Isntree Hydra Squalane Moisturizer,moisturizer,normal,redness,"squalane, cholesterol",no,yes,no,AM/PM,,27.55,skincare_products_5000.csv,P00460,synthetic
PRD0002941,Isntree,Isntree Hydra Sulfur Treatment,treatment,oily|sensitive,aging|dehydration|dryness,sulfur,no,yes,no,Weekly,,16.18,skincare_products_5000.csv,P04692,synthetic
PRD0002942,Isntree,Isntree Hydra Titanium Dioxide SPF 50,sunscreen,combination,aging,titanium dioxide,yes,yes,no,AM,50.0,12.14,skincare_products_5000.csv,P01436,synthetic
PRD0002943,Isntree,Isntree Hydra Vitamin C Serum,serum,normal,aging|barrier repair|dark spots,"vitamin c, hyaluronic acid, centella",no,no,no,PM,,42.71,skincare_products_5000.csv,P01749,synthetic
PRD0002944,Isntree,Isntree Hydra Zinc Oxide SPF 50,sunscreen,combination|combination-sensitive|dry,redness,zinc oxide,no,yes,no,AM,50.0,13.18,skincare_products_5000.csv,P02076,synthetic
PRD0002945,Isntree,Isntree Pure Adapalene Treatment,treatment,combination|combination-sensitive,aging|dehydration,"adapalene, retinol, benzoyl peroxide",yes,no,yes,PM,,20.21,skincare_products_5000.csv,P03686,synthetic
PRD0002946,Isntree,Isntree Pure Centella Cleanser,cleanser,combination-sensitive,redness,"centella, betaine, glycerin",no,yes,no,AM/PM,,13.63,skincare_products_5000.csv,P02282,synthetic
PRD0002947,Isntree,Isntree Pure Centella Serum,serum,combination-sensitive,dehydration|oiliness,centella,yes,yes,no,Weekly,,39.13,skincare_products_5000.csv,P01193,synthetic
PRD0002948,Isntree,Isntree Pure Centella Toner,toner,dry|normal|oily,aging,"centella, niacinamide, glycerin",yes,no,no,AM/PM,,11.96,skincare_products_5000.csv,P00862,synthetic
PRD0002949,Isntree,Isntree Pure Ceramides Cleanser,cleanser,oily|sensitive,redness,"ceramides, glycerin, betaine",no,no,no,AM/PM,,8.01,skincare_products_5000.csv,P02649,synthetic
PRD0002950,Isntree,Isntree Pure Cholesterol Moisturizer,moisturizer,combination|dry|sensitive,acne|dryness,cholesterol,yes,yes,no,PM,,18.14,skincare_products_5000.csv,P01677,synthetic
PRD0002951,Isntree,Isntree Pure Glycerin Cleanser,cleanser,combination-sensitive|dry|normal,aging|sensitivity,"glycerin, niacinamide, betaine",no,yes,no,PM,,14.26,skincare_products_5000.csv,P02123,synthetic
PRD0002952,Isntree,Isntree Pure Glycerin Moisturizer,moisturizer,sensitive,redness|sensitivity,glycerin,yes,yes,no,AM/PM,,12.26,skincare_products_5000.csv,P02655,synthetic
PRD0002953,Isntree,Isntree Pure Glycerin Toner,toner,combination|combination-sensitive|dry,oiliness,"glycerin, panthenol, pha",yes,no,no,Weekly,,23.28,skincare_products_5000.csv,P00016,synthetic
PRD0002954,Isntree,Isntree Pure Green Tea Mask,mask,dry|oily,aging|dryness,"green tea, sulfur, hyaluronic acid",yes,no,no,PM,,14.77,skincare_products_5000.csv,P02346,synthetic
PRD0002955,Isntree,Isntree Pure Hyaluronic Acid Mask,mask,combination|sensitive,dark spots|oiliness,hyaluronic acid,yes,no,no,PM,,24.75,skincare_products_5000.csv,P00983,synthetic
PRD0002956,Isntree,Isntree Pure Hyaluronic Acid Serum,serum,combination|normal|oily,barrier repair,hyaluronic acid,yes,yes,no,AM,,11.01,skincare_products_5000.csv,P04642,synthetic
PRD0002957,Isntree,Isntree Pure Niacinamide SPF 50,sunscreen,combination-sensitive|dry|oily,dehydration,niacinamide,no,yes,no,AM,50.0,15.01,skincare_products_5000.csv,P04340,synthetic
PRD0002958,Isntree,Isntree Pure Niacinamide Serum,serum,oily,dehydration|sensitivity,"niacinamide, retinol, hyaluronic acid",yes,no,no,AM,,37.48,skincare_products_5000.csv,P03194,synthetic
PRD0002959,Isntree,Isntree Pure Niacinamide Toner,toner,combination-sensitive,barrier repair,"niacinamide, pha",yes,no,no,PM,,15.38,skincare_products_5000.csv,P03233,synthetic
PRD0002960,Isntree,Isntree Pure Panthenol Moisturizer,moisturizer,combination-sensitive|dry|sensitive,dryness|redness,panthenol,yes,no,no,AM,,14.08,skincare_products_5000.csv,P01258,synthetic
PRD0002961,Isntree,Isntree Pure Panthenol Moisturizer,moisturizer,combination|normal|oily,dryness,panthenol,yes,yes,no,AM/PM,,29.57,skincare_products_5000.csv,P01881,synthetic
PRD0002962,Isntree,Isntree Pure Panthenol Toner,toner,combination-sensitive|dry|oily,barrier repair,"panthenol, centella",yes,no,no,PM,,9.48,skincare_products_5000.csv,P03107,synthetic
PRD0002963,Isntree,Isntree Pure Peptides Serum,serum,oily,acne|dehydration,"peptides, azelaic acid, vitamin c",yes,yes,no,AM,,19.35,skincare_products_5000.csv,P03443,synthetic
PRD0002964,Isntree,Isntree Pure Retinol Serum,serum,dry|oily|sensitive,aging,"retinol, hyaluronic acid",yes,yes,no,Weekly,,18.82,skincare_products_5000.csv,P03522,synthetic
PRD0002965,Isntree,Isntree Pure Salicylic Acid Treatment,treatment,oily,dehydration|oiliness,"salicylic acid, adapalene, benzoyl peroxide",no,yes,yes,AM/PM,,20.13,skincare_products_5000.csv,P00166,synthetic
PRD0002966,Isntree,Isntree Pure Squalane Moisturizer,moisturizer,dry|normal|sensitive,aging,"squalane, urea, panthenol",yes,yes,no,PM,,22.72,skincare_products_5000.csv,P04780,synthetic
PRD0002967,Isntree,Isntree Pure Squalane Moisturizer,moisturizer,dry|oily,barrier repair,"squalane, ceramides",yes,yes,no,Weekly,,22.73,skincare_products_5000.csv,P01186,synthetic
PRD0002968,Isntree,Isntree Pure Urea Moisturizer,moisturizer,sensitive,dehydration|dryness|redness,"urea, panthenol",no,yes,no,AM/PM,,25.43,skincare_products_5000.csv,P00537,synthetic
PRD0002969,Isntree,Isntree Pure Vitamin C Serum,serum,combination-sensitive|normal|sensitive,aging|dehydration|oiliness,"vitamin c, centella, azelaic acid",yes,yes,no,AM,,27.04,skincare_products_5000.csv,P00539,synthetic
PRD0002970,Isntree,Isntree Pure Vitamin C Serum,serum,combination-sensitive|oily|sensitive,barrier repair,vitamin c,yes,yes,no,Weekly,,26.09,skincare_products_5000.csv,P01663,synthetic
PRD0002971,Isntree,Isntree Pure Vitamin E SPF 50,sunscreen,combination-sensitive|oily,dark spots|redness,"vitamin e, niacinamide, avobenzone",yes,yes,no,AM,50.0,18.18,skincare_products_5000.csv,P02009,synthetic
PRD0002972,Isntree,Isntree Repair Azelaic Acid Serum,serum,combination-sensitive|dry,oiliness|redness,azelaic acid,yes,yes,no,Weekly,,34.43,skincare_products_5000.csv,P00836,synthetic
PRD0002973,Isntree,Isntree Repair Betaine Cleanser,cleanser,dry|normal,aging|barrier repair|dark spots,"betaine, salicylic acid",yes,yes,no,PM,,9.91,skincare_products_5000.csv,P04769,synthetic
PRD0002974,Isntree,Isntree Repair Centella Serum,serum,sensitive,barrier repair|dehydration|sensitivity,"centella, niacinamide, vitamin c",no,yes,no,AM,,37.92,skincare_products_5000.csv,P00591,synthetic
PRD0002975,Isntree,Isntree Repair Centella Toner,toner,combination-sensitive|normal,acne,"centella, glycerin, niacinamide",no,no,no,AM,,19.76,skincare_products_5000.csv,P01715,synthetic
PRD0002976,Isntree,Isntree Repair Ceramides Cleanser,cleanser,combination|sensitive,acne|aging|dark spots,"ceramides, niacinamide, salicylic acid",yes,yes,no,PM,,14.41,skincare_products_5000.csv,P03811,synthetic
PRD0002977,Isntree,Isntree Repair Ceramides Moisturizer,moisturizer,combination-sensitive,acne|dryness|oiliness,ceramides,yes,yes,no,PM,,22.55,skincare_products_5000.csv,P01524,synthetic
PRD0002978,Isntree,Isntree Repair Ceramides Moisturizer,moisturizer,combination-sensitive|dry,acne|dark spots|redness,ceramides,yes,yes,no,PM,,20.88,skincare_products_5000.csv,P00039,synthetic
PRD0002979,Isntree,Isntree Repair Cholesterol Moisturizer,moisturizer,combination-sensitive|sensitive,aging|barrier repair|oiliness,"cholesterol, urea",yes,no,no,AM/PM,,34.62,skincare_products_5000.csv,P04186,synthetic
PRD0002980,Isntree,Isntree Repair Glycerin Moisturizer,moisturizer,dry|oily,oiliness,"glycerin, cholesterol, panthenol",no,yes,no,Weekly,,22.18,skincare_products_5000.csv,P01001,synthetic
PRD0002981,Isntree,Isntree Repair Hyaluronic Acid Mask,mask,combination-sensitive|dry,oiliness,"hyaluronic acid, sulfur, oat extract",no,no,no,Weekly,,23.65,skincare_products_5000.csv,P02985,synthetic
PRD0002982,Isntree,Isntree Repair Hyaluronic Acid Mask,mask,combination|combination-sensitive,dark spots,hyaluronic acid,yes,no,no,AM/PM,,25.78,skincare_products_5000.csv,P00111,synthetic
PRD0002983,Isntree,Isntree Repair Hyaluronic Acid Serum,serum,combination-sensitive|normal|oily,dehydration|dryness,hyaluronic acid,yes,yes,no,AM/PM,,37.65,skincare_products_5000.csv,P01678,synthetic
PRD0002984,Isntree,Isntree Repair Hyaluronic Acid Serum,serum,dry|sensitive,dryness,"hyaluronic acid, retinol",no,yes,no,Weekly,,30.99,skincare_products_5000.csv,P00182,synthetic
PRD0002985,Isntree,Isntree Repair Niacinamide Serum,serum,combination|combination-sensitive,acne|aging,"niacinamide, retinol, vitamin c",yes,no,no,AM,,34.7,skincare_products_5000.csv,P03967,synthetic
PRD0002986,Isntree,Isntree Repair Panthenol Moisturizer,moisturizer,combination|dry|oily,acne|aging|oiliness,panthenol,yes,yes,no,AM/PM,,30.19,skincare_products_5000.csv,P01982,synthetic
PRD0002987,Isntree,Isntree Repair Panthenol Toner,toner,combination|combination-sensitive|dry,barrier repair|dehydration,panthenol,no,no,no,Weekly,,15.09,skincare_products_5000.csv,P01051,synthetic
PRD0002988,Isntree,Isntree Repair Panthenol Toner,toner,combination|dry|oily,dark spots|oiliness|redness,"panthenol, centella",no,no,no,AM/PM,,16.81,skincare_products_5000.csv,P02723,synthetic
PRD0002989,Isntree,Isntree Repair Peptides Serum,serum,combination|combination-sensitive|oily,aging|barrier repair,peptides,yes,yes,no,AM,,21.64,skincare_products_5000.csv,P03615,synthetic
PRD0002990,Isntree,Isntree Repair Peptides Serum,serum,combination|dry|sensitive,sensitivity,"peptides, retinol",yes,yes,no,Weekly,,12.4,skincare_products_5000.csv,P03742,synthetic
PRD0002991,Isntree,Isntree Repair Peptides Serum,serum,dry|normal,acne|dryness,peptides,yes,yes,no,PM,,18.86,skincare_products_5000.csv,P01542,synthetic
PRD0002992,Isntree,Isntree Repair Pha Toner,toner,sensitive,redness,"pha, centella, beta-glucan",yes,no,no,AM/PM,,8.07,skincare_products_5000.csv,P01855,synthetic
PRD0002993,Isntree,Isntree Repair Retinol Serum,serum,dry|oily|sensitive,barrier repair|dark spots,retinol,yes,yes,no,Weekly,,40.63,skincare_products_5000.csv,P02850,synthetic
PRD0002994,Isntree,Isntree Repair Retinol Serum,serum,sensitive,acne|oiliness,retinol,yes,yes,no,AM/PM,,21.87,skincare_products_5000.csv,P00900,synthetic
PRD0002995,Isntree,Isntree Repair Retinol Treatment,treatment,normal|oily,sensitivity,"retinol, salicylic acid, sulfur",yes,no,no,AM/PM,,15.73,skincare_products_5000.csv,P02289,synthetic
PRD0002996,Isntree,Isntree Repair Salicylic Acid Cleanser,cleanser,combination,acne|aging|redness,salicylic acid,yes,yes,no,Weekly,,9.62,skincare_products_5000.csv,P04431,synthetic
PRD0002997,Isntree,Isntree Repair Salicylic Acid Cleanser,cleanser,normal|oily,barrier repair|dryness,"salicylic acid, betaine, ceramides",no,no,no,Weekly,,8.08,skincare_products_5000.csv,P01721,synthetic
PRD0002998,Isntree,Isntree Repair Titanium Dioxide SPF 50,sunscreen,normal|oily,dehydration|dryness|sensitivity,titanium dioxide,no,yes,no,AM,50.0,27.93,skincare_products_5000.csv,P02369,synthetic
PRD0002999,Isntree,Isntree Repair Zinc Oxide SPF 50,sunscreen,normal,redness,"zinc oxide, titanium dioxide",yes,yes,no,AM,50.0,22.21,skincare_products_5000.csv,P00243,synthetic
PRD0003000,La Roche-Posay,La Roche-Posay Advanced Azelaic Acid Serum,serum,combination|dry|oily,aging|oiliness|sensitivity,"azelaic acid, niacinamide, hyaluronic acid",no,yes,no,PM,,10.06,skincare_products_5000.csv,P01282,synthetic
PRD0003001,La Roche-Posay,La Roche-Posay Advanced Betaine Cleanser,cleanser,sensitive,dark spots|redness,"betaine, ceramides",yes,yes,no,Weekly,,21.13,skincare_products_5000.csv,P01432,synthetic
PRD0003002,La Roche-Posay,La Roche-Posay Advanced Centella Cleanser,cleanser,combination-sensitive,oiliness,"centella, ceramides, betaine",yes,yes,no,AM,,13.73,skincare_products_5000.csv,P00350,synthetic
PRD0003003,La Roche-Posay,La Roche-Posay Advanced Centella Cleanser,cleanser,dry,barrier repair,centella,yes,yes,no,PM,,16.61,skincare_products_5000.csv,P02696,synthetic
PRD0003004,La Roche-Posay,La Roche-Posay Advanced Glycerin Moisturizer,moisturizer,combination,acne|aging|dehydration,"glycerin, urea, panthenol",yes,no,no,PM,,26.71,skincare_products_5000.csv,P03041,synthetic
PRD0003005,La Roche-Posay,La Roche-Posay Advanced Hyaluronic Acid Mask,mask,combination|normal,dehydration|dryness,"hyaluronic acid, centella, clay",yes,no,no,AM/PM,,8.28,skincare_products_5000.csv,P04955,synthetic
PRD0003006,La Roche-Posay,La Roche-Posay Advanced Panthenol Moisturizer,moisturizer,combination-sensitive|oily,acne|dehydration|dryness,"panthenol, cholesterol, glycerin",yes,yes,no,AM,,20.61,skincare_products_5000.csv,P03928,synthetic
PRD0003007,La Roche-Posay,La Roche-Posay Advanced Panthenol Moisturizer,moisturizer,sensitive,dehydration|sensitivity,"panthenol, urea, cholesterol",yes,no,no,AM/PM,,25.84,skincare_products_5000.csv,P00358,synthetic
PRD0003008,La Roche-Posay,La Roche-Posay Advanced Panthenol Toner,toner,sensitive,dryness,"panthenol, niacinamide, pha",yes,no,no,AM,,11.95,skincare_products_5000.csv,P02115,synthetic
PRD0003009,La Roche-Posay,La Roche-Posay Advanced Salicylic Acid Treatment,treatment,dry|normal|sensitive,aging|oiliness,"salicylic acid, benzoyl peroxide, azelaic acid",yes,no,no,AM/PM,,17.21,skincare_products_5000.csv,P01684,synthetic
PRD0003010,La Roche-Posay,La Roche-Posay Advanced Titanium Dioxide SPF 50,sunscreen,normal|oily,sensitivity,titanium dioxide,no,yes,no,AM,50.0,17.73,skincare_products_5000.csv,P03316,synthetic
PRD0003011,La Roche-Posay,La Roche-Posay Advanced Titanium Dioxide SPF 50,sunscreen,oily,dryness,"titanium dioxide, niacinamide",yes,yes,no,AM,30.0,23.97,skincare_products_5000.csv,P03545,synthetic
PRD0003012,La Roche-Posay,La Roche-Posay Balance Adapalene Treatment,treatment,oily,aging|sensitivity,adapalene,yes,yes,yes,PM,,26.29,skincare_products_5000.csv,P01847,synthetic
PRD0003013,La Roche-Posay,La Roche-Posay Balance Avobenzone SPF 50,sunscreen,dry|sensitive,dark spots|sensitivity,avobenzone,yes,no,no,AM,50.0,13.85,skincare_products_5000.csv,P00633,synthetic
PRD0003014,La Roche-Posay,La Roche-Posay Balance Azelaic Acid Serum,serum,combination|dry,aging,azelaic acid,no,yes,no,PM,,21.77,skincare_products_5000.csv,P02856,synthetic
PRD0003015,La Roche-Posay,La Roche-Posay Balance Azelaic Acid Serum,serum,dry,dark spots|redness,"azelaic acid, vitamin c",yes,yes,no,AM,,29.25,skincare_products_5000.csv,P02408,synthetic
PRD0003016,La Roche-Posay,La Roche-Posay Balance Benzoyl Peroxide Treatment,treatment,combination-sensitive|dry|oily,aging|barrier repair|dehydration,"benzoyl peroxide, salicylic acid",yes,yes,no,AM/PM,,10.74,skincare_products_5000.csv,P01959,synthetic
PRD0003017,La Roche-Posay,La Roche-Posay Balance Benzoyl Peroxide Treatment,treatment,oily,redness,"benzoyl peroxide, azelaic acid, sulfur",yes,yes,no,Weekly,,9.39,skincare_products_5000.csv,P03319,synthetic
PRD0003018,La Roche-Posay,La Roche-Posay Balance Centella Cleanser,cleanser,combination-sensitive,barrier repair,centella,yes,yes,no,AM/PM,,17.32,skincare_products_5000.csv,P01901,synthetic
PRD0003019,La Roche-Posay,La Roche-Posay Balance Centella Cleanser,cleanser,combination|combination-sensitive|oily,acne,"centella, ceramides",yes,yes,no,PM,,15.32,skincare_products_5000.csv,P01137,synthetic
PRD0003020,La Roche-Posay,La Roche-Posay Balance Centella Cleanser,cleanser,combination|combination-sensitive|oily,dryness|oiliness,centella,yes,yes,no,AM/PM,,11.1,skincare_products_5000.csv,P04812,synthetic
PRD0003021,La Roche-Posay,La Roche-Posay Balance Centella Cleanser,cleanser,dry|sensitive,dark spots,"centella, glycerin",yes,yes,no,Weekly,,23.28,skincare_products_5000.csv,P00726,synthetic
PRD0003022,La Roche-Posay,La Roche-Posay Balance Centella Serum,serum,oily,sensitivity,centella,no,yes,no,PM,,28.39,skincare_products_5000.csv,P02246,synthetic
PRD0003023,La Roche-Posay,La Roche-Posay Balance Centella Toner,toner,combination|dry|sensitive,acne|redness,"centella, glycerin",no,no,no,AM/PM,,17.31,skincare_products_5000.csv,P01236,synthetic
PRD0003024,La Roche-Posay,La Roche-Posay Balance Cholesterol Moisturizer,moisturizer,combination-sensitive,acne|dryness|redness,"cholesterol, panthenol",no,yes,no,Weekly,,10.37,skincare_products_5000.csv,P02321,synthetic
PRD0003025,La Roche-Posay,La Roche-Posay Balance Cholesterol Moisturizer,moisturizer,combination-sensitive|normal,acne,cholesterol,yes,yes,no,AM,,25.05,skincare_products_5000.csv,P00647,synthetic
PRD0003026,La Roche-Posay,La Roche-Posay Balance Cholesterol Moisturizer,moisturizer,combination-sensitive|normal,barrier repair|dark spots|sensitivity,"cholesterol, urea",yes,yes,no,PM,,20.63,skincare_products_5000.csv,P04819,synthetic
PRD0003027,La Roche-Posay,La Roche-Posay Balance Cholesterol Moisturizer,moisturizer,dry|normal|oily,oiliness|redness,cholesterol,yes,yes,no,AM/PM,,24.71,skincare_products_5000.csv,P03669,synthetic
PRD0003028,La Roche-Posay,La Roche-Posay Balance Glycerin Cleanser,cleanser,combination-sensitive|normal|sensitive,acne|dryness|oiliness,"glycerin, salicylic acid",yes,yes,no,AM/PM,,20.61,skincare_products_5000.csv,P02892,synthetic
PRD0003029,La Roche-Posay,La Roche-Posay Balance Glycerin Cleanser,cleanser,sensitive,acne|dehydration|redness,"glycerin, betaine",yes,yes,no,PM,,24.52,skincare_products_5000.csv,P04514,synthetic
PRD0003030,La Roche-Posay,La Roche-Posay Balance Hyaluronic Acid Serum,serum,combination-sensitive|normal|sensitive,aging|redness,"hyaluronic acid, peptides",yes,yes,no,Weekly,,22.93,skincare_products_5000.csv,P02633,synthetic
PRD0003031,La Roche-Posay,La Roche-Posay Balance Hyaluronic Acid Serum,serum,dry|normal|oily,barrier repair|oiliness,"hyaluronic acid, peptides, centella",yes,yes,no,AM,,34.21,skincare_products_5000.csv,P03640,synthetic
PRD0003032,La Roche-Posay,La Roche-Posay Balance Niacinamide Serum,serum,sensitive,aging|barrier repair|redness,"niacinamide, azelaic acid, vitamin c",yes,yes,no,AM,,25.65,skincare_products_5000.csv,P03167,synthetic
PRD0003033,La Roche-Posay,La Roche-Posay Balance Octocrylene SPF 50,sunscreen,combination|dry|oily,sensitivity,"octocrylene, avobenzone",yes,yes,no,AM,30.0,29.43,skincare_products_5000.csv,P04457,synthetic
PRD0003034,La Roche-Posay,La Roche-Posay Balance Retinol Treatment,treatment,normal|oily|sensitive,dehydration|redness|sensitivity,"retinol, benzoyl peroxide, azelaic acid",no,yes,no,AM,,28.03,skincare_products_5000.csv,P04324,synthetic
PRD0003035,La Roche-Posay,La Roche-Posay Balance Squalane Moisturizer,moisturizer,combination-sensitive|oily|sensitive,dryness,"squalane, cholesterol, urea",yes,no,no,PM,,15.53,skincare_products_5000.csv,P04375,synthetic
PRD0003036,La Roche-Posay,La Roche-Posay Balance Squalane Moisturizer,moisturizer,dry|normal|oily,acne,"squalane, panthenol",yes,yes,no,PM,,20.49,skincare_products_5000.csv,P01621,synthetic
PRD0003037,La Roche-Posay,La Roche-Posay Balance Sulfur Treatment,treatment,dry|normal|oily,redness|sensitivity,sulfur,yes,yes,no,PM,,9.95,skincare_products_5000.csv,P01522,synthetic
PRD0003038,La Roche-Posay,La Roche-Posay Balance Titanium Dioxide SPF 50,sunscreen,normal|oily,acne|oiliness,"titanium dioxide, zinc oxide",yes,yes,no,AM,50.0,27.28,skincare_products_5000.csv,P03647,synthetic
PRD0003039,La Roche-Posay,La Roche-Posay Balance Vitamin E SPF 50,sunscreen,normal,dryness,"vitamin e, zinc oxide, titanium dioxide",no,yes,no,AM,50.0,25.15,skincare_products_5000.csv,P04826,synthetic
PRD0003040,La Roche-Posay,La Roche-Posay Barrier Adapalene Treatment,treatment,combination|sensitive,oiliness|sensitivity,"adapalene, azelaic acid, salicylic acid",yes,yes,yes,AM,,17.62,skincare_products_5000.csv,P04957,synthetic
PRD0003041,La Roche-Posay,La Roche-Posay Barrier Avobenzone SPF 50,sunscreen,combination|dry|sensitive,acne|oiliness|redness,"avobenzone, octocrylene, titanium dioxide",no,yes,no,AM,50.0,23.89,skincare_products_5000.csv,P04768,synthetic
PRD0003042,La Roche-Posay,La Roche-Posay Barrier Azelaic Acid Serum,serum,combination|dry|sensitive,acne|aging,"azelaic acid, retinol",yes,yes,no,AM/PM,,28.11,skincare_products_5000.csv,P02690,synthetic
PRD0003043,La Roche-Posay,La Roche-Posay Barrier Azelaic Acid Treatment,treatment,combination|combination-sensitive|oily,dryness,azelaic acid,yes,yes,no,Weekly,,12.75,skincare_products_5000.csv,P01036,synthetic
PRD0003044,La Roche-Posay,La Roche-Posay Barrier Benzoyl Peroxide Treatment,treatment,oily,acne|dark spots|dehydration,benzoyl peroxide,yes,yes,no,AM,,21.64,skincare_products_5000.csv,P03206,synthetic
PRD0003045,La Roche-Posay,La Roche-Posay Barrier Beta-Glucan Toner,toner,combination-sensitive|dry,acne|aging|barrier repair,beta-glucan,no,no,no,PM,,19.97,skincare_products_5000.csv,P04751,synthetic
PRD0003046,La Roche-Posay,La Roche-Posay Barrier Betaine Cleanser,cleanser,oily,barrier repair|dark spots|redness,"betaine, glycerin",no,yes,no,AM/PM,,21.51,skincare_products_5000.csv,P03534,synthetic
PRD0003047,La Roche-Posay,La Roche-Posay Barrier Centella Cleanser,cleanser,combination|combination-sensitive|dry,barrier repair,"centella, glycerin",no,yes,no,Weekly,,21.5,skincare_products_5000.csv,P04495,synthetic
PRD0003048,La Roche-Posay,La Roche-Posay Barrier Centella Cleanser,cleanser,sensitive,sensitivity,centella,yes,yes,no,Weekly,,9.07,skincare_products_5000.csv,P01854,synthetic
PRD0003049,La Roche-Posay,La Roche-Posay Barrier Centella Serum,serum,normal|oily|sensitive,acne|dehydration|redness,"centella, niacinamide, peptides",yes,yes,no,Weekly,,18.05,skincare_products_5000.csv,P00953,synthetic
PRD0003050,La Roche-Posay,La Roche-Posay Barrier Ceramides Moisturizer,moisturizer,sensitive,dehydration,ceramides,yes,yes,no,AM/PM,,19.78,skincare_products_5000.csv,P00438,synthetic
PRD0003051,La Roche-Posay,La Roche-Posay Barrier Cholesterol Moisturizer,moisturizer,combination|normal|sensitive,acne|barrier repair|dehydration,"cholesterol, urea",no,no,no,Weekly,,30.16,skincare_products_5000.csv,P01853,synthetic
PRD0003052,La Roche-Posay,La Roche-Posay Barrier Glycerin Cleanser,cleanser,dry|oily,acne|barrier repair,"glycerin, salicylic acid",no,yes,no,PM,,10.06,skincare_products_5000.csv,P03336,synthetic
PRD0003053,La Roche-Posay,La Roche-Posay Barrier Glycerin Moisturizer,moisturizer,dry,acne|aging|dark spots,"glycerin, urea",no,yes,no,Weekly,,11.58,skincare_products_5000.csv,P04623,synthetic
PRD0003054,La Roche-Posay,La Roche-Posay Barrier Glycerin Toner,toner,combination|dry,acne|barrier repair,glycerin,yes,no,no,AM/PM,,9.46,skincare_products_5000.csv,P03099,synthetic
PRD0003055,La Roche-Posay,La Roche-Posay Barrier Hyaluronic Acid Serum,serum,dry|sensitive,dryness,"hyaluronic acid, vitamin c",yes,yes,no,AM,,22.19,skincare_products_5000.csv,P01452,synthetic
PRD0003056,La Roche-Posay,La Roche-Posay Barrier Niacinamide Cleanser,cleanser,normal,dryness,"niacinamide, ceramides, centella",yes,no,no,AM,,14.07,skincare_products_5000.csv,P01871,synthetic
PRD0003057,La Roche-Posay,La Roche-Posay Barrier Niacinamide Serum,serum,oily|sensitive,acne|barrier repair|redness,"niacinamide, retinol",no,yes,no,PM,,26.87,skincare_products_5000.csv,P00551,synthetic
PRD0003058,La Roche-Posay,La Roche-Posay Barrier Octocrylene SPF 50,sunscreen,dry|normal,acne|oiliness|sensitivity,"octocrylene, vitamin e",yes,no,no,AM,50.0,28.87,skincare_products_5000.csv,P00770,synthetic
PRD0003059,La Roche-Posay,La Roche-Posay Barrier Octocrylene SPF 50,sunscreen,normal,aging|barrier repair|dryness,"octocrylene, titanium dioxide",yes,yes,no,AM,50.0,16.28,skincare_products_5000.csv,P02830,synthetic
PRD0003060,La Roche-Posay,La Roche-Posay Barrier Panthenol Moisturizer,moisturizer,sensitive,barrier repair,"panthenol, urea",yes,no,no,AM/PM,,10.93,skincare_products_5000.csv,P00298,synthetic
PRD0003061,La Roche-Posay,La Roche-Posay Barrier Peptides Serum,serum,combination-sensitive|oily,aging|dark spots|dehydration,"peptides, centella, niacinamide",yes,no,no,Weekly,,11.93,skincare_products_5000.csv,P01599,synthetic
PRD0003062,La Roche-Posay,La Roche-Posay Barrier Peptides Serum,serum,combination|normal|sensitive,dark spots,"peptides, azelaic acid, retinol",yes,no,no,AM/PM,,14.8,skincare_products_5000.csv,P03747,synthetic
PRD0003063,La Roche-Posay,La Roche-Posay Barrier Peptides Serum,serum,oily|sensitive,barrier repair|dehydration|sensitivity,"peptides, retinol, centella",yes,yes,no,Weekly,,33.48,skincare_products_5000.csv,P03154,synthetic
PRD0003064,La Roche-Posay,La Roche-Posay Barrier Urea Moisturizer,moisturizer,combination-sensitive|dry,acne|oiliness,"urea, panthenol, squalane",yes,yes,no,AM/PM,,24.89,skincare_products_5000.csv,P00376,synthetic
PRD0003065,La Roche-Posay,La Roche-Posay Barrier Vitamin C Serum,serum,combination-sensitive,acne|dehydration,vitamin c,yes,yes,no,AM,,35.91,skincare_products_5000.csv,P02784,synthetic
PRD0003066,La Roche-Posay,La Roche-Posay Barrier Vitamin C Serum,serum,normal,aging|barrier repair|dark spots,vitamin c,no,yes,no,Weekly,,23.75,skincare_products_5000.csv,P03182,synthetic
PRD0003067,La Roche-Posay,La Roche-Posay Barrier Vitamin E SPF 50,sunscreen,dry,acne|aging|oiliness,"vitamin e, titanium dioxide",yes,yes,no,AM,30.0,23.44,skincare_products_5000.csv,P03550,synthetic
PRD0003068,La Roche-Posay,La Roche-Posay Calm Azelaic Acid Serum,serum,combination-sensitive,dryness|oiliness,azelaic acid,yes,yes,no,AM/PM,,25.63,skincare_products_5000.csv,P00300,synthetic
PRD0003069,La Roche-Posay,La Roche-Posay Calm Azelaic Acid Serum,serum,normal|oily,acne,"azelaic acid, peptides, niacinamide",yes,yes,no,PM,,37.65,skincare_products_5000.csv,P04831,synthetic
PRD0003070,La Roche-Posay,La Roche-Posay Calm Benzoyl Peroxide Treatment,treatment,combination|combination-sensitive,aging|dehydration|redness,"benzoyl peroxide, adapalene",yes,yes,yes,AM/PM,,29.78,skincare_products_5000.csv,P04677,synthetic
PRD0003071,La Roche-Posay,La Roche-Posay Calm Benzoyl Peroxide Treatment,treatment,sensitive,oiliness,"benzoyl peroxide, adapalene",no,yes,yes,PM,,33.34,skincare_products_5000.csv,P03641,synthetic
PRD0003072,La Roche-Posay,La Roche-Posay Calm Beta-Glucan Toner,toner,combination-sensitive|normal|sensitive,barrier repair,"beta-glucan, niacinamide, pha",no,no,no,PM,,23.36,skincare_products_5000.csv,P04296,synthetic
PRD0003073,La Roche-Posay,La Roche-Posay Calm Centella Cleanser,cleanser,combination|combination-sensitive|oily,acne|aging|sensitivity,"centella, niacinamide",yes,no,no,PM,,23.34,skincare_products_5000.csv,P04264,synthetic
PRD0003074,La Roche-Posay,La Roche-Posay Calm Centella Cleanser,cleanser,oily,dehydration|sensitivity,centella,yes,yes,no,AM,,12.99,skincare_products_5000.csv,P03008,synthetic
PRD0003075,La Roche-Posay,La Roche-Posay Calm Centella Cleanser,cleanser,sensitive,barrier repair|dark spots,"centella, glycerin",yes,yes,no,PM,,23.42,skincare_products_5000.csv,P00655,synthetic
PRD0003076,La Roche-Posay,La Roche-Posay Calm Centella Serum,serum,dry|normal|sensitive,dark spots|dryness|redness,"centella, peptides",yes,no,no,PM,,14.25,skincare_products_5000.csv,P03783,synthetic
PRD0003077,La Roche-Posay,La Roche-Posay Calm Centella Toner,toner,combination|oily,aging|dehydration,centella,yes,no,no,PM,,22.56,skincare_products_5000.csv,P04933,synthetic
PRD0003078,La Roche-Posay,La Roche-Posay Calm Ceramides Cleanser,cleanser,combination|combination-sensitive|normal,dark spots|dryness|sensitivity,"ceramides, salicylic acid, centella",yes,yes,no,AM,,25.31,skincare_products_5000.csv,P03423,synthetic
PRD0003079,La Roche-Posay,La Roche-Posay Calm Cholesterol Moisturizer,moisturizer,combination|oily,oiliness|redness,cholesterol,yes,yes,no,Weekly,,11.75,skincare_products_5000.csv,P01852,synthetic
PRD0003080,La Roche-Posay,La Roche-Posay Calm Clay Mask,mask,dry|oily|sensitive,aging|dehydration|dryness,"clay, sulfur",yes,no,no,Weekly,,9.95,skincare_products_5000.csv,P03442,synthetic
PRD0003081,La Roche-Posay,La Roche-Posay Calm Glycerin Moisturizer,moisturizer,combination|combination-sensitive|normal,barrier repair,"glycerin, ceramides, cholesterol",yes,yes,no,AM/PM,,25.28,skincare_products_5000.csv,P03715,synthetic
PRD0003082,La Roche-Posay,La Roche-Posay Calm Glycerin Moisturizer,moisturizer,combination|dry|oily,dehydration,glycerin,yes,yes,no,Weekly,,21.89,skincare_products_5000.csv,P00056,synthetic
PRD0003083,La Roche-Posay,La Roche-Posay Calm Glycerin Toner,toner,combination|combination-sensitive|oily,barrier repair|dark spots,glycerin,yes,no,no,Weekly,,11.4,skincare_products_5000.csv,P04690,synthetic
PRD0003084,La Roche-Posay,La Roche-Posay Calm Green Tea Mask,mask,dry,dark spots,"green tea, clay",no,no,no,PM,,14.78,skincare_products_5000.csv,P04138,synthetic
PRD0003085,La Roche-Posay,La Roche-Posay Calm Green Tea Mask,mask,dry|normal,aging|dehydration|oiliness,"green tea, clay, centella",yes,no,no,AM/PM,,9.72,skincare_products_5000.csv,P04082,synthetic
PRD0003086,La Roche-Posay,La Roche-Posay Calm Hyaluronic Acid Serum,serum,combination|combination-sensitive|normal,acne|dark spots,hyaluronic acid,no,yes,no,Weekly,,14.35,skincare_products_5000.csv,P01656,synthetic
PRD0003087,La Roche-Posay,La Roche-Posay Calm Niacinamide Serum,serum,combination,dark spots|dehydration|dryness,"niacinamide, azelaic acid",yes,yes,no,Weekly,,23.92,skincare_products_5000.csv,P04598,synthetic
PRD0003088,La Roche-Posay,La Roche-Posay Calm Octocrylene SPF 50,sunscreen,combination-sensitive,aging|dark spots,"octocrylene, titanium dioxide, niacinamide",yes,yes,no,AM,50.0,27.56,skincare_products_5000.csv,P03639,synthetic
PRD0003089,La Roche-Posay,La Roche-Posay Calm Octocrylene SPF 50,sunscreen,dry,aging|dark spots|redness,"octocrylene, vitamin e",no,yes,no,AM,50.0,19.73,skincare_products_5000.csv,P04830,synthetic
PRD0003090,La Roche-Posay,La Roche-Posay Calm Panthenol Moisturizer,moisturizer,oily|sensitive,dark spots,panthenol,yes,yes,no,PM,,18.77,skincare_products_5000.csv,P04209,synthetic
PRD0003091,La Roche-Posay,La Roche-Posay Calm Panthenol Toner,toner,oily,barrier repair,"panthenol, centella, beta-glucan",yes,no,no,AM,,20.99,skincare_products_5000.csv,P04749,synthetic
PRD0003092,La Roche-Posay,La Roche-Posay Calm Peptides Serum,serum,combination|normal|sensitive,barrier repair|redness,peptides,no,yes,no,AM/PM,,11.12,skincare_products_5000.csv,P01500,synthetic
PRD0003093,La Roche-Posay,La Roche-Posay Calm Retinol Serum,serum,combination,barrier repair|dehydration,retinol,yes,yes,no,Weekly,,28.91,skincare_products_5000.csv,P03122,synthetic
PRD0003094,La Roche-Posay,La Roche-Posay Calm Salicylic Acid Treatment,treatment,combination|oily|sensitive,acne|barrier repair|dark spots,"salicylic acid, benzoyl peroxide",yes,no,no,AM,,32.73,skincare_products_5000.csv,P00120,synthetic
PRD0003095,La Roche-Posay,La Roche-Posay Calm Squalane Moisturizer,moisturizer,dry,acne|aging,"squalane, cholesterol",yes,yes,no,Weekly,,28.55,skincare_products_5000.csv,P03901,synthetic
PRD0003096,La Roche-Posay,La Roche-Posay Calm Sulfur Treatment,treatment,combination,dark spots,"sulfur, retinol, salicylic acid",yes,yes,no,PM,,9.62,skincare_products_5000.csv,P04297,synthetic
PRD0003097,La Roche-Posay,La Roche-Posay Calm Sulfur Treatment,treatment,dry|sensitive,dehydration|dryness|sensitivity,"sulfur, azelaic acid",yes,no,no,Weekly,,33.83,skincare_products_5000.csv,P03504,synthetic
PRD0003098,La Roche-Posay,La Roche-Posay Calm Urea Moisturizer,moisturizer,combination|dry,acne|aging|sensitivity,"urea, cholesterol",yes,no,no,AM,,27.97,skincare_products_5000.csv,P01830,synthetic
PRD0003099,La Roche-Posay,La Roche-Posay Calm Urea Moisturizer,moisturizer,normal,barrier repair,urea,no,yes,no,Weekly,,32.83,skincare_products_5000.csv,P00579,synthetic
PRD0003100,La Roche-Posay,La Roche-Posay Calm Vitamin C Serum,serum,combination-sensitive,aging|dryness|sensitivity,"vitamin c, niacinamide, azelaic acid",yes,no,no,Weekly,,10.84,skincare_products_5000.csv,P03749,synthetic
PRD0003101,La Roche-Posay,La Roche-Posay Clear Adapalene Treatment,treatment,normal,aging,"adapalene, sulfur",yes,yes,yes,PM,,9.66,skincare_products_5000.csv,P00628,synthetic
PRD0003102,La Roche-Posay,La Roche-Posay Clear Benzoyl Peroxide Treatment,treatment,dry,acne|sensitivity,"benzoyl peroxide, salicylic acid, sulfur",yes,yes,no,PM,,23.14,skincare_products_5000.csv,P03437,synthetic
PRD0003103,La Roche-Posay,La Roche-Posay Clear Centella Cleanser,cleanser,combination-sensitive|oily|sensitive,aging|dark spots,"centella, salicylic acid, niacinamide",no,yes,no,AM/PM,,15.2,skincare_products_5000.csv,P02955,synthetic
PRD0003104,La Roche-Posay,La Roche-Posay Clear Centella Serum,serum,combination-sensitive|normal,sensitivity,"centella, peptides, niacinamide",no,no,no,AM,,41.17,skincare_products_5000.csv,P02664,synthetic
PRD0003105,La Roche-Posay,La Roche-Posay Clear Centella Serum,serum,combination|oily|sensitive,barrier repair|dehydration|oiliness,"centella, hyaluronic acid, vitamin c",yes,yes,no,AM,,32.87,skincare_products_5000.csv,P00025,synthetic
PRD0003106,La Roche-Posay,La Roche-Posay Clear Centella Toner,toner,oily|sensitive,acne|dark spots,centella,yes,no,no,AM,,23.62,skincare_products_5000.csv,P03162,synthetic
PRD0003107,La Roche-Posay,La Roche-Posay Clear Glycerin Moisturizer,moisturizer,dry|normal,acne|oiliness|sensitivity,"glycerin, squalane",yes,yes,no,AM,,16.21,skincare_products_5000.csv,P01384,synthetic
PRD0003108,La Roche-Posay,La Roche-Posay Clear Green Tea Mask,mask,combination,sensitivity,green tea,yes,no,no,PM,,25.5,skincare_products_5000.csv,P02292,synthetic
PRD0003109,La Roche-Posay,La Roche-Posay Clear Green Tea Mask,mask,combination-sensitive|sensitive,aging|oiliness,"green tea, clay, centella",yes,no,no,PM,,10.85,skincare_products_5000.csv,P04923,synthetic
PRD0003110,La Roche-Posay,La Roche-Posay Clear Hyaluronic Acid Serum,serum,combination-sensitive,oiliness,"hyaluronic acid, vitamin c, peptides",yes,yes,no,PM,,43.96,skincare_products_5000.csv,P04892,synthetic
PRD0003111,La Roche-Posay,La Roche-Posay Clear Niacinamide Cleanser,cleanser,combination-sensitive|dry|normal,acne,niacinamide,yes,yes,no,AM/PM,,23.65,skincare_products_5000.csv,P03003,synthetic
PRD0003112,La Roche-Posay,La Roche-Posay Clear Niacinamide SPF 50,sunscreen,combination-sensitive|dry,dark spots|dryness|oiliness,"niacinamide, octocrylene",no,yes,no,AM,30.0,19.86,skincare_products_5000.csv,P02222,synthetic
PRD0003113,La Roche-Posay,La Roche-Posay Clear Niacinamide SPF 50,sunscreen,dry|oily,acne|barrier repair,"niacinamide, avobenzone, vitamin e",yes,yes,no,AM,30.0,29.39,skincare_products_5000.csv,P03432,synthetic
PRD0003114,La Roche-Posay,La Roche-Posay Clear Niacinamide Serum,serum,sensitive,dryness|redness|sensitivity,"niacinamide, retinol, peptides",yes,yes,no,AM/PM,,27.48,skincare_products_5000.csv,P00232,synthetic
PRD0003115,La Roche-Posay,La Roche-Posay Clear Niacinamide Toner,toner,combination,dehydration|sensitivity,"niacinamide, panthenol, glycerin",yes,no,no,PM,,14.0,skincare_products_5000.csv,P03620,synthetic
PRD0003116,La Roche-Posay,La Roche-Posay Clear Octocrylene SPF 50,sunscreen,combination|combination-sensitive|oily,sensitivity,"octocrylene, niacinamide",yes,yes,no,AM,50.0,21.06,skincare_products_5000.csv,P03069,synthetic
PRD0003117,La Roche-Posay,La Roche-Posay Clear Panthenol Moisturizer,moisturizer,combination|combination-sensitive|oily,acne|oiliness|sensitivity,"panthenol, glycerin, urea",yes,yes,no,AM,,33.28,skincare_products_5000.csv,P04492,synthetic
PRD0003118,La Roche-Posay,La Roche-Posay Clear Panthenol Toner,toner,combination|dry|oily,barrier repair,"panthenol, pha",yes,no,no,AM/PM,,18.51,skincare_products_5000.csv,P04008,synthetic
PRD0003119,La Roche-Posay,La Roche-Posay Clear Retinol Treatment,treatment,combination,dehydration|oiliness,"retinol, sulfur, benzoyl peroxide",yes,yes,no,AM/PM,,20.15,skincare_products_5000.csv,P00654,synthetic
PRD0003120,La Roche-Posay,La Roche-Posay Clear Salicylic Acid Cleanser,cleanser,combination|combination-sensitive|oily,sensitivity,"salicylic acid, ceramides",yes,yes,no,AM/PM,,12.76,skincare_products_5000.csv,P00294,synthetic
PRD0003121,La Roche-Posay,La Roche-Posay Clear Squalane Moisturizer,moisturizer,combination,barrier repair,squalane,yes,yes,no,Weekly,,12.84,skincare_products_5000.csv,P01404,synthetic
PRD0003122,La Roche-Posay,La Roche-Posay Clear Sulfur Treatment,treatment,combination|dry|normal,dryness,sulfur,yes,yes,no,Weekly,,32.76,skincare_products_5000.csv,P00345,synthetic
PRD0003123,La Roche-Posay,La Roche-Posay Clear Titanium Dioxide SPF 50,sunscreen,dry|oily|sensitive,aging|dark spots|redness,"titanium dioxide, vitamin e",yes,yes,no,AM,30.0,22.67,skincare_products_5000.csv,P00179,synthetic
PRD0003124,La Roche-Posay,La Roche-Posay Clear Urea Moisturizer,moisturizer,combination-sensitive,acne|aging|barrier repair,"urea, ceramides",yes,yes,no,AM/PM,,20.44,skincare_products_5000.csv,P00501,synthetic
PRD0003125,La Roche-Posay,La Roche-Posay Daily Avobenzone SPF 50,sunscreen,combination|combination-sensitive|dry,dark spots|sensitivity,"avobenzone, vitamin e, niacinamide",yes,no,no,AM,50.0,19.22,skincare_products_5000.csv,P03957,synthetic
PRD0003126,La Roche-Posay,La Roche-Posay Daily Betaine Cleanser,cleanser,combination-sensitive|normal|oily,dehydration|oiliness|redness,"betaine, niacinamide",yes,yes,no,AM,,12.46,skincare_products_5000.csv,P02478,synthetic
PRD0003127,La Roche-Posay,La Roche-Posay Daily Ceramides Cleanser,cleanser,combination|dry|oily,aging,"ceramides, niacinamide",yes,no,no,Weekly,,25.06,skincare_products_5000.csv,P03297,synthetic
PRD0003128,La Roche-Posay,La Roche-Posay Daily Ceramides Moisturizer,moisturizer,combination|dry|normal,dehydration,"ceramides, squalane",yes,yes,no,PM,,16.53,skincare_products_5000.csv,P01525,synthetic
PRD0003129,La Roche-Posay,La Roche-Posay Daily Clay Mask,mask,combination-sensitive|normal,barrier repair|redness,"clay, green tea, oat extract",yes,no,no,Weekly,,27.01,skincare_products_5000.csv,P00387,synthetic
PRD0003130,La Roche-Posay,La Roche-Posay Daily Clay Mask,mask,combination-sensitive|sensitive,dryness|redness|sensitivity,"clay, sulfur, centella",yes,no,no,AM/PM,,11.22,skincare_products_5000.csv,P03610,synthetic
PRD0003131,La Roche-Posay,La Roche-Posay Daily Niacinamide SPF 50,sunscreen,combination|oily,acne|aging|oiliness,"niacinamide, octocrylene, vitamin e",yes,yes,no,AM,50.0,21.03,skincare_products_5000.csv,P01390,synthetic
PRD0003132,La Roche-Posay,La Roche-Posay Daily Niacinamide SPF 50,sunscreen,normal|sensitive,acne|dehydration,"niacinamide, titanium dioxide",yes,yes,no,AM,50.0,11.62,skincare_products_5000.csv,P01975,synthetic
PRD0003133,La Roche-Posay,La Roche-Posay Daily Niacinamide Serum,serum,combination-sensitive,acne|dehydration,"niacinamide, centella",yes,yes,no,Weekly,,29.71,skincare_products_5000.csv,P03949,synthetic
PRD0003134,La Roche-Posay,La Roche-Posay Daily Niacinamide Toner,toner,dry,aging|oiliness,"niacinamide, pha, beta-glucan",yes,no,no,AM/PM,,18.49,skincare_products_5000.csv,P01322,synthetic
PRD0003135,La Roche-Posay,La Roche-Posay Daily Octocrylene SPF 50,sunscreen,combination-sensitive|dry|sensitive,dehydration,"octocrylene, titanium dioxide",yes,yes,no,AM,30.0,27.69,skincare_products_5000.csv,P03632,synthetic
PRD0003136,La Roche-Posay,La Roche-Posay Daily Retinol Serum,serum,combination|combination-sensitive,dryness|redness,retinol,yes,no,no,AM/PM,,27.68,skincare_products_5000.csv,P02825,synthetic
PRD0003137,La Roche-Posay,La Roche-Posay Daily Retinol Serum,serum,combination|combination-sensitive|dry,acne,"retinol, vitamin c, niacinamide",yes,no,no,AM,,43.16,skincare_products_5000.csv,P04731,synthetic
PRD0003138,La Roche-Posay,La Roche-Posay Daily Salicylic Acid Cleanser,cleanser,normal|oily|sensitive,acne,"salicylic acid, centella",yes,no,no,AM/PM,,20.23,skincare_products_5000.csv,P04525,synthetic
PRD0003139,La Roche-Posay,La Roche-Posay Daily Salicylic Acid Treatment,treatment,combination-sensitive|dry|normal,dark spots,"salicylic acid, retinol, sulfur",no,yes,no,AM/PM,,15.74,skincare_products_5000.csv,P04760,synthetic
PRD0003140,La Roche-Posay,La Roche-Posay Daily Salicylic Acid Treatment,treatment,combination|dry,barrier repair|dryness,salicylic acid,yes,yes,no,AM,,13.03,skincare_products_5000.csv,P02129,synthetic
PRD0003141,La Roche-Posay,La Roche-Posay Daily Salicylic Acid Treatment,treatment,dry|oily,barrier repair|dark spots|oiliness,"salicylic acid, sulfur, azelaic acid",yes,no,no,Weekly,,20.33,skincare_products_5000.csv,P03859,synthetic
PRD0003142,La Roche-Posay,La Roche-Posay Daily Salicylic Acid Treatment,treatment,oily,dark spots|redness|sensitivity,"salicylic acid, retinol, sulfur",yes,yes,no,AM/PM,,11.93,skincare_products_5000.csv,P01952,synthetic
PRD0003143,La Roche-Posay,La Roche-Posay Daily Sulfur Mask,mask,combination-sensitive|dry,dehydration|dryness|oiliness,sulfur,yes,no,no,AM/PM,,11.05,skincare_products_5000.csv,P04144,synthetic
PRD0003144,La Roche-Posay,La Roche-Posay Daily Urea Moisturizer,moisturizer,combination|combination-sensitive|dry,aging|barrier repair|oiliness,urea,yes,yes,no,PM,,12.72,skincare_products_5000.csv,P04038,synthetic
PRD0003145,La Roche-Posay,La Roche-Posay Daily Vitamin C Serum,serum,combination,dark spots|sensitivity,vitamin c,no,yes,no,PM,,41.11,skincare_products_5000.csv,P03012,synthetic
PRD0003146,La Roche-Posay,La Roche-Posay Daily Vitamin C Serum,serum,combination-sensitive|normal,acne|dehydration|redness,vitamin c,yes,no,no,PM,,28.51,skincare_products_5000.csv,P03214,synthetic
PRD0003147,La Roche-Posay,La Roche-Posay Daily Vitamin E SPF 50,sunscreen,normal|oily,acne,"vitamin e, octocrylene, avobenzone",yes,yes,no,AM,50.0,23.41,skincare_products_5000.csv,P02610,synthetic
PRD0003148,La Roche-Posay,La Roche-Posay Daily Zinc Oxide SPF 50,sunscreen,combination-sensitive|normal|oily,redness,"zinc oxide, vitamin e",no,yes,no,AM,50.0,27.18,skincare_products_5000.csv,P02697,synthetic
PRD0003149,La Roche-Posay,La Roche-Posay Glow Avobenzone SPF 50,sunscreen,oily,sensitivity,"avobenzone, titanium dioxide, niacinamide",yes,yes,no,AM,50.0,10.38,skincare_products_5000.csv,P01319,synthetic
PRD0003150,La Roche-Posay,La Roche-Posay Glow Azelaic Acid Treatment,treatment,sensitive,barrier repair|dehydration|sensitivity,azelaic acid,yes,yes,no,AM/PM,,13.35,skincare_products_5000.csv,P03223,synthetic
PRD0003151,La Roche-Posay,La Roche-Posay Glow Centella Serum,serum,normal,acne|dehydration|oiliness,centella,no,no,no,PM,,40.49,skincare_products_5000.csv,P02098,synthetic
PRD0003152,La Roche-Posay,La Roche-Posay Glow Cholesterol Moisturizer,moisturizer,combination|combination-sensitive,dark spots|oiliness,"cholesterol, squalane",no,yes,no,PM,,30.77,skincare_products_5000.csv,P00531,synthetic
PRD0003153,La Roche-Posay,La Roche-Posay Glow Glycerin Cleanser,cleanser,combination-sensitive|normal|sensitive,redness|sensitivity,"glycerin, centella",yes,yes,no,AM/PM,,15.05,skincare_products_5000.csv,P03306,synthetic
PRD0003154,La Roche-Posay,La Roche-Posay Glow Glycerin Moisturizer,moisturizer,combination-sensitive|oily,acne|oiliness,"glycerin, ceramides, urea",no,yes,no,PM,,34.41,skincare_products_5000.csv,P00316,synthetic
PRD0003155,La Roche-Posay,La Roche-Posay Glow Glycerin Moisturizer,moisturizer,sensitive,barrier repair|redness,glycerin,yes,yes,no,AM/PM,,28.95,skincare_products_5000.csv,P00034,synthetic
PRD0003156,La Roche-Posay,La Roche-Posay Glow Green Tea Mask,mask,combination-sensitive|normal|sensitive,barrier repair|oiliness|sensitivity,"green tea, centella",yes,no,no,AM,,18.56,skincare_products_5000.csv,P03415,synthetic
PRD0003157,La Roche-Posay,La Roche-Posay Glow Niacinamide SPF 50,sunscreen,dry|normal|oily,barrier repair|dryness,"niacinamide, zinc oxide",yes,no,no,AM,30.0,14.83,skincare_products_5000.csv,P03362,synthetic
PRD0003158,La Roche-Posay,La Roche-Posay Glow Niacinamide Serum,serum,combination-sensitive|dry,barrier repair|dark spots|dryness,"niacinamide, azelaic acid",yes,no,no,PM,,43.3,skincare_products_5000.csv,P03562,synthetic
PRD0003159,La Roche-Posay,La Roche-Posay Glow Oat Extract Mask,mask,dry|normal|sensitive,dark spots|dehydration|dryness,oat extract,yes,no,no,AM,,24.29,skincare_products_5000.csv,P01013,synthetic
PRD0003160,La Roche-Posay,La Roche-Posay Glow Octocrylene SPF 50,sunscreen,combination|dry|sensitive,aging|dark spots|dryness,"octocrylene, titanium dioxide",yes,no,no,AM,30.0,14.52,skincare_products_5000.csv,P02473,synthetic
PRD0003161,La Roche-Posay,La Roche-Posay Glow Panthenol Moisturizer,moisturizer,normal|oily|sensitive,barrier repair|dehydration|dryness,"panthenol, glycerin, cholesterol",yes,yes,no,AM/PM,,19.85,skincare_products_5000.csv,P01748,synthetic
PRD0003162,La Roche-Posay,La Roche-Posay Glow Panthenol Toner,toner,combination|sensitive,barrier repair|dark spots,"panthenol, centella",yes,no,no,Weekly,,13.21,skincare_products_5000.csv,P00722,synthetic
PRD0003163,La Roche-Posay,La Roche-Posay Glow Panthenol Toner,toner,normal,dark spots|dehydration|redness,"panthenol, pha",no,no,no,AM/PM,,16.62,skincare_products_5000.csv,P03807,synthetic
PRD0003164,La Roche-Posay,La Roche-Posay Glow Pha Toner,toner,combination-sensitive|oily,barrier repair|oiliness,"pha, centella",yes,no,no,Weekly,,14.44,skincare_products_5000.csv,P01465,synthetic
PRD0003165,La Roche-Posay,La Roche-Posay Glow Pha Toner,toner,normal,acne|redness|sensitivity,pha,no,no,no,AM,,19.9,skincare_products_5000.csv,P01530,synthetic
PRD0003166,La Roche-Posay,La Roche-Posay Glow Retinol Serum,serum,combination|dry|normal,acne|dehydration|dryness,"retinol, niacinamide, peptides",yes,yes,no,Weekly,,31.5,skincare_products_5000.csv,P04225,synthetic
PRD0003167,La Roche-Posay,La Roche-Posay Glow Retinol Serum,serum,normal|oily|sensitive,oiliness|redness,"retinol, vitamin c, centella",yes,yes,no,AM/PM,,15.8,skincare_products_5000.csv,P02199,synthetic
PRD0003168,La Roche-Posay,La Roche-Posay Glow Retinol Treatment,treatment,combination-sensitive|normal|oily,sensitivity,retinol,yes,yes,no,Weekly,,11.95,skincare_products_5000.csv,P02328,synthetic
PRD0003169,La Roche-Posay,La Roche-Posay Glow Salicylic Acid Cleanser,cleanser,dry|oily|sensitive,redness,"salicylic acid, centella",yes,no,no,Weekly,,19.7,skincare_products_5000.csv,P02189,synthetic
PRD0003170,La Roche-Posay,La Roche-Posay Glow Squalane Moisturizer,moisturizer,combination,barrier repair|dryness|oiliness,"squalane, panthenol, glycerin",yes,yes,no,AM,,14.87,skincare_products_5000.csv,P03965,synthetic
PRD0003171,La Roche-Posay,La Roche-Posay Glow Sulfur Mask,mask,combination|combination-sensitive,acne,"sulfur, hyaluronic acid",no,no,no,AM/PM,,20.21,skincare_products_5000.csv,P02263,synthetic
PRD0003172,La Roche-Posay,La Roche-Posay Glow Titanium Dioxide SPF 50,sunscreen,dry|oily|sensitive,oiliness,"titanium dioxide, niacinamide, avobenzone",yes,yes,no,AM,50.0,12.79,skincare_products_5000.csv,P01802,synthetic
PRD0003173,La Roche-Posay,La Roche-Posay Glow Titanium Dioxide SPF 50,sunscreen,sensitive,redness,titanium dioxide,no,no,no,AM,50.0,19.64,skincare_products_5000.csv,P00395,synthetic
PRD0003174,La Roche-Posay,La Roche-Posay Glow Vitamin E SPF 50,sunscreen,combination|normal,aging|dark spots|oiliness,"vitamin e, niacinamide",no,yes,no,AM,50.0,26.2,skincare_products_5000.csv,P00084,synthetic
PRD0003175,La Roche-Posay,La Roche-Posay Glow Zinc Oxide SPF 50,sunscreen,combination,dehydration|oiliness,"zinc oxide, vitamin e",yes,yes,no,AM,50.0,10.55,skincare_products_5000.csv,P04325,synthetic
PRD0003176,La Roche-Posay,La Roche-Posay Hydra Adapalene Treatment,treatment,combination-sensitive|dry|normal,dehydration,adapalene,yes,yes,yes,AM,,9.8,skincare_products_5000.csv,P00849,synthetic
PRD0003177,La Roche-Posay,La Roche-Posay Hydra Avobenzone SPF 50,sunscreen,normal|oily,dryness,"avobenzone, zinc oxide",yes,yes,no,AM,50.0,29.67,skincare_products_5000.csv,P04977,synthetic
PRD0003178,La Roche-Posay,La Roche-Posay Hydra Azelaic Acid Serum,serum,combination-sensitive|oily|sensitive,barrier repair|dark spots,"azelaic acid, centella, retinol",yes,yes,no,AM,,43.12,skincare_products_5000.csv,P03619,synthetic
PRD0003179,La Roche-Posay,La Roche-Posay Hydra Beta-Glucan Toner,toner,oily,acne|dehydration|sensitivity,"beta-glucan, niacinamide",no,no,no,AM,,10.33,skincare_products_5000.csv,P02705,synthetic
PRD0003180,La Roche-Posay,La Roche-Posay Hydra Centella Cleanser,cleanser,normal,aging|barrier repair|dehydration,centella,yes,yes,no,AM/PM,,10.18,skincare_products_5000.csv,P01386,synthetic
PRD0003181,La Roche-Posay,La Roche-Posay Hydra Ceramides Cleanser,cleanser,dry|oily,aging|barrier repair|dehydration,"ceramides, centella",yes,yes,no,Weekly,,17.27,skincare_products_5000.csv,P03129,synthetic
PRD0003182,La Roche-Posay,La Roche-Posay Hydra Clay Mask,mask,combination,acne|dark spots,clay,yes,no,no,Weekly,,12.89,skincare_products_5000.csv,P04822,synthetic
PRD0003183,La Roche-Posay,La Roche-Posay Hydra Glycerin Moisturizer,moisturizer,combination-sensitive,aging|dark spots,"glycerin, squalane, cholesterol",no,yes,no,PM,,15.68,skincare_products_5000.csv,P00244,synthetic
PRD0003184,La Roche-Posay,La Roche-Posay Hydra Green Tea Mask,mask,oily,dark spots,"green tea, sulfur",yes,no,no,PM,,13.81,skincare_products_5000.csv,P04588,synthetic
PRD0003185,La Roche-Posay,La Roche-Posay Hydra Hyaluronic Acid Mask,mask,combination,aging|dryness,"hyaluronic acid, sulfur, oat extract",yes,no,no,AM,,8.67,skincare_products_5000.csv,P01457,synthetic
PRD0003186,La Roche-Posay,La Roche-Posay Hydra Hyaluronic Acid Mask,mask,dry|oily|sensitive,acne|aging|barrier repair,hyaluronic acid,yes,no,no,Weekly,,17.57,skincare_products_5000.csv,P02393,synthetic
PRD0003187,La Roche-Posay,La Roche-Posay Hydra Hyaluronic Acid Mask,mask,normal|oily|sensitive,dark spots,hyaluronic acid,yes,no,no,AM/PM,,11.76,skincare_products_5000.csv,P04505,synthetic
PRD0003188,La Roche-Posay,La Roche-Posay Hydra Niacinamide SPF 50,sunscreen,dry|oily|sensitive,acne|oiliness|sensitivity,niacinamide,yes,no,no,AM,50.0,12.52,skincare_products_5000.csv,P03904,synthetic
PRD0003189,La Roche-Posay,La Roche-Posay Hydra Niacinamide Serum,serum,combination-sensitive|normal|sensitive,dark spots|oiliness,"niacinamide, peptides",no,yes,no,PM,,40.38,skincare_products_5000.csv,P01811,synthetic
PRD0003190,La Roche-Posay,La Roche-Posay Hydra Niacinamide Serum,serum,combination|combination-sensitive|normal,aging,"niacinamide, hyaluronic acid",yes,yes,no,AM,,22.32,skincare_products_5000.csv,P03248,synthetic
PRD0003191,La Roche-Posay,La Roche-Posay Hydra Panthenol Moisturizer,moisturizer,combination|combination-sensitive|sensitive,dehydration,panthenol,yes,yes,no,AM,,10.82,skincare_products_5000.csv,P03315,synthetic
PRD0003192,La Roche-Posay,La Roche-Posay Hydra Pha Toner,toner,combination-sensitive|normal,barrier repair|dehydration|sensitivity,"pha, niacinamide, centella",no,no,no,PM,,19.12,skincare_products_5000.csv,P00606,synthetic
PRD0003193,La Roche-Posay,La Roche-Posay Hydra Salicylic Acid Cleanser,cleanser,combination-sensitive|dry|sensitive,aging|dehydration,salicylic acid,yes,yes,no,AM,,13.46,skincare_products_5000.csv,P00246,synthetic
PRD0003194,La Roche-Posay,La Roche-Posay Hydra Squalane Moisturizer,moisturizer,dry,barrier repair|sensitivity,"squalane, glycerin",yes,no,no,Weekly,,34.17,skincare_products_5000.csv,P02798,synthetic
PRD0003195,La Roche-Posay,La Roche-Posay Hydra Squalane Moisturizer,moisturizer,dry|normal|oily,oiliness,squalane,yes,yes,no,AM/PM,,29.98,skincare_products_5000.csv,P01002,synthetic
PRD0003196,La Roche-Posay,La Roche-Posay Hydra Sulfur Treatment,treatment,dry|normal,barrier repair|dryness,sulfur,no,yes,no,PM,,13.05,skincare_products_5000.csv,P01719,synthetic
PRD0003197,La Roche-Posay,La Roche-Posay Hydra Zinc Oxide SPF 50,sunscreen,combination-sensitive|oily|sensitive,aging|dehydration|dryness,"zinc oxide, avobenzone, octocrylene",no,yes,no,AM,50.0,18.96,skincare_products_5000.csv,P04104,synthetic
PRD0003198,La Roche-Posay,La Roche-Posay Hydra Zinc Oxide SPF 50,sunscreen,combination|dry|normal,barrier repair|dark spots|dryness,"zinc oxide, titanium dioxide",no,yes,no,AM,50.0,26.21,skincare_products_5000.csv,P04493,synthetic
PRD0003199,La Roche-Posay,La Roche-Posay Pure Adapalene Treatment,treatment,combination-sensitive|oily|sensitive,barrier repair|dehydration,"adapalene, sulfur",yes,yes,yes,Weekly,,25.35,skincare_products_5000.csv,P03916,synthetic
PRD0003200,La Roche-Posay,La Roche-Posay Pure Centella Serum,serum,combination|combination-sensitive|dry,sensitivity,centella,yes,yes,no,PM,,31.47,skincare_products_5000.csv,P02238,synthetic
PRD0003201,La Roche-Posay,La Roche-Posay Pure Centella Serum,serum,dry|normal|oily,acne|dark spots|redness,"centella, retinol",yes,yes,no,AM,,15.8,skincare_products_5000.csv,P00306,synthetic
PRD0003202,La Roche-Posay,La Roche-Posay Pure Centella Toner,toner,combination,dark spots,"centella, glycerin, pha",no,no,no,PM,,14.9,skincare_products_5000.csv,P04779,synthetic
PRD0003203,La Roche-Posay,La Roche-Posay Pure Centella Toner,toner,combination-sensitive|dry|oily,acne|barrier repair|redness,"centella, panthenol, glycerin",yes,no,no,Weekly,,18.81,skincare_products_5000.csv,P00259,synthetic
PRD0003204,La Roche-Posay,La Roche-Posay Pure Ceramides Moisturizer,moisturizer,combination-sensitive|sensitive,barrier repair,"ceramides, glycerin",yes,no,no,PM,,26.59,skincare_products_5000.csv,P00887,synthetic
PRD0003205,La Roche-Posay,La Roche-Posay Pure Cholesterol Moisturizer,moisturizer,normal,dryness|sensitivity,cholesterol,no,yes,no,PM,,20.73,skincare_products_5000.csv,P02165,synthetic
PRD0003206,La Roche-Posay,La Roche-Posay Pure Glycerin Moisturizer,moisturizer,combination|combination-sensitive|normal,barrier repair|dryness|redness,"glycerin, squalane, cholesterol",yes,yes,no,Weekly,,22.94,skincare_products_5000.csv,P00808,synthetic
PRD0003207,La Roche-Posay,La Roche-Posay Pure Green Tea Mask,mask,normal|sensitive,acne,green tea,yes,no,no,AM,,20.03,skincare_products_5000.csv,P00448,synthetic
PRD0003208,La Roche-Posay,La Roche-Posay Pure Niacinamide Cleanser,cleanser,dry|sensitive,aging,"niacinamide, centella",no,yes,no,PM,,25.46,skincare_products_5000.csv,P03400,synthetic
PRD0003209,La Roche-Posay,La Roche-Posay Pure Niacinamide Serum,serum,normal|oily,aging|barrier repair,"niacinamide, centella",no,yes,no,AM,,11.84,skincare_products_5000.csv,P03255,synthetic
PRD0003210,La Roche-Posay,La Roche-Posay Pure Niacinamide Toner,toner,combination-sensitive|normal,dark spots|dehydration|dryness,"niacinamide, beta-glucan",yes,no,no,Weekly,,14.37,skincare_products_5000.csv,P04508,synthetic
PRD0003211,La Roche-Posay,La Roche-Posay Pure Niacinamide Toner,toner,combination|combination-sensitive|oily,aging|dark spots,"niacinamide, pha",no,no,no,AM/PM,,13.09,skincare_products_5000.csv,P04191,synthetic
PRD0003212,La Roche-Posay,La Roche-Posay Pure Octocrylene SPF 50,sunscreen,combination-sensitive|normal,barrier repair|redness,"octocrylene, zinc oxide, vitamin e",no,yes,no,AM,30.0,21.91,skincare_products_5000.csv,P01595,synthetic
PRD0003213,La Roche-Posay,La Roche-Posay Pure Peptides Serum,serum,combination|normal,aging|dehydration,"peptides, niacinamide, centella",yes,yes,no,Weekly,,34.02,skincare_products_5000.csv,P01456,synthetic
PRD0003214,La Roche-Posay,La Roche-Posay Pure Peptides Serum,serum,dry,aging,"peptides, azelaic acid, niacinamide",no,yes,no,PM,,43.19,skincare_products_5000.csv,P03661,synthetic
PRD0003215,La Roche-Posay,La Roche-Posay Pure Peptides Serum,serum,sensitive,aging|oiliness,"peptides, niacinamide, azelaic acid",yes,yes,no,PM,,25.56,skincare_products_5000.csv,P02734,synthetic
PRD0003216,La Roche-Posay,La Roche-Posay Pure Pha Toner,toner,normal,barrier repair|oiliness,"pha, glycerin",yes,no,no,PM,,9.59,skincare_products_5000.csv,P00877,synthetic
PRD0003217,La Roche-Posay,La Roche-Posay Pure Retinol Treatment,treatment,combination-sensitive|dry|normal,acne|aging,"retinol, sulfur",yes,no,no,PM,,27.27,skincare_products_5000.csv,P01939,synthetic
PRD0003218,La Roche-Posay,La Roche-Posay Pure Salicylic Acid Treatment,treatment,oily|sensitive,aging|dehydration|sensitivity,salicylic acid,no,yes,no,AM/PM,,24.13,skincare_products_5000.csv,P00897,synthetic
PRD0003219,La Roche-Posay,La Roche-Posay Pure Squalane Moisturizer,moisturizer,combination|dry|normal,barrier repair,"squalane, ceramides",no,yes,no,AM/PM,,30.18,skincare_products_5000.csv,P02575,synthetic
PRD0003220,La Roche-Posay,La Roche-Posay Pure Sulfur Mask,mask,sensitive,acne|redness,"sulfur, green tea",yes,no,no,AM/PM,,25.99,skincare_products_5000.csv,P01382,synthetic
PRD0003221,La Roche-Posay,La Roche-Posay Pure Sulfur Treatment,treatment,combination-sensitive|normal|oily,acne|dryness,"sulfur, salicylic acid",yes,no,no,Weekly,,11.12,skincare_products_5000.csv,P00393,synthetic
PRD0003222,La Roche-Posay,La Roche-Posay Pure Sulfur Treatment,treatment,combination|dry,acne|redness,"sulfur, benzoyl peroxide, salicylic acid",yes,yes,no,PM,,22.64,skincare_products_5000.csv,P00604,synthetic
PRD0003223,La Roche-Posay,La Roche-Posay Pure Vitamin E SPF 50,sunscreen,dry|normal|sensitive,barrier repair|dehydration|dryness,"vitamin e, avobenzone, niacinamide",yes,no,no,AM,30.0,28.54,skincare_products_5000.csv,P00388,synthetic
PRD0003224,La Roche-Posay,La Roche-Posay Repair Centella Cleanser,cleanser,combination|oily,dark spots|dehydration,centella,yes,yes,no,Weekly,,20.88,skincare_products_5000.csv,P01192,synthetic
PRD0003225,La Roche-Posay,La Roche-Posay Repair Centella Mask,mask,combination|combination-sensitive|normal,acne|barrier repair|dehydration,"centella, sulfur",yes,no,no,Weekly,,22.42,skincare_products_5000.csv,P00898,synthetic
PRD0003226,La Roche-Posay,La Roche-Posay Repair Ceramides Cleanser,cleanser,combination,acne|oiliness|sensitivity,"ceramides, glycerin, betaine",yes,yes,no,AM,,16.73,skincare_products_5000.csv,P04195,synthetic
PRD0003227,La Roche-Posay,La Roche-Posay Repair Clay Mask,mask,combination|oily|sensitive,dryness,"clay, oat extract, sulfur",yes,no,no,AM,,23.69,skincare_products_5000.csv,P04744,synthetic
PRD0003228,La Roche-Posay,La Roche-Posay Repair Glycerin Moisturizer,moisturizer,dry|oily|sensitive,acne,"glycerin, urea",yes,no,no,AM,,24.44,skincare_products_5000.csv,P04049,synthetic
PRD0003229,La Roche-Posay,La Roche-Posay Repair Glycerin Toner,toner,combination|combination-sensitive|dry,aging|dark spots|oiliness,glycerin,yes,no,no,Weekly,,13.56,skincare_products_5000.csv,P03891,synthetic
PRD0003230,La Roche-Posay,La Roche-Posay Repair Glycerin Toner,toner,sensitive,aging|barrier repair,glycerin,yes,no,no,AM/PM,,20.01,skincare_products_5000.csv,P03680,synthetic
PRD0003231,La Roche-Posay,La Roche-Posay Repair Green Tea Mask,mask,dry|normal|oily,oiliness,"green tea, oat extract, sulfur",yes,no,no,PM,,13.75,skincare_products_5000.csv,P02297,synthetic
PRD0003232,La Roche-Posay,La Roche-Posay Repair Hyaluronic Acid Mask,mask,dry|normal|sensitive,oiliness,"hyaluronic acid, clay",yes,no,no,Weekly,,14.01,skincare_products_5000.csv,P04301,synthetic
PRD0003233,La Roche-Posay,La Roche-Posay Repair Hyaluronic Acid Serum,serum,combination-sensitive|normal|sensitive,acne|oiliness,hyaluronic acid,no,yes,no,AM/PM,,24.2,skincare_products_5000.csv,P03440,synthetic
PRD0003234,La Roche-Posay,La Roche-Posay Repair Niacinamide Cleanser,cleanser,dry|normal|oily,acne,niacinamide,yes,yes,no,Weekly,,15.58,skincare_products_5000.csv,P02845,synthetic
PRD0003235,La Roche-Posay,La Roche-Posay Repair Niacinamide SPF 50,sunscreen,combination|combination-sensitive|sensitive,acne,"niacinamide, avobenzone",yes,no,no,AM,50.0,11.73,skincare_products_5000.csv,P01631,synthetic
PRD0003236,La Roche-Posay,La Roche-Posay Repair Niacinamide Toner,toner,combination-sensitive|dry|normal,dark spots|dryness|sensitivity,"niacinamide, pha, panthenol",yes,no,no,PM,,19.8,skincare_products_5000.csv,P02778,synthetic
PRD0003237,La Roche-Posay,La Roche-Posay Repair Octocrylene SPF 50,sunscreen,dry,barrier repair,octocrylene,yes,yes,no,AM,50.0,15.19,skincare_products_5000.csv,P01146,synthetic
PRD0003238,La Roche-Posay,La Roche-Posay Repair Panthenol Toner,toner,combination,dryness,"panthenol, glycerin",yes,no,no,AM/PM,,13.54,skincare_products_5000.csv,P02258,synthetic
PRD0003239,La Roche-Posay,La Roche-Posay Repair Panthenol Toner,toner,normal,oiliness|redness,panthenol,yes,no,no,PM,,23.55,skincare_products_5000.csv,P01164,synthetic
PRD0003240,La Roche-Posay,La Roche-Posay Repair Peptides Serum,serum,combination|combination-sensitive|oily,acne|dark spots|oiliness,"peptides, vitamin c",no,no,no,Weekly,,29.81,skincare_products_5000.csv,P02604,synthetic
PRD0003241,La Roche-Posay,La Roche-Posay Repair Pha Toner,toner,combination,sensitivity,"pha, niacinamide, glycerin",yes,no,no,AM,,14.03,skincare_products_5000.csv,P03839,synthetic
PRD0003242,La Roche-Posay,La Roche-Posay Repair Pha Toner,toner,combination-sensitive|normal|oily,acne|dark spots|sensitivity,"pha, glycerin, niacinamide",yes,no,no,PM,,19.76,skincare_products_5000.csv,P04239,synthetic
PRD0003243,La Roche-Posay,La Roche-Posay Repair Retinol Treatment,treatment,combination-sensitive,aging|oiliness,"retinol, benzoyl peroxide, sulfur",yes,yes,no,AM/PM,,9.32,skincare_products_5000.csv,P00222,synthetic
PRD0003244,La Roche-Posay,La Roche-Posay Repair Sulfur Treatment,treatment,combination,aging|barrier repair,"sulfur, adapalene",no,yes,yes,AM,,20.36,skincare_products_5000.csv,P03773,synthetic
PRD0003245,La Roche-Posay,La Roche-Posay Repair Titanium Dioxide SPF 50,sunscreen,combination-sensitive,dehydration|dryness|sensitivity,"titanium dioxide, zinc oxide, vitamin e",yes,yes,no,AM,30.0,24.72,skincare_products_5000.csv,P04547,synthetic
PRD0003246,La Roche-Posay,La Roche-Posay Repair Titanium Dioxide SPF 50,sunscreen,combination|dry|oily,acne,titanium dioxide,yes,yes,no,AM,30.0,26.12,skincare_products_5000.csv,P02807,synthetic
PRD0003247,La Roche-Posay,La Roche-Posay Repair Urea Moisturizer,moisturizer,combination-sensitive|normal|sensitive,acne|barrier repair,"urea, cholesterol, ceramides",yes,yes,no,PM,,15.58,skincare_products_5000.csv,P02259,synthetic
PRD0003248,La Roche-Posay,La Roche-Posay Repair Urea Moisturizer,moisturizer,combination|dry,acne|dryness,"urea, panthenol",yes,yes,no,Weekly,,30.0,skincare_products_5000.csv,P04188,synthetic
PRD0003249,La Roche-Posay,La Roche-Posay Repair Vitamin C Serum,serum,dry,dark spots,"vitamin c, retinol, peptides",yes,yes,no,AM,,38.91,skincare_products_5000.csv,P03317,synthetic
PRD0003250,LumiCare,Azelaic Acid Cream 10%,Treatment,sensitive|acne-prone|combination,redness|post-acne marks|acne,azelaic acid,no,yes,,PM,,,skincare_training_starter_pack.xlsx::ProductsRules,31,from_starter_pack_products_rules
PRD0003251,LumiCare,Barrier Repair Cream,Moisturizer,dry|sensitive,dryness|redness|dehydration,ceramides; panthenol; cholesterol,no,yes,,AM|PM,,,skincare_training_starter_pack.xlsx::ProductsRules,27,from_starter_pack_products_rules
PRD0003252,LumiCare,Fluid Sunscreen SPF 50+,Sunscreen,oily|combination|acne-prone,uv protection|oiliness,modern uv filters,no,yes,,AM,,,skincare_training_starter_pack.xlsx::ProductsRules,36,from_starter_pack_products_rules
PRD0003253,LumiCare,Foaming Gel Cleanser,Cleanser,oily|combination|acne-prone,oiliness|acne,zinc pca; mild surfactants,no,yes,,AM|PM,,,skincare_training_starter_pack.xlsx::ProductsRules,26,from_starter_pack_products_rules
PRD0003254,LumiCare,Gentle Hydrating Cleanser,Cleanser,dry|sensitive|normal,dryness|sensitivity,ceramides; glycerin; hyaluronic acid,no,yes,,AM|PM,,,skincare_training_starter_pack.xlsx::ProductsRules,25,from_starter_pack_products_rules
PRD0003255,LumiCare,Lightweight Gel Moisturizer,Moisturizer,oily|combination,oiliness|dehydration,glycerin; niacinamide,no,yes,,AM|PM,,,skincare_training_starter_pack.xlsx::ProductsRules,28,from_starter_pack_products_rules
PRD0003256,LumiCare,Mineral Sunscreen SPF 50,Sunscreen,sensitive|dry|normal,uv protection|redness,zinc oxide; titanium dioxide,no,yes,,AM,,,skincare_training_starter_pack.xlsx::ProductsRules,35,from_starter_pack_products_rules
PRD0003257,LumiCare,Niacinamide Serum 5%,Serum,oily|combination|sensitive,oiliness|pores|redness,niacinamide,no,yes,,AM|PM,,,skincare_training_starter_pack.xlsx::ProductsRules,29,from_starter_pack_products_rules
PRD0003258,LumiCare,Retinol Serum 0.2%,Serum,mature|combination|oily,fine lines|texture,retinol,no,usually,,PM,,,skincare_training_starter_pack.xlsx::ProductsRules,34,from_starter_pack_products_rules
PRD0003259,LumiCare,Salicylic Acid Serum 2%,Serum,oily|acne-prone,acne|blackheads|oiliness,salicylic acid,no,yes,,PM,,,skincare_training_starter_pack.xlsx::ProductsRules,30,from_starter_pack_products_rules
PRD0003260,LumiCare,Soothing Toner,Toner,sensitive|dry,sensitivity|redness,centella; panthenol,no,yes,,AM|PM,,,skincare_training_starter_pack.xlsx::ProductsRules,32,from_starter_pack_products_rules
PRD0003261,LumiCare,Vitamin C Serum 10%,Serum,normal|combination|mature,dullness|post-acne marks,ascorbic acid; ferulic acid,sometimes,usually,,AM,,,skincare_training_starter_pack.xlsx::ProductsRules,33,from_starter_pack_products_rules
PRD0003262,Neutrogena,Neutrogena Advanced Azelaic Acid Serum,serum,normal,barrier repair,"azelaic acid, niacinamide",yes,yes,no,AM/PM,,12.59,skincare_products_5000.csv,P01898,synthetic
PRD0003263,Neutrogena,Neutrogena Advanced Azelaic Acid Treatment,treatment,sensitive,aging|barrier repair,azelaic acid,yes,no,no,PM,,15.8,skincare_products_5000.csv,P03121,synthetic
PRD0003264,Neutrogena,Neutrogena Advanced Benzoyl Peroxide Treatment,treatment,combination,acne,"benzoyl peroxide, salicylic acid, azelaic acid",yes,yes,no,AM/PM,,31.26,skincare_products_5000.csv,P02786,synthetic
PRD0003265,Neutrogena,Neutrogena Advanced Betaine Cleanser,cleanser,normal,aging|dehydration|dryness,"betaine, ceramides, salicylic acid",yes,yes,no,Weekly,,13.17,skincare_products_5000.csv,P04154,synthetic
PRD0003266,Neutrogena,Neutrogena Advanced Centella Serum,serum,combination-sensitive|dry|sensitive,aging|dehydration,"centella, peptides",yes,yes,no,Weekly,,22.04,skincare_products_5000.csv,P03157,synthetic
PRD0003267,Neutrogena,Neutrogena Advanced Centella Serum,serum,sensitive,acne,centella,yes,yes,no,Weekly,,30.91,skincare_products_5000.csv,P02438,synthetic
PRD0003268,Neutrogena,Neutrogena Advanced Ceramides Moisturizer,moisturizer,combination-sensitive,dehydration,ceramides,yes,yes,no,AM,,34.07,skincare_products_5000.csv,P00070,synthetic
PRD0003269,Neutrogena,Neutrogena Advanced Ceramides Moisturizer,moisturizer,sensitive,aging|dark spots,"ceramides, panthenol, urea",no,yes,no,Weekly,,12.74,skincare_products_5000.csv,P02415,synthetic
PRD0003270,Neutrogena,Neutrogena Advanced Cholesterol Moisturizer,moisturizer,combination-sensitive|oily,acne|dryness,"cholesterol, panthenol, squalane",yes,yes,no,AM,,30.55,skincare_products_5000.csv,P02272,synthetic
PRD0003271,Neutrogena,Neutrogena Advanced Clay Mask,mask,normal|oily,dark spots,"clay, oat extract",yes,no,no,AM/PM,,9.22,skincare_products_5000.csv,P03267,synthetic
PRD0003272,Neutrogena,Neutrogena Advanced Glycerin Cleanser,cleanser,dry|oily|sensitive,dark spots|oiliness|redness,glycerin,yes,yes,no,AM,,18.27,skincare_products_5000.csv,P02079,synthetic
PRD0003273,Neutrogena,Neutrogena Advanced Glycerin Moisturizer,moisturizer,dry|oily,barrier repair|dark spots|redness,"glycerin, panthenol",no,yes,no,Weekly,,32.95,skincare_products_5000.csv,P00410,synthetic
PRD0003274,Neutrogena,Neutrogena Advanced Hyaluronic Acid Serum,serum,combination|combination-sensitive|sensitive,acne|oiliness,"hyaluronic acid, centella",yes,no,no,AM/PM,,41.22,skincare_products_5000.csv,P03263,synthetic
PRD0003275,Neutrogena,Neutrogena Advanced Niacinamide Cleanser,cleanser,combination-sensitive|dry,dark spots|dehydration|sensitivity,"niacinamide, glycerin, ceramides",no,no,no,AM,,24.93,skincare_products_5000.csv,P02133,synthetic
PRD0003276,Neutrogena,Neutrogena Advanced Niacinamide Cleanser,cleanser,combination|dry|sensitive,acne|aging|sensitivity,"niacinamide, ceramides",yes,yes,no,AM/PM,,11.86,skincare_products_5000.csv,P00669,synthetic
PRD0003277,Neutrogena,Neutrogena Advanced Niacinamide Serum,serum,combination-sensitive,aging,niacinamide,yes,yes,no,AM,,20.63,skincare_products_5000.csv,P00735,synthetic
PRD0003278,Neutrogena,Neutrogena Advanced Octocrylene SPF 50,sunscreen,sensitive,acne|dehydration,"octocrylene, titanium dioxide",no,no,no,AM,50.0,10.13,skincare_products_5000.csv,P00736,synthetic
PRD0003279,Neutrogena,Neutrogena Advanced Panthenol Toner,toner,combination,acne|dehydration,"panthenol, glycerin",yes,no,no,AM,,11.59,skincare_products_5000.csv,P01247,synthetic
PRD0003280,Neutrogena,Neutrogena Advanced Peptides Serum,serum,combination-sensitive,dehydration,"peptides, retinol",yes,yes,no,Weekly,,32.83,skincare_products_5000.csv,P04639,synthetic
PRD0003281,Neutrogena,Neutrogena Advanced Retinol Treatment,treatment,combination|combination-sensitive|normal,dryness|redness,"retinol, azelaic acid, sulfur",no,yes,no,AM/PM,,32.07,skincare_products_5000.csv,P01931,synthetic
PRD0003282,Neutrogena,Neutrogena Advanced Squalane Moisturizer,moisturizer,combination,dryness|sensitivity,squalane,yes,yes,no,AM/PM,,21.4,skincare_products_5000.csv,P02638,synthetic
PRD0003283,Neutrogena,Neutrogena Advanced Squalane Moisturizer,moisturizer,dry,dark spots,"squalane, panthenol",yes,yes,no,PM,,27.98,skincare_products_5000.csv,P04798,synthetic
PRD0003284,Neutrogena,Neutrogena Advanced Urea Moisturizer,moisturizer,combination|combination-sensitive|sensitive,dryness,"urea, glycerin, cholesterol",yes,yes,no,AM/PM,,32.14,skincare_products_5000.csv,P03126,synthetic
PRD0003285,Neutrogena,Neutrogena Advanced Urea Moisturizer,moisturizer,combination|oily|sensitive,dehydration|oiliness,urea,yes,yes,no,AM,,34.06,skincare_products_5000.csv,P04763,synthetic
PRD0003286,Neutrogena,Neutrogena Advanced Urea Moisturizer,moisturizer,dry,aging|dehydration|redness,"urea, squalane",yes,yes,no,AM,,22.57,skincare_products_5000.csv,P01580,synthetic
PRD0003287,Neutrogena,Neutrogena Advanced Urea Moisturizer,moisturizer,dry|sensitive,dehydration|dryness,"urea, panthenol",yes,yes,no,AM/PM,,16.45,skincare_products_5000.csv,P04638,synthetic
PRD0003288,Neutrogena,Neutrogena Advanced Vitamin C Serum,serum,combination-sensitive,acne,"vitamin c, centella, niacinamide",yes,yes,no,PM,,36.16,skincare_products_5000.csv,P04570,synthetic
PRD0003289,Neutrogena,Neutrogena Advanced Vitamin E SPF 50,sunscreen,combination-sensitive|normal,acne,vitamin e,yes,yes,no,AM,30.0,23.91,skincare_products_5000.csv,P00881,synthetic
PRD0003290,Neutrogena,Neutrogena Advanced Vitamin E SPF 50,sunscreen,combination-sensitive|oily|sensitive,sensitivity,"vitamin e, zinc oxide",no,yes,no,AM,30.0,26.77,skincare_products_5000.csv,P03320,synthetic
PRD0003291,Neutrogena,Neutrogena Advanced Zinc Oxide SPF 50,sunscreen,dry|oily|sensitive,aging|sensitivity,"zinc oxide, niacinamide",yes,yes,no,AM,50.0,16.38,skincare_products_5000.csv,P03205,synthetic
PRD0003292,Neutrogena,Neutrogena Advanced Zinc Oxide SPF 50,sunscreen,dry|sensitive,dehydration,"zinc oxide, niacinamide",yes,yes,no,AM,50.0,23.51,skincare_products_5000.csv,P02476,synthetic
PRD0003293,Neutrogena,Neutrogena Balance Avobenzone SPF 50,sunscreen,combination-sensitive|oily|sensitive,dryness|oiliness|redness,"avobenzone, titanium dioxide, vitamin e",no,no,no,AM,30.0,22.98,skincare_products_5000.csv,P03935,synthetic
PRD0003294,Neutrogena,Neutrogena Balance Avobenzone SPF 50,sunscreen,normal|oily,acne|redness,"avobenzone, zinc oxide, octocrylene",yes,yes,no,AM,50.0,23.7,skincare_products_5000.csv,P04106,synthetic
PRD0003295,Neutrogena,Neutrogena Balance Azelaic Acid Serum,serum,combination|sensitive,dehydration,"azelaic acid, hyaluronic acid, peptides",yes,yes,no,AM/PM,,16.54,skincare_products_5000.csv,P00474,synthetic
PRD0003296,Neutrogena,Neutrogena Balance Azelaic Acid Treatment,treatment,combination|dry|normal,barrier repair,"azelaic acid, sulfur",yes,yes,no,AM/PM,,18.92,skincare_products_5000.csv,P04302,synthetic
PRD0003297,Neutrogena,Neutrogena Balance Betaine Cleanser,cleanser,combination-sensitive,dehydration,"betaine, salicylic acid",yes,yes,no,AM/PM,,21.65,skincare_products_5000.csv,P01150,synthetic
PRD0003298,Neutrogena,Neutrogena Balance Centella Serum,serum,combination-sensitive|oily,barrier repair,"centella, niacinamide, hyaluronic acid",yes,yes,no,AM,,39.82,skincare_products_5000.csv,P02466,synthetic
PRD0003299,Neutrogena,Neutrogena Balance Ceramides Moisturizer,moisturizer,combination|combination-sensitive|oily,acne|barrier repair|oiliness,"ceramides, squalane, glycerin",yes,yes,no,PM,,28.31,skincare_products_5000.csv,P01460,synthetic
PRD0003300,Neutrogena,Neutrogena Balance Glycerin Cleanser,cleanser,dry|sensitive,acne|dark spots|dryness,glycerin,yes,yes,no,AM,,10.36,skincare_products_5000.csv,P00433,synthetic
PRD0003301,Neutrogena,Neutrogena Balance Glycerin Moisturizer,moisturizer,combination|combination-sensitive|oily,barrier repair,glycerin,yes,yes,no,AM/PM,,15.24,skincare_products_5000.csv,P02465,synthetic
PRD0003302,Neutrogena,Neutrogena Balance Glycerin Moisturizer,moisturizer,combination|combination-sensitive|sensitive,barrier repair|sensitivity,glycerin,yes,no,no,AM/PM,,14.72,skincare_products_5000.csv,P00303,synthetic
PRD0003303,Neutrogena,Neutrogena Balance Glycerin Moisturizer,moisturizer,combination|normal|oily,acne|oiliness,"glycerin, cholesterol",no,yes,no,Weekly,,30.7,skincare_products_5000.csv,P01439,synthetic
PRD0003304,Neutrogena,Neutrogena Balance Hyaluronic Acid Mask,mask,oily|sensitive,redness|sensitivity,hyaluronic acid,yes,no,no,Weekly,,27.61,skincare_products_5000.csv,P01167,synthetic
PRD0003305,Neutrogena,Neutrogena Balance Niacinamide Cleanser,cleanser,combination-sensitive,acne|aging,"niacinamide, ceramides, glycerin",no,no,no,PM,,12.85,skincare_products_5000.csv,P00060,synthetic
PRD0003306,Neutrogena,Neutrogena Balance Niacinamide Cleanser,cleanser,sensitive,acne|dryness,niacinamide,no,no,no,PM,,20.27,skincare_products_5000.csv,P01153,synthetic
PRD0003307,Neutrogena,Neutrogena Balance Niacinamide Serum,serum,combination-sensitive|normal|sensitive,acne|dehydration,"niacinamide, azelaic acid, centella",no,yes,no,Weekly,,36.67,skincare_products_5000.csv,P04941,synthetic
PRD0003308,Neutrogena,Neutrogena Balance Panthenol Moisturizer,moisturizer,combination-sensitive|dry,acne|aging|dark spots,"panthenol, cholesterol, ceramides",yes,no,no,AM,,22.81,skincare_products_5000.csv,P01144,synthetic
PRD0003309,Neutrogena,Neutrogena Balance Panthenol Moisturizer,moisturizer,combination-sensitive|dry,dryness,"panthenol, squalane",yes,yes,no,AM/PM,,26.72,skincare_products_5000.csv,P04466,synthetic
PRD0003310,Neutrogena,Neutrogena Balance Panthenol Toner,toner,combination|dry|sensitive,acne,panthenol,yes,no,no,AM,,8.24,skincare_products_5000.csv,P04794,synthetic
PRD0003311,Neutrogena,Neutrogena Balance Peptides Serum,serum,oily,dryness|redness,peptides,yes,no,no,Weekly,,17.02,skincare_products_5000.csv,P01703,synthetic
PRD0003312,Neutrogena,Neutrogena Balance Retinol Serum,serum,combination-sensitive|normal|sensitive,redness,"retinol, vitamin c",no,yes,no,AM/PM,,28.29,skincare_products_5000.csv,P04380,synthetic
PRD0003313,Neutrogena,Neutrogena Balance Salicylic Acid Cleanser,cleanser,dry|oily|sensitive,barrier repair|dark spots|dryness,"salicylic acid, glycerin",no,yes,no,AM/PM,,21.65,skincare_products_5000.csv,P02451,synthetic
PRD0003314,Neutrogena,Neutrogena Balance Squalane Moisturizer,moisturizer,combination-sensitive|oily,aging|dehydration,"squalane, cholesterol, panthenol",yes,yes,no,PM,,25.59,skincare_products_5000.csv,P04080,synthetic
PRD0003315,Neutrogena,Neutrogena Balance Squalane Moisturizer,moisturizer,oily,aging|dark spots,"squalane, ceramides",yes,yes,no,AM/PM,,11.56,skincare_products_5000.csv,P00398,synthetic
PRD0003316,Neutrogena,Neutrogena Balance Urea Moisturizer,moisturizer,combination|dry|oily,acne|dryness,"urea, squalane, glycerin",no,yes,no,PM,,17.7,skincare_products_5000.csv,P03728,synthetic
PRD0003317,Neutrogena,Neutrogena Balance Vitamin C Serum,serum,combination|normal,dehydration|oiliness|sensitivity,"vitamin c, azelaic acid, peptides",yes,yes,no,AM/PM,,23.24,skincare_products_5000.csv,P04711,synthetic
PRD0003318,Neutrogena,Neutrogena Barrier Adapalene Treatment,treatment,combination|oily|sensitive,redness|sensitivity,"adapalene, benzoyl peroxide",yes,yes,yes,PM,,20.56,skincare_products_5000.csv,P03124,synthetic
PRD0003319,Neutrogena,Neutrogena Barrier Azelaic Acid Serum,serum,combination|oily,dark spots,"azelaic acid, vitamin c",yes,yes,no,AM/PM,,25.6,skincare_products_5000.csv,P02806,synthetic
PRD0003320,Neutrogena,Neutrogena Barrier Benzoyl Peroxide Treatment,treatment,combination-sensitive|dry,aging|oiliness|redness,"benzoyl peroxide, sulfur, salicylic acid",yes,yes,no,AM,,17.32,skincare_products_5000.csv,P02602,synthetic
PRD0003321,Neutrogena,Neutrogena Barrier Centella Serum,serum,combination|dry|sensitive,redness,centella,yes,yes,no,AM,,30.43,skincare_products_5000.csv,P00795,synthetic
PRD0003322,Neutrogena,Neutrogena Barrier Centella Toner,toner,normal,dehydration|redness|sensitivity,"centella, beta-glucan, niacinamide",yes,no,no,PM,,13.87,skincare_products_5000.csv,P03833,synthetic
PRD0003323,Neutrogena,Neutrogena Barrier Cholesterol Moisturizer,moisturizer,combination|combination-sensitive|sensitive,aging|dark spots|redness,cholesterol,yes,yes,no,Weekly,,31.64,skincare_products_5000.csv,P01041,synthetic
PRD0003324,Neutrogena,Neutrogena Barrier Clay Mask,mask,dry,dehydration,"clay, hyaluronic acid",yes,no,no,AM,,11.39,skincare_products_5000.csv,P04039,synthetic
PRD0003325,Neutrogena,Neutrogena Barrier Glycerin Cleanser,cleanser,combination,acne|sensitivity,"glycerin, centella, betaine",yes,yes,no,AM/PM,,15.66,skincare_products_5000.csv,P03986,synthetic
PRD0003326,Neutrogena,Neutrogena Barrier Glycerin Moisturizer,moisturizer,combination-sensitive|dry|sensitive,dryness|sensitivity,glycerin,no,yes,no,Weekly,,12.87,skincare_products_5000.csv,P00892,synthetic
PRD0003327,Neutrogena,Neutrogena Barrier Green Tea Mask,mask,combination-sensitive|normal|oily,aging|dark spots|sensitivity,"green tea, hyaluronic acid, clay",yes,no,no,AM,,13.21,skincare_products_5000.csv,P04546,synthetic
PRD0003328,Neutrogena,Neutrogena Barrier Panthenol Moisturizer,moisturizer,combination|dry,sensitivity,"panthenol, ceramides",yes,yes,no,AM/PM,,19.2,skincare_products_5000.csv,P02813,synthetic
PRD0003329,Neutrogena,Neutrogena Barrier Panthenol Moisturizer,moisturizer,sensitive,acne|dark spots|dehydration,"panthenol, urea",yes,no,no,Weekly,,29.55,skincare_products_5000.csv,P04132,synthetic
PRD0003330,Neutrogena,Neutrogena Barrier Peptides Serum,serum,combination-sensitive|normal|sensitive,dehydration,"peptides, retinol",yes,yes,no,AM,,39.45,skincare_products_5000.csv,P01401,synthetic
PRD0003331,Neutrogena,Neutrogena Barrier Retinol Serum,serum,combination-sensitive|normal|sensitive,dark spots|redness|sensitivity,retinol,yes,no,no,Weekly,,38.73,skincare_products_5000.csv,P04078,synthetic
PRD0003332,Neutrogena,Neutrogena Barrier Salicylic Acid Cleanser,cleanser,dry|oily,sensitivity,"salicylic acid, betaine, ceramides",yes,yes,no,PM,,18.61,skincare_products_5000.csv,P04741,synthetic
PRD0003333,Neutrogena,Neutrogena Barrier Sulfur Mask,mask,combination|oily|sensitive,barrier repair|oiliness|sensitivity,sulfur,yes,no,no,PM,,13.36,skincare_products_5000.csv,P00347,synthetic
PRD0003334,Neutrogena,Neutrogena Barrier Urea Moisturizer,moisturizer,combination|normal|sensitive,dark spots|dehydration,urea,no,yes,no,AM,,17.91,skincare_products_5000.csv,P01267,synthetic
PRD0003335,Neutrogena,Neutrogena Barrier Urea Moisturizer,moisturizer,dry|normal|sensitive,dehydration|sensitivity,urea,yes,yes,no,PM,,27.56,skincare_products_5000.csv,P02029,synthetic
PRD0003336,Neutrogena,Neutrogena Barrier Vitamin C Serum,serum,combination,acne|dryness,"vitamin c, hyaluronic acid, centella",yes,no,no,AM,,22.54,skincare_products_5000.csv,P04270,synthetic
PRD0003337,Neutrogena,Neutrogena Barrier Zinc Oxide SPF 50,sunscreen,normal|sensitive,acne|barrier repair|oiliness,"zinc oxide, vitamin e, octocrylene",yes,yes,no,AM,50.0,15.47,skincare_products_5000.csv,P00561,synthetic
PRD0003338,Neutrogena,Neutrogena Calm Adapalene Treatment,treatment,combination|combination-sensitive,aging|oiliness|sensitivity,"adapalene, azelaic acid, benzoyl peroxide",yes,yes,no,AM,,32.07,skincare_products_5000.csv,P01584,synthetic
PRD0003339,Neutrogena,Neutrogena Calm Avobenzone SPF 50,sunscreen,normal,redness,"avobenzone, vitamin e",no,yes,no,AM,50.0,28.32,skincare_products_5000.csv,P02067,synthetic
PRD0003340,Neutrogena,Neutrogena Calm Azelaic Acid Serum,serum,combination-sensitive|normal,dehydration,"azelaic acid, hyaluronic acid, niacinamide",yes,yes,no,AM,,32.34,skincare_products_5000.csv,P01646,synthetic
PRD0003341,Neutrogena,Neutrogena Calm Azelaic Acid Serum,serum,combination|dry|sensitive,barrier repair|dehydration|dryness,"azelaic acid, niacinamide",yes,yes,no,AM/PM,,39.52,skincare_products_5000.csv,P02861,synthetic
PRD0003342,Neutrogena,Neutrogena Calm Beta-Glucan Toner,toner,oily,oiliness,"beta-glucan, glycerin, centella",yes,no,no,AM/PM,,17.66,skincare_products_5000.csv,P03146,synthetic
PRD0003343,Neutrogena,Neutrogena Calm Centella Mask,mask,combination|combination-sensitive,sensitivity,centella,yes,no,no,AM/PM,,15.7,skincare_products_5000.csv,P02185,synthetic
PRD0003344,Neutrogena,Neutrogena Calm Ceramides Cleanser,cleanser,dry,dark spots|dryness,ceramides,yes,yes,no,AM/PM,,13.69,skincare_products_5000.csv,P00895,synthetic
PRD0003345,Neutrogena,Neutrogena Calm Cholesterol Moisturizer,moisturizer,combination-sensitive|sensitive,acne|dark spots,"cholesterol, urea, ceramides",no,yes,no,AM,,17.82,skincare_products_5000.csv,P01190,synthetic
PRD0003346,Neutrogena,Neutrogena Calm Glycerin Moisturizer,moisturizer,combination-sensitive|oily|sensitive,barrier repair|dryness,"glycerin, cholesterol",yes,yes,no,AM,,29.51,skincare_products_5000.csv,P01768,synthetic
PRD0003347,Neutrogena,Neutrogena Calm Hyaluronic Acid Mask,mask,normal|oily,aging|dryness,"hyaluronic acid, oat extract, green tea",yes,no,no,AM/PM,,24.77,skincare_products_5000.csv,P03572,synthetic
PRD0003348,Neutrogena,Neutrogena Calm Niacinamide Cleanser,cleanser,combination-sensitive|sensitive,dehydration,niacinamide,yes,yes,no,AM/PM,,17.92,skincare_products_5000.csv,P04709,synthetic
PRD0003349,Neutrogena,Neutrogena Calm Niacinamide Cleanser,cleanser,dry|sensitive,dehydration|redness,"niacinamide, salicylic acid",no,yes,no,Weekly,,23.08,skincare_products_5000.csv,P04891,synthetic
PRD0003350,Neutrogena,Neutrogena Calm Niacinamide Toner,toner,combination-sensitive|oily|sensitive,acne|sensitivity,"niacinamide, panthenol",yes,no,no,Weekly,,14.11,skincare_products_5000.csv,P03919,synthetic
PRD0003351,Neutrogena,Neutrogena Calm Panthenol Moisturizer,moisturizer,dry,acne|dark spots|oiliness,panthenol,yes,yes,no,AM,,22.37,skincare_products_5000.csv,P02000,synthetic
PRD0003352,Neutrogena,Neutrogena Calm Panthenol Toner,toner,combination-sensitive|dry|normal,barrier repair|dryness|sensitivity,"panthenol, pha, glycerin",no,no,no,PM,,22.03,skincare_products_5000.csv,P04321,synthetic
PRD0003353,Neutrogena,Neutrogena Calm Peptides Serum,serum,combination|combination-sensitive|dry,dryness|redness,peptides,no,yes,no,Weekly,,41.37,skincare_products_5000.csv,P01191,synthetic
PRD0003354,Neutrogena,Neutrogena Calm Retinol Serum,serum,combination-sensitive|normal,acne|aging|redness,"retinol, niacinamide, vitamin c",yes,no,no,AM/PM,,36.29,skincare_products_5000.csv,P03943,synthetic
PRD0003355,Neutrogena,Neutrogena Calm Retinol Serum,serum,combination|dry,acne|dryness,"retinol, hyaluronic acid, azelaic acid",yes,yes,no,AM/PM,,36.7,skincare_products_5000.csv,P00636,synthetic
PRD0003356,Neutrogena,Neutrogena Calm Retinol Serum,serum,normal|sensitive,oiliness,retinol,yes,yes,no,Weekly,,26.93,skincare_products_5000.csv,P03410,synthetic
PRD0003357,Neutrogena,Neutrogena Calm Salicylic Acid Cleanser,cleanser,combination|dry|oily,sensitivity,salicylic acid,yes,no,no,AM/PM,,15.76,skincare_products_5000.csv,P02353,synthetic
PRD0003358,Neutrogena,Neutrogena Clear Azelaic Acid Serum,serum,combination-sensitive|sensitive,acne|dehydration|sensitivity,"azelaic acid, vitamin c, centella",yes,yes,no,AM/PM,,37.94,skincare_products_5000.csv,P00529,synthetic
PRD0003359,Neutrogena,Neutrogena Clear Azelaic Acid Serum,serum,sensitive,acne|dark spots|sensitivity,"azelaic acid, hyaluronic acid",yes,no,no,Weekly,,26.8,skincare_products_5000.csv,P03244,synthetic
PRD0003360,Neutrogena,Neutrogena Clear Benzoyl Peroxide Treatment,treatment,dry,dehydration|oiliness,"benzoyl peroxide, sulfur",yes,yes,no,AM/PM,,10.57,skincare_products_5000.csv,P02105,synthetic
PRD0003361,Neutrogena,Neutrogena Clear Beta-Glucan Toner,toner,combination|combination-sensitive|dry,aging|dark spots,"beta-glucan, niacinamide",yes,no,no,AM/PM,,22.75,skincare_products_5000.csv,P02026,synthetic
PRD0003362,Neutrogena,Neutrogena Clear Centella Serum,serum,combination|sensitive,dark spots|redness,centella,yes,yes,no,PM,,20.66,skincare_products_5000.csv,P01538,synthetic
PRD0003363,Neutrogena,Neutrogena Clear Ceramides Cleanser,cleanser,combination|dry|sensitive,aging|barrier repair|redness,"ceramides, niacinamide, glycerin",yes,yes,no,Weekly,,23.81,skincare_products_5000.csv,P04563,synthetic
PRD0003364,Neutrogena,Neutrogena Clear Ceramides Cleanser,cleanser,combination|sensitive,acne|barrier repair,"ceramides, glycerin, salicylic acid",no,no,no,AM,,22.04,skincare_products_5000.csv,P00741,synthetic
PRD0003365,Neutrogena,Neutrogena Clear Ceramides Cleanser,cleanser,dry|oily|sensitive,barrier repair|dehydration|oiliness,ceramides,no,yes,no,Weekly,,8.73,skincare_products_5000.csv,P01669,synthetic
PRD0003366,Neutrogena,Neutrogena Clear Ceramides Moisturizer,moisturizer,combination-sensitive|dry,barrier repair,ceramides,yes,yes,no,PM,,22.77,skincare_products_5000.csv,P00392,synthetic
PRD0003367,Neutrogena,Neutrogena Clear Cholesterol Moisturizer,moisturizer,dry,dryness|oiliness,cholesterol,yes,yes,no,AM/PM,,10.27,skincare_products_5000.csv,P02264,synthetic
PRD0003368,Neutrogena,Neutrogena Clear Cholesterol Moisturizer,moisturizer,sensitive,dark spots|dehydration|oiliness,cholesterol,no,yes,no,PM,,26.89,skincare_products_5000.csv,P02260,synthetic
PRD0003369,Neutrogena,Neutrogena Clear Clay Mask,mask,dry|oily,dehydration|redness|sensitivity,"clay, sulfur, centella",yes,no,no,PM,,17.66,skincare_products_5000.csv,P03815,synthetic
PRD0003370,Neutrogena,Neutrogena Clear Glycerin Cleanser,cleanser,combination|normal|sensitive,acne|sensitivity,"glycerin, ceramides, centella",yes,yes,no,AM/PM,,12.51,skincare_products_5000.csv,P02628,synthetic
PRD0003371,Neutrogena,Neutrogena Clear Glycerin Cleanser,cleanser,normal|oily|sensitive,dryness,"glycerin, niacinamide, centella",yes,yes,no,AM,,14.62,skincare_products_5000.csv,P01419,synthetic
PRD0003372,Neutrogena,Neutrogena Clear Glycerin Moisturizer,moisturizer,combination-sensitive,dehydration|oiliness,glycerin,no,yes,no,PM,,26.44,skincare_products_5000.csv,P00492,synthetic
PRD0003373,Neutrogena,Neutrogena Clear Glycerin Moisturizer,moisturizer,combination-sensitive|oily,acne|oiliness,"glycerin, panthenol",yes,yes,no,AM/PM,,28.77,skincare_products_5000.csv,P03453,synthetic
PRD0003374,Neutrogena,Neutrogena Clear Glycerin Toner,toner,oily,barrier repair|oiliness|redness,"glycerin, niacinamide",yes,no,no,AM/PM,,8.39,skincare_products_5000.csv,P02858,synthetic
PRD0003375,Neutrogena,Neutrogena Clear Hyaluronic Acid Mask,mask,combination-sensitive|normal|oily,acne|dryness,"hyaluronic acid, oat extract, clay",yes,no,no,PM,,13.13,skincare_products_5000.csv,P01877,synthetic
PRD0003376,Neutrogena,Neutrogena Clear Hyaluronic Acid Mask,mask,normal|oily|sensitive,dehydration|sensitivity,hyaluronic acid,yes,no,no,PM,,12.52,skincare_products_5000.csv,P03493,synthetic
PRD0003377,Neutrogena,Neutrogena Clear Niacinamide Serum,serum,combination,aging|barrier repair|oiliness,"niacinamide, azelaic acid",no,yes,no,Weekly,,11.16,skincare_products_5000.csv,P00164,synthetic
PRD0003378,Neutrogena,Neutrogena Clear Niacinamide Toner,toner,combination-sensitive|sensitive,dehydration,"niacinamide, beta-glucan, panthenol",yes,no,no,AM/PM,,8.45,skincare_products_5000.csv,P02311,synthetic
PRD0003379,Neutrogena,Neutrogena Clear Octocrylene SPF 50,sunscreen,combination|normal|sensitive,acne|aging|barrier repair,"octocrylene, niacinamide",yes,yes,no,AM,30.0,16.4,skincare_products_5000.csv,P04710,synthetic
PRD0003380,Neutrogena,Neutrogena Clear Panthenol Moisturizer,moisturizer,oily,acne|redness|sensitivity,"panthenol, glycerin",no,yes,no,AM/PM,,31.53,skincare_products_5000.csv,P03989,synthetic
PRD0003381,Neutrogena,Neutrogena Clear Salicylic Acid Treatment,treatment,combination-sensitive|normal,dark spots|dryness|oiliness,"salicylic acid, retinol",yes,no,no,Weekly,,21.47,skincare_products_5000.csv,P00257,synthetic
PRD0003382,Neutrogena,Neutrogena Clear Salicylic Acid Treatment,treatment,combination-sensitive|normal|sensitive,acne|dehydration|redness,salicylic acid,yes,yes,no,Weekly,,30.08,skincare_products_5000.csv,P03708,synthetic
PRD0003383,Neutrogena,Neutrogena Clear Zinc Oxide SPF 50,sunscreen,combination|oily|sensitive,aging|dark spots|dehydration,zinc oxide,no,no,no,AM,50.0,29.19,skincare_products_5000.csv,P01628,synthetic
PRD0003384,Neutrogena,Neutrogena Clear Zinc Oxide SPF 50,sunscreen,normal,dark spots,"zinc oxide, octocrylene, titanium dioxide",yes,yes,no,AM,50.0,13.06,skincare_products_5000.csv,P00858,synthetic
PRD0003385,Neutrogena,Neutrogena Daily Benzoyl Peroxide Treatment,treatment,dry,acne|sensitivity,benzoyl peroxide,no,yes,no,AM/PM,,32.64,skincare_products_5000.csv,P03656,synthetic
PRD0003386,Neutrogena,Neutrogena Daily Betaine Cleanser,cleanser,combination|normal|oily,sensitivity,"betaine, glycerin",no,no,no,AM,,18.12,skincare_products_5000.csv,P00080,synthetic
PRD0003387,Neutrogena,Neutrogena Daily Centella Cleanser,cleanser,combination-sensitive,barrier repair|dehydration,"centella, ceramides, salicylic acid",yes,no,no,AM,,14.82,skincare_products_5000.csv,P04584,synthetic
PRD0003388,Neutrogena,Neutrogena Daily Centella Cleanser,cleanser,combination-sensitive,oiliness,"centella, glycerin, salicylic acid",yes,yes,no,PM,,18.58,skincare_products_5000.csv,P02973,synthetic
PRD0003389,Neutrogena,Neutrogena Daily Centella Mask,mask,combination|dry|normal,aging|dark spots,centella,yes,no,no,PM,,16.76,skincare_products_5000.csv,P01843,synthetic
PRD0003390,Neutrogena,Neutrogena Daily Centella Serum,serum,combination-sensitive|normal,sensitivity,centella,yes,yes,no,Weekly,,25.17,skincare_products_5000.csv,P01767,synthetic
PRD0003391,Neutrogena,Neutrogena Daily Ceramides Cleanser,cleanser,combination-sensitive|dry,redness|sensitivity,"ceramides, betaine",no,no,no,Weekly,,23.54,skincare_products_5000.csv,P02579,synthetic
PRD0003392,Neutrogena,Neutrogena Daily Glycerin Cleanser,cleanser,normal|sensitive,aging|oiliness,glycerin,yes,yes,no,Weekly,,23.19,skincare_products_5000.csv,P02373,synthetic
PRD0003393,Neutrogena,Neutrogena Daily Glycerin Moisturizer,moisturizer,combination-sensitive|sensitive,acne|oiliness,"glycerin, squalane",yes,yes,no,Weekly,,13.19,skincare_products_5000.csv,P01903,synthetic
PRD0003394,Neutrogena,Neutrogena Daily Glycerin Toner,toner,normal,barrier repair,glycerin,no,no,no,AM,,20.58,skincare_products_5000.csv,P01709,synthetic
PRD0003395,Neutrogena,Neutrogena Daily Niacinamide Cleanser,cleanser,oily,barrier repair,niacinamide,yes,yes,no,Weekly,,9.83,skincare_products_5000.csv,P04222,synthetic
PRD0003396,Neutrogena,Neutrogena Daily Niacinamide SPF 50,sunscreen,combination-sensitive|oily,barrier repair|dark spots|dryness,"niacinamide, vitamin e",yes,yes,no,AM,30.0,16.62,skincare_products_5000.csv,P01128,synthetic
PRD0003397,Neutrogena,Neutrogena Daily Niacinamide SPF 50,sunscreen,combination|oily|sensitive,barrier repair|dark spots|dryness,"niacinamide, avobenzone, octocrylene",yes,yes,no,AM,50.0,19.95,skincare_products_5000.csv,P00079,synthetic
PRD0003398,Neutrogena,Neutrogena Daily Niacinamide SPF 50,sunscreen,sensitive,aging|dehydration|sensitivity,"niacinamide, zinc oxide",yes,yes,no,AM,50.0,10.66,skincare_products_5000.csv,P01399,synthetic
PRD0003399,Neutrogena,Neutrogena Daily Niacinamide Serum,serum,combination|sensitive,acne|aging|sensitivity,"niacinamide, centella",yes,yes,no,AM/PM,,30.91,skincare_products_5000.csv,P02563,synthetic
PRD0003400,Neutrogena,Neutrogena Daily Octocrylene SPF 50,sunscreen,combination,dryness|oiliness,"octocrylene, vitamin e, titanium dioxide",yes,yes,no,AM,50.0,18.82,skincare_products_5000.csv,P01101,synthetic
PRD0003401,Neutrogena,Neutrogena Daily Octocrylene SPF 50,sunscreen,oily|sensitive,dark spots,"octocrylene, titanium dioxide, zinc oxide",no,yes,no,AM,50.0,18.74,skincare_products_5000.csv,P00512,synthetic
PRD0003402,Neutrogena,Neutrogena Daily Panthenol Moisturizer,moisturizer,sensitive,aging|barrier repair,panthenol,yes,yes,no,PM,,31.1,skincare_products_5000.csv,P00951,synthetic
PRD0003403,Neutrogena,Neutrogena Daily Panthenol Moisturizer,moisturizer,sensitive,oiliness,"panthenol, ceramides, glycerin",yes,yes,no,AM,,16.23,skincare_products_5000.csv,P04114,synthetic
PRD0003404,Neutrogena,Neutrogena Daily Retinol Treatment,treatment,combination|dry|oily,barrier repair|oiliness|redness,"retinol, azelaic acid, salicylic acid",yes,yes,no,PM,,34.23,skincare_products_5000.csv,P01169,synthetic
PRD0003405,Neutrogena,Neutrogena Daily Salicylic Acid Cleanser,cleanser,combination-sensitive|sensitive,aging,"salicylic acid, ceramides, niacinamide",no,yes,no,Weekly,,21.58,skincare_products_5000.csv,P04963,synthetic
PRD0003406,Neutrogena,Neutrogena Daily Squalane Moisturizer,moisturizer,normal,acne|aging|oiliness,squalane,yes,no,no,AM,,15.93,skincare_products_5000.csv,P01998,synthetic
PRD0003407,Neutrogena,Neutrogena Daily Squalane Moisturizer,moisturizer,normal,aging|dark spots|dehydration,"squalane, cholesterol",yes,no,no,Weekly,,30.35,skincare_products_5000.csv,P01912,synthetic
PRD0003408,Neutrogena,Neutrogena Daily Sulfur Mask,mask,combination-sensitive|dry|sensitive,dark spots|dehydration,"sulfur, hyaluronic acid, green tea",yes,no,no,AM,,27.86,skincare_products_5000.csv,P00548,synthetic
PRD0003409,Neutrogena,Neutrogena Daily Sulfur Mask,mask,normal,acne|dryness,sulfur,no,no,no,PM,,18.7,skincare_products_5000.csv,P00192,synthetic
PRD0003410,Neutrogena,Neutrogena Daily Vitamin C Serum,serum,combination-sensitive|dry|sensitive,aging|dehydration|oiliness,vitamin c,yes,yes,no,PM,,29.29,skincare_products_5000.csv,P00676,synthetic
PRD0003411,Neutrogena,Neutrogena Daily Vitamin E SPF 50,sunscreen,combination-sensitive,acne|dark spots,vitamin e,yes,no,no,AM,50.0,26.02,skincare_products_5000.csv,P04865,synthetic
PRD0003412,Neutrogena,Neutrogena Daily Zinc Oxide SPF 50,sunscreen,dry|oily,aging,"zinc oxide, vitamin e",yes,yes,no,AM,50.0,12.16,skincare_products_5000.csv,P04904,synthetic
PRD0003413,Neutrogena,Neutrogena Glow Adapalene Treatment,treatment,dry|sensitive,dehydration,"adapalene, azelaic acid, salicylic acid",yes,no,no,Weekly,,9.48,skincare_products_5000.csv,P04903,synthetic
PRD0003414,Neutrogena,Neutrogena Glow Avobenzone SPF 50,sunscreen,dry|normal,barrier repair|oiliness,"avobenzone, vitamin e",yes,yes,no,AM,50.0,13.0,skincare_products_5000.csv,P03843,synthetic
PRD0003415,Neutrogena,Neutrogena Glow Azelaic Acid Treatment,treatment,combination|combination-sensitive|oily,acne,"azelaic acid, adapalene",yes,yes,yes,Weekly,,26.89,skincare_products_5000.csv,P03060,synthetic
PRD0003416,Neutrogena,Neutrogena Glow Centella Cleanser,cleanser,combination|combination-sensitive|sensitive,dark spots|oiliness,"centella, glycerin",yes,yes,no,AM,,12.32,skincare_products_5000.csv,P04650,synthetic
PRD0003417,Neutrogena,Neutrogena Glow Ceramides Cleanser,cleanser,combination|combination-sensitive|dry,aging|sensitivity,"ceramides, centella",no,yes,no,Weekly,,13.37,skincare_products_5000.csv,P02736,synthetic
PRD0003418,Neutrogena,Neutrogena Glow Ceramides Cleanser,cleanser,sensitive,aging|dehydration|dryness,"ceramides, niacinamide",yes,no,no,AM/PM,,15.1,skincare_products_5000.csv,P01947,synthetic
PRD0003419,Neutrogena,Neutrogena Glow Ceramides Moisturizer,moisturizer,combination-sensitive,oiliness,"ceramides, panthenol, glycerin",yes,no,no,Weekly,,27.4,skincare_products_5000.csv,P01510,synthetic
PRD0003420,Neutrogena,Neutrogena Glow Ceramides Moisturizer,moisturizer,dry|oily,acne|aging|dehydration,ceramides,yes,yes,no,Weekly,,30.45,skincare_products_5000.csv,P04925,synthetic
PRD0003421,Neutrogena,Neutrogena Glow Cholesterol Moisturizer,moisturizer,combination-sensitive,acne|dark spots|oiliness,cholesterol,yes,yes,no,AM/PM,,13.69,skincare_products_5000.csv,P00307,synthetic
PRD0003422,Neutrogena,Neutrogena Glow Cholesterol Moisturizer,moisturizer,combination-sensitive,dryness,"cholesterol, urea",yes,yes,no,PM,,26.53,skincare_products_5000.csv,P01819,synthetic
PRD0003423,Neutrogena,Neutrogena Glow Glycerin Cleanser,cleanser,combination-sensitive|dry|normal,aging|barrier repair|sensitivity,"glycerin, betaine",yes,no,no,AM/PM,,11.83,skincare_products_5000.csv,P03347,synthetic
PRD0003424,Neutrogena,Neutrogena Glow Glycerin Cleanser,cleanser,combination|normal|sensitive,aging|oiliness|redness,"glycerin, betaine",yes,no,no,AM/PM,,9.59,skincare_products_5000.csv,P01096,synthetic
PRD0003425,Neutrogena,Neutrogena Glow Glycerin Moisturizer,moisturizer,combination-sensitive|dry|normal,dark spots|oiliness|redness,glycerin,yes,yes,no,AM,,17.24,skincare_products_5000.csv,P04241,synthetic
PRD0003426,Neutrogena,Neutrogena Glow Glycerin Moisturizer,moisturizer,combination-sensitive|normal|oily,acne|dehydration|sensitivity,"glycerin, squalane, urea",yes,yes,no,PM,,24.15,skincare_products_5000.csv,P04249,synthetic
PRD0003427,Neutrogena,Neutrogena Glow Glycerin Moisturizer,moisturizer,combination-sensitive|oily|sensitive,barrier repair|dark spots|oiliness,"glycerin, urea",no,yes,no,AM/PM,,21.11,skincare_products_5000.csv,P03868,synthetic
PRD0003428,Neutrogena,Neutrogena Glow Glycerin Moisturizer,moisturizer,oily,acne|aging|oiliness,glycerin,no,yes,no,PM,,34.19,skincare_products_5000.csv,P04915,synthetic
PRD0003429,Neutrogena,Neutrogena Glow Glycerin Toner,toner,oily|sensitive,barrier repair|dark spots,glycerin,yes,no,no,PM,,11.89,skincare_products_5000.csv,P00379,synthetic
PRD0003430,Neutrogena,Neutrogena Glow Hyaluronic Acid Serum,serum,normal|sensitive,dehydration,hyaluronic acid,no,yes,no,AM,,20.13,skincare_products_5000.csv,P01261,synthetic
PRD0003431,Neutrogena,Neutrogena Glow Niacinamide SPF 50,sunscreen,normal,acne|barrier repair|dryness,"niacinamide, octocrylene, vitamin e",yes,no,no,AM,50.0,21.15,skincare_products_5000.csv,P01055,synthetic
PRD0003432,Neutrogena,Neutrogena Glow Niacinamide Serum,serum,sensitive,aging|oiliness|sensitivity,"niacinamide, hyaluronic acid, centella",yes,no,no,PM,,24.06,skincare_products_5000.csv,P01461,synthetic
PRD0003433,Neutrogena,Neutrogena Glow Oat Extract Mask,mask,combination,dark spots|sensitivity,"oat extract, centella",yes,no,no,AM,,17.92,skincare_products_5000.csv,P02333,synthetic
PRD0003434,Neutrogena,Neutrogena Glow Oat Extract Mask,mask,combination-sensitive|normal,dehydration,"oat extract, green tea, hyaluronic acid",yes,no,no,PM,,15.94,skincare_products_5000.csv,P02998,synthetic
PRD0003435,Neutrogena,Neutrogena Glow Pha Toner,toner,dry|oily|sensitive,dehydration|redness|sensitivity,"pha, niacinamide",yes,no,no,Weekly,,17.76,skincare_products_5000.csv,P00317,synthetic
PRD0003436,Neutrogena,Neutrogena Glow Retinol Treatment,treatment,normal,barrier repair|sensitivity,"retinol, adapalene",yes,yes,no,PM,,16.18,skincare_products_5000.csv,P01956,synthetic
PRD0003437,Neutrogena,Neutrogena Glow Squalane Moisturizer,moisturizer,combination-sensitive,dark spots|dryness|oiliness,"squalane, urea, glycerin",yes,no,no,AM,,30.22,skincare_products_5000.csv,P01122,synthetic
PRD0003438,Neutrogena,Neutrogena Glow Sulfur Mask,mask,combination-sensitive|sensitive,aging|dehydration|dryness,"sulfur, green tea",no,no,no,PM,,24.0,skincare_products_5000.csv,P00589,synthetic
PRD0003439,Neutrogena,Neutrogena Glow Sulfur Mask,mask,dry|normal,aging|dryness|sensitivity,"sulfur, centella",yes,no,no,PM,,21.13,skincare_products_5000.csv,P00552,synthetic
PRD0003440,Neutrogena,Neutrogena Glow Sulfur Mask,mask,oily|sensitive,aging|dehydration|oiliness,"sulfur, centella",yes,no,no,AM,,18.26,skincare_products_5000.csv,P02102,synthetic
PRD0003441,Neutrogena,Neutrogena Glow Titanium Dioxide SPF 50,sunscreen,combination-sensitive|dry|sensitive,dehydration|sensitivity,titanium dioxide,yes,yes,no,AM,50.0,28.9,skincare_products_5000.csv,P00113,synthetic
PRD0003442,Neutrogena,Neutrogena Glow Vitamin E SPF 50,sunscreen,dry|oily|sensitive,barrier repair|dryness|redness,"vitamin e, octocrylene",yes,yes,no,AM,50.0,28.03,skincare_products_5000.csv,P02315,synthetic
PRD0003443,Neutrogena,Neutrogena Glow Zinc Oxide SPF 50,sunscreen,dry|oily,barrier repair|dehydration|dryness,"zinc oxide, titanium dioxide",no,yes,no,AM,50.0,16.05,skincare_products_5000.csv,P02217,synthetic
PRD0003444,Neutrogena,Neutrogena Hydra Avobenzone SPF 50,sunscreen,combination-sensitive,aging|dehydration,"avobenzone, niacinamide, vitamin e",yes,yes,no,AM,50.0,13.3,skincare_products_5000.csv,P04286,synthetic
PRD0003445,Neutrogena,Neutrogena Hydra Avobenzone SPF 50,sunscreen,combination-sensitive|sensitive,dark spots,"avobenzone, niacinamide, vitamin e",yes,no,no,AM,50.0,16.34,skincare_products_5000.csv,P00304,synthetic
PRD0003446,Neutrogena,Neutrogena Hydra Azelaic Acid Serum,serum,combination|sensitive,acne|dryness,"azelaic acid, hyaluronic acid",yes,yes,no,PM,,15.04,skincare_products_5000.csv,P02855,synthetic
PRD0003447,Neutrogena,Neutrogena Hydra Azelaic Acid Treatment,treatment,combination-sensitive|normal,dehydration|oiliness|redness,"azelaic acid, benzoyl peroxide, sulfur",yes,no,no,Weekly,,34.19,skincare_products_5000.csv,P02898,synthetic
PRD0003448,Neutrogena,Neutrogena Hydra Betaine Cleanser,cleanser,dry|normal|oily,acne|oiliness,"betaine, niacinamide, centella",yes,yes,no,Weekly,,10.41,skincare_products_5000.csv,P01623,synthetic
PRD0003449,Neutrogena,Neutrogena Hydra Ceramides Moisturizer,moisturizer,combination|combination-sensitive|normal,dryness|oiliness,"ceramides, cholesterol, squalane",yes,yes,no,Weekly,,27.85,skincare_products_5000.csv,P02420,synthetic
PRD0003450,Neutrogena,Neutrogena Hydra Ceramides Moisturizer,moisturizer,combination|dry|normal,acne|aging|dark spots,"ceramides, cholesterol",yes,no,no,AM,,26.03,skincare_products_5000.csv,P03405,synthetic
PRD0003451,Neutrogena,Neutrogena Hydra Cholesterol Moisturizer,moisturizer,dry|sensitive,barrier repair,"cholesterol, ceramides, urea",no,no,no,AM/PM,,12.52,skincare_products_5000.csv,P02392,synthetic
PRD0003452,Neutrogena,Neutrogena Hydra Glycerin Moisturizer,moisturizer,combination|dry|sensitive,dryness,glycerin,no,yes,no,Weekly,,26.19,skincare_products_5000.csv,P01559,synthetic
PRD0003453,Neutrogena,Neutrogena Hydra Glycerin Moisturizer,moisturizer,oily,acne,"glycerin, panthenol, cholesterol",yes,no,no,Weekly,,32.08,skincare_products_5000.csv,P03654,synthetic
PRD0003454,Neutrogena,Neutrogena Hydra Glycerin Toner,toner,normal|sensitive,aging|dehydration|redness,"glycerin, beta-glucan, centella",yes,no,no,PM,,12.82,skincare_products_5000.csv,P01908,synthetic
PRD0003455,Neutrogena,Neutrogena Hydra Green Tea Mask,mask,combination|combination-sensitive,redness,green tea,no,no,no,AM/PM,,27.17,skincare_products_5000.csv,P03434,synthetic
PRD0003456,Neutrogena,Neutrogena Hydra Hyaluronic Acid Mask,mask,combination-sensitive,acne|dehydration|dryness,"hyaluronic acid, sulfur, clay",no,no,no,AM,,16.39,skincare_products_5000.csv,P01329,synthetic
PRD0003457,Neutrogena,Neutrogena Hydra Hyaluronic Acid Mask,mask,combination|normal|oily,aging|oiliness|redness,"hyaluronic acid, centella, oat extract",yes,no,no,Weekly,,15.37,skincare_products_5000.csv,P04344,synthetic
PRD0003458,Neutrogena,Neutrogena Hydra Niacinamide Cleanser,cleanser,combination-sensitive|oily,redness,"niacinamide, salicylic acid, ceramides",yes,yes,no,PM,,15.06,skincare_products_5000.csv,P01878,synthetic
PRD0003459,Neutrogena,Neutrogena Hydra Niacinamide Toner,toner,combination-sensitive|dry,aging|dehydration,"niacinamide, glycerin",yes,no,no,PM,,13.85,skincare_products_5000.csv,P00899,synthetic
PRD0003460,Neutrogena,Neutrogena Hydra Oat Extract Mask,mask,combination-sensitive,dryness,oat extract,no,no,no,PM,,17.65,skincare_products_5000.csv,P03938,synthetic
PRD0003461,Neutrogena,Neutrogena Hydra Octocrylene SPF 50,sunscreen,combination|dry|sensitive,sensitivity,"octocrylene, titanium dioxide",no,yes,no,AM,50.0,13.69,skincare_products_5000.csv,P00600,synthetic
PRD0003462,Neutrogena,Neutrogena Hydra Panthenol Moisturizer,moisturizer,combination|dry|oily,dryness|oiliness,"panthenol, cholesterol",yes,no,no,AM/PM,,18.61,skincare_products_5000.csv,P01775,synthetic
PRD0003463,Neutrogena,Neutrogena Hydra Pha Toner,toner,combination,barrier repair,pha,yes,no,no,AM/PM,,21.87,skincare_products_5000.csv,P04629,synthetic
PRD0003464,Neutrogena,Neutrogena Hydra Retinol Treatment,treatment,oily,dark spots,retinol,yes,no,no,AM,,34.53,skincare_products_5000.csv,P00819,synthetic
PRD0003465,Neutrogena,Neutrogena Hydra Squalane Moisturizer,moisturizer,combination-sensitive|normal|sensitive,oiliness,"squalane, cholesterol",yes,yes,no,AM/PM,,20.77,skincare_products_5000.csv,P03971,synthetic
PRD0003466,Neutrogena,Neutrogena Hydra Squalane Moisturizer,moisturizer,dry|oily|sensitive,aging,"squalane, panthenol, urea",no,yes,no,Weekly,,22.9,skincare_products_5000.csv,P01006,synthetic
PRD0003467,Neutrogena,Neutrogena Hydra Urea Moisturizer,moisturizer,sensitive,dryness|redness,"urea, ceramides, squalane",no,yes,no,PM,,19.47,skincare_products_5000.csv,P03055,synthetic
PRD0003468,Neutrogena,Neutrogena Hydra Zinc Oxide SPF 50,sunscreen,normal,barrier repair|dehydration|oiliness,"zinc oxide, niacinamide",no,yes,no,AM,50.0,15.3,skincare_products_5000.csv,P00085,synthetic
PRD0003469,Neutrogena,Neutrogena Pure Centella Serum,serum,dry|sensitive,barrier repair,"centella, vitamin c, peptides",yes,no,no,Weekly,,35.62,skincare_products_5000.csv,P00834,synthetic
PRD0003470,Neutrogena,Neutrogena Pure Ceramides Cleanser,cleanser,dry,aging|oiliness|redness,ceramides,yes,no,no,AM,,22.73,skincare_products_5000.csv,P03874,synthetic
PRD0003471,Neutrogena,Neutrogena Pure Ceramides Moisturizer,moisturizer,combination|oily,dryness,ceramides,yes,no,no,AM/PM,,31.54,skincare_products_5000.csv,P04361,synthetic
PRD0003472,Neutrogena,Neutrogena Pure Ceramides Moisturizer,moisturizer,dry,aging|dryness,"ceramides, cholesterol, urea",yes,yes,no,AM/PM,,17.07,skincare_products_5000.csv,P03887,synthetic
PRD0003473,Neutrogena,Neutrogena Pure Cholesterol Moisturizer,moisturizer,dry,barrier repair,cholesterol,no,yes,no,AM/PM,,14.58,skincare_products_5000.csv,P01648,synthetic
PRD0003474,Neutrogena,Neutrogena Pure Glycerin Moisturizer,moisturizer,combination-sensitive|dry,aging|dryness,"glycerin, ceramides",yes,no,no,Weekly,,25.39,skincare_products_5000.csv,P01078,synthetic
PRD0003475,Neutrogena,Neutrogena Pure Hyaluronic Acid Serum,serum,combination-sensitive,dehydration,hyaluronic acid,yes,no,no,AM,,37.42,skincare_products_5000.csv,P00125,synthetic
PRD0003476,Neutrogena,Neutrogena Pure Niacinamide Cleanser,cleanser,combination-sensitive|oily|sensitive,barrier repair|dehydration|dryness,niacinamide,yes,no,no,PM,,21.96,skincare_products_5000.csv,P04096,synthetic
PRD0003477,Neutrogena,Neutrogena Pure Niacinamide Serum,serum,combination|normal,oiliness|sensitivity,"niacinamide, centella, retinol",yes,no,no,Weekly,,33.45,skincare_products_5000.csv,P01900,synthetic
PRD0003478,Neutrogena,Neutrogena Pure Oat Extract Mask,mask,combination-sensitive|sensitive,acne|aging|dryness,"oat extract, centella",yes,no,no,PM,,13.63,skincare_products_5000.csv,P03723,synthetic
PRD0003479,Neutrogena,Neutrogena Pure Octocrylene SPF 50,sunscreen,combination|sensitive,dryness,"octocrylene, niacinamide",yes,yes,no,AM,50.0,22.94,skincare_products_5000.csv,P03865,synthetic
PRD0003480,Neutrogena,Neutrogena Pure Panthenol Moisturizer,moisturizer,combination|normal,dark spots|sensitivity,panthenol,no,yes,no,PM,,24.34,skincare_products_5000.csv,P02416,synthetic
PRD0003481,Neutrogena,Neutrogena Pure Peptides Serum,serum,combination-sensitive|sensitive,acne|dark spots|sensitivity,peptides,no,yes,no,AM,,25.01,skincare_products_5000.csv,P02125,synthetic
PRD0003482,Neutrogena,Neutrogena Pure Retinol Serum,serum,dry|oily|sensitive,redness|sensitivity,"retinol, hyaluronic acid",yes,yes,no,Weekly,,40.32,skincare_products_5000.csv,P02296,synthetic
PRD0003483,Neutrogena,Neutrogena Pure Retinol Treatment,treatment,dry,aging|oiliness|redness,"retinol, benzoyl peroxide",yes,yes,no,AM/PM,,14.16,skincare_products_5000.csv,P01506,synthetic
PRD0003484,Neutrogena,Neutrogena Pure Retinol Treatment,treatment,dry,dehydration|dryness|oiliness,retinol,no,yes,no,Weekly,,32.59,skincare_products_5000.csv,P04930,synthetic
PRD0003485,Neutrogena,Neutrogena Pure Salicylic Acid Treatment,treatment,normal,aging|oiliness|sensitivity,"salicylic acid, adapalene",yes,yes,yes,PM,,26.72,skincare_products_5000.csv,P03073,synthetic
PRD0003486,Neutrogena,Neutrogena Pure Sulfur Treatment,treatment,combination-sensitive|sensitive,aging|dehydration|sensitivity,"sulfur, benzoyl peroxide, azelaic acid",yes,yes,no,PM,,32.27,skincare_products_5000.csv,P03048,synthetic
PRD0003487,Neutrogena,Neutrogena Repair Adapalene Treatment,treatment,combination|combination-sensitive|normal,dark spots|sensitivity,"adapalene, salicylic acid",no,yes,no,AM/PM,,21.56,skincare_products_5000.csv,P03004,synthetic
PRD0003488,Neutrogena,Neutrogena Repair Avobenzone SPF 50,sunscreen,normal|oily,barrier repair|oiliness,"avobenzone, vitamin e",no,yes,no,AM,30.0,29.39,skincare_products_5000.csv,P03375,synthetic
PRD0003489,Neutrogena,Neutrogena Repair Azelaic Acid Serum,serum,combination-sensitive|normal|sensitive,barrier repair|oiliness,"azelaic acid, vitamin c, hyaluronic acid",yes,yes,no,AM,,31.96,skincare_products_5000.csv,P02548,synthetic
PRD0003490,Neutrogena,Neutrogena Repair Azelaic Acid Treatment,treatment,combination,acne|dark spots|dryness,"azelaic acid, salicylic acid",yes,no,no,PM,,24.2,skincare_products_5000.csv,P02749,synthetic
PRD0003491,Neutrogena,Neutrogena Repair Beta-Glucan Toner,toner,combination-sensitive|dry|oily,dehydration|redness|sensitivity,"beta-glucan, pha",yes,no,no,PM,,13.79,skincare_products_5000.csv,P00038,synthetic
PRD0003492,Neutrogena,Neutrogena Repair Centella Cleanser,cleanser,dry|oily|sensitive,barrier repair|dehydration|oiliness,centella,no,yes,no,PM,,8.64,skincare_products_5000.csv,P03840,synthetic
PRD0003493,Neutrogena,Neutrogena Repair Centella Mask,mask,dry,dehydration|redness,"centella, clay, oat extract",no,no,no,Weekly,,27.46,skincare_products_5000.csv,P03809,synthetic
PRD0003494,Neutrogena,Neutrogena Repair Ceramides Moisturizer,moisturizer,dry|oily,acne|sensitivity,"ceramides, glycerin",no,yes,no,AM,,23.42,skincare_products_5000.csv,P01781,synthetic
PRD0003495,Neutrogena,Neutrogena Repair Cholesterol Moisturizer,moisturizer,combination-sensitive,dehydration|oiliness|redness,"cholesterol, urea, glycerin",no,yes,no,AM,,28.01,skincare_products_5000.csv,P02444,synthetic
PRD0003496,Neutrogena,Neutrogena Repair Cholesterol Moisturizer,moisturizer,sensitive,dryness,cholesterol,no,yes,no,PM,,10.43,skincare_products_5000.csv,P01445,synthetic
PRD0003497,Neutrogena,Neutrogena Repair Glycerin Toner,toner,combination-sensitive,oiliness,glycerin,yes,no,no,AM,,18.32,skincare_products_5000.csv,P00835,synthetic
PRD0003498,Neutrogena,Neutrogena Repair Glycerin Toner,toner,combination|combination-sensitive|sensitive,aging|dehydration|sensitivity,"glycerin, panthenol, centella",no,no,no,Weekly,,9.89,skincare_products_5000.csv,P00706,synthetic
PRD0003499,Neutrogena,Neutrogena Repair Green Tea Mask,mask,combination|dry|sensitive,redness|sensitivity,"green tea, hyaluronic acid",no,no,no,Weekly,,13.93,skincare_products_5000.csv,P03408,synthetic
PRD0003500,Neutrogena,Neutrogena Repair Hyaluronic Acid Serum,serum,combination-sensitive|normal|sensitive,dehydration|oiliness,hyaluronic acid,no,yes,no,Weekly,,10.31,skincare_products_5000.csv,P03027,synthetic
PRD0003501,Neutrogena,Neutrogena Repair Niacinamide Toner,toner,combination-sensitive|dry|normal,dark spots|oiliness,"niacinamide, panthenol",yes,no,no,PM,,18.73,skincare_products_5000.csv,P03452,synthetic
PRD0003502,Neutrogena,Neutrogena Repair Panthenol Moisturizer,moisturizer,combination,oiliness,"panthenol, urea",yes,no,no,Weekly,,32.44,skincare_products_5000.csv,P00944,synthetic
PRD0003503,Neutrogena,Neutrogena Repair Panthenol Moisturizer,moisturizer,combination|normal,dehydration|dryness|sensitivity,"panthenol, cholesterol",yes,yes,no,Weekly,,19.5,skincare_products_5000.csv,P04857,synthetic
PRD0003504,Neutrogena,Neutrogena Repair Panthenol Toner,toner,combination-sensitive|sensitive,oiliness,panthenol,yes,no,no,AM,,14.75,skincare_products_5000.csv,P02503,synthetic
PRD0003505,Neutrogena,Neutrogena Repair Peptides Serum,serum,dry|normal|oily,dehydration|redness|sensitivity,"peptides, azelaic acid, centella",yes,yes,no,AM/PM,,26.78,skincare_products_5000.csv,P01073,synthetic
PRD0003506,Neutrogena,Neutrogena Repair Pha Toner,toner,combination|dry|normal,dark spots,"pha, niacinamide, glycerin",no,no,no,AM/PM,,22.21,skincare_products_5000.csv,P04045,synthetic
PRD0003507,Neutrogena,Neutrogena Repair Retinol Treatment,treatment,normal|oily,acne|sensitivity,retinol,yes,no,no,Weekly,,15.94,skincare_products_5000.csv,P02665,synthetic
PRD0003508,Neutrogena,Neutrogena Repair Salicylic Acid Cleanser,cleanser,dry,aging|dehydration|sensitivity,"salicylic acid, niacinamide",yes,yes,no,AM,,18.47,skincare_products_5000.csv,P03333,synthetic
PRD0003509,Neutrogena,Neutrogena Repair Salicylic Acid Cleanser,cleanser,dry|normal|oily,oiliness,"salicylic acid, niacinamide, betaine",no,yes,no,AM/PM,,19.0,skincare_products_5000.csv,P04257,synthetic
PRD0003510,Neutrogena,Neutrogena Repair Squalane Moisturizer,moisturizer,combination,dryness|sensitivity,"squalane, panthenol, cholesterol",yes,no,no,PM,,26.98,skincare_products_5000.csv,P02206,synthetic
PRD0003511,Neutrogena,Neutrogena Repair Squalane Moisturizer,moisturizer,combination-sensitive|normal|oily,dehydration,squalane,yes,yes,no,PM,,24.21,skincare_products_5000.csv,P04607,synthetic
PRD0003512,Neutrogena,Neutrogena Repair Sulfur Treatment,treatment,combination|combination-sensitive,barrier repair|oiliness|redness,"sulfur, adapalene",yes,yes,yes,AM/PM,,14.0,skincare_products_5000.csv,P03617,synthetic
PRD0003513,Neutrogena,Neutrogena Repair Titanium Dioxide SPF 50,sunscreen,dry|normal,barrier repair|dehydration,"titanium dioxide, niacinamide, vitamin e",no,yes,no,AM,50.0,20.27,skincare_products_5000.csv,P00864,synthetic
PRD0003514,Neutrogena,Neutrogena Repair Vitamin C Serum,serum,combination-sensitive|normal|oily,acne|oiliness,"vitamin c, hyaluronic acid",no,yes,no,AM/PM,,25.72,skincare_products_5000.csv,P02922,synthetic
PRD0003515,Paula's Choice,Paula's Choice Advanced Azelaic Acid Serum,serum,combination|combination-sensitive|sensitive,sensitivity,azelaic acid,yes,yes,no,AM,,32.77,skincare_products_5000.csv,P01891,synthetic
PRD0003516,Paula's Choice,Paula's Choice Advanced Beta-Glucan Toner,toner,combination|dry,aging|barrier repair|dryness,beta-glucan,no,no,no,AM,,19.65,skincare_products_5000.csv,P01062,synthetic
PRD0003517,Paula's Choice,Paula's Choice Advanced Centella Cleanser,cleanser,normal,aging|dehydration|dryness,"centella, salicylic acid",yes,yes,no,PM,,22.07,skincare_products_5000.csv,P01335,synthetic
PRD0003518,Paula's Choice,Paula's Choice Advanced Ceramides Cleanser,cleanser,combination-sensitive|sensitive,barrier repair|dryness,"ceramides, betaine, glycerin",yes,yes,no,AM/PM,,17.2,skincare_products_5000.csv,P04631,synthetic
PRD0003519,Paula's Choice,Paula's Choice Advanced Ceramides Moisturizer,moisturizer,oily,aging|redness,"ceramides, cholesterol, urea",yes,yes,no,AM,,20.53,skincare_products_5000.csv,P02884,synthetic
PRD0003520,Paula's Choice,Paula's Choice Advanced Niacinamide Serum,serum,combination|combination-sensitive,dark spots|redness,"niacinamide, centella, retinol",yes,yes,no,AM,,24.62,skincare_products_5000.csv,P02964,synthetic
PRD0003521,Paula's Choice,Paula's Choice Advanced Niacinamide Serum,serum,normal,acne|sensitivity,"niacinamide, retinol",yes,yes,no,PM,,43.71,skincare_products_5000.csv,P02902,synthetic
PRD0003522,Paula's Choice,Paula's Choice Advanced Pha Toner,toner,combination,dark spots|dehydration|dryness,pha,yes,no,no,Weekly,,9.94,skincare_products_5000.csv,P01195,synthetic
PRD0003523,Paula's Choice,Paula's Choice Advanced Retinol Treatment,treatment,combination|oily,aging|dehydration|dryness,retinol,yes,yes,no,AM/PM,,22.76,skincare_products_5000.csv,P01375,synthetic
PRD0003524,Paula's Choice,Paula's Choice Advanced Squalane Moisturizer,moisturizer,combination|combination-sensitive|sensitive,dryness|redness,squalane,yes,no,no,PM,,29.67,skincare_products_5000.csv,P00233,synthetic
PRD0003525,Paula's Choice,Paula's Choice Advanced Squalane Moisturizer,moisturizer,combination|dry|normal,aging|dehydration|dryness,"squalane, ceramides, panthenol",yes,yes,no,AM/PM,,27.41,skincare_products_5000.csv,P01876,synthetic
PRD0003526,Paula's Choice,Paula's Choice Advanced Squalane Moisturizer,moisturizer,normal|oily,dark spots|dehydration,"squalane, ceramides, glycerin",yes,yes,no,AM,,13.65,skincare_products_5000.csv,P02489,synthetic
PRD0003527,Paula's Choice,Paula's Choice Advanced Urea Moisturizer,moisturizer,combination|combination-sensitive|normal,dehydration,"urea, ceramides",no,yes,no,AM,,27.9,skincare_products_5000.csv,P02041,synthetic
PRD0003528,Paula's Choice,Paula's Choice Advanced Vitamin C Serum,serum,combination-sensitive|dry,acne|dark spots,"vitamin c, hyaluronic acid, peptides",yes,yes,no,AM/PM,,9.8,skincare_products_5000.csv,P04265,synthetic
PRD0003529,Paula's Choice,Paula's Choice Advanced Vitamin E SPF 50,sunscreen,combination-sensitive|sensitive,dryness,"vitamin e, niacinamide",yes,yes,no,AM,30.0,13.51,skincare_products_5000.csv,P00165,synthetic
PRD0003530,Paula's Choice,Paula's Choice Advanced Vitamin E SPF 50,sunscreen,normal|sensitive,acne|dark spots,vitamin e,yes,yes,no,AM,50.0,27.01,skincare_products_5000.csv,P00450,synthetic
PRD0003531,Paula's Choice,Paula's Choice Balance Adapalene Treatment,treatment,oily|sensitive,aging|dark spots,"adapalene, retinol",yes,yes,no,PM,,31.46,skincare_products_5000.csv,P01259,synthetic
PRD0003532,Paula's Choice,Paula's Choice Balance Avobenzone SPF 50,sunscreen,combination|dry|normal,acne|dryness|redness,avobenzone,no,yes,no,AM,30.0,10.67,skincare_products_5000.csv,P02040,synthetic
PRD0003533,Paula's Choice,Paula's Choice Balance Ceramides Cleanser,cleanser,combination|dry,acne|aging|dark spots,ceramides,yes,no,no,Weekly,,23.59,skincare_products_5000.csv,P02160,synthetic
PRD0003534,Paula's Choice,Paula's Choice Balance Ceramides Moisturizer,moisturizer,combination|combination-sensitive|dry,aging|dark spots,ceramides,yes,yes,no,Weekly,,13.42,skincare_products_5000.csv,P00855,synthetic
PRD0003535,Paula's Choice,Paula's Choice Balance Glycerin Cleanser,cleanser,combination-sensitive|dry|normal,aging|dehydration|oiliness,glycerin,yes,yes,no,AM/PM,,9.87,skincare_products_5000.csv,P03523,synthetic
PRD0003536,Paula's Choice,Paula's Choice Balance Glycerin Cleanser,cleanser,dry|sensitive,dark spots|dryness,"glycerin, ceramides, centella",yes,yes,no,PM,,12.87,skincare_products_5000.csv,P03841,synthetic
PRD0003537,Paula's Choice,Paula's Choice Balance Glycerin Moisturizer,moisturizer,dry|normal,acne|redness,"glycerin, cholesterol, urea",no,yes,no,Weekly,,28.78,skincare_products_5000.csv,P04771,synthetic
PRD0003538,Paula's Choice,Paula's Choice Balance Hyaluronic Acid Mask,mask,normal,barrier repair,"hyaluronic acid, centella",yes,no,no,AM/PM,,26.13,skincare_products_5000.csv,P02632,synthetic
PRD0003539,Paula's Choice,Paula's Choice Balance Niacinamide Cleanser,cleanser,normal,dryness,"niacinamide, centella, salicylic acid",yes,no,no,AM/PM,,23.48,skincare_products_5000.csv,P02007,synthetic
PRD0003540,Paula's Choice,Paula's Choice Balance Niacinamide SPF 50,sunscreen,combination-sensitive,acne,niacinamide,yes,yes,no,AM,50.0,25.46,skincare_products_5000.csv,P01618,synthetic
PRD0003541,Paula's Choice,Paula's Choice Balance Niacinamide Toner,toner,combination-sensitive|dry,barrier repair|dark spots|dryness,"niacinamide, glycerin, beta-glucan",yes,no,no,AM/PM,,14.35,skincare_products_5000.csv,P03551,synthetic
PRD0003542,Paula's Choice,Paula's Choice Balance Octocrylene SPF 50,sunscreen,combination|dry,aging|dryness,"octocrylene, niacinamide, titanium dioxide",yes,yes,no,AM,50.0,22.08,skincare_products_5000.csv,P04739,synthetic
PRD0003543,Paula's Choice,Paula's Choice Balance Panthenol Moisturizer,moisturizer,combination|oily|sensitive,barrier repair|dryness|sensitivity,panthenol,yes,yes,no,PM,,21.84,skincare_products_5000.csv,P03513,synthetic
PRD0003544,Paula's Choice,Paula's Choice Balance Panthenol Moisturizer,moisturizer,normal|oily|sensitive,acne|dehydration|oiliness,panthenol,yes,yes,no,AM/PM,,19.89,skincare_products_5000.csv,P04577,synthetic
PRD0003545,Paula's Choice,Paula's Choice Balance Pha Toner,toner,sensitive,dryness|oiliness,"pha, glycerin",yes,no,no,AM,,10.49,skincare_products_5000.csv,P03890,synthetic
PRD0003546,Paula's Choice,Paula's Choice Balance Retinol Serum,serum,combination-sensitive,dark spots|oiliness|redness,"retinol, vitamin c, niacinamide",no,yes,no,AM/PM,,27.91,skincare_products_5000.csv,P00299,synthetic
PRD0003547,Paula's Choice,Paula's Choice Balance Retinol Serum,serum,dry|normal|sensitive,barrier repair,"retinol, niacinamide, centella",yes,yes,no,AM,,37.56,skincare_products_5000.csv,P02042,synthetic
PRD0003548,Paula's Choice,Paula's Choice Balance Salicylic Acid Cleanser,cleanser,combination|oily,barrier repair,"salicylic acid, centella, glycerin",yes,yes,no,AM/PM,,19.04,skincare_products_5000.csv,P03571,synthetic
PRD0003549,Paula's Choice,Paula's Choice Balance Squalane Moisturizer,moisturizer,combination-sensitive|sensitive,redness,"squalane, panthenol",yes,yes,no,AM/PM,,31.44,skincare_products_5000.csv,P03447,synthetic
PRD0003550,Paula's Choice,Paula's Choice Balance Squalane Moisturizer,moisturizer,oily,barrier repair,"squalane, cholesterol",yes,yes,no,PM,,15.29,skincare_products_5000.csv,P02268,synthetic
PRD0003551,Paula's Choice,Paula's Choice Balance Squalane Moisturizer,moisturizer,sensitive,aging|dark spots|sensitivity,"squalane, ceramides, cholesterol",yes,yes,no,AM/PM,,13.96,skincare_products_5000.csv,P00843,synthetic
PRD0003552,Paula's Choice,Paula's Choice Balance Sulfur Mask,mask,dry,sensitivity,"sulfur, green tea, clay",yes,no,no,Weekly,,8.94,skincare_products_5000.csv,P02669,synthetic
PRD0003553,Paula's Choice,Paula's Choice Balance Titanium Dioxide SPF 50,sunscreen,combination-sensitive,barrier repair,"titanium dioxide, octocrylene",no,yes,no,AM,50.0,25.22,skincare_products_5000.csv,P01915,synthetic
PRD0003554,Paula's Choice,Paula's Choice Barrier Azelaic Acid Serum,serum,combination|combination-sensitive|sensitive,barrier repair,azelaic acid,no,yes,no,Weekly,,30.87,skincare_products_5000.csv,P03592,synthetic
PRD0003555,Paula's Choice,Paula's Choice Barrier Azelaic Acid Treatment,treatment,combination|oily,acne|dehydration|oiliness,azelaic acid,no,yes,no,AM,,12.51,skincare_products_5000.csv,P02591,synthetic
PRD0003556,Paula's Choice,Paula's Choice Barrier Beta-Glucan Toner,toner,dry|normal,redness,beta-glucan,no,no,no,AM,,14.61,skincare_products_5000.csv,P03445,synthetic
PRD0003557,Paula's Choice,Paula's Choice Barrier Centella Mask,mask,combination-sensitive,acne|sensitivity,"centella, hyaluronic acid, sulfur",no,no,no,AM/PM,,22.37,skincare_products_5000.csv,P01826,synthetic
PRD0003558,Paula's Choice,Paula's Choice Barrier Centella Toner,toner,combination|oily|sensitive,oiliness,centella,yes,no,no,AM/PM,,13.57,skincare_products_5000.csv,P01587,synthetic
PRD0003559,Paula's Choice,Paula's Choice Barrier Ceramides Moisturizer,moisturizer,combination|combination-sensitive|normal,aging,"ceramides, glycerin, urea",yes,yes,no,AM/PM,,14.05,skincare_products_5000.csv,P04261,synthetic
PRD0003560,Paula's Choice,Paula's Choice Barrier Cholesterol Moisturizer,moisturizer,combination-sensitive,dark spots,cholesterol,yes,yes,no,AM,,11.45,skincare_products_5000.csv,P03184,synthetic
PRD0003561,Paula's Choice,Paula's Choice Barrier Glycerin Cleanser,cleanser,combination|normal|sensitive,redness,glycerin,yes,yes,no,PM,,12.33,skincare_products_5000.csv,P01501,synthetic
PRD0003562,Paula's Choice,Paula's Choice Barrier Glycerin Moisturizer,moisturizer,sensitive,dark spots|redness|sensitivity,glycerin,no,no,no,PM,,31.45,skincare_products_5000.csv,P01307,synthetic
PRD0003563,Paula's Choice,Paula's Choice Barrier Green Tea Mask,mask,combination|combination-sensitive,sensitivity,"green tea, oat extract, clay",yes,no,no,Weekly,,24.6,skincare_products_5000.csv,P02775,synthetic
PRD0003564,Paula's Choice,Paula's Choice Barrier Octocrylene SPF 50,sunscreen,combination-sensitive|normal|sensitive,acne|aging,octocrylene,yes,yes,no,AM,30.0,28.27,skincare_products_5000.csv,P00700,synthetic
PRD0003565,Paula's Choice,Paula's Choice Barrier Panthenol Moisturizer,moisturizer,oily,dark spots|dryness,"panthenol, urea",yes,yes,no,PM,,27.79,skincare_products_5000.csv,P04210,synthetic
PRD0003566,Paula's Choice,Paula's Choice Barrier Panthenol Toner,toner,sensitive,acne|aging|dryness,"panthenol, glycerin, niacinamide",yes,no,no,Weekly,,10.63,skincare_products_5000.csv,P03867,synthetic
PRD0003567,Paula's Choice,Paula's Choice Barrier Peptides Serum,serum,combination-sensitive,barrier repair|dark spots|dehydration,"peptides, hyaluronic acid, retinol",yes,yes,no,AM/PM,,28.7,skincare_products_5000.csv,P03979,synthetic
PRD0003568,Paula's Choice,Paula's Choice Barrier Retinol Treatment,treatment,sensitive,barrier repair|dark spots|oiliness,retinol,yes,yes,no,PM,,33.62,skincare_products_5000.csv,P01054,synthetic
PRD0003569,Paula's Choice,Paula's Choice Barrier Salicylic Acid Cleanser,cleanser,dry,aging|dark spots|redness,"salicylic acid, glycerin",yes,yes,no,AM,,19.05,skincare_products_5000.csv,P03780,synthetic
PRD0003570,Paula's Choice,Paula's Choice Barrier Salicylic Acid Cleanser,cleanser,normal|sensitive,barrier repair|dryness|sensitivity,"salicylic acid, niacinamide",yes,yes,no,Weekly,,21.09,skincare_products_5000.csv,P04995,synthetic
PRD0003571,Paula's Choice,Paula's Choice Barrier Sulfur Mask,mask,dry|sensitive,dryness|oiliness,"sulfur, oat extract",no,no,no,PM,,24.34,skincare_products_5000.csv,P03633,synthetic
PRD0003572,Paula's Choice,Paula's Choice Barrier Urea Moisturizer,moisturizer,combination-sensitive|dry,acne|aging|barrier repair,"urea, squalane, cholesterol",yes,no,no,AM/PM,,14.98,skincare_products_5000.csv,P03429,synthetic
PRD0003573,Paula's Choice,Paula's Choice Barrier Vitamin E SPF 50,sunscreen,sensitive,acne|redness,"vitamin e, octocrylene, titanium dioxide",no,no,no,AM,50.0,12.14,skincare_products_5000.csv,P04756,synthetic
PRD0003574,Paula's Choice,Paula's Choice Barrier Zinc Oxide SPF 50,sunscreen,combination-sensitive|oily|sensitive,dark spots|dehydration,"zinc oxide, octocrylene",yes,no,no,AM,50.0,16.39,skincare_products_5000.csv,P01699,synthetic
PRD0003575,Paula's Choice,Paula's Choice Barrier Zinc Oxide SPF 50,sunscreen,combination|combination-sensitive,dark spots|dehydration|dryness,"zinc oxide, niacinamide, octocrylene",no,yes,no,AM,30.0,12.71,skincare_products_5000.csv,P01035,synthetic
PRD0003576,Paula's Choice,Paula's Choice Calm Adapalene Treatment,treatment,dry,acne|barrier repair|oiliness,"adapalene, retinol",yes,yes,no,PM,,10.89,skincare_products_5000.csv,P03406,synthetic
PRD0003577,Paula's Choice,Paula's Choice Calm Azelaic Acid Serum,serum,dry,acne|dehydration,"azelaic acid, retinol, hyaluronic acid",yes,yes,no,PM,,10.64,skincare_products_5000.csv,P00186,synthetic
PRD0003578,Paula's Choice,Paula's Choice Calm Azelaic Acid Treatment,treatment,normal,acne|aging|dehydration,"azelaic acid, sulfur",yes,yes,no,AM,,15.15,skincare_products_5000.csv,P04924,synthetic
PRD0003579,Paula's Choice,Paula's Choice Calm Beta-Glucan Toner,toner,combination|combination-sensitive|normal,dehydration|dryness,beta-glucan,no,no,no,Weekly,,9.69,skincare_products_5000.csv,P02273,synthetic
PRD0003580,Paula's Choice,Paula's Choice Calm Beta-Glucan Toner,toner,combination|dry|sensitive,acne|redness,"beta-glucan, glycerin",yes,no,no,AM,,8.6,skincare_products_5000.csv,P03978,synthetic
PRD0003581,Paula's Choice,Paula's Choice Calm Betaine Cleanser,cleanser,combination-sensitive|dry|oily,barrier repair|dark spots,"betaine, ceramides",yes,yes,no,Weekly,,17.77,skincare_products_5000.csv,P03623,synthetic
PRD0003582,Paula's Choice,Paula's Choice Calm Centella Cleanser,cleanser,combination|combination-sensitive|normal,redness|sensitivity,"centella, salicylic acid, betaine",yes,yes,no,Weekly,,24.91,skincare_products_5000.csv,P01507,synthetic
PRD0003583,Paula's Choice,Paula's Choice Calm Centella Mask,mask,combination-sensitive|oily,acne|dehydration,centella,yes,no,no,PM,,11.3,skincare_products_5000.csv,P03247,synthetic
PRD0003584,Paula's Choice,Paula's Choice Calm Centella Toner,toner,oily,dryness|sensitivity,"centella, panthenol, niacinamide",yes,no,no,PM,,9.01,skincare_products_5000.csv,P02904,synthetic
PRD0003585,Paula's Choice,Paula's Choice Calm Ceramides Cleanser,cleanser,combination|combination-sensitive|sensitive,barrier repair|dehydration|sensitivity,ceramides,yes,yes,no,Weekly,,24.52,skincare_products_5000.csv,P01240,synthetic
PRD0003586,Paula's Choice,Paula's Choice Calm Ceramides Cleanser,cleanser,dry,acne|dark spots|sensitivity,ceramides,yes,yes,no,Weekly,,13.49,skincare_products_5000.csv,P00807,synthetic
PRD0003587,Paula's Choice,Paula's Choice Calm Ceramides Cleanser,cleanser,sensitive,barrier repair|dark spots|sensitivity,ceramides,yes,yes,no,PM,,25.29,skincare_products_5000.csv,P01971,synthetic
PRD0003588,Paula's Choice,Paula's Choice Calm Clay Mask,mask,combination|sensitive,aging|dark spots|oiliness,"clay, oat extract, hyaluronic acid",yes,no,no,Weekly,,24.41,skincare_products_5000.csv,P02558,synthetic
PRD0003589,Paula's Choice,Paula's Choice Calm Clay Mask,mask,sensitive,dehydration|sensitivity,"clay, green tea, hyaluronic acid",no,no,no,Weekly,,17.88,skincare_products_5000.csv,P00329,synthetic
PRD0003590,Paula's Choice,Paula's Choice Calm Glycerin Moisturizer,moisturizer,combination-sensitive|normal|oily,aging|barrier repair,"glycerin, panthenol",yes,yes,no,PM,,15.2,skincare_products_5000.csv,P04426,synthetic
PRD0003591,Paula's Choice,Paula's Choice Calm Glycerin Moisturizer,moisturizer,combination|dry|sensitive,oiliness,"glycerin, urea, panthenol",yes,yes,no,AM,,23.31,skincare_products_5000.csv,P03345,synthetic
PRD0003592,Paula's Choice,Paula's Choice Calm Glycerin Moisturizer,moisturizer,combination|normal,aging|sensitivity,glycerin,yes,yes,no,Weekly,,10.42,skincare_products_5000.csv,P03005,synthetic
PRD0003593,Paula's Choice,Paula's Choice Calm Glycerin Toner,toner,combination-sensitive|normal,acne|dryness|oiliness,glycerin,no,no,no,AM,,10.65,skincare_products_5000.csv,P03790,synthetic
PRD0003594,Paula's Choice,Paula's Choice Calm Oat Extract Mask,mask,combination,sensitivity,"oat extract, centella",yes,no,no,PM,,21.44,skincare_products_5000.csv,P00802,synthetic
PRD0003595,Paula's Choice,Paula's Choice Calm Oat Extract Mask,mask,dry|sensitive,aging|barrier repair|oiliness,oat extract,no,no,no,AM,,12.76,skincare_products_5000.csv,P00126,synthetic
PRD0003596,Paula's Choice,Paula's Choice Calm Peptides Serum,serum,combination|combination-sensitive|oily,barrier repair|oiliness|sensitivity,"peptides, azelaic acid, retinol",yes,no,no,PM,,41.67,skincare_products_5000.csv,P03606,synthetic
PRD0003597,Paula's Choice,Paula's Choice Calm Retinol Treatment,treatment,dry|oily,dark spots|dryness|sensitivity,"retinol, salicylic acid, adapalene",yes,yes,no,PM,,22.2,skincare_products_5000.csv,P00521,synthetic
PRD0003598,Paula's Choice,Paula's Choice Calm Sulfur Treatment,treatment,dry,aging|dryness|sensitivity,"sulfur, benzoyl peroxide, salicylic acid",yes,yes,no,PM,,33.43,skincare_products_5000.csv,P04365,synthetic
PRD0003599,Paula's Choice,Paula's Choice Calm Titanium Dioxide SPF 50,sunscreen,combination,sensitivity,titanium dioxide,yes,yes,no,AM,50.0,10.53,skincare_products_5000.csv,P01747,synthetic
PRD0003600,Paula's Choice,Paula's Choice Calm Titanium Dioxide SPF 50,sunscreen,dry,dark spots|dehydration|dryness,"titanium dioxide, vitamin e, niacinamide",yes,yes,no,AM,50.0,13.31,skincare_products_5000.csv,P01355,synthetic
PRD0003601,Paula's Choice,Paula's Choice Calm Vitamin E SPF 50,sunscreen,combination-sensitive|dry|sensitive,dark spots|dehydration,vitamin e,no,no,no,AM,50.0,28.46,skincare_products_5000.csv,P01616,synthetic
PRD0003602,Paula's Choice,Paula's Choice Clear Avobenzone SPF 50,sunscreen,oily,aging|dark spots|dryness,"avobenzone, vitamin e",no,yes,no,AM,50.0,26.86,skincare_products_5000.csv,P02950,synthetic
PRD0003603,Paula's Choice,Paula's Choice Clear Azelaic Acid Serum,serum,combination|dry|sensitive,dark spots|dryness,azelaic acid,yes,yes,no,Weekly,,20.84,skincare_products_5000.csv,P00029,synthetic
PRD0003604,Paula's Choice,Paula's Choice Clear Beta-Glucan Toner,toner,sensitive,dehydration|dryness,beta-glucan,yes,no,no,PM,,11.32,skincare_products_5000.csv,P03877,synthetic
PRD0003605,Paula's Choice,Paula's Choice Clear Betaine Cleanser,cleanser,sensitive,acne|barrier repair|redness,"betaine, glycerin, niacinamide",yes,yes,no,AM,,9.07,skincare_products_5000.csv,P00058,synthetic
PRD0003606,Paula's Choice,Paula's Choice Clear Centella Cleanser,cleanser,combination|combination-sensitive|oily,aging|dryness|sensitivity,"centella, ceramides",no,yes,no,Weekly,,10.35,skincare_products_5000.csv,P00496,synthetic
PRD0003607,Paula's Choice,Paula's Choice Clear Centella Serum,serum,combination|combination-sensitive|oily,dryness|oiliness,"centella, peptides",yes,yes,no,Weekly,,20.85,skincare_products_5000.csv,P00581,synthetic
PRD0003608,Paula's Choice,Paula's Choice Clear Ceramides Cleanser,cleanser,sensitive,barrier repair|sensitivity,"ceramides, glycerin, salicylic acid",yes,yes,no,AM/PM,,12.16,skincare_products_5000.csv,P04610,synthetic
PRD0003609,Paula's Choice,Paula's Choice Clear Ceramides Moisturizer,moisturizer,combination|oily,dark spots|oiliness,ceramides,yes,yes,no,Weekly,,13.12,skincare_products_5000.csv,P00414,synthetic
PRD0003610,Paula's Choice,Paula's Choice Clear Glycerin Cleanser,cleanser,combination|dry|oily,acne|dryness,"glycerin, niacinamide",yes,yes,no,PM,,24.22,skincare_products_5000.csv,P00813,synthetic
PRD0003611,Paula's Choice,Paula's Choice Clear Glycerin Cleanser,cleanser,dry|normal|oily,aging,"glycerin, betaine",yes,yes,no,Weekly,,24.22,skincare_products_5000.csv,P02248,synthetic
PRD0003612,Paula's Choice,Paula's Choice Clear Glycerin Moisturizer,moisturizer,combination-sensitive|oily,sensitivity,glycerin,no,yes,no,AM/PM,,20.58,skincare_products_5000.csv,P03078,synthetic
PRD0003613,Paula's Choice,Paula's Choice Clear Niacinamide Cleanser,cleanser,dry,barrier repair|dark spots|oiliness,niacinamide,yes,yes,no,Weekly,,10.44,skincare_products_5000.csv,P03148,synthetic
PRD0003614,Paula's Choice,Paula's Choice Clear Niacinamide Cleanser,cleanser,oily,acne|redness,"niacinamide, betaine, centella",yes,yes,no,AM,,13.1,skincare_products_5000.csv,P04200,synthetic
PRD0003615,Paula's Choice,Paula's Choice Clear Octocrylene SPF 50,sunscreen,sensitive,oiliness|redness,octocrylene,no,yes,no,AM,30.0,17.54,skincare_products_5000.csv,P00921,synthetic
PRD0003616,Paula's Choice,Paula's Choice Clear Panthenol Moisturizer,moisturizer,dry|normal|oily,aging|barrier repair|sensitivity,"panthenol, ceramides, glycerin",yes,yes,no,AM/PM,,23.01,skincare_products_5000.csv,P02721,synthetic
PRD0003617,Paula's Choice,Paula's Choice Clear Peptides Serum,serum,combination,acne|barrier repair|redness,"peptides, niacinamide",yes,no,no,Weekly,,33.18,skincare_products_5000.csv,P00357,synthetic
PRD0003618,Paula's Choice,Paula's Choice Clear Peptides Serum,serum,normal,acne|redness|sensitivity,"peptides, azelaic acid, centella",yes,yes,no,AM,,29.52,skincare_products_5000.csv,P00285,synthetic
PRD0003619,Paula's Choice,Paula's Choice Clear Retinol Serum,serum,combination|normal,barrier repair,"retinol, vitamin c, peptides",yes,yes,no,AM,,36.65,skincare_products_5000.csv,P01199,synthetic
PRD0003620,Paula's Choice,Paula's Choice Clear Retinol Treatment,treatment,normal|oily,acne|dehydration|sensitivity,"retinol, salicylic acid, benzoyl peroxide",no,yes,no,Weekly,,12.37,skincare_products_5000.csv,P00972,synthetic
PRD0003621,Paula's Choice,Paula's Choice Clear Titanium Dioxide SPF 50,sunscreen,dry,dryness|redness,"titanium dioxide, avobenzone, vitamin e",yes,no,no,AM,50.0,29.8,skincare_products_5000.csv,P00369,synthetic
PRD0003622,Paula's Choice,Paula's Choice Clear Urea Moisturizer,moisturizer,combination,barrier repair|redness|sensitivity,"urea, cholesterol, squalane",yes,yes,no,PM,,18.56,skincare_products_5000.csv,P03541,synthetic
PRD0003623,Paula's Choice,Paula's Choice Clear Vitamin E SPF 50,sunscreen,combination-sensitive|normal,acne|dehydration|sensitivity,"vitamin e, octocrylene",yes,yes,no,AM,30.0,14.59,skincare_products_5000.csv,P04810,synthetic
PRD0003624,Paula's Choice,Paula's Choice Daily Adapalene Treatment,treatment,normal,dark spots|sensitivity,adapalene,yes,no,no,Weekly,,22.26,skincare_products_5000.csv,P04376,synthetic
PRD0003625,Paula's Choice,Paula's Choice Daily Azelaic Acid Treatment,treatment,combination|combination-sensitive,acne|barrier repair|oiliness,azelaic acid,yes,yes,no,Weekly,,28.91,skincare_products_5000.csv,P03290,synthetic
PRD0003626,Paula's Choice,Paula's Choice Daily Benzoyl Peroxide Treatment,treatment,oily,barrier repair|redness|sensitivity,"benzoyl peroxide, adapalene",no,yes,yes,AM/PM,,34.67,skincare_products_5000.csv,P04146,synthetic
PRD0003627,Paula's Choice,Paula's Choice Daily Beta-Glucan Toner,toner,combination|dry|oily,redness,beta-glucan,yes,no,no,AM/PM,,13.41,skincare_products_5000.csv,P04877,synthetic
PRD0003628,Paula's Choice,Paula's Choice Daily Beta-Glucan Toner,toner,combination|dry|sensitive,acne|dehydration,"beta-glucan, centella, panthenol",yes,no,no,AM,,21.29,skincare_products_5000.csv,P01601,synthetic
PRD0003629,Paula's Choice,Paula's Choice Daily Beta-Glucan Toner,toner,dry,aging|dark spots|redness,"beta-glucan, glycerin",no,no,no,Weekly,,9.27,skincare_products_5000.csv,P03496,synthetic
PRD0003630,Paula's Choice,Paula's Choice Daily Centella Mask,mask,dry,aging|dehydration|redness,"centella, oat extract, green tea",yes,no,no,PM,,25.9,skincare_products_5000.csv,P02475,synthetic
PRD0003631,Paula's Choice,Paula's Choice Daily Centella Toner,toner,combination|sensitive,acne,"centella, pha, beta-glucan",yes,no,no,Weekly,,19.13,skincare_products_5000.csv,P01772,synthetic
PRD0003632,Paula's Choice,Paula's Choice Daily Centella Toner,toner,normal|oily,dark spots|dehydration|sensitivity,"centella, pha, beta-glucan",yes,no,no,PM,,11.21,skincare_products_5000.csv,P03764,synthetic
PRD0003633,Paula's Choice,Paula's Choice Daily Cholesterol Moisturizer,moisturizer,combination-sensitive|dry,barrier repair,"cholesterol, panthenol, glycerin",no,yes,no,Weekly,,20.2,skincare_products_5000.csv,P04691,synthetic
PRD0003634,Paula's Choice,Paula's Choice Daily Hyaluronic Acid Serum,serum,combination-sensitive,aging,"hyaluronic acid, vitamin c, niacinamide",yes,no,no,Weekly,,12.68,skincare_products_5000.csv,P03051,synthetic
PRD0003635,Paula's Choice,Paula's Choice Daily Hyaluronic Acid Serum,serum,oily,acne|barrier repair|sensitivity,hyaluronic acid,yes,yes,no,AM,,11.87,skincare_products_5000.csv,P01687,synthetic
PRD0003636,Paula's Choice,Paula's Choice Daily Niacinamide Cleanser,cleanser,combination|normal|sensitive,sensitivity,niacinamide,yes,yes,no,AM/PM,,14.22,skincare_products_5000.csv,P04216,synthetic
PRD0003637,Paula's Choice,Paula's Choice Daily Niacinamide Serum,serum,oily,barrier repair|redness,"niacinamide, centella",yes,yes,no,AM,,31.69,skincare_products_5000.csv,P00940,synthetic
PRD0003638,Paula's Choice,Paula's Choice Daily Panthenol Moisturizer,moisturizer,dry|sensitive,dehydration|redness|sensitivity,"panthenol, cholesterol, urea",yes,no,no,PM,,27.11,skincare_products_5000.csv,P00506,synthetic
PRD0003639,Paula's Choice,Paula's Choice Daily Salicylic Acid Cleanser,cleanser,dry|normal,acne|dark spots|redness,salicylic acid,yes,yes,no,AM/PM,,9.17,skincare_products_5000.csv,P02405,synthetic
PRD0003640,Paula's Choice,Paula's Choice Daily Salicylic Acid Cleanser,cleanser,sensitive,aging|dryness,"salicylic acid, ceramides",yes,yes,no,AM,,10.53,skincare_products_5000.csv,P01424,synthetic
PRD0003641,Paula's Choice,Paula's Choice Daily Sulfur Mask,mask,combination|sensitive,dryness|oiliness|sensitivity,sulfur,yes,no,no,Weekly,,25.96,skincare_products_5000.csv,P02066,synthetic
PRD0003642,Paula's Choice,Paula's Choice Daily Titanium Dioxide SPF 50,sunscreen,combination|normal|oily,dryness,"titanium dioxide, niacinamide",yes,yes,no,AM,50.0,14.55,skincare_products_5000.csv,P00187,synthetic
PRD0003643,Paula's Choice,Paula's Choice Daily Vitamin C Serum,serum,dry,barrier repair,"vitamin c, hyaluronic acid",yes,yes,no,AM,,37.65,skincare_products_5000.csv,P02662,synthetic
PRD0003644,Paula's Choice,Paula's Choice Glow Adapalene Treatment,treatment,combination|combination-sensitive|sensitive,barrier repair|oiliness|sensitivity,adapalene,yes,yes,no,AM/PM,,30.95,skincare_products_5000.csv,P04766,synthetic
PRD0003645,Paula's Choice,Paula's Choice Glow Adapalene Treatment,treatment,dry|normal,dark spots|dehydration|sensitivity,"adapalene, sulfur, azelaic acid",no,yes,no,Weekly,,18.75,skincare_products_5000.csv,P01541,synthetic
PRD0003646,Paula's Choice,Paula's Choice Glow Avobenzone SPF 50,sunscreen,combination-sensitive|oily,dryness|redness,"avobenzone, octocrylene, vitamin e",yes,yes,no,AM,50.0,16.73,skincare_products_5000.csv,P00930,synthetic
PRD0003647,Paula's Choice,Paula's Choice Glow Azelaic Acid Treatment,treatment,normal,dryness,"azelaic acid, benzoyl peroxide",yes,yes,no,AM/PM,,28.47,skincare_products_5000.csv,P01324,synthetic
PRD0003648,Paula's Choice,Paula's Choice Glow Benzoyl Peroxide Treatment,treatment,combination|combination-sensitive|dry,dryness,benzoyl peroxide,yes,yes,no,PM,,16.33,skincare_products_5000.csv,P02140,synthetic
PRD0003649,Paula's Choice,Paula's Choice Glow Benzoyl Peroxide Treatment,treatment,combination|sensitive,acne|dehydration|dryness,benzoyl peroxide,no,yes,no,AM/PM,,26.51,skincare_products_5000.csv,P00148,synthetic
PRD0003650,Paula's Choice,Paula's Choice Glow Centella Cleanser,cleanser,combination-sensitive|normal,dryness,centella,yes,yes,no,PM,,13.04,skincare_products_5000.csv,P01301,synthetic
PRD0003651,Paula's Choice,Paula's Choice Glow Centella Mask,mask,combination|dry|oily,aging|sensitivity,centella,yes,no,no,PM,,22.21,skincare_products_5000.csv,P02634,synthetic
PRD0003652,Paula's Choice,Paula's Choice Glow Centella Toner,toner,combination|dry,oiliness|redness|sensitivity,centella,yes,no,no,AM,,21.5,skincare_products_5000.csv,P00708,synthetic
PRD0003653,Paula's Choice,Paula's Choice Glow Cholesterol Moisturizer,moisturizer,dry|oily|sensitive,aging|dark spots|redness,"cholesterol, squalane, urea",yes,yes,no,AM/PM,,31.51,skincare_products_5000.csv,P01251,synthetic
PRD0003654,Paula's Choice,Paula's Choice Glow Clay Mask,mask,sensitive,oiliness|redness|sensitivity,"clay, green tea",yes,no,no,PM,,23.9,skincare_products_5000.csv,P00699,synthetic
PRD0003655,Paula's Choice,Paula's Choice Glow Glycerin Moisturizer,moisturizer,dry|normal,barrier repair|dark spots,"glycerin, urea",yes,no,no,Weekly,,25.89,skincare_products_5000.csv,P02687,synthetic
PRD0003656,Paula's Choice,Paula's Choice Glow Green Tea Mask,mask,dry,aging|dark spots,"green tea, sulfur, clay",yes,no,no,PM,,19.4,skincare_products_5000.csv,P03920,synthetic
PRD0003657,Paula's Choice,Paula's Choice Glow Hyaluronic Acid Mask,mask,combination-sensitive|normal|sensitive,barrier repair,hyaluronic acid,yes,no,no,PM,,25.12,skincare_products_5000.csv,P03475,synthetic
PRD0003658,Paula's Choice,Paula's Choice Glow Niacinamide Cleanser,cleanser,dry|normal,barrier repair|dehydration|sensitivity,"niacinamide, centella, salicylic acid",yes,yes,no,AM,,22.21,skincare_products_5000.csv,P04567,synthetic
PRD0003659,Paula's Choice,Paula's Choice Glow Oat Extract Mask,mask,combination|dry|sensitive,barrier repair|redness,oat extract,yes,no,no,Weekly,,22.67,skincare_products_5000.csv,P00174,synthetic
PRD0003660,Paula's Choice,Paula's Choice Glow Oat Extract Mask,mask,dry,oiliness|redness,oat extract,no,no,no,AM/PM,,17.12,skincare_products_5000.csv,P03421,synthetic
PRD0003661,Paula's Choice,Paula's Choice Glow Panthenol Moisturizer,moisturizer,dry|sensitive,aging|dark spots|dehydration,"panthenol, squalane, urea",yes,no,no,AM,,23.28,skincare_products_5000.csv,P04985,synthetic
PRD0003662,Paula's Choice,Paula's Choice Glow Peptides Serum,serum,dry,acne|barrier repair|redness,"peptides, centella, niacinamide",no,no,no,AM,,21.95,skincare_products_5000.csv,P04183,synthetic
PRD0003663,Paula's Choice,Paula's Choice Glow Pha Toner,toner,normal,acne,"pha, panthenol, centella",yes,no,no,PM,,14.19,skincare_products_5000.csv,P01746,synthetic
PRD0003664,Paula's Choice,Paula's Choice Glow Salicylic Acid Cleanser,cleanser,combination|dry,dehydration|redness,"salicylic acid, niacinamide",yes,no,no,AM/PM,,13.93,skincare_products_5000.csv,P00466,synthetic
PRD0003665,Paula's Choice,Paula's Choice Glow Squalane Moisturizer,moisturizer,combination-sensitive|sensitive,aging,"squalane, glycerin",no,yes,no,AM,,11.48,skincare_products_5000.csv,P03672,synthetic
PRD0003666,Paula's Choice,Paula's Choice Glow Squalane Moisturizer,moisturizer,combination-sensitive|sensitive,redness,squalane,no,yes,no,Weekly,,10.25,skincare_products_5000.csv,P04815,synthetic
PRD0003667,Paula's Choice,Paula's Choice Glow Squalane Moisturizer,moisturizer,combination|dry|normal,redness,squalane,yes,yes,no,Weekly,,21.78,skincare_products_5000.csv,P04939,synthetic
PRD0003668,Paula's Choice,Paula's Choice Glow Squalane Moisturizer,moisturizer,normal,acne|dark spots|redness,"squalane, cholesterol",no,no,no,AM,,27.03,skincare_products_5000.csv,P04201,synthetic
PRD0003669,Paula's Choice,Paula's Choice Glow Titanium Dioxide SPF 50,sunscreen,combination|combination-sensitive|dry,aging|barrier repair|oiliness,"titanium dioxide, zinc oxide",yes,yes,no,AM,30.0,11.15,skincare_products_5000.csv,P00815,synthetic
PRD0003670,Paula's Choice,Paula's Choice Glow Urea Moisturizer,moisturizer,dry,oiliness,"urea, glycerin, ceramides",yes,yes,no,Weekly,,13.64,skincare_products_5000.csv,P00109,synthetic
PRD0003671,Paula's Choice,Paula's Choice Glow Vitamin C Serum,serum,combination-sensitive,dark spots|redness,"vitamin c, peptides",yes,yes,no,Weekly,,40.06,skincare_products_5000.csv,P00893,synthetic
PRD0003672,Paula's Choice,Paula's Choice Glow Zinc Oxide SPF 50,sunscreen,combination-sensitive|dry|oily,dark spots,"zinc oxide, avobenzone",yes,no,no,AM,50.0,18.98,skincare_products_5000.csv,P03819,synthetic
PRD0003673,Paula's Choice,Paula's Choice Hydra Azelaic Acid Serum,serum,sensitive,dryness|oiliness,"azelaic acid, centella, niacinamide",yes,yes,no,AM/PM,,21.5,skincare_products_5000.csv,P01867,synthetic
PRD0003674,Paula's Choice,Paula's Choice Hydra Azelaic Acid Treatment,treatment,combination|normal,acne|dehydration|dryness,azelaic acid,yes,yes,no,AM,,18.08,skincare_products_5000.csv,P03171,synthetic
PRD0003675,Paula's Choice,Paula's Choice Hydra Benzoyl Peroxide Treatment,treatment,combination|combination-sensitive|sensitive,barrier repair|dryness,"benzoyl peroxide, azelaic acid, sulfur",yes,no,no,Weekly,,9.75,skincare_products_5000.csv,P04332,synthetic
PRD0003676,Paula's Choice,Paula's Choice Hydra Centella Serum,serum,dry,barrier repair|dehydration,centella,no,yes,no,PM,,43.93,skincare_products_5000.csv,P00385,synthetic
PRD0003677,Paula's Choice,Paula's Choice Hydra Ceramides Cleanser,cleanser,combination-sensitive,aging|oiliness|sensitivity,ceramides,no,yes,no,Weekly,,25.64,skincare_products_5000.csv,P01576,synthetic
PRD0003678,Paula's Choice,Paula's Choice Hydra Ceramides Moisturizer,moisturizer,combination|normal|sensitive,barrier repair|dehydration,"ceramides, glycerin",yes,yes,no,PM,,24.47,skincare_products_5000.csv,P03876,synthetic
PRD0003679,Paula's Choice,Paula's Choice Hydra Glycerin Cleanser,cleanser,combination-sensitive|dry|oily,acne|barrier repair,"glycerin, niacinamide, centella",yes,no,no,PM,,10.19,skincare_products_5000.csv,P04938,synthetic
PRD0003680,Paula's Choice,Paula's Choice Hydra Glycerin Cleanser,cleanser,combination|dry|sensitive,dehydration,"glycerin, salicylic acid, centella",yes,yes,no,AM,,8.24,skincare_products_5000.csv,P03866,synthetic
PRD0003681,Paula's Choice,Paula's Choice Hydra Glycerin Moisturizer,moisturizer,combination,aging|dark spots|redness,"glycerin, cholesterol",no,yes,no,Weekly,,16.56,skincare_products_5000.csv,P00886,synthetic
PRD0003682,Paula's Choice,Paula's Choice Hydra Hyaluronic Acid Mask,mask,combination|combination-sensitive|dry,barrier repair|oiliness|sensitivity,"hyaluronic acid, centella, sulfur",yes,no,no,AM,,13.6,skincare_products_5000.csv,P04120,synthetic
PRD0003683,Paula's Choice,Paula's Choice Hydra Hyaluronic Acid Serum,serum,dry|oily,dark spots,hyaluronic acid,yes,yes,no,PM,,43.6,skincare_products_5000.csv,P02316,synthetic
PRD0003684,Paula's Choice,Paula's Choice Hydra Niacinamide Cleanser,cleanser,combination,dryness|redness|sensitivity,"niacinamide, salicylic acid",yes,yes,no,Weekly,,10.12,skincare_products_5000.csv,P00288,synthetic
PRD0003685,Paula's Choice,Paula's Choice Hydra Niacinamide Cleanser,cleanser,combination-sensitive,sensitivity,"niacinamide, betaine, centella",yes,yes,no,Weekly,,20.9,skincare_products_5000.csv,P02507,synthetic
PRD0003686,Paula's Choice,Paula's Choice Hydra Niacinamide Cleanser,cleanser,combination|dry|sensitive,acne|oiliness,niacinamide,yes,yes,no,AM,,11.14,skincare_products_5000.csv,P00364,synthetic
PRD0003687,Paula's Choice,Paula's Choice Hydra Niacinamide SPF 50,sunscreen,combination|normal,aging|dehydration,"niacinamide, titanium dioxide, zinc oxide",yes,yes,no,AM,30.0,27.61,skincare_products_5000.csv,P03754,synthetic
PRD0003688,Paula's Choice,Paula's Choice Hydra Niacinamide Toner,toner,combination-sensitive|oily,dark spots,niacinamide,yes,no,no,Weekly,,8.59,skincare_products_5000.csv,P00644,synthetic
PRD0003689,Paula's Choice,Paula's Choice Hydra Oat Extract Mask,mask,combination-sensitive|oily,aging|dark spots,"oat extract, sulfur, green tea",yes,no,no,Weekly,,11.54,skincare_products_5000.csv,P00991,synthetic
PRD0003690,Paula's Choice,Paula's Choice Hydra Octocrylene SPF 50,sunscreen,combination|combination-sensitive,dryness,octocrylene,yes,yes,no,AM,30.0,21.36,skincare_products_5000.csv,P01033,synthetic
PRD0003691,Paula's Choice,Paula's Choice Hydra Peptides Serum,serum,dry,oiliness,peptides,no,yes,no,Weekly,,31.49,skincare_products_5000.csv,P02331,synthetic
PRD0003692,Paula's Choice,Paula's Choice Hydra Salicylic Acid Cleanser,cleanser,combination|dry|sensitive,oiliness,salicylic acid,yes,yes,no,AM/PM,,17.97,skincare_products_5000.csv,P03658,synthetic
PRD0003693,Paula's Choice,Paula's Choice Hydra Squalane Moisturizer,moisturizer,combination|oily|sensitive,dehydration|oiliness|sensitivity,"squalane, glycerin, cholesterol",yes,no,no,PM,,15.93,skincare_products_5000.csv,P02801,synthetic
PRD0003694,Paula's Choice,Paula's Choice Hydra Titanium Dioxide SPF 50,sunscreen,combination|combination-sensitive|oily,dehydration|redness,"titanium dioxide, zinc oxide",yes,yes,no,AM,50.0,27.0,skincare_products_5000.csv,P02399,synthetic
PRD0003695,Paula's Choice,Paula's Choice Hydra Urea Moisturizer,moisturizer,combination|dry,acne,"urea, glycerin",yes,yes,no,AM/PM,,18.72,skincare_products_5000.csv,P00559,synthetic
PRD0003696,Paula's Choice,Paula's Choice Hydra Vitamin C Serum,serum,combination,barrier repair,vitamin c,yes,yes,no,AM/PM,,34.9,skincare_products_5000.csv,P03871,synthetic
PRD0003697,Paula's Choice,Paula's Choice Hydra Zinc Oxide SPF 50,sunscreen,combination-sensitive,dehydration|oiliness|redness,"zinc oxide, titanium dioxide",no,no,no,AM,50.0,29.2,skincare_products_5000.csv,P01676,synthetic
PRD0003698,Paula's Choice,Paula's Choice Hydra Zinc Oxide SPF 50,sunscreen,sensitive,dark spots|dryness|redness,zinc oxide,yes,yes,no,AM,50.0,20.71,skincare_products_5000.csv,P04187,synthetic
PRD0003699,Paula's Choice,Paula's Choice Pure Adapalene Treatment,treatment,combination-sensitive|oily|sensitive,dryness|oiliness|redness,"adapalene, benzoyl peroxide",yes,no,no,AM/PM,,26.02,skincare_products_5000.csv,P03663,synthetic
PRD0003700,Paula's Choice,Paula's Choice Pure Adapalene Treatment,treatment,dry|oily,acne|barrier repair|dehydration,"adapalene, benzoyl peroxide, retinol",yes,yes,yes,PM,,11.52,skincare_products_5000.csv,P02241,synthetic
PRD0003701,Paula's Choice,Paula's Choice Pure Azelaic Acid Serum,serum,combination,barrier repair|oiliness,"azelaic acid, centella",no,yes,no,AM/PM,,34.47,skincare_products_5000.csv,P03380,synthetic
PRD0003702,Paula's Choice,Paula's Choice Pure Azelaic Acid Serum,serum,oily|sensitive,redness|sensitivity,"azelaic acid, retinol",no,yes,no,AM,,19.28,skincare_products_5000.csv,P00464,synthetic
PRD0003703,Paula's Choice,Paula's Choice Pure Centella Cleanser,cleanser,combination|dry,dark spots|oiliness,"centella, ceramides, glycerin",no,yes,no,AM,,13.31,skincare_products_5000.csv,P03067,synthetic
PRD0003704,Paula's Choice,Paula's Choice Pure Centella Toner,toner,combination,acne|barrier repair|dark spots,"centella, panthenol, niacinamide",yes,no,no,AM,,22.18,skincare_products_5000.csv,P03053,synthetic
PRD0003705,Paula's Choice,Paula's Choice Pure Ceramides Cleanser,cleanser,combination-sensitive|normal|sensitive,barrier repair|dehydration|sensitivity,ceramides,yes,yes,no,Weekly,,18.35,skincare_products_5000.csv,P01540,synthetic
PRD0003706,Paula's Choice,Paula's Choice Pure Cholesterol Moisturizer,moisturizer,combination-sensitive|dry|normal,acne|dehydration|dryness,"cholesterol, glycerin, squalane",yes,yes,no,Weekly,,12.32,skincare_products_5000.csv,P02886,synthetic
PRD0003707,Paula's Choice,Paula's Choice Pure Clay Mask,mask,combination|dry|normal,barrier repair|dryness|oiliness,"clay, sulfur, hyaluronic acid",yes,no,no,Weekly,,20.57,skincare_products_5000.csv,P01168,synthetic
PRD0003708,Paula's Choice,Paula's Choice Pure Green Tea Mask,mask,combination|combination-sensitive|oily,aging|dehydration,green tea,yes,no,no,AM/PM,,21.01,skincare_products_5000.csv,P04373,synthetic
PRD0003709,Paula's Choice,Paula's Choice Pure Green Tea Mask,mask,oily|sensitive,dryness,"green tea, hyaluronic acid, centella",yes,no,no,Weekly,,25.58,skincare_products_5000.csv,P01516,synthetic
PRD0003710,Paula's Choice,Paula's Choice Pure Hyaluronic Acid Mask,mask,oily|sensitive,sensitivity,"hyaluronic acid, sulfur",no,no,no,AM,,14.07,skincare_products_5000.csv,P01025,synthetic
PRD0003711,Paula's Choice,Paula's Choice Pure Niacinamide Cleanser,cleanser,combination|combination-sensitive|sensitive,oiliness|sensitivity,"niacinamide, betaine, centella",no,yes,no,Weekly,,8.25,skincare_products_5000.csv,P03837,synthetic
PRD0003712,Paula's Choice,Paula's Choice Pure Niacinamide SPF 50,sunscreen,combination-sensitive|normal,acne|dryness|sensitivity,"niacinamide, vitamin e",no,yes,no,AM,50.0,28.06,skincare_products_5000.csv,P01387,synthetic
PRD0003713,Paula's Choice,Paula's Choice Pure Niacinamide Serum,serum,combination-sensitive|normal|sensitive,aging|barrier repair|dark spots,niacinamide,no,yes,no,AM/PM,,38.84,skincare_products_5000.csv,P01149,synthetic
PRD0003714,Paula's Choice,Paula's Choice Pure Oat Extract Mask,mask,combination|combination-sensitive,aging|dehydration|sensitivity,"oat extract, sulfur, clay",yes,no,no,Weekly,,26.73,skincare_products_5000.csv,P04032,synthetic
PRD0003715,Paula's Choice,Paula's Choice Pure Panthenol Moisturizer,moisturizer,combination|normal|oily,barrier repair,panthenol,yes,yes,no,Weekly,,12.87,skincare_products_5000.csv,P00645,synthetic
PRD0003716,Paula's Choice,Paula's Choice Pure Panthenol Toner,toner,oily|sensitive,acne|dryness,"panthenol, pha, niacinamide",yes,no,no,PM,,17.33,skincare_products_5000.csv,P01670,synthetic
PRD0003717,Paula's Choice,Paula's Choice Pure Peptides Serum,serum,combination-sensitive|normal,redness,"peptides, azelaic acid, vitamin c",yes,yes,no,AM,,35.91,skincare_products_5000.csv,P01118,synthetic
PRD0003718,Paula's Choice,Paula's Choice Pure Retinol Serum,serum,dry|normal|sensitive,barrier repair|redness,"retinol, azelaic acid",yes,yes,no,AM/PM,,27.81,skincare_products_5000.csv,P01490,synthetic
PRD0003719,Paula's Choice,Paula's Choice Pure Squalane Moisturizer,moisturizer,combination|dry|normal,barrier repair|sensitivity,"squalane, urea",yes,yes,no,AM,,27.41,skincare_products_5000.csv,P04040,synthetic
PRD0003720,Paula's Choice,Paula's Choice Pure Squalane Moisturizer,moisturizer,normal,aging|dark spots|dryness,"squalane, panthenol, cholesterol",yes,yes,no,AM/PM,,26.91,skincare_products_5000.csv,P02501,synthetic
PRD0003721,Paula's Choice,Paula's Choice Pure Sulfur Treatment,treatment,dry,barrier repair|oiliness|redness,"sulfur, adapalene, benzoyl peroxide",no,yes,no,AM/PM,,15.57,skincare_products_5000.csv,P03322,synthetic
PRD0003722,Paula's Choice,Paula's Choice Pure Titanium Dioxide SPF 50,sunscreen,combination-sensitive|normal,dryness,"titanium dioxide, niacinamide",yes,yes,no,AM,50.0,14.32,skincare_products_5000.csv,P03114,synthetic
PRD0003723,Paula's Choice,Paula's Choice Repair Azelaic Acid Treatment,treatment,combination-sensitive|dry,oiliness,"azelaic acid, retinol, benzoyl peroxide",yes,yes,no,AM,,11.4,skincare_products_5000.csv,P04805,synthetic
PRD0003724,Paula's Choice,Paula's Choice Repair Beta-Glucan Toner,toner,dry,dark spots|sensitivity,"beta-glucan, glycerin",yes,no,no,AM/PM,,16.28,skincare_products_5000.csv,P02536,synthetic
PRD0003725,Paula's Choice,Paula's Choice Repair Betaine Cleanser,cleanser,combination|normal|oily,dark spots,"betaine, ceramides, glycerin",yes,yes,no,AM,,11.0,skincare_products_5000.csv,P03972,synthetic
PRD0003726,Paula's Choice,Paula's Choice Repair Betaine Cleanser,cleanser,normal,acne|redness,"betaine, centella, ceramides",yes,yes,no,AM,,15.82,skincare_products_5000.csv,P01495,synthetic
PRD0003727,Paula's Choice,Paula's Choice Repair Ceramides Moisturizer,moisturizer,combination|combination-sensitive|oily,dark spots|dryness,"ceramides, squalane",yes,yes,no,PM,,27.14,skincare_products_5000.csv,P00043,synthetic
PRD0003728,Paula's Choice,Paula's Choice Repair Cholesterol Moisturizer,moisturizer,combination,aging|dark spots|dehydration,"cholesterol, glycerin",yes,yes,no,PM,,20.44,skincare_products_5000.csv,P01841,synthetic
PRD0003729,Paula's Choice,Paula's Choice Repair Clay Mask,mask,dry,redness,"clay, green tea, oat extract",yes,no,no,AM,,10.43,skincare_products_5000.csv,P02917,synthetic
PRD0003730,Paula's Choice,Paula's Choice Repair Glycerin Moisturizer,moisturizer,combination|oily,dehydration|dryness|oiliness,glycerin,no,yes,no,AM,,17.52,skincare_products_5000.csv,P04214,synthetic
PRD0003731,Paula's Choice,Paula's Choice Repair Hyaluronic Acid Serum,serum,dry|oily,barrier repair,"hyaluronic acid, retinol",yes,yes,no,PM,,20.44,skincare_products_5000.csv,P03733,synthetic
PRD0003732,Paula's Choice,Paula's Choice Repair Hyaluronic Acid Serum,serum,dry|sensitive,sensitivity,hyaluronic acid,no,yes,no,Weekly,,21.79,skincare_products_5000.csv,P03495,synthetic
PRD0003733,Paula's Choice,Paula's Choice Repair Niacinamide SPF 50,sunscreen,combination,redness,niacinamide,yes,no,no,AM,30.0,13.26,skincare_products_5000.csv,P02530,synthetic
PRD0003734,Paula's Choice,Paula's Choice Repair Niacinamide SPF 50,sunscreen,combination|combination-sensitive|oily,acne|dryness|oiliness,"niacinamide, octocrylene",no,no,no,AM,50.0,14.42,skincare_products_5000.csv,P04574,synthetic
PRD0003735,Paula's Choice,Paula's Choice Repair Niacinamide Serum,serum,combination-sensitive|dry|normal,barrier repair|dehydration,"niacinamide, azelaic acid, centella",yes,yes,no,Weekly,,12.66,skincare_products_5000.csv,P00555,synthetic
PRD0003736,Paula's Choice,Paula's Choice Repair Oat Extract Mask,mask,combination,acne|aging|oiliness,"oat extract, centella, clay",yes,no,no,AM,,24.11,skincare_products_5000.csv,P01488,synthetic
PRD0003737,Paula's Choice,Paula's Choice Repair Octocrylene SPF 50,sunscreen,combination|dry|sensitive,aging|redness,"octocrylene, vitamin e, niacinamide",yes,yes,no,AM,50.0,23.38,skincare_products_5000.csv,P02256,synthetic
PRD0003738,Paula's Choice,Paula's Choice Repair Peptides Serum,serum,combination|sensitive,acne|sensitivity,peptides,yes,yes,no,AM,,34.87,skincare_products_5000.csv,P01686,synthetic
PRD0003739,Paula's Choice,Paula's Choice Repair Peptides Serum,serum,dry|normal,dark spots|oiliness|redness,peptides,no,yes,no,AM,,28.18,skincare_products_5000.csv,P03254,synthetic
PRD0003740,Paula's Choice,Paula's Choice Repair Pha Toner,toner,combination|combination-sensitive|oily,aging,"pha, centella, beta-glucan",yes,no,no,AM,,15.56,skincare_products_5000.csv,P04063,synthetic
PRD0003741,Paula's Choice,Paula's Choice Repair Retinol Serum,serum,combination|dry,aging|dehydration,"retinol, vitamin c, niacinamide",yes,no,no,Weekly,,32.98,skincare_products_5000.csv,P03302,synthetic
PRD0003742,Paula's Choice,Paula's Choice Repair Salicylic Acid Cleanser,cleanser,combination,aging|dark spots|oiliness,"salicylic acid, centella",yes,yes,no,AM,,13.07,skincare_products_5000.csv,P03079,synthetic
PRD0003743,Paula's Choice,Paula's Choice Repair Salicylic Acid Treatment,treatment,normal|oily,barrier repair|redness,"salicylic acid, azelaic acid",yes,no,no,AM,,31.49,skincare_products_5000.csv,P02557,synthetic
PRD0003744,Paula's Choice,Paula's Choice Repair Squalane Moisturizer,moisturizer,combination|combination-sensitive,aging|dark spots|sensitivity,"squalane, urea",no,yes,no,AM/PM,,31.85,skincare_products_5000.csv,P00790,synthetic
PRD0003745,Paula's Choice,Paula's Choice Repair Sulfur Treatment,treatment,normal,dryness|redness,"sulfur, adapalene",yes,yes,no,Weekly,,33.29,skincare_products_5000.csv,P04872,synthetic
PRD0003746,Paula's Choice,Paula's Choice Repair Titanium Dioxide SPF 50,sunscreen,dry|normal|oily,acne|redness|sensitivity,"titanium dioxide, octocrylene, avobenzone",yes,yes,no,AM,30.0,10.17,skincare_products_5000.csv,P01650,synthetic
PRD0003747,Paula's Choice,Paula's Choice Repair Vitamin C Serum,serum,combination-sensitive|oily,barrier repair|redness,vitamin c,yes,yes,no,AM/PM,,44.41,skincare_products_5000.csv,P01806,synthetic
PRD0003748,Paula's Choice,Paula's Choice Repair Zinc Oxide SPF 50,sunscreen,oily|sensitive,aging,"zinc oxide, niacinamide, avobenzone",no,no,no,AM,50.0,28.99,skincare_products_5000.csv,P04074,synthetic
PRD0003749,SVR,SVR Advanced Benzoyl Peroxide Treatment,treatment,combination-sensitive,acne|dark spots|sensitivity,"benzoyl peroxide, adapalene",yes,yes,no,PM,,14.97,skincare_products_5000.csv,P00321,synthetic
PRD0003750,SVR,SVR Advanced Benzoyl Peroxide Treatment,treatment,oily,dark spots|dryness|redness,"benzoyl peroxide, adapalene",yes,yes,yes,Weekly,,15.95,skincare_products_5000.csv,P01391,synthetic
PRD0003751,SVR,SVR Advanced Beta-Glucan Toner,toner,normal,aging,"beta-glucan, niacinamide, pha",no,no,no,AM/PM,,9.82,skincare_products_5000.csv,P00762,synthetic
PRD0003752,SVR,SVR Advanced Beta-Glucan Toner,toner,normal,dark spots|redness,"beta-glucan, niacinamide, glycerin",yes,no,no,Weekly,,12.54,skincare_products_5000.csv,P04483,synthetic
PRD0003753,SVR,SVR Advanced Centella Cleanser,cleanser,combination|normal,acne|sensitivity,centella,yes,yes,no,Weekly,,22.8,skincare_products_5000.csv,P02154,synthetic
PRD0003754,SVR,SVR Advanced Ceramides Cleanser,cleanser,dry,acne|dark spots|dehydration,"ceramides, niacinamide, glycerin",yes,yes,no,AM/PM,,19.16,skincare_products_5000.csv,P00136,synthetic
PRD0003755,SVR,SVR Advanced Ceramides Moisturizer,moisturizer,combination-sensitive|dry|sensitive,acne|aging,"ceramides, squalane, cholesterol",yes,yes,no,AM/PM,,26.86,skincare_products_5000.csv,P04102,synthetic
PRD0003756,SVR,SVR Advanced Ceramides Moisturizer,moisturizer,dry|normal|oily,aging|dryness|redness,"ceramides, glycerin",yes,yes,no,Weekly,,10.32,skincare_products_5000.csv,P00642,synthetic
PRD0003757,SVR,SVR Advanced Glycerin Moisturizer,moisturizer,combination|dry|sensitive,aging,glycerin,yes,yes,no,AM,,18.52,skincare_products_5000.csv,P04485,synthetic
PRD0003758,SVR,SVR Advanced Hyaluronic Acid Mask,mask,combination-sensitive|dry|normal,redness,hyaluronic acid,yes,no,no,Weekly,,14.15,skincare_products_5000.csv,P00909,synthetic
PRD0003759,SVR,SVR Advanced Niacinamide Cleanser,cleanser,combination-sensitive|sensitive,aging|redness|sensitivity,"niacinamide, glycerin, centella",no,yes,no,AM/PM,,16.95,skincare_products_5000.csv,P03896,synthetic
PRD0003760,SVR,SVR Advanced Niacinamide Cleanser,cleanser,normal,aging|dryness|redness,"niacinamide, ceramides",yes,yes,no,AM,,11.61,skincare_products_5000.csv,P03059,synthetic
PRD0003761,SVR,SVR Advanced Niacinamide SPF 50,sunscreen,combination-sensitive|normal,sensitivity,"niacinamide, avobenzone, octocrylene",yes,yes,no,AM,50.0,16.94,skincare_products_5000.csv,P04057,synthetic
PRD0003762,SVR,SVR Advanced Niacinamide Toner,toner,dry,dehydration|sensitivity,"niacinamide, beta-glucan",yes,no,no,AM,,13.5,skincare_products_5000.csv,P00803,synthetic
PRD0003763,SVR,SVR Advanced Oat Extract Mask,mask,combination-sensitive|dry|normal,acne|dryness|redness,"oat extract, sulfur",yes,no,no,Weekly,,26.31,skincare_products_5000.csv,P02547,synthetic
PRD0003764,SVR,SVR Advanced Panthenol Moisturizer,moisturizer,combination-sensitive|dry|sensitive,acne|dehydration,panthenol,no,yes,no,AM/PM,,10.74,skincare_products_5000.csv,P04539,synthetic
PRD0003765,SVR,SVR Advanced Pha Toner,toner,combination|normal|oily,dark spots,pha,yes,no,no,Weekly,,10.48,skincare_products_5000.csv,P01832,synthetic
PRD0003766,SVR,SVR Advanced Pha Toner,toner,combination|sensitive,acne|aging|redness,pha,yes,no,no,Weekly,,16.3,skincare_products_5000.csv,P01718,synthetic
PRD0003767,SVR,SVR Advanced Pha Toner,toner,dry|normal|oily,aging|dryness|redness,"pha, glycerin",yes,no,no,AM/PM,,11.95,skincare_products_5000.csv,P02525,synthetic
PRD0003768,SVR,SVR Advanced Retinol Serum,serum,dry|normal|sensitive,oiliness|redness,"retinol, azelaic acid, hyaluronic acid",no,no,no,PM,,31.42,skincare_products_5000.csv,P01209,synthetic
PRD0003769,SVR,SVR Advanced Retinol Serum,serum,dry|sensitive,barrier repair|dehydration|sensitivity,"retinol, hyaluronic acid, vitamin c",no,yes,no,AM,,44.52,skincare_products_5000.csv,P01567,synthetic
PRD0003770,SVR,SVR Advanced Salicylic Acid Treatment,treatment,combination|oily,aging|dryness|sensitivity,salicylic acid,no,no,no,AM/PM,,34.46,skincare_products_5000.csv,P01896,synthetic
PRD0003771,SVR,SVR Advanced Squalane Moisturizer,moisturizer,combination|normal|sensitive,redness,"squalane, urea",yes,yes,no,AM,,31.4,skincare_products_5000.csv,P04456,synthetic
PRD0003772,SVR,SVR Advanced Titanium Dioxide SPF 50,sunscreen,sensitive,sensitivity,titanium dioxide,yes,yes,no,AM,50.0,19.69,skincare_products_5000.csv,P00500,synthetic
PRD0003773,SVR,SVR Advanced Vitamin C Serum,serum,combination-sensitive,aging|dryness|redness,"vitamin c, hyaluronic acid",yes,yes,no,PM,,18.47,skincare_products_5000.csv,P03739,synthetic
PRD0003774,SVR,SVR Advanced Zinc Oxide SPF 50,sunscreen,dry|sensitive,barrier repair|dehydration|sensitivity,zinc oxide,yes,yes,no,AM,50.0,11.49,skincare_products_5000.csv,P01632,synthetic
PRD0003775,SVR,SVR Balance Avobenzone SPF 50,sunscreen,oily,acne|aging|dehydration,"avobenzone, niacinamide",no,yes,no,AM,50.0,20.02,skincare_products_5000.csv,P00791,synthetic
PRD0003776,SVR,SVR Balance Avobenzone SPF 50,sunscreen,oily,dark spots|dehydration,"avobenzone, titanium dioxide, vitamin e",yes,no,no,AM,50.0,27.9,skincare_products_5000.csv,P02159,synthetic
PRD0003777,SVR,SVR Balance Azelaic Acid Serum,serum,combination,redness,"azelaic acid, centella",yes,yes,no,Weekly,,42.08,skincare_products_5000.csv,P02658,synthetic
PRD0003778,SVR,SVR Balance Azelaic Acid Serum,serum,normal|sensitive,barrier repair,"azelaic acid, centella, hyaluronic acid",no,yes,no,Weekly,,42.47,skincare_products_5000.csv,P01770,synthetic
PRD0003779,SVR,SVR Balance Centella Serum,serum,oily|sensitive,acne|barrier repair,"centella, retinol",yes,yes,no,AM/PM,,20.35,skincare_products_5000.csv,P00360,synthetic
PRD0003780,SVR,SVR Balance Clay Mask,mask,oily|sensitive,sensitivity,"clay, sulfur",no,no,no,PM,,23.02,skincare_products_5000.csv,P01031,synthetic
PRD0003781,SVR,SVR Balance Glycerin Cleanser,cleanser,oily,aging|dark spots,"glycerin, ceramides",no,no,no,PM,,22.84,skincare_products_5000.csv,P04500,synthetic
PRD0003782,SVR,SVR Balance Glycerin Moisturizer,moisturizer,combination|combination-sensitive|dry,acne|redness,"glycerin, cholesterol, squalane",yes,yes,no,Weekly,,11.75,skincare_products_5000.csv,P04330,synthetic
PRD0003783,SVR,SVR Balance Hyaluronic Acid Mask,mask,combination,acne|barrier repair|redness,hyaluronic acid,no,no,no,Weekly,,22.15,skincare_products_5000.csv,P02337,synthetic
PRD0003784,SVR,SVR Balance Hyaluronic Acid Mask,mask,combination-sensitive|dry|normal,barrier repair|dark spots|redness,hyaluronic acid,yes,no,no,AM,,25.69,skincare_products_5000.csv,P00313,synthetic
PRD0003785,SVR,SVR Balance Niacinamide SPF 50,sunscreen,combination-sensitive|normal,aging|dark spots,"niacinamide, zinc oxide",yes,yes,no,AM,50.0,15.07,skincare_products_5000.csv,P02100,synthetic
PRD0003786,SVR,SVR Balance Octocrylene SPF 50,sunscreen,oily,aging,"octocrylene, vitamin e",yes,yes,no,AM,50.0,26.29,skincare_products_5000.csv,P03307,synthetic
PRD0003787,SVR,SVR Balance Panthenol Moisturizer,moisturizer,combination,barrier repair|dehydration,panthenol,yes,no,no,Weekly,,27.98,skincare_products_5000.csv,P00945,synthetic
PRD0003788,SVR,SVR Balance Peptides Serum,serum,combination-sensitive|sensitive,dark spots|dryness|oiliness,"peptides, azelaic acid",no,yes,no,AM,,11.58,skincare_products_5000.csv,P04425,synthetic
PRD0003789,SVR,SVR Balance Peptides Serum,serum,sensitive,barrier repair,"peptides, azelaic acid, centella",yes,yes,no,PM,,16.36,skincare_products_5000.csv,P00822,synthetic
PRD0003790,SVR,SVR Balance Squalane Moisturizer,moisturizer,dry,aging|dark spots|redness,"squalane, ceramides, glycerin",yes,yes,no,AM/PM,,10.85,skincare_products_5000.csv,P01130,synthetic
PRD0003791,SVR,SVR Balance Titanium Dioxide SPF 50,sunscreen,combination,barrier repair|dryness|sensitivity,titanium dioxide,yes,yes,no,AM,50.0,28.24,skincare_products_5000.csv,P02714,synthetic
PRD0003792,SVR,SVR Balance Urea Moisturizer,moisturizer,dry|oily,acne|oiliness,"urea, squalane, glycerin",no,yes,no,PM,,18.66,skincare_products_5000.csv,P04979,synthetic
PRD0003793,SVR,SVR Balance Urea Moisturizer,moisturizer,dry|sensitive,acne|barrier repair|dehydration,urea,yes,no,no,PM,,14.33,skincare_products_5000.csv,P01294,synthetic
PRD0003794,SVR,SVR Balance Vitamin C Serum,serum,combination-sensitive|dry|oily,acne|dryness,vitamin c,yes,no,no,AM/PM,,16.7,skincare_products_5000.csv,P02893,synthetic
PRD0003795,SVR,SVR Balance Vitamin C Serum,serum,dry|normal|oily,barrier repair,"vitamin c, retinol, hyaluronic acid",yes,no,no,AM/PM,,16.58,skincare_products_5000.csv,P00613,synthetic
PRD0003796,SVR,SVR Balance Vitamin E SPF 50,sunscreen,oily,acne,vitamin e,no,yes,no,AM,50.0,16.44,skincare_products_5000.csv,P03353,synthetic
PRD0003797,SVR,SVR Balance Vitamin E SPF 50,sunscreen,oily,acne|dehydration|dryness,vitamin e,yes,no,no,AM,50.0,22.07,skincare_products_5000.csv,P00390,synthetic
PRD0003798,SVR,SVR Balance Zinc Oxide SPF 50,sunscreen,dry|normal|oily,redness,"zinc oxide, titanium dioxide, octocrylene",yes,yes,no,AM,50.0,27.6,skincare_products_5000.csv,P01766,synthetic
PRD0003799,SVR,SVR Barrier Avobenzone SPF 50,sunscreen,combination-sensitive|oily|sensitive,acne|aging|barrier repair,avobenzone,yes,yes,no,AM,50.0,24.88,skincare_products_5000.csv,P01662,synthetic
PRD0003800,SVR,SVR Barrier Beta-Glucan Toner,toner,combination|combination-sensitive,aging|barrier repair,"beta-glucan, pha",no,no,no,AM/PM,,14.71,skincare_products_5000.csv,P02233,synthetic
PRD0003801,SVR,SVR Barrier Betaine Cleanser,cleanser,combination|combination-sensitive|dry,dryness,"betaine, centella, salicylic acid",yes,yes,no,Weekly,,24.73,skincare_products_5000.csv,P02935,synthetic
PRD0003802,SVR,SVR Barrier Centella Serum,serum,combination-sensitive|dry|oily,barrier repair|sensitivity,"centella, retinol, vitamin c",no,yes,no,AM/PM,,14.31,skincare_products_5000.csv,P04172,synthetic
PRD0003803,SVR,SVR Barrier Ceramides Cleanser,cleanser,dry|oily|sensitive,dark spots|redness,ceramides,yes,yes,no,PM,,13.39,skincare_products_5000.csv,P03777,synthetic
PRD0003804,SVR,SVR Barrier Ceramides Moisturizer,moisturizer,combination-sensitive,dehydration,"ceramides, cholesterol, urea",yes,yes,no,PM,,32.15,skincare_products_5000.csv,P04582,synthetic
PRD0003805,SVR,SVR Barrier Ceramides Moisturizer,moisturizer,normal,redness,ceramides,no,no,no,AM/PM,,19.44,skincare_products_5000.csv,P00142,synthetic
PRD0003806,SVR,SVR Barrier Cholesterol Moisturizer,moisturizer,sensitive,dark spots,cholesterol,yes,yes,no,PM,,26.97,skincare_products_5000.csv,P04111,synthetic
PRD0003807,SVR,SVR Barrier Glycerin Cleanser,cleanser,dry|oily|sensitive,acne|dehydration,"glycerin, centella",yes,yes,no,PM,,16.1,skincare_products_5000.csv,P03198,synthetic
PRD0003808,SVR,SVR Barrier Glycerin Cleanser,cleanser,normal|sensitive,sensitivity,"glycerin, centella",yes,yes,no,AM/PM,,24.91,skincare_products_5000.csv,P02288,synthetic
PRD0003809,SVR,SVR Barrier Green Tea Mask,mask,combination-sensitive|oily|sensitive,dryness|oiliness,"green tea, oat extract, hyaluronic acid",yes,no,no,PM,,14.61,skincare_products_5000.csv,P04464,synthetic
PRD0003810,SVR,SVR Barrier Hyaluronic Acid Mask,mask,combination-sensitive|normal|sensitive,barrier repair|oiliness,"hyaluronic acid, green tea",yes,no,no,AM/PM,,8.15,skincare_products_5000.csv,P03281,synthetic
PRD0003811,SVR,SVR Barrier Hyaluronic Acid Serum,serum,combination|dry|sensitive,barrier repair|dehydration|sensitivity,"hyaluronic acid, azelaic acid, vitamin c",no,yes,no,PM,,40.62,skincare_products_5000.csv,P01446,synthetic
PRD0003812,SVR,SVR Barrier Niacinamide Cleanser,cleanser,combination|combination-sensitive|dry,aging,"niacinamide, salicylic acid, betaine",yes,yes,no,AM,,12.88,skincare_products_5000.csv,P02878,synthetic
PRD0003813,SVR,SVR Barrier Niacinamide Toner,toner,combination|normal,barrier repair|oiliness,"niacinamide, beta-glucan",yes,no,no,AM,,8.69,skincare_products_5000.csv,P01303,synthetic
PRD0003814,SVR,SVR Barrier Oat Extract Mask,mask,combination-sensitive|dry|sensitive,aging|dark spots|oiliness,oat extract,yes,no,no,PM,,22.44,skincare_products_5000.csv,P00720,synthetic
PRD0003815,SVR,SVR Barrier Oat Extract Mask,mask,normal|oily,acne|aging|barrier repair,"oat extract, green tea, clay",yes,no,no,PM,,20.35,skincare_products_5000.csv,P00931,synthetic
PRD0003816,SVR,SVR Barrier Octocrylene SPF 50,sunscreen,combination,dark spots|dehydration|oiliness,"octocrylene, niacinamide, titanium dioxide",yes,yes,no,AM,50.0,28.9,skincare_products_5000.csv,P03995,synthetic
PRD0003817,SVR,SVR Barrier Octocrylene SPF 50,sunscreen,combination|combination-sensitive,dark spots|dryness|oiliness,octocrylene,yes,yes,no,AM,30.0,14.22,skincare_products_5000.csv,P01102,synthetic
PRD0003818,SVR,SVR Barrier Octocrylene SPF 50,sunscreen,combination|oily|sensitive,barrier repair|oiliness|sensitivity,octocrylene,yes,yes,no,AM,30.0,27.03,skincare_products_5000.csv,P02327,synthetic
PRD0003819,SVR,SVR Barrier Octocrylene SPF 50,sunscreen,normal,acne|barrier repair,octocrylene,no,no,no,AM,30.0,27.52,skincare_products_5000.csv,P01047,synthetic
PRD0003820,SVR,SVR Barrier Peptides Serum,serum,combination|normal|sensitive,barrier repair|dehydration|sensitivity,"peptides, centella, vitamin c",yes,no,no,Weekly,,13.21,skincare_products_5000.csv,P04272,synthetic
PRD0003821,SVR,SVR Barrier Pha Toner,toner,combination-sensitive,barrier repair|dryness|oiliness,pha,yes,no,no,AM/PM,,20.19,skincare_products_5000.csv,P02526,synthetic
PRD0003822,SVR,SVR Barrier Pha Toner,toner,dry,acne|aging|dryness,"pha, niacinamide, beta-glucan",yes,no,no,AM/PM,,11.66,skincare_products_5000.csv,P01922,synthetic
PRD0003823,SVR,SVR Barrier Salicylic Acid Cleanser,cleanser,dry|sensitive,oiliness|redness,"salicylic acid, glycerin, ceramides",yes,yes,no,AM/PM,,16.83,skincare_products_5000.csv,P04954,synthetic
PRD0003824,SVR,SVR Barrier Sulfur Mask,mask,combination,oiliness|redness|sensitivity,sulfur,yes,no,no,AM,,22.27,skincare_products_5000.csv,P00155,synthetic
PRD0003825,SVR,SVR Barrier Sulfur Mask,mask,combination-sensitive,dryness,"sulfur, green tea",yes,no,no,AM,,15.79,skincare_products_5000.csv,P00965,synthetic
PRD0003826,SVR,SVR Barrier Titanium Dioxide SPF 50,sunscreen,combination|dry|oily,oiliness,"titanium dioxide, octocrylene",yes,yes,no,AM,50.0,15.4,skincare_products_5000.csv,P03052,synthetic
PRD0003827,SVR,SVR Barrier Zinc Oxide SPF 50,sunscreen,combination|combination-sensitive|oily,dryness|redness,"zinc oxide, titanium dioxide, octocrylene",yes,yes,no,AM,30.0,22.65,skincare_products_5000.csv,P01938,synthetic
PRD0003828,SVR,SVR Barrier Zinc Oxide SPF 50,sunscreen,combination|combination-sensitive|sensitive,dehydration|dryness|redness,"zinc oxide, vitamin e",no,no,no,AM,50.0,11.55,skincare_products_5000.csv,P01797,synthetic
PRD0003829,SVR,SVR Calm Betaine Cleanser,cleanser,combination,aging,"betaine, ceramides",yes,yes,no,PM,,13.05,skincare_products_5000.csv,P00218,synthetic
PRD0003830,SVR,SVR Calm Centella Cleanser,cleanser,combination-sensitive|dry|oily,aging|dehydration,centella,yes,no,no,AM,,13.11,skincare_products_5000.csv,P03508,synthetic
PRD0003831,SVR,SVR Calm Centella Cleanser,cleanser,combination-sensitive|normal|sensitive,aging|oiliness,"centella, betaine",yes,yes,no,Weekly,,19.4,skincare_products_5000.csv,P01264,synthetic
PRD0003832,SVR,SVR Calm Glycerin Moisturizer,moisturizer,dry,dryness,"glycerin, urea, squalane",no,yes,no,AM,,34.1,skincare_products_5000.csv,P04410,synthetic
PRD0003833,SVR,SVR Calm Hyaluronic Acid Mask,mask,dry|normal|oily,aging|oiliness|redness,hyaluronic acid,yes,no,no,Weekly,,26.28,skincare_products_5000.csv,P03383,synthetic
PRD0003834,SVR,SVR Calm Niacinamide SPF 50,sunscreen,combination-sensitive,aging|barrier repair|dark spots,niacinamide,no,yes,no,AM,50.0,18.08,skincare_products_5000.csv,P00449,synthetic
PRD0003835,SVR,SVR Calm Niacinamide SPF 50,sunscreen,combination-sensitive|dry|oily,dark spots|redness|sensitivity,"niacinamide, avobenzone, octocrylene",no,no,no,AM,50.0,24.82,skincare_products_5000.csv,P00003,synthetic
PRD0003836,SVR,SVR Calm Panthenol Moisturizer,moisturizer,sensitive,aging|dehydration,"panthenol, ceramides",yes,no,no,Weekly,,20.36,skincare_products_5000.csv,P02161,synthetic
PRD0003837,SVR,SVR Calm Peptides Serum,serum,combination-sensitive|oily,barrier repair,peptides,yes,yes,no,PM,,39.59,skincare_products_5000.csv,P00405,synthetic
PRD0003838,SVR,SVR Calm Salicylic Acid Cleanser,cleanser,combination,barrier repair|dark spots|redness,"salicylic acid, ceramides",yes,yes,no,PM,,8.33,skincare_products_5000.csv,P02901,synthetic
PRD0003839,SVR,SVR Calm Salicylic Acid Cleanser,cleanser,combination,dehydration|dryness|sensitivity,"salicylic acid, niacinamide",yes,no,no,AM/PM,,22.94,skincare_products_5000.csv,P03471,synthetic
PRD0003840,SVR,SVR Calm Salicylic Acid Cleanser,cleanser,combination|combination-sensitive|sensitive,barrier repair|dehydration,"salicylic acid, glycerin",yes,yes,no,Weekly,,12.61,skincare_products_5000.csv,P03428,synthetic
PRD0003841,SVR,SVR Calm Salicylic Acid Treatment,treatment,combination|normal,dark spots|dryness|sensitivity,salicylic acid,yes,yes,no,Weekly,,30.23,skincare_products_5000.csv,P04603,synthetic
PRD0003842,SVR,SVR Calm Urea Moisturizer,moisturizer,normal|oily,aging|barrier repair|oiliness,"urea, squalane, ceramides",yes,yes,no,PM,,28.72,skincare_products_5000.csv,P00811,synthetic
PRD0003843,SVR,SVR Clear Adapalene Treatment,treatment,combination-sensitive|normal,sensitivity,adapalene,yes,yes,no,AM,,30.38,skincare_products_5000.csv,P02923,synthetic
PRD0003844,SVR,SVR Clear Centella Serum,serum,combination-sensitive,aging,"centella, hyaluronic acid, retinol",no,yes,no,AM,,13.54,skincare_products_5000.csv,P01056,synthetic
PRD0003845,SVR,SVR Clear Centella Toner,toner,dry|oily,dehydration|dryness|sensitivity,"centella, niacinamide",no,no,no,AM/PM,,9.73,skincare_products_5000.csv,P03828,synthetic
PRD0003846,SVR,SVR Clear Centella Toner,toner,normal,dark spots,"centella, glycerin, pha",yes,no,no,AM,,11.99,skincare_products_5000.csv,P01334,synthetic
PRD0003847,SVR,SVR Clear Ceramides Cleanser,cleanser,combination|dry|oily,dark spots|redness|sensitivity,"ceramides, niacinamide",no,yes,no,Weekly,,15.7,skincare_products_5000.csv,P00334,synthetic
PRD0003848,SVR,SVR Clear Clay Mask,mask,sensitive,dryness,"clay, green tea",yes,no,no,PM,,17.27,skincare_products_5000.csv,P03180,synthetic
PRD0003849,SVR,SVR Clear Glycerin Toner,toner,dry|normal|sensitive,dark spots,glycerin,no,no,no,AM/PM,,17.31,skincare_products_5000.csv,P03045,synthetic
PRD0003850,SVR,SVR Clear Green Tea Mask,mask,combination|sensitive,aging|barrier repair|dark spots,green tea,no,no,no,PM,,25.15,skincare_products_5000.csv,P03465,synthetic
PRD0003851,SVR,SVR Clear Niacinamide Cleanser,cleanser,combination-sensitive|dry|sensitive,redness,"niacinamide, ceramides, betaine",no,yes,no,PM,,15.79,skincare_products_5000.csv,P02618,synthetic
PRD0003852,SVR,SVR Clear Niacinamide SPF 50,sunscreen,sensitive,dark spots|sensitivity,niacinamide,no,no,no,AM,50.0,24.3,skincare_products_5000.csv,P00147,synthetic
PRD0003853,SVR,SVR Clear Niacinamide Serum,serum,combination-sensitive,aging|oiliness,niacinamide,yes,no,no,Weekly,,11.17,skincare_products_5000.csv,P01225,synthetic
PRD0003854,SVR,SVR Clear Octocrylene SPF 50,sunscreen,combination-sensitive|dry|sensitive,dryness|redness,"octocrylene, zinc oxide, niacinamide",yes,yes,no,AM,30.0,15.41,skincare_products_5000.csv,P02965,synthetic
PRD0003855,SVR,SVR Clear Peptides Serum,serum,combination,aging,peptides,no,yes,no,AM/PM,,12.05,skincare_products_5000.csv,P00481,synthetic
PRD0003856,SVR,SVR Clear Peptides Serum,serum,combination-sensitive,acne,"peptides, centella, hyaluronic acid",yes,yes,no,AM,,15.95,skincare_products_5000.csv,P02093,synthetic
PRD0003857,SVR,SVR Clear Pha Toner,toner,combination|dry,dryness,pha,yes,no,no,Weekly,,10.63,skincare_products_5000.csv,P00241,synthetic
PRD0003858,SVR,SVR Clear Retinol Serum,serum,combination|combination-sensitive|sensitive,barrier repair|dehydration|redness,"retinol, azelaic acid, niacinamide",no,yes,no,PM,,32.47,skincare_products_5000.csv,P04292,synthetic
PRD0003859,SVR,SVR Clear Retinol Serum,serum,oily|sensitive,aging,"retinol, azelaic acid",no,yes,no,AM/PM,,36.52,skincare_products_5000.csv,P03294,synthetic
PRD0003860,SVR,SVR Clear Salicylic Acid Cleanser,cleanser,dry|sensitive,aging,"salicylic acid, glycerin, centella",yes,yes,no,PM,,15.58,skincare_products_5000.csv,P03624,synthetic
PRD0003861,SVR,SVR Clear Squalane Moisturizer,moisturizer,combination-sensitive,acne|sensitivity,"squalane, ceramides",yes,yes,no,AM,,13.67,skincare_products_5000.csv,P00666,synthetic
PRD0003862,SVR,SVR Clear Squalane Moisturizer,moisturizer,oily,acne|sensitivity,"squalane, panthenol, ceramides",yes,yes,no,AM,,12.65,skincare_products_5000.csv,P01551,synthetic
PRD0003863,SVR,SVR Clear Sulfur Treatment,treatment,combination-sensitive|oily|sensitive,acne,sulfur,yes,no,no,PM,,28.79,skincare_products_5000.csv,P02385,synthetic
PRD0003864,SVR,SVR Clear Vitamin C Serum,serum,combination-sensitive|normal|sensitive,acne,"vitamin c, peptides, centella",yes,yes,no,Weekly,,24.72,skincare_products_5000.csv,P01402,synthetic
PRD0003865,SVR,SVR Clear Vitamin E SPF 50,sunscreen,dry,dark spots|sensitivity,vitamin e,yes,yes,no,AM,50.0,12.39,skincare_products_5000.csv,P02375,synthetic
PRD0003866,SVR,SVR Clear Zinc Oxide SPF 50,sunscreen,combination|combination-sensitive|dry,redness,"zinc oxide, vitamin e, titanium dioxide",yes,yes,no,AM,50.0,10.08,skincare_products_5000.csv,P01207,synthetic
PRD0003867,SVR,SVR Daily Adapalene Treatment,treatment,combination|dry|sensitive,acne,"adapalene, azelaic acid",yes,no,yes,PM,,12.74,skincare_products_5000.csv,P03962,synthetic
PRD0003868,SVR,SVR Daily Avobenzone SPF 50,sunscreen,combination-sensitive,acne|dark spots|oiliness,"avobenzone, zinc oxide, octocrylene",no,yes,no,AM,50.0,21.84,skincare_products_5000.csv,P00106,synthetic
PRD0003869,SVR,SVR Daily Avobenzone SPF 50,sunscreen,dry|oily,sensitivity,avobenzone,yes,yes,no,AM,30.0,25.05,skincare_products_5000.csv,P03305,synthetic
PRD0003870,SVR,SVR Daily Avobenzone SPF 50,sunscreen,sensitive,barrier repair|redness,"avobenzone, vitamin e, titanium dioxide",no,yes,no,AM,30.0,24.05,skincare_products_5000.csv,P01405,synthetic
PRD0003871,SVR,SVR Daily Azelaic Acid Serum,serum,combination,dark spots|dehydration|sensitivity,azelaic acid,yes,no,no,PM,,41.0,skincare_products_5000.csv,P03260,synthetic
PRD0003872,SVR,SVR Daily Benzoyl Peroxide Treatment,treatment,combination-sensitive,dehydration|oiliness,"benzoyl peroxide, azelaic acid",yes,no,no,PM,,10.73,skincare_products_5000.csv,P02291,synthetic
PRD0003873,SVR,SVR Daily Beta-Glucan Toner,toner,dry|normal,dehydration|dryness,"beta-glucan, glycerin, panthenol",yes,no,no,PM,,22.53,skincare_products_5000.csv,P00099,synthetic
PRD0003874,SVR,SVR Daily Centella Mask,mask,oily,oiliness,"centella, sulfur",yes,no,no,Weekly,,18.22,skincare_products_5000.csv,P01361,synthetic
PRD0003875,SVR,SVR Daily Ceramides Cleanser,cleanser,combination-sensitive|oily,dark spots|sensitivity,"ceramides, glycerin, salicylic acid",no,yes,no,AM,,21.05,skincare_products_5000.csv,P03832,synthetic
PRD0003876,SVR,SVR Daily Ceramides Moisturizer,moisturizer,combination-sensitive|dry,dark spots|redness,"ceramides, panthenol",yes,yes,no,AM/PM,,17.09,skincare_products_5000.csv,P00673,synthetic
PRD0003877,SVR,SVR Daily Ceramides Moisturizer,moisturizer,combination|combination-sensitive|normal,aging,"ceramides, squalane, glycerin",yes,no,no,AM/PM,,15.45,skincare_products_5000.csv,P02537,synthetic
PRD0003878,SVR,SVR Daily Ceramides Moisturizer,moisturizer,dry|normal,acne|aging|oiliness,"ceramides, glycerin",yes,no,no,AM,,31.16,skincare_products_5000.csv,P04088,synthetic
PRD0003879,SVR,SVR Daily Ceramides Moisturizer,moisturizer,sensitive,dehydration,ceramides,yes,no,no,AM/PM,,20.42,skincare_products_5000.csv,P00108,synthetic
PRD0003880,SVR,SVR Daily Glycerin Moisturizer,moisturizer,dry|sensitive,aging|dark spots,glycerin,yes,yes,no,PM,,33.42,skincare_products_5000.csv,P01596,synthetic
PRD0003881,SVR,SVR Daily Hyaluronic Acid Mask,mask,combination-sensitive|dry|oily,dark spots|dryness,"hyaluronic acid, sulfur, oat extract",yes,no,no,Weekly,,9.58,skincare_products_5000.csv,P03727,synthetic
PRD0003882,SVR,SVR Daily Hyaluronic Acid Mask,mask,sensitive,dark spots,"hyaluronic acid, oat extract, green tea",yes,no,no,AM,,10.65,skincare_products_5000.csv,P00912,synthetic
PRD0003883,SVR,SVR Daily Niacinamide Cleanser,cleanser,dry|normal,dehydration|redness|sensitivity,"niacinamide, glycerin",yes,yes,no,Weekly,,9.11,skincare_products_5000.csv,P02207,synthetic
PRD0003884,SVR,SVR Daily Niacinamide Serum,serum,sensitive,acne|dark spots|dryness,"niacinamide, peptides, vitamin c",no,yes,no,Weekly,,38.21,skincare_products_5000.csv,P04161,synthetic
PRD0003885,SVR,SVR Daily Niacinamide Toner,toner,combination|combination-sensitive,dryness,"niacinamide, pha, beta-glucan",no,no,no,PM,,23.87,skincare_products_5000.csv,P00525,synthetic
PRD0003886,SVR,SVR Daily Panthenol Moisturizer,moisturizer,dry|sensitive,barrier repair|sensitivity,panthenol,yes,yes,no,AM,,25.13,skincare_products_5000.csv,P04031,synthetic
PRD0003887,SVR,SVR Daily Peptides Serum,serum,dry,dark spots,"peptides, azelaic acid, hyaluronic acid",yes,yes,no,PM,,10.55,skincare_products_5000.csv,P00397,synthetic
PRD0003888,SVR,SVR Daily Pha Toner,toner,combination-sensitive,barrier repair|dehydration|oiliness,"pha, panthenol",yes,no,no,AM,,15.72,skincare_products_5000.csv,P01316,synthetic
PRD0003889,SVR,SVR Daily Pha Toner,toner,combination|combination-sensitive|normal,acne|dehydration|sensitivity,"pha, glycerin, niacinamide",yes,no,no,Weekly,,12.28,skincare_products_5000.csv,P01742,synthetic
PRD0003890,SVR,SVR Daily Retinol Serum,serum,combination-sensitive,dark spots|dryness|sensitivity,"retinol, vitamin c",yes,yes,no,Weekly,,17.38,skincare_products_5000.csv,P00534,synthetic
PRD0003891,SVR,SVR Daily Retinol Serum,serum,combination-sensitive|dry|sensitive,barrier repair,"retinol, niacinamide, vitamin c",no,no,no,PM,,21.92,skincare_products_5000.csv,P00409,synthetic
PRD0003892,SVR,SVR Daily Retinol Serum,serum,dry,dark spots|oiliness|sensitivity,retinol,yes,yes,no,Weekly,,24.99,skincare_products_5000.csv,P02187,synthetic
PRD0003893,SVR,SVR Daily Retinol Serum,serum,dry,dryness,"retinol, niacinamide",yes,yes,no,AM,,12.42,skincare_products_5000.csv,P01700,synthetic
PRD0003894,SVR,SVR Daily Retinol Serum,serum,sensitive,barrier repair,"retinol, centella",yes,yes,no,AM/PM,,18.77,skincare_products_5000.csv,P01204,synthetic
PRD0003895,SVR,SVR Daily Retinol Treatment,treatment,normal|oily,redness,retinol,yes,yes,no,AM,,20.3,skincare_products_5000.csv,P01613,synthetic
PRD0003896,SVR,SVR Daily Salicylic Acid Cleanser,cleanser,combination-sensitive|normal|sensitive,aging,salicylic acid,yes,yes,no,PM,,8.08,skincare_products_5000.csv,P02180,synthetic
PRD0003897,SVR,SVR Daily Salicylic Acid Cleanser,cleanser,combination|combination-sensitive|sensitive,dark spots|dehydration,"salicylic acid, betaine",no,no,no,AM/PM,,17.91,skincare_products_5000.csv,P01003,synthetic
PRD0003898,SVR,SVR Daily Squalane Moisturizer,moisturizer,dry|oily,oiliness,"squalane, cholesterol, urea",yes,no,no,AM/PM,,30.91,skincare_products_5000.csv,P01914,synthetic
PRD0003899,SVR,SVR Daily Squalane Moisturizer,moisturizer,oily|sensitive,aging|oiliness|redness,squalane,no,no,no,AM/PM,,25.84,skincare_products_5000.csv,P03139,synthetic
PRD0003900,SVR,SVR Daily Sulfur Mask,mask,combination|oily|sensitive,aging|dryness|sensitivity,"sulfur, centella, hyaluronic acid",yes,no,no,AM/PM,,27.83,skincare_products_5000.csv,P04790,synthetic
PRD0003901,SVR,SVR Daily Sulfur Treatment,treatment,combination|oily|sensitive,barrier repair|dark spots|oiliness,"sulfur, retinol, benzoyl peroxide",yes,no,no,Weekly,,32.25,skincare_products_5000.csv,P03474,synthetic
PRD0003902,SVR,SVR Daily Urea Moisturizer,moisturizer,combination,dehydration,"urea, glycerin",yes,yes,no,AM/PM,,26.13,skincare_products_5000.csv,P00467,synthetic
PRD0003903,SVR,SVR Daily Urea Moisturizer,moisturizer,combination-sensitive|dry,barrier repair|oiliness,urea,no,yes,no,AM/PM,,16.17,skincare_products_5000.csv,P03857,synthetic
PRD0003904,SVR,SVR Daily Vitamin E SPF 50,sunscreen,combination|dry|oily,acne|barrier repair|oiliness,"vitamin e, zinc oxide, octocrylene",yes,yes,no,AM,50.0,20.0,skincare_products_5000.csv,P03371,synthetic
PRD0003905,SVR,SVR Daily Vitamin E SPF 50,sunscreen,dry,dark spots|dehydration|redness,vitamin e,yes,yes,no,AM,30.0,24.46,skincare_products_5000.csv,P03039,synthetic
PRD0003906,SVR,SVR Daily Zinc Oxide SPF 50,sunscreen,dry,dark spots|oiliness,"zinc oxide, vitamin e, octocrylene",no,yes,no,AM,50.0,24.84,skincare_products_5000.csv,P03420,synthetic
PRD0003907,SVR,SVR Daily Zinc Oxide SPF 50,sunscreen,normal|oily|sensitive,aging,"zinc oxide, niacinamide, octocrylene",no,yes,no,AM,50.0,25.36,skincare_products_5000.csv,P01986,synthetic
PRD0003908,SVR,SVR Glow Adapalene Treatment,treatment,dry|oily|sensitive,oiliness,adapalene,no,yes,no,AM/PM,,30.19,skincare_products_5000.csv,P03231,synthetic
PRD0003909,SVR,SVR Glow Adapalene Treatment,treatment,dry|oily|sensitive,redness,"adapalene, retinol, salicylic acid",yes,no,yes,AM/PM,,13.67,skincare_products_5000.csv,P01413,synthetic
PRD0003910,SVR,SVR Glow Avobenzone SPF 50,sunscreen,combination,sensitivity,"avobenzone, niacinamide",yes,no,no,AM,30.0,17.53,skincare_products_5000.csv,P02417,synthetic
PRD0003911,SVR,SVR Glow Azelaic Acid Treatment,treatment,dry|normal|oily,acne|sensitivity,azelaic acid,yes,yes,no,Weekly,,18.31,skincare_products_5000.csv,P01057,synthetic
PRD0003912,SVR,SVR Glow Benzoyl Peroxide Treatment,treatment,combination|sensitive,dark spots|dehydration|sensitivity,benzoyl peroxide,yes,yes,no,PM,,26.12,skincare_products_5000.csv,P01202,synthetic
PRD0003913,SVR,SVR Glow Betaine Cleanser,cleanser,combination,dehydration,"betaine, glycerin, centella",yes,yes,no,AM,,20.48,skincare_products_5000.csv,P02783,synthetic
PRD0003914,SVR,SVR Glow Betaine Cleanser,cleanser,dry,acne|dehydration|oiliness,betaine,yes,yes,no,PM,,19.74,skincare_products_5000.csv,P01863,synthetic
PRD0003915,SVR,SVR Glow Centella Mask,mask,combination-sensitive|normal,dark spots,centella,yes,no,no,PM,,16.05,skincare_products_5000.csv,P02517,synthetic
PRD0003916,SVR,SVR Glow Centella Mask,mask,combination|oily|sensitive,aging|redness,centella,yes,no,no,AM/PM,,8.66,skincare_products_5000.csv,P00889,synthetic
PRD0003917,SVR,SVR Glow Ceramides Cleanser,cleanser,dry|oily,dehydration,"ceramides, niacinamide",yes,yes,no,AM,,10.23,skincare_products_5000.csv,P00343,synthetic
PRD0003918,SVR,SVR Glow Glycerin Moisturizer,moisturizer,normal|sensitive,acne,"glycerin, cholesterol, panthenol",yes,no,no,AM,,23.68,skincare_products_5000.csv,P04813,synthetic
PRD0003919,SVR,SVR Glow Niacinamide Cleanser,cleanser,combination|dry|oily,redness,"niacinamide, ceramides",yes,yes,no,Weekly,,25.07,skincare_products_5000.csv,P02424,synthetic
PRD0003920,SVR,SVR Glow Niacinamide Cleanser,cleanser,normal|oily|sensitive,oiliness|redness,"niacinamide, glycerin",no,yes,no,Weekly,,22.52,skincare_products_5000.csv,P02879,synthetic
PRD0003921,SVR,SVR Glow Niacinamide Serum,serum,combination-sensitive|normal|sensitive,dehydration,"niacinamide, retinol, vitamin c",no,yes,no,AM/PM,,25.12,skincare_products_5000.csv,P00583,synthetic
PRD0003922,SVR,SVR Glow Niacinamide Toner,toner,dry,dryness|redness,"niacinamide, glycerin",yes,no,no,AM/PM,,11.33,skincare_products_5000.csv,P04014,synthetic
PRD0003923,SVR,SVR Glow Niacinamide Toner,toner,oily,acne|aging|oiliness,niacinamide,yes,no,no,Weekly,,8.45,skincare_products_5000.csv,P04079,synthetic
PRD0003924,SVR,SVR Glow Octocrylene SPF 50,sunscreen,combination|oily,aging|dryness|sensitivity,"octocrylene, titanium dioxide, avobenzone",yes,no,no,AM,50.0,16.91,skincare_products_5000.csv,P04336,synthetic
PRD0003925,SVR,SVR Glow Panthenol Moisturizer,moisturizer,combination-sensitive|sensitive,barrier repair|oiliness,panthenol,yes,no,no,PM,,14.62,skincare_products_5000.csv,P01889,synthetic
PRD0003926,SVR,SVR Glow Panthenol Moisturizer,moisturizer,combination|combination-sensitive|oily,barrier repair,"panthenol, cholesterol, ceramides",yes,yes,no,Weekly,,24.91,skincare_products_5000.csv,P03049,synthetic
PRD0003927,SVR,SVR Glow Pha Toner,toner,combination|combination-sensitive|dry,barrier repair,"pha, beta-glucan, centella",yes,no,no,Weekly,,10.3,skincare_products_5000.csv,P00775,synthetic
PRD0003928,SVR,SVR Glow Salicylic Acid Cleanser,cleanser,combination|oily|sensitive,dryness|oiliness,salicylic acid,yes,yes,no,Weekly,,19.05,skincare_products_5000.csv,P00667,synthetic
PRD0003929,SVR,SVR Glow Salicylic Acid Cleanser,cleanser,sensitive,acne|dryness,"salicylic acid, niacinamide",no,yes,no,Weekly,,16.8,skincare_products_5000.csv,P01248,synthetic
PRD0003930,SVR,SVR Glow Salicylic Acid Treatment,treatment,combination-sensitive|dry|sensitive,dark spots|dehydration|oiliness,"salicylic acid, adapalene",no,yes,no,AM/PM,,18.87,skincare_products_5000.csv,P04882,synthetic
PRD0003931,SVR,SVR Glow Titanium Dioxide SPF 50,sunscreen,combination-sensitive|normal|oily,dehydration,titanium dioxide,no,yes,no,AM,50.0,18.94,skincare_products_5000.csv,P03582,synthetic
PRD0003932,SVR,SVR Glow Vitamin C Serum,serum,combination-sensitive|oily|sensitive,aging,vitamin c,yes,yes,no,PM,,36.43,skincare_products_5000.csv,P00064,synthetic
PRD0003933,SVR,SVR Glow Zinc Oxide SPF 50,sunscreen,dry|normal,dark spots|dryness|redness,"zinc oxide, octocrylene",no,yes,no,AM,50.0,25.61,skincare_products_5000.csv,P03478,synthetic
PRD0003934,SVR,SVR Hydra Adapalene Treatment,treatment,combination-sensitive,aging,"adapalene, benzoyl peroxide",yes,yes,yes,AM/PM,,24.49,skincare_products_5000.csv,P00630,synthetic
PRD0003935,SVR,SVR Hydra Adapalene Treatment,treatment,combination|normal,acne|dehydration,adapalene,no,yes,no,Weekly,,18.53,skincare_products_5000.csv,P03373,synthetic
PRD0003936,SVR,SVR Hydra Adapalene Treatment,treatment,normal|sensitive,barrier repair,"adapalene, sulfur, salicylic acid",no,yes,yes,AM,,25.83,skincare_products_5000.csv,P04754,synthetic
PRD0003937,SVR,SVR Hydra Clay Mask,mask,combination-sensitive|normal|sensitive,acne|dryness|redness,clay,no,no,no,AM/PM,,24.61,skincare_products_5000.csv,P01421,synthetic
PRD0003938,SVR,SVR Hydra Glycerin Cleanser,cleanser,combination,aging|barrier repair|dark spots,glycerin,no,yes,no,AM/PM,,18.18,skincare_products_5000.csv,P03346,synthetic
PRD0003939,SVR,SVR Hydra Glycerin Cleanser,cleanser,dry,aging|oiliness,"glycerin, ceramides",yes,yes,no,Weekly,,15.16,skincare_products_5000.csv,P02564,synthetic
PRD0003940,SVR,SVR Hydra Glycerin Moisturizer,moisturizer,combination-sensitive|oily|sensitive,acne|oiliness,"glycerin, ceramides, urea",yes,yes,no,PM,,20.24,skincare_products_5000.csv,P03166,synthetic
PRD0003941,SVR,SVR Hydra Hyaluronic Acid Mask,mask,normal,aging|dehydration,"hyaluronic acid, oat extract",yes,no,no,PM,,14.63,skincare_products_5000.csv,P03036,synthetic
PRD0003942,SVR,SVR Hydra Octocrylene SPF 50,sunscreen,combination|sensitive,dark spots|dryness|sensitivity,octocrylene,yes,yes,no,AM,50.0,16.83,skincare_products_5000.csv,P00018,synthetic
PRD0003943,SVR,SVR Hydra Pha Toner,toner,combination,acne|dryness,pha,yes,no,no,PM,,17.84,skincare_products_5000.csv,P00947,synthetic
PRD0003944,SVR,SVR Hydra Pha Toner,toner,combination|oily,dehydration,pha,yes,no,no,AM,,22.86,skincare_products_5000.csv,P02644,synthetic
PRD0003945,SVR,SVR Hydra Squalane Moisturizer,moisturizer,combination|sensitive,oiliness,squalane,yes,no,no,AM/PM,,21.04,skincare_products_5000.csv,P04762,synthetic
PRD0003946,SVR,SVR Hydra Squalane Moisturizer,moisturizer,sensitive,barrier repair,"squalane, ceramides, glycerin",yes,yes,no,PM,,18.17,skincare_products_5000.csv,P01104,synthetic
PRD0003947,SVR,SVR Hydra Titanium Dioxide SPF 50,sunscreen,combination|normal|oily,aging|oiliness,"titanium dioxide, avobenzone, niacinamide",no,yes,no,AM,50.0,24.74,skincare_products_5000.csv,P02054,synthetic
PRD0003948,SVR,SVR Hydra Titanium Dioxide SPF 50,sunscreen,oily|sensitive,barrier repair|redness|sensitivity,titanium dioxide,yes,no,no,AM,50.0,20.49,skincare_products_5000.csv,P02057,synthetic
PRD0003949,SVR,SVR Hydra Urea Moisturizer,moisturizer,combination|normal|oily,aging|dark spots|oiliness,"urea, ceramides, panthenol",yes,yes,no,AM/PM,,28.3,skincare_products_5000.csv,P03056,synthetic
PRD0003950,SVR,SVR Hydra Vitamin C Serum,serum,combination,oiliness|sensitivity,vitamin c,no,yes,no,Weekly,,16.13,skincare_products_5000.csv,P02351,synthetic
PRD0003951,SVR,SVR Hydra Vitamin C Serum,serum,combination-sensitive|normal,aging|dehydration|sensitivity,"vitamin c, azelaic acid, centella",no,yes,no,AM/PM,,11.27,skincare_products_5000.csv,P03583,synthetic
PRD0003952,SVR,SVR Hydra Vitamin E SPF 50,sunscreen,combination|normal|sensitive,dehydration|oiliness,vitamin e,yes,yes,no,AM,50.0,25.26,skincare_products_5000.csv,P01937,synthetic
PRD0003953,SVR,SVR Hydra Zinc Oxide SPF 50,sunscreen,combination-sensitive,aging|dryness|redness,zinc oxide,yes,no,no,AM,50.0,26.5,skincare_products_5000.csv,P04068,synthetic
PRD0003954,SVR,SVR Pure Adapalene Treatment,treatment,dry|sensitive,dryness|sensitivity,"adapalene, azelaic acid",no,yes,no,Weekly,,26.07,skincare_products_5000.csv,P01954,synthetic
PRD0003955,SVR,SVR Pure Azelaic Acid Serum,serum,dry|normal|sensitive,barrier repair|redness,azelaic acid,no,yes,no,PM,,13.82,skincare_products_5000.csv,P00280,synthetic
PRD0003956,SVR,SVR Pure Benzoyl Peroxide Treatment,treatment,oily,sensitivity,"benzoyl peroxide, azelaic acid",no,yes,no,AM/PM,,29.28,skincare_products_5000.csv,P04282,synthetic
PRD0003957,SVR,SVR Pure Betaine Cleanser,cleanser,combination-sensitive|dry|sensitive,dryness|redness,"betaine, ceramides",yes,yes,no,Weekly,,17.56,skincare_products_5000.csv,P02666,synthetic
PRD0003958,SVR,SVR Pure Centella Mask,mask,combination|dry|normal,barrier repair|dryness|oiliness,centella,yes,no,no,Weekly,,10.52,skincare_products_5000.csv,P04661,synthetic
PRD0003959,SVR,SVR Pure Centella Toner,toner,sensitive,dryness|redness,centella,no,no,no,Weekly,,14.22,skincare_products_5000.csv,P01641,synthetic
PRD0003960,SVR,SVR Pure Ceramides Cleanser,cleanser,normal|oily|sensitive,acne|barrier repair,"ceramides, betaine",yes,no,no,PM,,24.1,skincare_products_5000.csv,P04936,synthetic
PRD0003961,SVR,SVR Pure Ceramides Moisturizer,moisturizer,normal,dark spots|redness,ceramides,yes,yes,no,AM/PM,,21.3,skincare_products_5000.csv,P03185,synthetic
PRD0003962,SVR,SVR Pure Glycerin Cleanser,cleanser,combination-sensitive,barrier repair|redness,"glycerin, ceramides, centella",yes,yes,no,AM,,14.83,skincare_products_5000.csv,P02528,synthetic
PRD0003963,SVR,SVR Pure Glycerin Moisturizer,moisturizer,combination|combination-sensitive|normal,redness,"glycerin, ceramides, squalane",no,yes,no,Weekly,,24.26,skincare_products_5000.csv,P01098,synthetic
PRD0003964,SVR,SVR Pure Glycerin Toner,toner,combination|normal|oily,dark spots,"glycerin, beta-glucan, centella",yes,no,no,PM,,21.74,skincare_products_5000.csv,P03287,synthetic
PRD0003965,SVR,SVR Pure Green Tea Mask,mask,combination|combination-sensitive|sensitive,oiliness,green tea,yes,no,no,AM,,14.76,skincare_products_5000.csv,P01037,synthetic
PRD0003966,SVR,SVR Pure Hyaluronic Acid Serum,serum,combination,dark spots,hyaluronic acid,yes,yes,no,PM,,24.95,skincare_products_5000.csv,P00514,synthetic
PRD0003967,SVR,SVR Pure Hyaluronic Acid Serum,serum,combination|sensitive,aging|dehydration|redness,"hyaluronic acid, vitamin c, retinol",yes,yes,no,AM/PM,,34.03,skincare_products_5000.csv,P02730,synthetic
PRD0003968,SVR,SVR Pure Niacinamide Cleanser,cleanser,combination,barrier repair,niacinamide,yes,no,no,AM/PM,,14.99,skincare_products_5000.csv,P02432,synthetic
PRD0003969,SVR,SVR Pure Niacinamide SPF 50,sunscreen,combination|normal,barrier repair|dark spots|oiliness,"niacinamide, vitamin e, titanium dioxide",yes,yes,no,AM,50.0,10.64,skincare_products_5000.csv,P01717,synthetic
PRD0003970,SVR,SVR Pure Niacinamide Toner,toner,combination,acne|dryness,"niacinamide, panthenol, beta-glucan",yes,no,no,PM,,14.64,skincare_products_5000.csv,P01774,synthetic
PRD0003971,SVR,SVR Pure Oat Extract Mask,mask,dry|normal|sensitive,dark spots|redness,"oat extract, clay",no,no,no,Weekly,,13.11,skincare_products_5000.csv,P04162,synthetic
PRD0003972,SVR,SVR Pure Octocrylene SPF 50,sunscreen,combination-sensitive,oiliness|sensitivity,"octocrylene, niacinamide, avobenzone",yes,yes,no,AM,30.0,27.85,skincare_products_5000.csv,P04846,synthetic
PRD0003973,SVR,SVR Pure Peptides Serum,serum,combination,barrier repair,"peptides, centella",yes,no,no,AM/PM,,44.3,skincare_products_5000.csv,P01231,synthetic
PRD0003974,SVR,SVR Pure Peptides Serum,serum,combination,dehydration|dryness|sensitivity,peptides,no,yes,no,PM,,28.63,skincare_products_5000.csv,P03699,synthetic
PRD0003975,SVR,SVR Pure Peptides Serum,serum,combination-sensitive,barrier repair|oiliness|redness,peptides,yes,yes,no,AM,,16.73,skincare_products_5000.csv,P01068,synthetic
PRD0003976,SVR,SVR Pure Peptides Serum,serum,combination|combination-sensitive|normal,aging|dark spots|oiliness,peptides,yes,yes,no,Weekly,,32.05,skincare_products_5000.csv,P00927,synthetic
PRD0003977,SVR,SVR Pure Salicylic Acid Treatment,treatment,normal,dark spots,salicylic acid,yes,yes,no,PM,,30.44,skincare_products_5000.csv,P00915,synthetic
PRD0003978,SVR,SVR Pure Squalane Moisturizer,moisturizer,combination-sensitive|normal|oily,dehydration|sensitivity,squalane,yes,yes,no,PM,,23.77,skincare_products_5000.csv,P04083,synthetic
PRD0003979,SVR,SVR Pure Titanium Dioxide SPF 50,sunscreen,normal,dryness,"titanium dioxide, octocrylene",no,no,no,AM,50.0,21.5,skincare_products_5000.csv,P01476,synthetic
PRD0003980,SVR,SVR Pure Urea Moisturizer,moisturizer,normal|sensitive,acne|aging|barrier repair,urea,yes,no,no,Weekly,,12.98,skincare_products_5000.csv,P04025,synthetic
PRD0003981,SVR,SVR Pure Vitamin C Serum,serum,combination|combination-sensitive,dryness,"vitamin c, hyaluronic acid, retinol",no,yes,no,Weekly,,33.73,skincare_products_5000.csv,P01049,synthetic
PRD0003982,SVR,SVR Repair Adapalene Treatment,treatment,combination,dark spots|dryness|sensitivity,"adapalene, salicylic acid",yes,no,yes,PM,,30.42,skincare_products_5000.csv,P01426,synthetic
PRD0003983,SVR,SVR Repair Avobenzone SPF 50,sunscreen,combination,aging|dehydration|oiliness,"avobenzone, niacinamide, zinc oxide",no,no,no,AM,50.0,17.38,skincare_products_5000.csv,P04303,synthetic
PRD0003984,SVR,SVR Repair Azelaic Acid Serum,serum,combination|dry|sensitive,barrier repair,"azelaic acid, vitamin c",yes,yes,no,Weekly,,30.37,skincare_products_5000.csv,P01110,synthetic
PRD0003985,SVR,SVR Repair Azelaic Acid Treatment,treatment,combination-sensitive|sensitive,acne|dryness,"azelaic acid, retinol, adapalene",yes,no,yes,AM/PM,,18.48,skincare_products_5000.csv,P04459,synthetic
PRD0003986,SVR,SVR Repair Azelaic Acid Treatment,treatment,dry|normal,dark spots|dryness,azelaic acid,yes,no,no,Weekly,,34.69,skincare_products_5000.csv,P03561,synthetic
PRD0003987,SVR,SVR Repair Beta-Glucan Toner,toner,combination|oily,aging|dryness|oiliness,beta-glucan,yes,no,no,PM,,21.77,skincare_products_5000.csv,P01969,synthetic
PRD0003988,SVR,SVR Repair Betaine Cleanser,cleanser,combination,acne|dehydration,"betaine, niacinamide",yes,yes,no,AM/PM,,18.08,skincare_products_5000.csv,P03853,synthetic
PRD0003989,SVR,SVR Repair Betaine Cleanser,cleanser,combination-sensitive,aging|dark spots,"betaine, centella",yes,yes,no,PM,,15.96,skincare_products_5000.csv,P02839,synthetic
PRD0003990,SVR,SVR Repair Betaine Cleanser,cleanser,combination-sensitive|sensitive,acne|barrier repair|dark spots,betaine,yes,yes,no,Weekly,,16.99,skincare_products_5000.csv,P02704,synthetic
PRD0003991,SVR,SVR Repair Glycerin Cleanser,cleanser,combination|combination-sensitive,acne|dryness|oiliness,"glycerin, ceramides, centella",yes,yes,no,Weekly,,24.39,skincare_products_5000.csv,P01201,synthetic
PRD0003992,SVR,SVR Repair Hyaluronic Acid Mask,mask,dry|oily,oiliness,"hyaluronic acid, sulfur, oat extract",yes,no,no,AM,,25.08,skincare_products_5000.csv,P02670,synthetic
PRD0003993,SVR,SVR Repair Hyaluronic Acid Serum,serum,combination|dry|sensitive,dehydration|dryness,"hyaluronic acid, vitamin c",yes,yes,no,AM,,21.05,skincare_products_5000.csv,P04918,synthetic
PRD0003994,SVR,SVR Repair Niacinamide Cleanser,cleanser,combination-sensitive|sensitive,acne|aging,"niacinamide, ceramides",yes,no,no,Weekly,,21.57,skincare_products_5000.csv,P00688,synthetic
PRD0003995,SVR,SVR Repair Niacinamide Cleanser,cleanser,combination|combination-sensitive|oily,barrier repair|oiliness,"niacinamide, centella, salicylic acid",no,yes,no,Weekly,,17.23,skincare_products_5000.csv,P02338,synthetic
PRD0003996,SVR,SVR Repair Niacinamide Cleanser,cleanser,oily,aging|dark spots|redness,"niacinamide, salicylic acid",yes,yes,no,Weekly,,13.14,skincare_products_5000.csv,P04809,synthetic
PRD0003997,SVR,SVR Repair Niacinamide SPF 50,sunscreen,combination|oily,aging|dark spots|sensitivity,"niacinamide, octocrylene, zinc oxide",no,yes,no,AM,30.0,17.63,skincare_products_5000.csv,P00258,synthetic
PRD0003998,SVR,SVR Repair Oat Extract Mask,mask,combination-sensitive|sensitive,dryness|redness|sensitivity,"oat extract, sulfur",no,no,no,Weekly,,9.74,skincare_products_5000.csv,P02823,synthetic
PRD0003999,SVR,SVR Repair Peptides Serum,serum,normal|oily|sensitive,dryness|oiliness|sensitivity,"peptides, centella, retinol",yes,yes,no,AM,,27.36,skincare_products_5000.csv,P04377,synthetic
PRD0004000,SVR,SVR Repair Salicylic Acid Cleanser,cleanser,combination-sensitive|dry,barrier repair|oiliness,"salicylic acid, glycerin",no,yes,no,AM/PM,,10.59,skincare_products_5000.csv,P02425,synthetic
PRD0004001,SVR,SVR Repair Squalane Moisturizer,moisturizer,combination|normal|sensitive,dark spots|oiliness,"squalane, glycerin, panthenol",yes,yes,no,PM,,26.69,skincare_products_5000.csv,P00389,synthetic
PRD0004002,SVR,SVR Repair Sulfur Mask,mask,dry|normal|sensitive,acne|aging|dark spots,sulfur,yes,no,no,AM/PM,,11.71,skincare_products_5000.csv,P00527,synthetic
PRD0004003,SVR,SVR Repair Sulfur Treatment,treatment,combination|dry,dark spots,sulfur,yes,yes,no,PM,,28.73,skincare_products_5000.csv,P03458,synthetic
PRD0004004,SVR,SVR Repair Urea Moisturizer,moisturizer,combination|dry|normal,dryness,"urea, squalane",yes,yes,no,AM/PM,,15.68,skincare_products_5000.csv,P03879,synthetic
PRD0004005,SVR,SVR Repair Vitamin C Serum,serum,combination|oily,dryness|sensitivity,"vitamin c, peptides, azelaic acid",yes,yes,no,AM,,27.69,skincare_products_5000.csv,P04316,synthetic
PRD0004006,SVR,SVR Repair Vitamin C Serum,serum,oily,dryness,"vitamin c, retinol, peptides",yes,yes,no,AM/PM,,25.5,skincare_products_5000.csv,P02372,synthetic
PRD0004007,Simple,Simple Advanced Adapalene Treatment,treatment,combination-sensitive|dry|normal,acne|barrier repair,"adapalene, salicylic acid, sulfur",no,yes,no,AM,,25.91,skincare_products_5000.csv,P01640,synthetic
PRD0004008,Simple,Simple Advanced Azelaic Acid Serum,serum,combination-sensitive|dry|oily,acne|dark spots|redness,"azelaic acid, centella",yes,yes,no,AM/PM,,32.7,skincare_products_5000.csv,P04761,synthetic
PRD0004009,Simple,Simple Advanced Betaine Cleanser,cleanser,dry|oily,acne|dehydration|dryness,"betaine, glycerin",yes,yes,no,AM/PM,,23.46,skincare_products_5000.csv,P03549,synthetic
PRD0004010,Simple,Simple Advanced Centella Mask,mask,combination|dry|normal,acne|barrier repair|dehydration,"centella, sulfur",yes,no,no,Weekly,,23.9,skincare_products_5000.csv,P03017,synthetic
PRD0004011,Simple,Simple Advanced Ceramides Moisturizer,moisturizer,combination-sensitive|normal|oily,dryness|oiliness|redness,"ceramides, cholesterol, glycerin",yes,yes,no,Weekly,,15.37,skincare_products_5000.csv,P03153,synthetic
PRD0004012,Simple,Simple Advanced Ceramides Moisturizer,moisturizer,combination|normal|oily,acne|dryness|sensitivity,"ceramides, glycerin",yes,yes,no,AM/PM,,30.22,skincare_products_5000.csv,P00063,synthetic
PRD0004013,Simple,Simple Advanced Cholesterol Moisturizer,moisturizer,combination-sensitive|normal|oily,barrier repair|dehydration|redness,"cholesterol, urea",yes,yes,no,PM,,30.32,skincare_products_5000.csv,P03438,synthetic
PRD0004014,Simple,Simple Advanced Clay Mask,mask,normal,barrier repair|dryness|sensitivity,"clay, sulfur",yes,no,no,AM/PM,,20.34,skincare_products_5000.csv,P02310,synthetic
PRD0004015,Simple,Simple Advanced Glycerin Toner,toner,combination-sensitive,dryness|oiliness,"glycerin, panthenol",yes,no,no,AM,,21.02,skincare_products_5000.csv,P03413,synthetic
PRD0004016,Simple,Simple Advanced Niacinamide Cleanser,cleanser,combination|dry|sensitive,dark spots|dehydration,"niacinamide, ceramides",no,yes,no,Weekly,,21.89,skincare_products_5000.csv,P02183,synthetic
PRD0004017,Simple,Simple Advanced Niacinamide SPF 50,sunscreen,dry|sensitive,acne,niacinamide,yes,yes,no,AM,30.0,17.1,skincare_products_5000.csv,P04721,synthetic
PRD0004018,Simple,Simple Advanced Niacinamide Serum,serum,combination-sensitive|normal|sensitive,dryness|oiliness|redness,niacinamide,yes,yes,no,Weekly,,16.85,skincare_products_5000.csv,P01649,synthetic
PRD0004019,Simple,Simple Advanced Niacinamide Serum,serum,combination|oily|sensitive,barrier repair|redness,"niacinamide, azelaic acid",no,yes,no,PM,,38.28,skincare_products_5000.csv,P04054,synthetic
PRD0004020,Simple,Simple Advanced Octocrylene SPF 50,sunscreen,combination-sensitive,oiliness,"octocrylene, zinc oxide, avobenzone",no,yes,no,AM,50.0,27.85,skincare_products_5000.csv,P00553,synthetic
PRD0004021,Simple,Simple Advanced Panthenol Toner,toner,combination|combination-sensitive|sensitive,acne|redness|sensitivity,panthenol,no,no,no,Weekly,,21.67,skincare_products_5000.csv,P04652,synthetic
PRD0004022,Simple,Simple Advanced Panthenol Toner,toner,combination|oily|sensitive,dryness|redness,panthenol,yes,no,no,AM/PM,,15.0,skincare_products_5000.csv,P04682,synthetic
PRD0004023,Simple,Simple Advanced Pha Toner,toner,combination|dry|oily,oiliness,pha,yes,no,no,AM,,8.04,skincare_products_5000.csv,P03934,synthetic
PRD0004024,Simple,Simple Advanced Retinol Serum,serum,combination-sensitive,dehydration|dryness,retinol,yes,yes,no,Weekly,,32.58,skincare_products_5000.csv,P00873,synthetic
PRD0004025,Simple,Simple Advanced Salicylic Acid Cleanser,cleanser,combination|combination-sensitive,dehydration,"salicylic acid, centella",yes,yes,no,Weekly,,13.11,skincare_products_5000.csv,P01790,synthetic
PRD0004026,Simple,Simple Advanced Salicylic Acid Cleanser,cleanser,dry,barrier repair|oiliness|redness,"salicylic acid, betaine",no,yes,no,Weekly,,9.09,skincare_products_5000.csv,P02226,synthetic
PRD0004027,Simple,Simple Advanced Squalane Moisturizer,moisturizer,combination|normal|sensitive,redness,"squalane, ceramides, cholesterol",yes,yes,no,PM,,25.48,skincare_products_5000.csv,P02533,synthetic
PRD0004028,Simple,Simple Advanced Titanium Dioxide SPF 50,sunscreen,combination-sensitive,aging|barrier repair,titanium dioxide,no,yes,no,AM,50.0,18.93,skincare_products_5000.csv,P04585,synthetic
PRD0004029,Simple,Simple Advanced Titanium Dioxide SPF 50,sunscreen,combination|dry|normal,dehydration|dryness|redness,"titanium dioxide, vitamin e",yes,no,no,AM,50.0,10.5,skincare_products_5000.csv,P00139,synthetic
PRD0004030,Simple,Simple Advanced Vitamin C Serum,serum,combination|dry,aging|dehydration|redness,"vitamin c, retinol",yes,yes,no,Weekly,,15.06,skincare_products_5000.csv,P04901,synthetic
PRD0004031,Simple,Simple Advanced Vitamin C Serum,serum,normal,aging|dryness,"vitamin c, peptides, azelaic acid",yes,yes,no,AM,,30.93,skincare_products_5000.csv,P02245,synthetic
PRD0004032,Simple,Simple Advanced Zinc Oxide SPF 50,sunscreen,dry|normal|oily,acne|dehydration|oiliness,zinc oxide,no,yes,no,AM,50.0,15.21,skincare_products_5000.csv,P00685,synthetic
PRD0004033,Simple,Simple Advanced Zinc Oxide SPF 50,sunscreen,oily|sensitive,acne|dryness|oiliness,"zinc oxide, octocrylene, niacinamide",yes,yes,no,AM,30.0,18.02,skincare_products_5000.csv,P04619,synthetic
PRD0004034,Simple,Simple Balance Avobenzone SPF 50,sunscreen,combination-sensitive|oily,barrier repair|dark spots|sensitivity,"avobenzone, zinc oxide, vitamin e",yes,no,no,AM,50.0,11.93,skincare_products_5000.csv,P01890,synthetic
PRD0004035,Simple,Simple Balance Avobenzone SPF 50,sunscreen,normal|oily,barrier repair|dehydration|dryness,avobenzone,no,no,no,AM,50.0,12.26,skincare_products_5000.csv,P04266,synthetic
PRD0004036,Simple,Simple Balance Azelaic Acid Serum,serum,dry|normal|oily,dark spots|dryness|sensitivity,azelaic acid,yes,yes,no,AM,,10.38,skincare_products_5000.csv,P04342,synthetic
PRD0004037,Simple,Simple Balance Benzoyl Peroxide Treatment,treatment,dry,acne|barrier repair,benzoyl peroxide,yes,yes,no,AM,,12.32,skincare_products_5000.csv,P04170,synthetic
PRD0004038,Simple,Simple Balance Benzoyl Peroxide Treatment,treatment,normal|sensitive,dark spots|redness,benzoyl peroxide,yes,yes,no,Weekly,,15.95,skincare_products_5000.csv,P01799,synthetic
PRD0004039,Simple,Simple Balance Centella Cleanser,cleanser,combination,aging|dehydration|oiliness,"centella, niacinamide",yes,yes,no,Weekly,,18.82,skincare_products_5000.csv,P00123,synthetic
PRD0004040,Simple,Simple Balance Centella Mask,mask,oily,aging|dryness|oiliness,centella,yes,no,no,AM/PM,,25.09,skincare_products_5000.csv,P01671,synthetic
PRD0004041,Simple,Simple Balance Centella Serum,serum,combination|normal,acne|aging,centella,no,yes,no,AM/PM,,28.92,skincare_products_5000.csv,P03655,synthetic
PRD0004042,Simple,Simple Balance Centella Toner,toner,oily,dehydration,"centella, pha",yes,no,no,AM,,18.55,skincare_products_5000.csv,P02543,synthetic
PRD0004043,Simple,Simple Balance Ceramides Moisturizer,moisturizer,dry|sensitive,aging|barrier repair,"ceramides, urea",no,yes,no,Weekly,,25.42,skincare_products_5000.csv,P01208,synthetic
PRD0004044,Simple,Simple Balance Cholesterol Moisturizer,moisturizer,combination|sensitive,aging|dehydration|redness,"cholesterol, glycerin, urea",yes,no,no,Weekly,,23.79,skincare_products_5000.csv,P02113,synthetic
PRD0004045,Simple,Simple Balance Glycerin Toner,toner,normal,acne|aging|dark spots,"glycerin, panthenol",yes,no,no,PM,,17.34,skincare_products_5000.csv,P04530,synthetic
PRD0004046,Simple,Simple Balance Hyaluronic Acid Serum,serum,combination|dry,dark spots|sensitivity,"hyaluronic acid, niacinamide",yes,yes,no,PM,,35.25,skincare_products_5000.csv,P04430,synthetic
PRD0004047,Simple,Simple Balance Niacinamide Cleanser,cleanser,combination,aging|barrier repair|dehydration,"niacinamide, betaine, glycerin",yes,yes,no,AM,,20.5,skincare_products_5000.csv,P03262,synthetic
PRD0004048,Simple,Simple Balance Niacinamide SPF 50,sunscreen,sensitive,oiliness|redness,"niacinamide, vitamin e",yes,no,no,AM,50.0,21.07,skincare_products_5000.csv,P00820,synthetic
PRD0004049,Simple,Simple Balance Oat Extract Mask,mask,normal,acne|aging|dryness,oat extract,no,no,no,PM,,13.61,skincare_products_5000.csv,P04524,synthetic
PRD0004050,Simple,Simple Balance Panthenol Moisturizer,moisturizer,combination|normal|sensitive,dehydration|dryness,"panthenol, urea",no,yes,no,AM,,23.72,skincare_products_5000.csv,P03595,synthetic
PRD0004051,Simple,Simple Balance Retinol Treatment,treatment,normal|sensitive,acne|dark spots|dehydration,"retinol, adapalene",no,no,yes,AM/PM,,11.49,skincare_products_5000.csv,P01865,synthetic
PRD0004052,Simple,Simple Balance Salicylic Acid Cleanser,cleanser,normal,dehydration,"salicylic acid, centella, betaine",no,yes,no,Weekly,,8.28,skincare_products_5000.csv,P01839,synthetic
PRD0004053,Simple,Simple Balance Salicylic Acid Treatment,treatment,combination,dryness,salicylic acid,yes,yes,no,AM/PM,,11.43,skincare_products_5000.csv,P00856,synthetic
PRD0004054,Simple,Simple Balance Squalane Moisturizer,moisturizer,dry|normal|oily,aging|dark spots|dehydration,squalane,yes,yes,no,AM/PM,,20.79,skincare_products_5000.csv,P01550,synthetic
PRD0004055,Simple,Simple Balance Titanium Dioxide SPF 50,sunscreen,combination|sensitive,aging|dehydration|dryness,"titanium dioxide, avobenzone, vitamin e",yes,no,no,AM,50.0,22.27,skincare_products_5000.csv,P01292,synthetic
PRD0004056,Simple,Simple Balance Vitamin E SPF 50,sunscreen,combination,acne|aging|sensitivity,vitamin e,yes,no,no,AM,50.0,19.8,skincare_products_5000.csv,P03903,synthetic
PRD0004057,Simple,Simple Balance Vitamin E SPF 50,sunscreen,oily|sensitive,dryness|sensitivity,vitamin e,yes,yes,no,AM,50.0,18.21,skincare_products_5000.csv,P03894,synthetic
PRD0004058,Simple,Simple Barrier Adapalene Treatment,treatment,combination-sensitive,aging|oiliness|sensitivity,"adapalene, azelaic acid, retinol",yes,yes,yes,Weekly,,28.66,skincare_products_5000.csv,P02497,synthetic
PRD0004059,Simple,Simple Barrier Centella Mask,mask,dry,barrier repair|dark spots|oiliness,"centella, hyaluronic acid, green tea",yes,no,no,AM,,11.7,skincare_products_5000.csv,P01311,synthetic
PRD0004060,Simple,Simple Barrier Ceramides Cleanser,cleanser,combination,aging,"ceramides, salicylic acid, niacinamide",yes,yes,no,PM,,8.21,skincare_products_5000.csv,P00752,synthetic
PRD0004061,Simple,Simple Barrier Ceramides Cleanser,cleanser,combination-sensitive|normal|oily,dark spots|sensitivity,"ceramides, salicylic acid",yes,no,no,PM,,20.89,skincare_products_5000.csv,P02920,synthetic
PRD0004062,Simple,Simple Barrier Ceramides Cleanser,cleanser,dry,barrier repair|dehydration|oiliness,"ceramides, betaine",yes,no,no,PM,,18.93,skincare_products_5000.csv,P01230,synthetic
PRD0004063,Simple,Simple Barrier Ceramides Moisturizer,moisturizer,combination|combination-sensitive|sensitive,acne|oiliness,"ceramides, cholesterol",yes,yes,no,AM,,16.8,skincare_products_5000.csv,P02382,synthetic
PRD0004064,Simple,Simple Barrier Clay Mask,mask,combination|dry|sensitive,barrier repair|sensitivity,"clay, hyaluronic acid",yes,no,no,AM/PM,,12.2,skincare_products_5000.csv,P02266,synthetic
PRD0004065,Simple,Simple Barrier Glycerin Cleanser,cleanser,combination|combination-sensitive|oily,aging|sensitivity,"glycerin, niacinamide, salicylic acid",yes,yes,no,PM,,11.3,skincare_products_5000.csv,P00727,synthetic
PRD0004066,Simple,Simple Barrier Glycerin Moisturizer,moisturizer,combination-sensitive,acne|dryness|sensitivity,"glycerin, squalane, ceramides",yes,no,no,AM,,16.48,skincare_products_5000.csv,P01410,synthetic
PRD0004067,Simple,Simple Barrier Glycerin Moisturizer,moisturizer,combination|dry|sensitive,acne|dark spots,"glycerin, cholesterol, panthenol",yes,yes,no,Weekly,,18.12,skincare_products_5000.csv,P02970,synthetic
PRD0004068,Simple,Simple Barrier Green Tea Mask,mask,dry|normal,dark spots,"green tea, hyaluronic acid, sulfur",yes,no,no,PM,,8.53,skincare_products_5000.csv,P03070,synthetic
PRD0004069,Simple,Simple Barrier Hyaluronic Acid Mask,mask,combination-sensitive,dehydration|dryness|oiliness,hyaluronic acid,yes,no,no,AM,,21.95,skincare_products_5000.csv,P02630,synthetic
PRD0004070,Simple,Simple Barrier Niacinamide Cleanser,cleanser,combination,barrier repair,"niacinamide, salicylic acid, ceramides",yes,yes,no,Weekly,,22.06,skincare_products_5000.csv,P03849,synthetic
PRD0004071,Simple,Simple Barrier Niacinamide Cleanser,cleanser,dry|oily,dehydration|dryness|oiliness,niacinamide,yes,yes,no,Weekly,,18.99,skincare_products_5000.csv,P02883,synthetic
PRD0004072,Simple,Simple Barrier Niacinamide SPF 50,sunscreen,normal|oily,sensitivity,"niacinamide, zinc oxide, vitamin e",yes,yes,no,AM,30.0,26.11,skincare_products_5000.csv,P03802,synthetic
PRD0004073,Simple,Simple Barrier Peptides Serum,serum,combination-sensitive|dry|sensitive,barrier repair|dryness|redness,"peptides, niacinamide, hyaluronic acid",yes,yes,no,AM,,22.33,skincare_products_5000.csv,P01160,synthetic
PRD0004074,Simple,Simple Barrier Retinol Serum,serum,combination-sensitive|oily,acne|barrier repair|oiliness,"retinol, peptides",yes,no,no,PM,,13.06,skincare_products_5000.csv,P02208,synthetic
PRD0004075,Simple,Simple Barrier Sulfur Treatment,treatment,combination-sensitive|sensitive,dryness,"sulfur, benzoyl peroxide",yes,yes,no,Weekly,,27.49,skincare_products_5000.csv,P02540,synthetic
PRD0004076,Simple,Simple Barrier Vitamin C Serum,serum,combination|combination-sensitive|normal,acne|barrier repair|dryness,"vitamin c, niacinamide, hyaluronic acid",yes,yes,no,AM/PM,,11.61,skincare_products_5000.csv,P03793,synthetic
PRD0004077,Simple,Simple Barrier Vitamin C Serum,serum,dry|normal,dryness|oiliness|redness,"vitamin c, centella, niacinamide",no,no,no,AM,,23.93,skincare_products_5000.csv,P02131,synthetic
PRD0004078,Simple,Simple Barrier Vitamin C Serum,serum,oily,dark spots,vitamin c,yes,yes,no,AM/PM,,17.14,skincare_products_5000.csv,P03945,synthetic
PRD0004079,Simple,Simple Barrier Vitamin E SPF 50,sunscreen,combination|combination-sensitive|dry,barrier repair,vitamin e,yes,yes,no,AM,50.0,13.68,skincare_products_5000.csv,P00517,synthetic
PRD0004080,Simple,Simple Calm Avobenzone SPF 50,sunscreen,dry,dark spots|sensitivity,"avobenzone, niacinamide, zinc oxide",yes,yes,no,AM,30.0,17.11,skincare_products_5000.csv,P01888,synthetic
PRD0004081,Simple,Simple Calm Beta-Glucan Toner,toner,combination|combination-sensitive|sensitive,aging|redness|sensitivity,beta-glucan,yes,no,no,Weekly,,8.81,skincare_products_5000.csv,P00442,synthetic
PRD0004082,Simple,Simple Calm Betaine Cleanser,cleanser,dry|oily,acne|oiliness|sensitivity,betaine,yes,no,no,Weekly,,24.27,skincare_products_5000.csv,P03737,synthetic
PRD0004083,Simple,Simple Calm Betaine Cleanser,cleanser,normal|oily,aging|dark spots|dryness,"betaine, glycerin, ceramides",yes,yes,no,AM/PM,,11.61,skincare_products_5000.csv,P02017,synthetic
PRD0004084,Simple,Simple Calm Betaine Cleanser,cleanser,sensitive,dryness,"betaine, ceramides, niacinamide",yes,yes,no,PM,,8.74,skincare_products_5000.csv,P03264,synthetic
PRD0004085,Simple,Simple Calm Centella Serum,serum,combination|combination-sensitive|normal,dark spots,centella,yes,yes,no,AM/PM,,42.19,skincare_products_5000.csv,P03612,synthetic
PRD0004086,Simple,Simple Calm Centella Serum,serum,oily,dark spots|dehydration,"centella, vitamin c, retinol",yes,yes,no,AM,,29.81,skincare_products_5000.csv,P04543,synthetic
PRD0004087,Simple,Simple Calm Centella Toner,toner,combination|oily,dark spots,"centella, beta-glucan, panthenol",no,no,no,PM,,10.59,skincare_products_5000.csv,P00576,synthetic
PRD0004088,Simple,Simple Calm Cholesterol Moisturizer,moisturizer,combination-sensitive,dehydration,cholesterol,yes,yes,no,AM/PM,,22.89,skincare_products_5000.csv,P00507,synthetic
PRD0004089,Simple,Simple Calm Hyaluronic Acid Mask,mask,combination-sensitive|dry|normal,barrier repair,hyaluronic acid,no,no,no,PM,,22.99,skincare_products_5000.csv,P04704,synthetic
PRD0004090,Simple,Simple Calm Niacinamide Cleanser,cleanser,combination-sensitive|normal|sensitive,dehydration,"niacinamide, betaine, salicylic acid",yes,no,no,AM,,16.8,skincare_products_5000.csv,P04706,synthetic
PRD0004091,Simple,Simple Calm Niacinamide Cleanser,cleanser,combination|normal|sensitive,barrier repair|dryness|oiliness,"niacinamide, centella",yes,no,no,AM,,16.02,skincare_products_5000.csv,P01654,synthetic
PRD0004092,Simple,Simple Calm Niacinamide Cleanser,cleanser,sensitive,sensitivity,"niacinamide, salicylic acid",no,yes,no,PM,,16.15,skincare_products_5000.csv,P01290,synthetic
PRD0004093,Simple,Simple Calm Panthenol Moisturizer,moisturizer,combination-sensitive|dry|oily,oiliness|redness,panthenol,yes,yes,no,AM,,33.29,skincare_products_5000.csv,P03100,synthetic
PRD0004094,Simple,Simple Calm Panthenol Moisturizer,moisturizer,combination-sensitive|oily|sensitive,barrier repair,panthenol,no,yes,no,AM,,29.27,skincare_products_5000.csv,P03927,synthetic
PRD0004095,Simple,Simple Calm Panthenol Moisturizer,moisturizer,combination|combination-sensitive|dry,aging|barrier repair|sensitivity,"panthenol, glycerin, urea",yes,yes,no,PM,,23.42,skincare_products_5000.csv,P02551,synthetic
PRD0004096,Simple,Simple Calm Panthenol Toner,toner,combination-sensitive|dry|oily,dehydration|sensitivity,"panthenol, beta-glucan, glycerin",no,no,no,PM,,10.05,skincare_products_5000.csv,P03992,synthetic
PRD0004097,Simple,Simple Calm Panthenol Toner,toner,normal,oiliness|redness,"panthenol, niacinamide, pha",no,no,no,AM,,8.58,skincare_products_5000.csv,P00515,synthetic
PRD0004098,Simple,Simple Calm Salicylic Acid Treatment,treatment,sensitive,aging|dark spots|dehydration,salicylic acid,yes,no,no,Weekly,,33.4,skincare_products_5000.csv,P04396,synthetic
PRD0004099,Simple,Simple Calm Titanium Dioxide SPF 50,sunscreen,combination-sensitive,dark spots|oiliness,"titanium dioxide, avobenzone, vitamin e",no,yes,no,AM,50.0,19.99,skincare_products_5000.csv,P02932,synthetic
PRD0004100,Simple,Simple Calm Urea Moisturizer,moisturizer,combination|normal|oily,dryness,"urea, ceramides",yes,yes,no,Weekly,,26.56,skincare_products_5000.csv,P00829,synthetic
PRD0004101,Simple,Simple Calm Urea Moisturizer,moisturizer,dry|normal|oily,dehydration|redness|sensitivity,"urea, squalane",no,yes,no,Weekly,,12.18,skincare_products_5000.csv,P04355,synthetic
PRD0004102,Simple,Simple Calm Vitamin C Serum,serum,combination|dry|sensitive,aging|dryness|redness,"vitamin c, azelaic acid",yes,yes,no,AM/PM,,34.95,skincare_products_5000.csv,P04757,synthetic
PRD0004103,Simple,Simple Calm Vitamin C Serum,serum,dry|normal|oily,redness|sensitivity,"vitamin c, niacinamide, azelaic acid",yes,yes,no,AM/PM,,42.95,skincare_products_5000.csv,P02719,synthetic
PRD0004104,Simple,Simple Clear Ceramides Cleanser,cleanser,combination-sensitive|normal|sensitive,acne|aging,"ceramides, centella",yes,yes,no,AM,,10.17,skincare_products_5000.csv,P03750,synthetic
PRD0004105,Simple,Simple Clear Ceramides Moisturizer,moisturizer,combination|combination-sensitive,oiliness,"ceramides, glycerin",yes,yes,no,AM,,29.56,skincare_products_5000.csv,P03323,synthetic
PRD0004106,Simple,Simple Clear Ceramides Moisturizer,moisturizer,combination|dry,dryness|oiliness|redness,"ceramides, urea, cholesterol",yes,no,no,AM/PM,,15.42,skincare_products_5000.csv,P00596,synthetic
PRD0004107,Simple,Simple Clear Clay Mask,mask,dry,acne|aging,"clay, sulfur, hyaluronic acid",yes,no,no,Weekly,,13.04,skincare_products_5000.csv,P00547,synthetic
PRD0004108,Simple,Simple Clear Hyaluronic Acid Mask,mask,combination|sensitive,barrier repair|dehydration,"hyaluronic acid, oat extract",yes,no,no,AM/PM,,13.61,skincare_products_5000.csv,P04022,synthetic
PRD0004109,Simple,Simple Clear Hyaluronic Acid Serum,serum,dry|oily|sensitive,acne|aging|dryness,hyaluronic acid,no,yes,no,PM,,25.88,skincare_products_5000.csv,P01716,synthetic
PRD0004110,Simple,Simple Clear Niacinamide Cleanser,cleanser,combination-sensitive|oily,dark spots|redness,niacinamide,yes,no,no,Weekly,,24.78,skincare_products_5000.csv,P01053,synthetic
PRD0004111,Simple,Simple Clear Niacinamide Cleanser,cleanser,combination|dry|normal,aging|dryness|redness,"niacinamide, glycerin",yes,yes,no,PM,,22.93,skincare_products_5000.csv,P02005,synthetic
PRD0004112,Simple,Simple Clear Niacinamide Cleanser,cleanser,dry,dark spots|dehydration,"niacinamide, centella",yes,yes,no,Weekly,,18.72,skincare_products_5000.csv,P01154,synthetic
PRD0004113,Simple,Simple Clear Niacinamide Serum,serum,combination|normal|oily,acne|oiliness|redness,"niacinamide, hyaluronic acid, centella",no,yes,no,AM,,15.93,skincare_products_5000.csv,P03803,synthetic
PRD0004114,Simple,Simple Clear Niacinamide Toner,toner,dry|oily,dark spots,"niacinamide, beta-glucan",no,no,no,AM/PM,,8.01,skincare_products_5000.csv,P02764,synthetic
PRD0004115,Simple,Simple Clear Panthenol Toner,toner,combination-sensitive|dry,dehydration|dryness,"panthenol, centella",no,no,no,AM/PM,,17.86,skincare_products_5000.csv,P03289,synthetic
PRD0004116,Simple,Simple Clear Panthenol Toner,toner,combination-sensitive|sensitive,acne|barrier repair|sensitivity,"panthenol, beta-glucan",yes,no,no,AM,,19.55,skincare_products_5000.csv,P03142,synthetic
PRD0004117,Simple,Simple Clear Pha Toner,toner,combination,dark spots|dryness|oiliness,"pha, panthenol, centella",yes,no,no,AM/PM,,23.15,skincare_products_5000.csv,P03682,synthetic
PRD0004118,Simple,Simple Clear Pha Toner,toner,combination-sensitive,aging,pha,yes,no,no,Weekly,,10.5,skincare_products_5000.csv,P03071,synthetic
PRD0004119,Simple,Simple Clear Pha Toner,toner,sensitive,acne|sensitivity,pha,no,no,no,AM,,19.53,skincare_products_5000.csv,P01754,synthetic
PRD0004120,Simple,Simple Clear Salicylic Acid Cleanser,cleanser,combination,dryness|oiliness,"salicylic acid, glycerin",yes,yes,no,Weekly,,17.35,skincare_products_5000.csv,P03501,synthetic
PRD0004121,Simple,Simple Clear Salicylic Acid Treatment,treatment,combination-sensitive|dry,aging|barrier repair|dehydration,"salicylic acid, sulfur",no,yes,no,PM,,20.7,skincare_products_5000.csv,P00920,synthetic
PRD0004122,Simple,Simple Clear Titanium Dioxide SPF 50,sunscreen,combination|dry|normal,aging,"titanium dioxide, octocrylene, zinc oxide",yes,no,no,AM,50.0,29.89,skincare_products_5000.csv,P01256,synthetic
PRD0004123,Simple,Simple Clear Urea Moisturizer,moisturizer,sensitive,aging|dryness|redness,urea,yes,yes,no,AM,,31.09,skincare_products_5000.csv,P04663,synthetic
PRD0004124,Simple,Simple Clear Urea Moisturizer,moisturizer,sensitive,redness,"urea, ceramides",yes,yes,no,PM,,31.68,skincare_products_5000.csv,P02541,synthetic
PRD0004125,Simple,Simple Clear Vitamin C Serum,serum,dry|sensitive,acne|dryness|redness,"vitamin c, peptides, niacinamide",yes,yes,no,AM/PM,,42.56,skincare_products_5000.csv,P03635,synthetic
PRD0004126,Simple,Simple Clear Vitamin E SPF 50,sunscreen,combination-sensitive|sensitive,acne|sensitivity,"vitamin e, titanium dioxide, zinc oxide",yes,no,no,AM,50.0,26.39,skincare_products_5000.csv,P01473,synthetic
PRD0004127,Simple,Simple Daily Adapalene Treatment,treatment,combination|combination-sensitive,barrier repair,adapalene,no,yes,yes,AM,,12.54,skincare_products_5000.csv,P01443,synthetic
PRD0004128,Simple,Simple Daily Adapalene Treatment,treatment,combination|combination-sensitive|sensitive,acne|oiliness|sensitivity,adapalene,no,no,yes,Weekly,,10.19,skincare_products_5000.csv,P01440,synthetic
PRD0004129,Simple,Simple Daily Betaine Cleanser,cleanser,combination-sensitive|normal|sensitive,sensitivity,"betaine, centella, niacinamide",no,no,no,PM,,24.37,skincare_products_5000.csv,P00403,synthetic
PRD0004130,Simple,Simple Daily Centella Cleanser,cleanser,oily,redness|sensitivity,"centella, salicylic acid, ceramides",no,yes,no,AM,,14.27,skincare_products_5000.csv,P03293,synthetic
PRD0004131,Simple,Simple Daily Centella Mask,mask,combination-sensitive|normal,dryness|redness,"centella, oat extract, clay",yes,no,no,PM,,24.14,skincare_products_5000.csv,P04614,synthetic
PRD0004132,Simple,Simple Daily Centella Serum,serum,combination|normal,barrier repair|dehydration|dryness,"centella, niacinamide, peptides",no,yes,no,Weekly,,43.81,skincare_products_5000.csv,P03770,synthetic
PRD0004133,Simple,Simple Daily Ceramides Moisturizer,moisturizer,combination-sensitive,barrier repair|redness,"ceramides, panthenol, glycerin",yes,yes,no,AM,,30.27,skincare_products_5000.csv,P02816,synthetic
PRD0004134,Simple,Simple Daily Ceramides Moisturizer,moisturizer,dry|oily|sensitive,aging|barrier repair|dehydration,ceramides,yes,no,no,AM,,11.0,skincare_products_5000.csv,P02290,synthetic
PRD0004135,Simple,Simple Daily Ceramides Moisturizer,moisturizer,dry|sensitive,aging|dark spots|sensitivity,"ceramides, urea",no,no,no,Weekly,,22.93,skincare_products_5000.csv,P00863,synthetic
PRD0004136,Simple,Simple Daily Glycerin Toner,toner,combination-sensitive|sensitive,dark spots,"glycerin, panthenol, centella",yes,no,no,AM,,11.26,skincare_products_5000.csv,P04745,synthetic
PRD0004137,Simple,Simple Daily Glycerin Toner,toner,oily|sensitive,dark spots|redness,"glycerin, pha, beta-glucan",no,no,no,AM,,13.67,skincare_products_5000.csv,P04024,synthetic
PRD0004138,Simple,Simple Daily Hyaluronic Acid Serum,serum,combination-sensitive,aging|oiliness|sensitivity,hyaluronic acid,yes,yes,no,AM/PM,,36.52,skincare_products_5000.csv,P04197,synthetic
PRD0004139,Simple,Simple Daily Hyaluronic Acid Serum,serum,combination-sensitive|oily|sensitive,dehydration|redness|sensitivity,"hyaluronic acid, azelaic acid, niacinamide",yes,yes,no,PM,,22.8,skincare_products_5000.csv,P03752,synthetic
PRD0004140,Simple,Simple Daily Octocrylene SPF 50,sunscreen,normal|oily|sensitive,barrier repair|oiliness,"octocrylene, vitamin e",yes,no,no,AM,30.0,29.69,skincare_products_5000.csv,P01875,synthetic
PRD0004141,Simple,Simple Daily Panthenol Toner,toner,combination|sensitive,aging,"panthenol, niacinamide",yes,no,no,PM,,11.25,skincare_products_5000.csv,P04834,synthetic
PRD0004142,Simple,Simple Daily Salicylic Acid Cleanser,cleanser,dry|oily|sensitive,oiliness,"salicylic acid, glycerin",yes,yes,no,AM/PM,,10.9,skincare_products_5000.csv,P00827,synthetic
PRD0004143,Simple,Simple Daily Squalane Moisturizer,moisturizer,combination-sensitive|normal|sensitive,acne|oiliness,"squalane, ceramides",no,yes,no,PM,,29.14,skincare_products_5000.csv,P00520,synthetic
PRD0004144,Simple,Simple Daily Squalane Moisturizer,moisturizer,dry|oily|sensitive,barrier repair|redness,"squalane, urea",yes,no,no,Weekly,,20.48,skincare_products_5000.csv,P03577,synthetic
PRD0004145,Simple,Simple Daily Sulfur Mask,mask,combination-sensitive|dry,aging|dark spots|oiliness,sulfur,no,no,no,AM,,20.61,skincare_products_5000.csv,P03936,synthetic
PRD0004146,Simple,Simple Daily Sulfur Treatment,treatment,dry|normal,aging|dehydration|sensitivity,"sulfur, benzoyl peroxide, retinol",yes,yes,no,Weekly,,21.85,skincare_products_5000.csv,P03589,synthetic
PRD0004147,Simple,Simple Glow Adapalene Treatment,treatment,combination|combination-sensitive|sensitive,dryness,adapalene,yes,yes,no,AM,,21.6,skincare_products_5000.csv,P00213,synthetic
PRD0004148,Simple,Simple Glow Adapalene Treatment,treatment,dry|oily,dehydration|sensitivity,"adapalene, benzoyl peroxide, retinol",yes,yes,yes,Weekly,,24.24,skincare_products_5000.csv,P01220,synthetic
PRD0004149,Simple,Simple Glow Avobenzone SPF 50,sunscreen,dry|oily|sensitive,aging|dryness|oiliness,avobenzone,no,yes,no,AM,50.0,20.63,skincare_products_5000.csv,P00857,synthetic
PRD0004150,Simple,Simple Glow Azelaic Acid Serum,serum,combination-sensitive,dark spots|dryness,"azelaic acid, niacinamide, vitamin c",no,yes,no,PM,,37.11,skincare_products_5000.csv,P04820,synthetic
PRD0004151,Simple,Simple Glow Azelaic Acid Serum,serum,combination-sensitive|dry,acne,"azelaic acid, niacinamide, hyaluronic acid",yes,yes,no,AM/PM,,13.66,skincare_products_5000.csv,P02431,synthetic
PRD0004152,Simple,Simple Glow Azelaic Acid Serum,serum,combination|combination-sensitive,acne,"azelaic acid, niacinamide, vitamin c",yes,yes,no,AM,,39.26,skincare_products_5000.csv,P00366,synthetic
PRD0004153,Simple,Simple Glow Azelaic Acid Serum,serum,dry|normal|sensitive,dryness,"azelaic acid, hyaluronic acid",yes,yes,no,AM,,12.95,skincare_products_5000.csv,P02016,synthetic
PRD0004154,Simple,Simple Glow Centella Cleanser,cleanser,combination|sensitive,barrier repair|dryness|oiliness,"centella, niacinamide, ceramides",no,yes,no,Weekly,,21.11,skincare_products_5000.csv,P00281,synthetic
PRD0004155,Simple,Simple Glow Centella Mask,mask,combination-sensitive|sensitive,aging|redness|sensitivity,centella,no,no,no,Weekly,,9.37,skincare_products_5000.csv,P00413,synthetic
PRD0004156,Simple,Simple Glow Ceramides Cleanser,cleanser,combination-sensitive|sensitive,aging,"ceramides, betaine",no,yes,no,Weekly,,20.53,skincare_products_5000.csv,P01063,synthetic
PRD0004157,Simple,Simple Glow Ceramides Moisturizer,moisturizer,dry|oily|sensitive,barrier repair|dehydration|oiliness,"ceramides, squalane, panthenol",no,no,no,Weekly,,25.32,skincare_products_5000.csv,P02785,synthetic
PRD0004158,Simple,Simple Glow Glycerin Moisturizer,moisturizer,normal,dark spots|dryness|oiliness,"glycerin, cholesterol, squalane",yes,yes,no,AM/PM,,24.35,skincare_products_5000.csv,P02070,synthetic
PRD0004159,Simple,Simple Glow Green Tea Mask,mask,combination-sensitive|dry,barrier repair|dryness,"green tea, centella",no,no,no,AM,,24.44,skincare_products_5000.csv,P00076,synthetic
PRD0004160,Simple,Simple Glow Hyaluronic Acid Mask,mask,combination|oily|sensitive,acne|aging|dryness,"hyaluronic acid, sulfur, centella",yes,no,no,AM,,9.71,skincare_products_5000.csv,P03738,synthetic
PRD0004161,Simple,Simple Glow Hyaluronic Acid Serum,serum,combination-sensitive|sensitive,dryness|oiliness|sensitivity,"hyaluronic acid, vitamin c, niacinamide",yes,yes,no,AM,,43.76,skincare_products_5000.csv,P01148,synthetic
PRD0004162,Simple,Simple Glow Niacinamide Cleanser,cleanser,combination,dark spots|dryness|redness,"niacinamide, centella",yes,yes,no,AM/PM,,12.06,skincare_products_5000.csv,P01706,synthetic
PRD0004163,Simple,Simple Glow Niacinamide Cleanser,cleanser,combination-sensitive|dry,dark spots,niacinamide,yes,yes,no,PM,,23.5,skincare_products_5000.csv,P03740,synthetic
PRD0004164,Simple,Simple Glow Niacinamide Cleanser,cleanser,dry|sensitive,acne|barrier repair|dehydration,"niacinamide, centella",yes,no,no,AM/PM,,8.72,skincare_products_5000.csv,P02249,synthetic
PRD0004165,Simple,Simple Glow Niacinamide Cleanser,cleanser,normal|oily|sensitive,sensitivity,niacinamide,yes,yes,no,AM,,9.93,skincare_products_5000.csv,P00773,synthetic
PRD0004166,Simple,Simple Glow Niacinamide Serum,serum,sensitive,aging|dehydration,"niacinamide, peptides, vitamin c",no,yes,no,AM/PM,,10.46,skincare_products_5000.csv,P03586,synthetic
PRD0004167,Simple,Simple Glow Niacinamide Toner,toner,combination-sensitive|normal|oily,oiliness|redness|sensitivity,niacinamide,no,no,no,AM/PM,,16.66,skincare_products_5000.csv,P04308,synthetic
PRD0004168,Simple,Simple Glow Oat Extract Mask,mask,combination|oily,sensitivity,oat extract,yes,no,no,PM,,9.21,skincare_products_5000.csv,P03499,synthetic
PRD0004169,Simple,Simple Glow Octocrylene SPF 50,sunscreen,combination,aging|dark spots|oiliness,octocrylene,yes,yes,no,AM,30.0,23.38,skincare_products_5000.csv,P01543,synthetic
PRD0004170,Simple,Simple Glow Panthenol Moisturizer,moisturizer,combination|oily|sensitive,aging|barrier repair,"panthenol, squalane, cholesterol",yes,no,no,Weekly,,28.51,skincare_products_5000.csv,P03933,synthetic
PRD0004171,Simple,Simple Glow Salicylic Acid Treatment,treatment,combination,aging|oiliness|sensitivity,"salicylic acid, sulfur",yes,yes,no,PM,,15.1,skincare_products_5000.csv,P02504,synthetic
PRD0004172,Simple,Simple Glow Sulfur Mask,mask,combination|oily,barrier repair,sulfur,no,no,no,AM,,22.09,skincare_products_5000.csv,P03355,synthetic
PRD0004173,Simple,Simple Glow Sulfur Treatment,treatment,sensitive,aging,sulfur,yes,yes,no,Weekly,,31.36,skincare_products_5000.csv,P03018,synthetic
PRD0004174,Simple,Simple Glow Titanium Dioxide SPF 50,sunscreen,combination,acne|sensitivity,titanium dioxide,yes,yes,no,AM,50.0,23.07,skincare_products_5000.csv,P04686,synthetic
PRD0004175,Simple,Simple Glow Urea Moisturizer,moisturizer,combination|sensitive,acne|aging,urea,no,yes,no,PM,,10.34,skincare_products_5000.csv,P04276,synthetic
PRD0004176,Simple,Simple Glow Urea Moisturizer,moisturizer,oily,aging|redness,"urea, squalane",yes,yes,no,AM,,28.8,skincare_products_5000.csv,P03856,synthetic
PRD0004177,Simple,Simple Glow Vitamin E SPF 50,sunscreen,normal|oily,barrier repair|redness|sensitivity,"vitamin e, octocrylene, niacinamide",yes,no,no,AM,50.0,10.64,skincare_products_5000.csv,P02032,synthetic
PRD0004178,Simple,Simple Hydra Adapalene Treatment,treatment,normal,sensitivity,"adapalene, retinol",no,yes,no,AM,,10.5,skincare_products_5000.csv,P04401,synthetic
PRD0004179,Simple,Simple Hydra Avobenzone SPF 50,sunscreen,combination-sensitive|dry|normal,acne|aging,"avobenzone, titanium dioxide",yes,no,no,AM,30.0,26.35,skincare_products_5000.csv,P03942,synthetic
PRD0004180,Simple,Simple Hydra Azelaic Acid Treatment,treatment,combination-sensitive|oily,dehydration|dryness,"azelaic acid, benzoyl peroxide",yes,yes,no,AM,,34.04,skincare_products_5000.csv,P02097,synthetic
PRD0004181,Simple,Simple Hydra Betaine Cleanser,cleanser,oily,aging|dehydration|dryness,"betaine, niacinamide, glycerin",yes,yes,no,PM,,22.57,skincare_products_5000.csv,P02860,synthetic
PRD0004182,Simple,Simple Hydra Centella Mask,mask,dry,oiliness|redness,"centella, green tea",yes,no,no,PM,,20.92,skincare_products_5000.csv,P00719,synthetic
PRD0004183,Simple,Simple Hydra Centella Mask,mask,sensitive,acne|aging|dryness,centella,yes,no,no,PM,,15.6,skincare_products_5000.csv,P02449,synthetic
PRD0004184,Simple,Simple Hydra Centella Serum,serum,oily,sensitivity,centella,yes,yes,no,AM,,38.98,skincare_products_5000.csv,P02439,synthetic
PRD0004185,Simple,Simple Hydra Ceramides Cleanser,cleanser,sensitive,barrier repair|dryness|sensitivity,"ceramides, betaine, niacinamide",yes,no,no,AM,,19.27,skincare_products_5000.csv,P04912,synthetic
PRD0004186,Simple,Simple Hydra Green Tea Mask,mask,normal|oily|sensitive,dehydration,"green tea, oat extract",no,no,no,AM,,22.15,skincare_products_5000.csv,P00571,synthetic
PRD0004187,Simple,Simple Hydra Hyaluronic Acid Serum,serum,combination,acne,hyaluronic acid,no,yes,no,PM,,9.69,skincare_products_5000.csv,P03842,synthetic
PRD0004188,Simple,Simple Hydra Hyaluronic Acid Serum,serum,combination|normal,acne,"hyaluronic acid, niacinamide, vitamin c",yes,yes,no,Weekly,,39.7,skincare_products_5000.csv,P04736,synthetic
PRD0004189,Simple,Simple Hydra Niacinamide Toner,toner,combination|combination-sensitive|dry,dryness,niacinamide,yes,no,no,PM,,22.63,skincare_products_5000.csv,P04005,synthetic
PRD0004190,Simple,Simple Hydra Oat Extract Mask,mask,normal|sensitive,dehydration,"oat extract, hyaluronic acid, sulfur",yes,no,no,AM,,21.5,skincare_products_5000.csv,P04076,synthetic
PRD0004191,Simple,Simple Hydra Panthenol Moisturizer,moisturizer,dry|oily,oiliness|sensitivity,"panthenol, squalane, cholesterol",yes,yes,no,AM,,30.86,skincare_products_5000.csv,P00026,synthetic
PRD0004192,Simple,Simple Hydra Panthenol Moisturizer,moisturizer,sensitive,dryness|redness,panthenol,yes,yes,no,PM,,17.42,skincare_products_5000.csv,P03885,synthetic
PRD0004193,Simple,Simple Hydra Pha Toner,toner,combination|oily,acne|dehydration|redness,"pha, panthenol, niacinamide",yes,no,no,PM,,13.77,skincare_products_5000.csv,P04885,synthetic
PRD0004194,Simple,Simple Hydra Retinol Treatment,treatment,combination,aging|dark spots,"retinol, adapalene",yes,no,yes,AM/PM,,20.97,skincare_products_5000.csv,P03706,synthetic
PRD0004195,Simple,Simple Hydra Retinol Treatment,treatment,oily,redness,"retinol, sulfur",yes,no,no,AM,,21.61,skincare_products_5000.csv,P01397,synthetic
PRD0004196,Simple,Simple Hydra Salicylic Acid Cleanser,cleanser,combination|dry|normal,barrier repair|dark spots,"salicylic acid, ceramides",yes,yes,no,AM,,16.35,skincare_products_5000.csv,P00114,synthetic
PRD0004197,Simple,Simple Hydra Salicylic Acid Cleanser,cleanser,combination|dry|sensitive,oiliness|sensitivity,"salicylic acid, glycerin, niacinamide",yes,yes,no,PM,,12.32,skincare_products_5000.csv,P01989,synthetic
PRD0004198,Simple,Simple Hydra Salicylic Acid Cleanser,cleanser,normal,barrier repair|sensitivity,"salicylic acid, glycerin",yes,yes,no,AM/PM,,21.43,skincare_products_5000.csv,P00987,synthetic
PRD0004199,Simple,Simple Hydra Salicylic Acid Treatment,treatment,normal,dehydration|oiliness,"salicylic acid, adapalene, azelaic acid",yes,yes,no,PM,,19.02,skincare_products_5000.csv,P02324,synthetic
PRD0004200,Simple,Simple Hydra Sulfur Mask,mask,combination|combination-sensitive|sensitive,aging,"sulfur, clay",yes,no,no,AM/PM,,26.42,skincare_products_5000.csv,P02811,synthetic
PRD0004201,Simple,Simple Hydra Sulfur Treatment,treatment,combination|combination-sensitive|normal,sensitivity,"sulfur, salicylic acid",yes,yes,no,AM,,10.1,skincare_products_5000.csv,P03035,synthetic
PRD0004202,Simple,Simple Hydra Titanium Dioxide SPF 50,sunscreen,combination-sensitive|oily|sensitive,aging|dehydration|sensitivity,titanium dioxide,yes,yes,no,AM,30.0,21.65,skincare_products_5000.csv,P04015,synthetic
PRD0004203,Simple,Simple Hydra Titanium Dioxide SPF 50,sunscreen,combination|combination-sensitive|normal,barrier repair,"titanium dioxide, zinc oxide",no,yes,no,AM,50.0,13.05,skincare_products_5000.csv,P03010,synthetic
PRD0004204,Simple,Simple Hydra Urea Moisturizer,moisturizer,combination|dry|sensitive,aging,urea,yes,yes,no,PM,,17.95,skincare_products_5000.csv,P04169,synthetic
PRD0004205,Simple,Simple Hydra Zinc Oxide SPF 50,sunscreen,combination|dry|normal,dark spots|dryness|sensitivity,zinc oxide,yes,no,no,AM,30.0,12.06,skincare_products_5000.csv,P02996,synthetic
PRD0004206,Simple,Simple Pure Adapalene Treatment,treatment,normal,barrier repair|dehydration|oiliness,adapalene,yes,yes,yes,AM,,33.63,skincare_products_5000.csv,P02299,synthetic
PRD0004207,Simple,Simple Pure Adapalene Treatment,treatment,sensitive,aging|dehydration|dryness,adapalene,no,yes,yes,Weekly,,34.08,skincare_products_5000.csv,P00185,synthetic
PRD0004208,Simple,Simple Pure Avobenzone SPF 50,sunscreen,normal|oily,dark spots,avobenzone,no,no,no,AM,30.0,16.0,skincare_products_5000.csv,P03968,synthetic
PRD0004209,Simple,Simple Pure Azelaic Acid Serum,serum,combination-sensitive|dry,aging|dryness|redness,"azelaic acid, hyaluronic acid",no,no,no,AM/PM,,28.0,skincare_products_5000.csv,P01627,synthetic
PRD0004210,Simple,Simple Pure Azelaic Acid Treatment,treatment,combination-sensitive|normal|sensitive,oiliness|redness,azelaic acid,no,yes,no,AM/PM,,19.95,skincare_products_5000.csv,P00386,synthetic
PRD0004211,Simple,Simple Pure Betaine Cleanser,cleanser,combination|dry|normal,barrier repair,"betaine, niacinamide",yes,yes,no,AM/PM,,21.08,skincare_products_5000.csv,P02829,synthetic
PRD0004212,Simple,Simple Pure Centella Cleanser,cleanser,combination|dry|normal,dehydration|dryness,"centella, salicylic acid, glycerin",yes,yes,no,Weekly,,16.71,skincare_products_5000.csv,P02743,synthetic
PRD0004213,Simple,Simple Pure Centella Mask,mask,combination,acne|dehydration|dryness,centella,no,no,no,AM/PM,,10.68,skincare_products_5000.csv,P00048,synthetic
PRD0004214,Simple,Simple Pure Centella Serum,serum,normal,dark spots|dryness|sensitivity,centella,no,yes,no,AM/PM,,14.42,skincare_products_5000.csv,P02015,synthetic
PRD0004215,Simple,Simple Pure Centella Toner,toner,combination,dark spots|dehydration,"centella, beta-glucan",yes,no,no,Weekly,,17.54,skincare_products_5000.csv,P01242,synthetic
PRD0004216,Simple,Simple Pure Glycerin Cleanser,cleanser,sensitive,aging|dark spots|dehydration,"glycerin, niacinamide, salicylic acid",yes,yes,no,PM,,17.46,skincare_products_5000.csv,P03745,synthetic
PRD0004217,Simple,Simple Pure Glycerin Toner,toner,combination,aging,"glycerin, pha",yes,no,no,AM,,10.54,skincare_products_5000.csv,P04411,synthetic
PRD0004218,Simple,Simple Pure Green Tea Mask,mask,dry,sensitivity,green tea,yes,no,no,AM/PM,,24.19,skincare_products_5000.csv,P01738,synthetic
PRD0004219,Simple,Simple Pure Niacinamide SPF 50,sunscreen,combination|oily,acne|barrier repair,niacinamide,yes,yes,no,AM,50.0,29.89,skincare_products_5000.csv,P04205,synthetic
PRD0004220,Simple,Simple Pure Oat Extract Mask,mask,combination|combination-sensitive|dry,dark spots|dehydration,"oat extract, centella",no,no,no,AM/PM,,24.46,skincare_products_5000.csv,P04393,synthetic
PRD0004221,Simple,Simple Pure Panthenol Moisturizer,moisturizer,normal|oily|sensitive,redness|sensitivity,"panthenol, cholesterol, squalane",no,yes,no,AM,,28.05,skincare_products_5000.csv,P04062,synthetic
PRD0004222,Simple,Simple Pure Peptides Serum,serum,normal,dryness,peptides,yes,no,no,PM,,10.01,skincare_products_5000.csv,P04672,synthetic
PRD0004223,Simple,Simple Pure Peptides Serum,serum,oily,aging|oiliness,"peptides, retinol",yes,no,no,Weekly,,41.62,skincare_products_5000.csv,P03062,synthetic
PRD0004224,Simple,Simple Pure Retinol Serum,serum,combination|normal,aging|dehydration|dryness,"retinol, niacinamide, centella",yes,yes,no,AM/PM,,24.78,skincare_products_5000.csv,P00757,synthetic
PRD0004225,Simple,Simple Pure Sulfur Mask,mask,combination|combination-sensitive,barrier repair|oiliness|sensitivity,"sulfur, oat extract, hyaluronic acid",yes,no,no,AM,,25.96,skincare_products_5000.csv,P02387,synthetic
PRD0004226,Simple,Simple Pure Zinc Oxide SPF 50,sunscreen,combination-sensitive|normal,acne|dryness|sensitivity,zinc oxide,yes,yes,no,AM,50.0,23.89,skincare_products_5000.csv,P03765,synthetic
PRD0004227,Simple,Simple Pure Zinc Oxide SPF 50,sunscreen,combination-sensitive|normal|sensitive,aging|dehydration|sensitivity,"zinc oxide, octocrylene, vitamin e",yes,yes,no,AM,30.0,12.23,skincare_products_5000.csv,P00556,synthetic
PRD0004228,Simple,Simple Repair Azelaic Acid Serum,serum,dry,oiliness,"azelaic acid, niacinamide, centella",yes,yes,no,AM/PM,,22.08,skincare_products_5000.csv,P00769,synthetic
PRD0004229,Simple,Simple Repair Azelaic Acid Serum,serum,oily,barrier repair,azelaic acid,yes,yes,no,PM,,33.85,skincare_products_5000.csv,P03806,synthetic
PRD0004230,Simple,Simple Repair Azelaic Acid Serum,serum,oily,dark spots|sensitivity,azelaic acid,yes,yes,no,PM,,12.06,skincare_products_5000.csv,P00917,synthetic
PRD0004231,Simple,Simple Repair Azelaic Acid Treatment,treatment,combination|combination-sensitive|oily,acne|aging|sensitivity,azelaic acid,yes,yes,no,Weekly,,22.77,skincare_products_5000.csv,P02336,synthetic
PRD0004232,Simple,Simple Repair Benzoyl Peroxide Treatment,treatment,combination-sensitive|sensitive,barrier repair|oiliness|redness,benzoyl peroxide,yes,yes,no,AM/PM,,18.55,skincare_products_5000.csv,P03032,synthetic
PRD0004233,Simple,Simple Repair Beta-Glucan Toner,toner,dry|normal,acne|barrier repair,"beta-glucan, panthenol",yes,no,no,AM,,11.32,skincare_products_5000.csv,P01513,synthetic
PRD0004234,Simple,Simple Repair Betaine Cleanser,cleanser,normal,acne|dehydration|sensitivity,"betaine, centella, glycerin",yes,yes,no,AM,,22.17,skincare_products_5000.csv,P04329,synthetic
PRD0004235,Simple,Simple Repair Betaine Cleanser,cleanser,oily|sensitive,acne|aging,"betaine, ceramides, centella",yes,yes,no,PM,,17.54,skincare_products_5000.csv,P00049,synthetic
PRD0004236,Simple,Simple Repair Centella Cleanser,cleanser,combination|dry|oily,dehydration,"centella, salicylic acid, betaine",no,yes,no,PM,,18.59,skincare_products_5000.csv,P04689,synthetic
PRD0004237,Simple,Simple Repair Centella Cleanser,cleanser,combination|sensitive,acne|sensitivity,"centella, niacinamide, glycerin",yes,yes,no,AM/PM,,15.24,skincare_products_5000.csv,P04612,synthetic
PRD0004238,Simple,Simple Repair Centella Serum,serum,combination-sensitive|dry,aging|barrier repair|oiliness,"centella, vitamin c, peptides",no,yes,no,PM,,39.82,skincare_products_5000.csv,P02745,synthetic
PRD0004239,Simple,Simple Repair Ceramides Moisturizer,moisturizer,combination|dry,acne|aging,ceramides,no,yes,no,AM,,21.72,skincare_products_5000.csv,P04166,synthetic
PRD0004240,Simple,Simple Repair Glycerin Cleanser,cleanser,oily,redness|sensitivity,"glycerin, centella, salicylic acid",yes,yes,no,AM,,11.01,skincare_products_5000.csv,P04450,synthetic
PRD0004241,Simple,Simple Repair Hyaluronic Acid Mask,mask,normal|sensitive,acne|dryness|oiliness,"hyaluronic acid, green tea",yes,no,no,AM,,18.97,skincare_products_5000.csv,P00234,synthetic
PRD0004242,Simple,Simple Repair Hyaluronic Acid Mask,mask,oily,barrier repair|sensitivity,"hyaluronic acid, clay, green tea",yes,no,no,Weekly,,15.39,skincare_products_5000.csv,P04283,synthetic
PRD0004243,Simple,Simple Repair Hyaluronic Acid Serum,serum,combination,dark spots,hyaluronic acid,yes,yes,no,PM,,33.67,skincare_products_5000.csv,P00370,synthetic
PRD0004244,Simple,Simple Repair Niacinamide Cleanser,cleanser,dry|oily,acne|dehydration|dryness,"niacinamide, betaine",yes,no,no,Weekly,,19.8,skincare_products_5000.csv,P02277,synthetic
PRD0004245,Simple,Simple Repair Niacinamide Serum,serum,dry|normal,dehydration,"niacinamide, hyaluronic acid",yes,yes,no,PM,,27.95,skincare_products_5000.csv,P00055,synthetic
PRD0004246,Simple,Simple Repair Oat Extract Mask,mask,combination-sensitive,oiliness,"oat extract, centella",yes,no,no,AM,,25.46,skincare_products_5000.csv,P01873,synthetic
PRD0004247,Simple,Simple Repair Peptides Serum,serum,combination|combination-sensitive,dehydration|dryness|sensitivity,"peptides, niacinamide, centella",yes,yes,no,AM/PM,,39.77,skincare_products_5000.csv,P00800,synthetic
PRD0004248,Simple,Simple Repair Peptides Serum,serum,oily,acne,peptides,yes,yes,no,Weekly,,27.64,skincare_products_5000.csv,P04958,synthetic
PRD0004249,Simple,Simple Repair Pha Toner,toner,combination-sensitive|oily,dryness,"pha, glycerin, centella",no,no,no,PM,,11.84,skincare_products_5000.csv,P02460,synthetic
PRD0004250,Simple,Simple Repair Pha Toner,toner,combination|combination-sensitive,acne,pha,yes,no,no,Weekly,,16.96,skincare_products_5000.csv,P02782,synthetic
PRD0004251,Simple,Simple Repair Retinol Serum,serum,combination|oily|sensitive,dehydration,"retinol, peptides",yes,no,no,Weekly,,20.24,skincare_products_5000.csv,P04712,synthetic
PRD0004252,Simple,Simple Repair Retinol Treatment,treatment,combination-sensitive|dry|normal,acne|dryness|oiliness,"retinol, azelaic acid, benzoyl peroxide",yes,yes,no,AM,,17.73,skincare_products_5000.csv,P03603,synthetic
PRD0004253,Simple,Simple Repair Squalane Moisturizer,moisturizer,combination-sensitive|dry|oily,barrier repair|sensitivity,squalane,yes,yes,no,PM,,29.85,skincare_products_5000.csv,P00709,synthetic
PRD0004254,Simple,Simple Repair Squalane Moisturizer,moisturizer,combination|dry,oiliness,"squalane, glycerin, urea",no,no,no,AM/PM,,17.91,skincare_products_5000.csv,P02709,synthetic
PRD0004255,Simple,Simple Repair Squalane Moisturizer,moisturizer,combination|oily|sensitive,acne|dark spots|dehydration,"squalane, urea",yes,no,no,PM,,28.03,skincare_products_5000.csv,P01406,synthetic
PRD0004256,Simple,Simple Repair Squalane Moisturizer,moisturizer,dry,oiliness,"squalane, ceramides, urea",yes,no,no,Weekly,,13.12,skincare_products_5000.csv,P03824,synthetic
PRD0004257,Simple,Simple Repair Urea Moisturizer,moisturizer,combination|oily,barrier repair|oiliness,urea,no,yes,no,AM/PM,,33.32,skincare_products_5000.csv,P04848,synthetic
PRD0004258,Simple,Simple Repair Vitamin E SPF 50,sunscreen,combination-sensitive|normal,acne|sensitivity,"vitamin e, avobenzone",yes,yes,no,AM,30.0,17.51,skincare_products_5000.csv,P02789,synthetic
PRD0004259,Skin1004,Skin1004 Advanced Azelaic Acid Treatment,treatment,combination|combination-sensitive|oily,dehydration|oiliness,"azelaic acid, salicylic acid",yes,yes,no,AM/PM,,21.77,skincare_products_5000.csv,P02453,synthetic
PRD0004260,Skin1004,Skin1004 Advanced Beta-Glucan Toner,toner,dry|oily,acne|dryness,beta-glucan,yes,no,no,Weekly,,9.58,skincare_products_5000.csv,P02671,synthetic
PRD0004261,Skin1004,Skin1004 Advanced Centella Mask,mask,normal|oily,sensitivity,"centella, clay",yes,no,no,AM,,9.12,skincare_products_5000.csv,P01245,synthetic
PRD0004262,Skin1004,Skin1004 Advanced Centella Serum,serum,combination|combination-sensitive|normal,acne|aging|barrier repair,centella,yes,yes,no,AM/PM,,44.71,skincare_products_5000.csv,P00674,synthetic
PRD0004263,Skin1004,Skin1004 Advanced Cholesterol Moisturizer,moisturizer,combination,dryness|redness,cholesterol,no,yes,no,Weekly,,32.51,skincare_products_5000.csv,P00550,synthetic
PRD0004264,Skin1004,Skin1004 Advanced Cholesterol Moisturizer,moisturizer,combination-sensitive|dry,dehydration,"cholesterol, ceramides",yes,yes,no,AM,,27.5,skincare_products_5000.csv,P02888,synthetic
PRD0004265,Skin1004,Skin1004 Advanced Clay Mask,mask,dry|sensitive,acne|dehydration|redness,clay,yes,no,no,AM,,22.28,skincare_products_5000.csv,P02529,synthetic
PRD0004266,Skin1004,Skin1004 Advanced Glycerin Moisturizer,moisturizer,combination|sensitive,dark spots,"glycerin, cholesterol",yes,yes,no,Weekly,,17.47,skincare_products_5000.csv,P03092,synthetic
PRD0004267,Skin1004,Skin1004 Advanced Glycerin Moisturizer,moisturizer,dry|sensitive,aging,"glycerin, panthenol, ceramides",yes,yes,no,PM,,20.7,skincare_products_5000.csv,P03213,synthetic
PRD0004268,Skin1004,Skin1004 Advanced Glycerin Moisturizer,moisturizer,normal|sensitive,dark spots|dehydration|oiliness,glycerin,yes,yes,no,AM,,29.25,skincare_products_5000.csv,P01108,synthetic
PRD0004269,Skin1004,Skin1004 Advanced Hyaluronic Acid Serum,serum,combination-sensitive|dry,sensitivity,"hyaluronic acid, azelaic acid",yes,yes,no,Weekly,,32.61,skincare_products_5000.csv,P02325,synthetic
PRD0004270,Skin1004,Skin1004 Advanced Niacinamide Cleanser,cleanser,combination-sensitive|normal,dehydration|oiliness,"niacinamide, salicylic acid",yes,yes,no,AM,,20.33,skincare_products_5000.csv,P02275,synthetic
PRD0004271,Skin1004,Skin1004 Advanced Niacinamide SPF 50,sunscreen,combination,aging|dryness|oiliness,"niacinamide, octocrylene",yes,yes,no,AM,50.0,25.93,skincare_products_5000.csv,P04033,synthetic
PRD0004272,Skin1004,Skin1004 Advanced Octocrylene SPF 50,sunscreen,dry|oily|sensitive,dehydration|redness|sensitivity,octocrylene,yes,yes,no,AM,50.0,12.43,skincare_products_5000.csv,P01983,synthetic
PRD0004273,Skin1004,Skin1004 Advanced Pha Toner,toner,normal|oily|sensitive,aging,pha,yes,no,no,AM/PM,,15.38,skincare_products_5000.csv,P03653,synthetic
PRD0004274,Skin1004,Skin1004 Advanced Titanium Dioxide SPF 50,sunscreen,combination-sensitive|oily,dark spots|dehydration|dryness,"titanium dioxide, vitamin e",no,yes,no,AM,50.0,18.82,skincare_products_5000.csv,P04461,synthetic
PRD0004275,Skin1004,Skin1004 Advanced Urea Moisturizer,moisturizer,combination-sensitive,aging|barrier repair|redness,"urea, panthenol",yes,yes,no,AM/PM,,29.18,skincare_products_5000.csv,P01851,synthetic
PRD0004276,Skin1004,Skin1004 Advanced Urea Moisturizer,moisturizer,combination|oily,acne|dehydration|sensitivity,urea,no,yes,no,PM,,14.92,skincare_products_5000.csv,P02168,synthetic
PRD0004277,Skin1004,Skin1004 Advanced Vitamin E SPF 50,sunscreen,combination|combination-sensitive|normal,aging,vitamin e,yes,yes,no,AM,50.0,18.82,skincare_products_5000.csv,P01924,synthetic
PRD0004278,Skin1004,Skin1004 Advanced Vitamin E SPF 50,sunscreen,sensitive,dryness,"vitamin e, niacinamide, titanium dioxide",yes,yes,no,AM,50.0,20.08,skincare_products_5000.csv,P03915,synthetic
PRD0004279,Skin1004,Skin1004 Balance Avobenzone SPF 50,sunscreen,combination-sensitive,acne|barrier repair|dryness,avobenzone,no,yes,no,AM,50.0,25.23,skincare_products_5000.csv,P02742,synthetic
PRD0004280,Skin1004,Skin1004 Balance Avobenzone SPF 50,sunscreen,dry,dryness|sensitivity,"avobenzone, vitamin e",no,yes,no,AM,30.0,10.76,skincare_products_5000.csv,P03643,synthetic
PRD0004281,Skin1004,Skin1004 Balance Betaine Cleanser,cleanser,combination|oily,sensitivity,"betaine, niacinamide",no,no,no,Weekly,,8.15,skincare_products_5000.csv,P01569,synthetic
PRD0004282,Skin1004,Skin1004 Balance Centella Cleanser,cleanser,combination|combination-sensitive|oily,dryness,"centella, glycerin",yes,no,no,AM,,14.14,skincare_products_5000.csv,P03081,synthetic
PRD0004283,Skin1004,Skin1004 Balance Centella Mask,mask,combination|normal|sensitive,aging|dryness,"centella, clay, green tea",yes,no,no,AM,,25.08,skincare_products_5000.csv,P00728,synthetic
PRD0004284,Skin1004,Skin1004 Balance Centella Mask,mask,sensitive,redness,"centella, clay",yes,no,no,AM,,22.19,skincare_products_5000.csv,P03578,synthetic
PRD0004285,Skin1004,Skin1004 Balance Ceramides Cleanser,cleanser,combination-sensitive|dry|sensitive,barrier repair|dryness,ceramides,yes,yes,no,AM/PM,,19.56,skincare_products_5000.csv,P03705,synthetic
PRD0004286,Skin1004,Skin1004 Balance Ceramides Moisturizer,moisturizer,dry,aging|oiliness|sensitivity,ceramides,no,yes,no,AM/PM,,18.83,skincare_products_5000.csv,P01403,synthetic
PRD0004287,Skin1004,Skin1004 Balance Cholesterol Moisturizer,moisturizer,combination,aging|sensitivity,"cholesterol, squalane",yes,no,no,Weekly,,17.29,skincare_products_5000.csv,P01420,synthetic
PRD0004288,Skin1004,Skin1004 Balance Cholesterol Moisturizer,moisturizer,dry|normal|oily,acne|aging|dehydration,"cholesterol, panthenol, ceramides",no,yes,no,AM/PM,,18.35,skincare_products_5000.csv,P01480,synthetic
PRD0004289,Skin1004,Skin1004 Balance Glycerin Cleanser,cleanser,normal|oily,dark spots,glycerin,no,yes,no,AM/PM,,14.11,skincare_products_5000.csv,P04842,synthetic
PRD0004290,Skin1004,Skin1004 Balance Niacinamide SPF 50,sunscreen,combination|combination-sensitive,dehydration,"niacinamide, titanium dioxide",yes,yes,no,AM,50.0,22.75,skincare_products_5000.csv,P01850,synthetic
PRD0004291,Skin1004,Skin1004 Balance Niacinamide SPF 50,sunscreen,normal|oily,dehydration|sensitivity,niacinamide,yes,yes,no,AM,30.0,23.22,skincare_products_5000.csv,P02903,synthetic
PRD0004292,Skin1004,Skin1004 Balance Niacinamide Serum,serum,sensitive,aging,niacinamide,yes,yes,no,AM/PM,,9.7,skincare_products_5000.csv,P01010,synthetic
PRD0004293,Skin1004,Skin1004 Balance Oat Extract Mask,mask,combination-sensitive|dry|oily,barrier repair|dark spots,"oat extract, hyaluronic acid",yes,no,no,Weekly,,17.38,skincare_products_5000.csv,P03230,synthetic
PRD0004294,Skin1004,Skin1004 Balance Panthenol Moisturizer,moisturizer,combination|normal,dark spots|sensitivity,"panthenol, ceramides",yes,no,no,AM/PM,,34.95,skincare_products_5000.csv,P02440,synthetic
PRD0004295,Skin1004,Skin1004 Balance Peptides Serum,serum,combination-sensitive|dry,dehydration|redness,peptides,yes,no,no,AM/PM,,39.44,skincare_products_5000.csv,P00577,synthetic
PRD0004296,Skin1004,Skin1004 Balance Retinol Serum,serum,normal|oily,acne|aging|oiliness,"retinol, vitamin c",yes,yes,no,AM/PM,,41.12,skincare_products_5000.csv,P03913,synthetic
PRD0004297,Skin1004,Skin1004 Balance Retinol Treatment,treatment,combination-sensitive,oiliness,"retinol, adapalene",no,yes,no,AM,,19.19,skincare_products_5000.csv,P00362,synthetic
PRD0004298,Skin1004,Skin1004 Balance Retinol Treatment,treatment,combination|dry|normal,dark spots,"retinol, adapalene",no,yes,yes,AM/PM,,14.22,skincare_products_5000.csv,P01886,synthetic
PRD0004299,Skin1004,Skin1004 Balance Salicylic Acid Cleanser,cleanser,combination-sensitive|dry,dark spots|dehydration,"salicylic acid, centella",yes,no,no,AM/PM,,24.19,skincare_products_5000.csv,P01077,synthetic
PRD0004300,Skin1004,Skin1004 Balance Squalane Moisturizer,moisturizer,combination|combination-sensitive|dry,dark spots|oiliness,squalane,no,yes,no,AM/PM,,33.66,skincare_products_5000.csv,P01751,synthetic
PRD0004301,Skin1004,Skin1004 Balance Sulfur Mask,mask,combination-sensitive,aging,sulfur,no,no,no,AM,,8.59,skincare_products_5000.csv,P03608,synthetic
PRD0004302,Skin1004,Skin1004 Balance Sulfur Treatment,treatment,combination|combination-sensitive|dry,barrier repair|dark spots,"sulfur, azelaic acid",yes,yes,no,Weekly,,9.29,skincare_products_5000.csv,P00115,synthetic
PRD0004303,Skin1004,Skin1004 Balance Sulfur Treatment,treatment,dry|sensitive,barrier repair|dryness,sulfur,yes,no,no,Weekly,,18.1,skincare_products_5000.csv,P03816,synthetic
PRD0004304,Skin1004,Skin1004 Balance Titanium Dioxide SPF 50,sunscreen,combination|combination-sensitive|sensitive,barrier repair|dryness,titanium dioxide,yes,yes,no,AM,30.0,27.99,skincare_products_5000.csv,P01046,synthetic
PRD0004305,Skin1004,Skin1004 Balance Titanium Dioxide SPF 50,sunscreen,sensitive,acne|barrier repair,"titanium dioxide, niacinamide, zinc oxide",no,yes,no,AM,50.0,17.95,skincare_products_5000.csv,P02276,synthetic
PRD0004306,Skin1004,Skin1004 Balance Urea Moisturizer,moisturizer,dry|oily|sensitive,dryness|sensitivity,"urea, panthenol, squalane",yes,yes,no,AM,,28.25,skincare_products_5000.csv,P03678,synthetic
PRD0004307,Skin1004,Skin1004 Balance Vitamin C Serum,serum,dry,acne|dark spots,"vitamin c, hyaluronic acid",yes,yes,no,AM/PM,,32.02,skincare_products_5000.csv,P01899,synthetic
PRD0004308,Skin1004,Skin1004 Balance Vitamin E SPF 50,sunscreen,combination-sensitive|dry|normal,sensitivity,vitamin e,yes,no,no,AM,30.0,14.42,skincare_products_5000.csv,P03744,synthetic
PRD0004309,Skin1004,Skin1004 Barrier Adapalene Treatment,treatment,dry,dark spots,"adapalene, benzoyl peroxide",yes,yes,no,AM/PM,,21.13,skincare_products_5000.csv,P04127,synthetic
PRD0004310,Skin1004,Skin1004 Barrier Azelaic Acid Serum,serum,combination|sensitive,dehydration|oiliness,azelaic acid,yes,yes,no,PM,,15.61,skincare_products_5000.csv,P01647,synthetic
PRD0004311,Skin1004,Skin1004 Barrier Azelaic Acid Serum,serum,dry|normal|oily,redness,azelaic acid,no,yes,no,AM/PM,,18.09,skincare_products_5000.csv,P02103,synthetic
PRD0004312,Skin1004,Skin1004 Barrier Benzoyl Peroxide Treatment,treatment,dry,dryness|oiliness|redness,benzoyl peroxide,no,yes,no,PM,,23.41,skincare_products_5000.csv,P02725,synthetic
PRD0004313,Skin1004,Skin1004 Barrier Beta-Glucan Toner,toner,combination-sensitive|dry,aging|dark spots|dryness,"beta-glucan, niacinamide, glycerin",no,no,no,AM/PM,,10.33,skincare_products_5000.csv,P00411,synthetic
PRD0004314,Skin1004,Skin1004 Barrier Beta-Glucan Toner,toner,dry|oily,barrier repair,beta-glucan,yes,no,no,PM,,14.62,skincare_products_5000.csv,P02308,synthetic
PRD0004315,Skin1004,Skin1004 Barrier Betaine Cleanser,cleanser,normal|oily|sensitive,oiliness,"betaine, centella",yes,yes,no,AM/PM,,16.42,skincare_products_5000.csv,P03638,synthetic
PRD0004316,Skin1004,Skin1004 Barrier Centella Cleanser,cleanser,normal,acne|barrier repair|redness,"centella, niacinamide",yes,yes,no,AM/PM,,10.61,skincare_products_5000.csv,P03848,synthetic
PRD0004317,Skin1004,Skin1004 Barrier Centella Mask,mask,combination-sensitive|normal,acne|dryness|oiliness,"centella, clay",yes,no,no,AM/PM,,10.73,skincare_products_5000.csv,P04011,synthetic
PRD0004318,Skin1004,Skin1004 Barrier Cholesterol Moisturizer,moisturizer,dry|oily,oiliness,cholesterol,yes,yes,no,AM/PM,,31.06,skincare_products_5000.csv,P02999,synthetic
PRD0004319,Skin1004,Skin1004 Barrier Clay Mask,mask,sensitive,oiliness|sensitivity,clay,yes,no,no,PM,,12.5,skincare_products_5000.csv,P01050,synthetic
PRD0004320,Skin1004,Skin1004 Barrier Glycerin Cleanser,cleanser,combination-sensitive|sensitive,oiliness|redness|sensitivity,glycerin,yes,yes,no,Weekly,,11.99,skincare_products_5000.csv,P03300,synthetic
PRD0004321,Skin1004,Skin1004 Barrier Glycerin Cleanser,cleanser,combination|combination-sensitive|oily,aging|oiliness,"glycerin, salicylic acid",yes,yes,no,Weekly,,17.29,skincare_products_5000.csv,P00949,synthetic
PRD0004322,Skin1004,Skin1004 Barrier Glycerin Cleanser,cleanser,combination|dry|oily,barrier repair,"glycerin, niacinamide",yes,yes,no,AM,,11.22,skincare_products_5000.csv,P04167,synthetic
PRD0004323,Skin1004,Skin1004 Barrier Glycerin Moisturizer,moisturizer,normal|oily,oiliness,"glycerin, squalane",yes,yes,no,AM,,11.97,skincare_products_5000.csv,P03118,synthetic
PRD0004324,Skin1004,Skin1004 Barrier Green Tea Mask,mask,combination-sensitive|normal|oily,acne|oiliness|sensitivity,"green tea, hyaluronic acid, sulfur",no,no,no,PM,,24.46,skincare_products_5000.csv,P01250,synthetic
PRD0004325,Skin1004,Skin1004 Barrier Hyaluronic Acid Mask,mask,dry|normal,dark spots|sensitivity,"hyaluronic acid, centella, sulfur",no,no,no,PM,,23.3,skincare_products_5000.csv,P03411,synthetic
PRD0004326,Skin1004,Skin1004 Barrier Hyaluronic Acid Serum,serum,combination-sensitive|dry|oily,aging|dryness,"hyaluronic acid, retinol",yes,yes,no,Weekly,,13.27,skincare_products_5000.csv,P00756,synthetic
PRD0004327,Skin1004,Skin1004 Barrier Niacinamide Cleanser,cleanser,combination|combination-sensitive|dry,aging|dark spots|dehydration,"niacinamide, centella, salicylic acid",yes,yes,no,Weekly,,11.14,skincare_products_5000.csv,P02853,synthetic
PRD0004328,Skin1004,Skin1004 Barrier Niacinamide SPF 50,sunscreen,combination,acne,"niacinamide, vitamin e, octocrylene",yes,no,no,AM,50.0,21.56,skincare_products_5000.csv,P02748,synthetic
PRD0004329,Skin1004,Skin1004 Barrier Niacinamide Serum,serum,combination-sensitive|normal,dryness,"niacinamide, peptides",yes,no,no,PM,,24.85,skincare_products_5000.csv,P01657,synthetic
PRD0004330,Skin1004,Skin1004 Barrier Niacinamide Serum,serum,combination|oily|sensitive,dark spots|sensitivity,"niacinamide, azelaic acid",yes,no,no,AM/PM,,22.96,skincare_products_5000.csv,P00287,synthetic
PRD0004331,Skin1004,Skin1004 Barrier Oat Extract Mask,mask,combination|oily|sensitive,redness,"oat extract, clay",yes,no,no,PM,,21.63,skincare_products_5000.csv,P01326,synthetic
PRD0004332,Skin1004,Skin1004 Barrier Octocrylene SPF 50,sunscreen,combination-sensitive|normal,dryness|oiliness|sensitivity,octocrylene,yes,no,no,AM,30.0,20.92,skincare_products_5000.csv,P00235,synthetic
PRD0004333,Skin1004,Skin1004 Barrier Panthenol Moisturizer,moisturizer,combination-sensitive,barrier repair|sensitivity,"panthenol, cholesterol, squalane",yes,no,no,AM/PM,,29.34,skincare_products_5000.csv,P04229,synthetic
PRD0004334,Skin1004,Skin1004 Barrier Panthenol Moisturizer,moisturizer,normal,dryness|redness,"panthenol, glycerin, cholesterol",yes,yes,no,AM,,18.52,skincare_products_5000.csv,P00290,synthetic
PRD0004335,Skin1004,Skin1004 Barrier Panthenol Moisturizer,moisturizer,oily,dark spots|oiliness,"panthenol, squalane",no,yes,no,PM,,34.2,skincare_products_5000.csv,P03087,synthetic
PRD0004336,Skin1004,Skin1004 Barrier Panthenol Toner,toner,combination|combination-sensitive|dry,barrier repair|dryness|oiliness,"panthenol, glycerin",no,no,no,AM,,13.51,skincare_products_5000.csv,P02028,synthetic
PRD0004337,Skin1004,Skin1004 Barrier Peptides Serum,serum,combination|dry,acne|redness,peptides,yes,yes,no,Weekly,,21.34,skincare_products_5000.csv,P04828,synthetic
PRD0004338,Skin1004,Skin1004 Barrier Salicylic Acid Cleanser,cleanser,combination-sensitive|dry|normal,barrier repair|oiliness|sensitivity,"salicylic acid, glycerin",no,yes,no,PM,,18.61,skincare_products_5000.csv,P01549,synthetic
PRD0004339,Skin1004,Skin1004 Barrier Salicylic Acid Cleanser,cleanser,combination|oily,barrier repair|dehydration|oiliness,"salicylic acid, centella, betaine",yes,yes,no,PM,,19.47,skincare_products_5000.csv,P00002,synthetic
PRD0004340,Skin1004,Skin1004 Barrier Salicylic Acid Cleanser,cleanser,normal,dehydration,salicylic acid,yes,yes,no,PM,,20.51,skincare_products_5000.csv,P02631,synthetic
PRD0004341,Skin1004,Skin1004 Barrier Salicylic Acid Cleanser,cleanser,oily,aging,"salicylic acid, betaine",yes,yes,no,Weekly,,21.43,skincare_products_5000.csv,P04323,synthetic
PRD0004342,Skin1004,Skin1004 Barrier Salicylic Acid Treatment,treatment,combination|combination-sensitive|normal,oiliness,"salicylic acid, benzoyl peroxide",no,yes,no,AM/PM,,34.13,skincare_products_5000.csv,P02919,synthetic
PRD0004343,Skin1004,Skin1004 Barrier Urea Moisturizer,moisturizer,combination|dry,aging,urea,yes,yes,no,AM,,34.12,skincare_products_5000.csv,P03356,synthetic
PRD0004344,Skin1004,Skin1004 Barrier Vitamin E SPF 50,sunscreen,combination|normal|oily,dark spots|sensitivity,"vitamin e, avobenzone",yes,yes,no,AM,50.0,24.45,skincare_products_5000.csv,P03140,synthetic
PRD0004345,Skin1004,Skin1004 Barrier Vitamin E SPF 50,sunscreen,dry,acne|barrier repair|dehydration,vitamin e,yes,yes,no,AM,30.0,22.84,skincare_products_5000.csv,P03529,synthetic
PRD0004346,Skin1004,Skin1004 Calm Adapalene Treatment,treatment,combination-sensitive|oily|sensitive,sensitivity,adapalene,yes,no,no,Weekly,,18.94,skincare_products_5000.csv,P00686,synthetic
PRD0004347,Skin1004,Skin1004 Calm Adapalene Treatment,treatment,combination|combination-sensitive|oily,dark spots|redness,"adapalene, azelaic acid, sulfur",yes,yes,no,PM,,22.87,skincare_products_5000.csv,P02150,synthetic
PRD0004348,Skin1004,Skin1004 Calm Adapalene Treatment,treatment,normal|oily,aging|dark spots|dryness,"adapalene, salicylic acid",yes,yes,no,AM,,16.95,skincare_products_5000.csv,P02868,synthetic
PRD0004349,Skin1004,Skin1004 Calm Azelaic Acid Serum,serum,combination|dry,barrier repair,"azelaic acid, niacinamide, centella",no,yes,no,PM,,11.08,skincare_products_5000.csv,P00782,synthetic
PRD0004350,Skin1004,Skin1004 Calm Azelaic Acid Treatment,treatment,combination-sensitive|dry|sensitive,sensitivity,"azelaic acid, adapalene, salicylic acid",yes,yes,no,AM,,32.49,skincare_products_5000.csv,P01042,synthetic
PRD0004351,Skin1004,Skin1004 Calm Centella Cleanser,cleanser,combination-sensitive|normal,dark spots|oiliness,"centella, betaine",no,no,no,AM/PM,,9.19,skincare_products_5000.csv,P04551,synthetic
PRD0004352,Skin1004,Skin1004 Calm Centella Mask,mask,combination-sensitive|dry|normal,aging|redness,"centella, clay, hyaluronic acid",yes,no,no,AM/PM,,14.37,skincare_products_5000.csv,P02716,synthetic
PRD0004353,Skin1004,Skin1004 Calm Ceramides Cleanser,cleanser,combination|dry,barrier repair|redness,"ceramides, niacinamide",yes,yes,no,AM,,10.42,skincare_products_5000.csv,P02956,synthetic
PRD0004354,Skin1004,Skin1004 Calm Cholesterol Moisturizer,moisturizer,combination|sensitive,acne|dark spots|oiliness,cholesterol,no,yes,no,Weekly,,21.13,skincare_products_5000.csv,P00884,synthetic
PRD0004355,Skin1004,Skin1004 Calm Green Tea Mask,mask,combination|combination-sensitive,dehydration,green tea,yes,no,no,Weekly,,22.34,skincare_products_5000.csv,P02318,synthetic
PRD0004356,Skin1004,Skin1004 Calm Niacinamide Cleanser,cleanser,combination-sensitive|normal,aging|barrier repair,"niacinamide, glycerin",yes,yes,no,AM/PM,,9.39,skincare_products_5000.csv,P03168,synthetic
PRD0004357,Skin1004,Skin1004 Calm Niacinamide Serum,serum,combination-sensitive,dehydration,"niacinamide, retinol",yes,yes,no,AM/PM,,14.73,skincare_products_5000.csv,P02913,synthetic
PRD0004358,Skin1004,Skin1004 Calm Niacinamide Serum,serum,combination|normal|sensitive,dark spots,"niacinamide, centella, retinol",no,yes,no,Weekly,,14.51,skincare_products_5000.csv,P00119,synthetic
PRD0004359,Skin1004,Skin1004 Calm Oat Extract Mask,mask,combination-sensitive|normal,barrier repair|sensitivity,"oat extract, hyaluronic acid, green tea",no,no,no,AM,,26.67,skincare_products_5000.csv,P03344,synthetic
PRD0004360,Skin1004,Skin1004 Calm Oat Extract Mask,mask,combination|normal|oily,aging|barrier repair|dehydration,"oat extract, hyaluronic acid",yes,no,no,AM/PM,,27.61,skincare_products_5000.csv,P00226,synthetic
PRD0004361,Skin1004,Skin1004 Calm Octocrylene SPF 50,sunscreen,combination-sensitive|oily,barrier repair|dark spots,"octocrylene, vitamin e, titanium dioxide",yes,yes,no,AM,30.0,18.55,skincare_products_5000.csv,P04727,synthetic
PRD0004362,Skin1004,Skin1004 Calm Panthenol Toner,toner,combination-sensitive|dry,aging|redness,"panthenol, glycerin, centella",yes,no,no,Weekly,,11.01,skincare_products_5000.csv,P04863,synthetic
PRD0004363,Skin1004,Skin1004 Calm Retinol Serum,serum,dry,sensitivity,"retinol, niacinamide",yes,yes,no,Weekly,,33.39,skincare_products_5000.csv,P03342,synthetic
PRD0004364,Skin1004,Skin1004 Calm Retinol Treatment,treatment,combination-sensitive|oily|sensitive,dehydration|oiliness,retinol,yes,yes,no,PM,,19.6,skincare_products_5000.csv,P02039,synthetic
PRD0004365,Skin1004,Skin1004 Calm Salicylic Acid Cleanser,cleanser,dry|sensitive,acne|barrier repair|sensitivity,"salicylic acid, centella",yes,no,no,Weekly,,15.54,skincare_products_5000.csv,P02792,synthetic
PRD0004366,Skin1004,Skin1004 Calm Salicylic Acid Treatment,treatment,combination,aging|dryness,"salicylic acid, retinol",no,yes,no,PM,,30.78,skincare_products_5000.csv,P02088,synthetic
PRD0004367,Skin1004,Skin1004 Calm Salicylic Acid Treatment,treatment,combination-sensitive|dry|sensitive,oiliness|sensitivity,"salicylic acid, azelaic acid, retinol",yes,no,no,PM,,9.68,skincare_products_5000.csv,P01918,synthetic
PRD0004368,Skin1004,Skin1004 Calm Salicylic Acid Treatment,treatment,combination|sensitive,barrier repair|dark spots|dehydration,"salicylic acid, adapalene, retinol",no,yes,yes,AM,,28.84,skincare_products_5000.csv,P00969,synthetic
PRD0004369,Skin1004,Skin1004 Calm Titanium Dioxide SPF 50,sunscreen,combination-sensitive,redness,titanium dioxide,yes,yes,no,AM,50.0,19.8,skincare_products_5000.csv,P03536,synthetic
PRD0004370,Skin1004,Skin1004 Calm Vitamin C Serum,serum,combination,aging,vitamin c,yes,yes,no,AM/PM,,17.3,skincare_products_5000.csv,P01005,synthetic
PRD0004371,Skin1004,Skin1004 Calm Vitamin C Serum,serum,oily,aging|redness,vitamin c,yes,yes,no,Weekly,,11.28,skincare_products_5000.csv,P01778,synthetic
PRD0004372,Skin1004,Skin1004 Clear Azelaic Acid Treatment,treatment,combination|combination-sensitive|sensitive,dryness,"azelaic acid, benzoyl peroxide, retinol",yes,yes,no,AM,,20.56,skincare_products_5000.csv,P01531,synthetic
PRD0004373,Skin1004,Skin1004 Clear Benzoyl Peroxide Treatment,treatment,normal,dehydration|redness|sensitivity,"benzoyl peroxide, retinol, adapalene",yes,yes,yes,PM,,10.14,skincare_products_5000.csv,P00767,synthetic
PRD0004374,Skin1004,Skin1004 Clear Centella Cleanser,cleanser,dry|sensitive,redness|sensitivity,"centella, ceramides, salicylic acid",yes,yes,no,AM/PM,,17.87,skincare_products_5000.csv,P01733,synthetic
PRD0004375,Skin1004,Skin1004 Clear Centella Serum,serum,combination|combination-sensitive|oily,acne|dehydration|redness,"centella, hyaluronic acid",no,no,no,Weekly,,14.85,skincare_products_5000.csv,P02569,synthetic
PRD0004376,Skin1004,Skin1004 Clear Ceramides Moisturizer,moisturizer,oily,barrier repair,"ceramides, panthenol",no,yes,no,AM/PM,,31.54,skincare_products_5000.csv,P01030,synthetic
PRD0004377,Skin1004,Skin1004 Clear Glycerin Cleanser,cleanser,dry|sensitive,aging|redness,glycerin,no,yes,no,PM,,10.4,skincare_products_5000.csv,P02532,synthetic
PRD0004378,Skin1004,Skin1004 Clear Glycerin Moisturizer,moisturizer,combination-sensitive|normal,aging,"glycerin, urea, cholesterol",yes,yes,no,AM/PM,,17.55,skincare_products_5000.csv,P02252,synthetic
PRD0004379,Skin1004,Skin1004 Clear Green Tea Mask,mask,dry|sensitive,redness|sensitivity,green tea,no,no,no,PM,,21.94,skincare_products_5000.csv,P04758,synthetic
PRD0004380,Skin1004,Skin1004 Clear Niacinamide SPF 50,sunscreen,dry|oily|sensitive,acne|redness,niacinamide,yes,yes,no,AM,50.0,12.59,skincare_products_5000.csv,P01741,synthetic
PRD0004381,Skin1004,Skin1004 Clear Niacinamide SPF 50,sunscreen,normal|sensitive,aging|barrier repair,"niacinamide, octocrylene",yes,yes,no,AM,50.0,28.03,skincare_products_5000.csv,P01008,synthetic
PRD0004382,Skin1004,Skin1004 Clear Niacinamide Serum,serum,combination,aging|redness,"niacinamide, hyaluronic acid",no,yes,no,AM/PM,,13.76,skincare_products_5000.csv,P04950,synthetic
PRD0004383,Skin1004,Skin1004 Clear Niacinamide Serum,serum,combination-sensitive|dry|sensitive,redness,"niacinamide, peptides",no,yes,no,AM,,18.55,skincare_products_5000.csv,P02179,synthetic
PRD0004384,Skin1004,Skin1004 Clear Niacinamide Serum,serum,combination-sensitive|sensitive,dehydration,"niacinamide, hyaluronic acid",no,yes,no,Weekly,,10.81,skincare_products_5000.csv,P01521,synthetic
PRD0004385,Skin1004,Skin1004 Clear Octocrylene SPF 50,sunscreen,combination-sensitive|sensitive,dryness|redness,octocrylene,yes,no,no,AM,50.0,27.56,skincare_products_5000.csv,P04481,synthetic
PRD0004386,Skin1004,Skin1004 Clear Octocrylene SPF 50,sunscreen,combination|dry|oily,dehydration|redness,octocrylene,no,yes,no,AM,50.0,23.17,skincare_products_5000.csv,P03178,synthetic
PRD0004387,Skin1004,Skin1004 Clear Octocrylene SPF 50,sunscreen,oily,acne|dark spots|redness,octocrylene,yes,yes,no,AM,50.0,26.13,skincare_products_5000.csv,P02301,synthetic
PRD0004388,Skin1004,Skin1004 Clear Panthenol Moisturizer,moisturizer,normal|oily,aging|dryness|sensitivity,"panthenol, ceramides, squalane",yes,no,no,Weekly,,18.56,skincare_products_5000.csv,P04861,synthetic
PRD0004389,Skin1004,Skin1004 Clear Peptides Serum,serum,combination,dark spots|dehydration,"peptides, centella",yes,no,no,AM,,21.92,skincare_products_5000.csv,P00818,synthetic
PRD0004390,Skin1004,Skin1004 Clear Retinol Treatment,treatment,combination,redness,retinol,yes,yes,no,Weekly,,14.56,skincare_products_5000.csv,P03449,synthetic
PRD0004391,Skin1004,Skin1004 Clear Salicylic Acid Cleanser,cleanser,dry|oily,dark spots|dehydration,"salicylic acid, betaine, ceramides",yes,yes,no,AM,,22.33,skincare_products_5000.csv,P01318,synthetic
PRD0004392,Skin1004,Skin1004 Clear Squalane Moisturizer,moisturizer,combination|combination-sensitive|oily,acne|barrier repair|dark spots,squalane,yes,yes,no,AM/PM,,30.84,skincare_products_5000.csv,P03466,synthetic
PRD0004393,Skin1004,Skin1004 Clear Squalane Moisturizer,moisturizer,combination|dry|sensitive,dehydration|redness,"squalane, cholesterol, urea",yes,no,no,AM,,29.78,skincare_products_5000.csv,P00394,synthetic
PRD0004394,Skin1004,Skin1004 Clear Squalane Moisturizer,moisturizer,combination|sensitive,aging|dark spots|sensitivity,"squalane, ceramides",yes,yes,no,AM/PM,,16.87,skincare_products_5000.csv,P01287,synthetic
PRD0004395,Skin1004,Skin1004 Clear Vitamin C Serum,serum,combination-sensitive|normal,dehydration,vitamin c,yes,no,no,Weekly,,11.76,skincare_products_5000.csv,P02435,synthetic
PRD0004396,Skin1004,Skin1004 Clear Zinc Oxide SPF 50,sunscreen,oily,acne|oiliness|sensitivity,"zinc oxide, avobenzone",yes,yes,no,AM,30.0,16.25,skincare_products_5000.csv,P03291,synthetic
PRD0004397,Skin1004,Skin1004 Daily Centella Cleanser,cleanser,sensitive,acne,"centella, niacinamide, glycerin",yes,no,no,PM,,14.9,skincare_products_5000.csv,P04696,synthetic
PRD0004398,Skin1004,Skin1004 Daily Centella Mask,mask,normal,acne|dark spots|redness,"centella, oat extract, green tea",yes,no,no,AM/PM,,11.64,skincare_products_5000.csv,P02163,synthetic
PRD0004399,Skin1004,Skin1004 Daily Centella Mask,mask,oily|sensitive,redness,"centella, sulfur, hyaluronic acid",yes,no,no,AM/PM,,15.56,skincare_products_5000.csv,P01622,synthetic
PRD0004400,Skin1004,Skin1004 Daily Ceramides Cleanser,cleanser,normal,acne,ceramides,yes,yes,no,AM/PM,,12.69,skincare_products_5000.csv,P03909,synthetic
PRD0004401,Skin1004,Skin1004 Daily Cholesterol Moisturizer,moisturizer,combination,aging|dehydration,"cholesterol, squalane",yes,yes,no,Weekly,,26.11,skincare_products_5000.csv,P02046,synthetic
PRD0004402,Skin1004,Skin1004 Daily Glycerin Toner,toner,combination-sensitive|normal|oily,dark spots,glycerin,yes,no,no,AM/PM,,21.21,skincare_products_5000.csv,P03999,synthetic
PRD0004403,Skin1004,Skin1004 Daily Glycerin Toner,toner,oily|sensitive,dehydration,"glycerin, centella, pha",no,no,no,AM,,20.71,skincare_products_5000.csv,P02846,synthetic
PRD0004404,Skin1004,Skin1004 Daily Green Tea Mask,mask,combination|normal|sensitive,acne|aging|dryness,"green tea, hyaluronic acid, centella",yes,no,no,AM/PM,,12.15,skincare_products_5000.csv,P02253,synthetic
PRD0004405,Skin1004,Skin1004 Daily Green Tea Mask,mask,oily|sensitive,aging|dryness|redness,"green tea, hyaluronic acid, centella",yes,no,no,PM,,19.53,skincare_products_5000.csv,P02403,synthetic
PRD0004406,Skin1004,Skin1004 Daily Hyaluronic Acid Serum,serum,normal,dehydration,"hyaluronic acid, niacinamide",no,yes,no,AM,,14.03,skincare_products_5000.csv,P03006,synthetic
PRD0004407,Skin1004,Skin1004 Daily Niacinamide SPF 50,sunscreen,combination-sensitive|dry|sensitive,barrier repair|dehydration|dryness,niacinamide,no,yes,no,AM,50.0,22.81,skincare_products_5000.csv,P01911,synthetic
PRD0004408,Skin1004,Skin1004 Daily Niacinamide SPF 50,sunscreen,combination|sensitive,barrier repair|dark spots|dehydration,"niacinamide, zinc oxide",yes,yes,no,AM,50.0,11.22,skincare_products_5000.csv,P01272,synthetic
PRD0004409,Skin1004,Skin1004 Daily Panthenol Moisturizer,moisturizer,combination|dry|normal,acne|sensitivity,"panthenol, squalane",yes,yes,no,Weekly,,22.09,skincare_products_5000.csv,P00338,synthetic
PRD0004410,Skin1004,Skin1004 Daily Pha Toner,toner,combination|normal,barrier repair|redness|sensitivity,pha,yes,no,no,Weekly,,17.56,skincare_products_5000.csv,P04378,synthetic
PRD0004411,Skin1004,Skin1004 Daily Pha Toner,toner,normal|sensitive,acne|aging|barrier repair,pha,yes,no,no,Weekly,,19.39,skincare_products_5000.csv,P04434,synthetic
PRD0004412,Skin1004,Skin1004 Daily Salicylic Acid Cleanser,cleanser,combination|dry|sensitive,sensitivity,"salicylic acid, glycerin",no,yes,no,AM/PM,,17.06,skincare_products_5000.csv,P00876,synthetic
PRD0004413,Skin1004,Skin1004 Daily Sulfur Mask,mask,normal,aging|dehydration,"sulfur, hyaluronic acid",yes,no,no,AM,,22.14,skincare_products_5000.csv,P03338,synthetic
PRD0004414,Skin1004,Skin1004 Daily Vitamin C Serum,serum,combination,acne|aging|dark spots,vitamin c,yes,yes,no,PM,,11.32,skincare_products_5000.csv,P00436,synthetic
PRD0004415,Skin1004,Skin1004 Daily Vitamin C Serum,serum,dry|oily,aging|dryness|redness,vitamin c,yes,no,no,AM/PM,,33.89,skincare_products_5000.csv,P04469,synthetic
PRD0004416,Skin1004,Skin1004 Glow Azelaic Acid Treatment,treatment,combination|combination-sensitive|normal,acne|barrier repair|redness,"azelaic acid, retinol",yes,no,no,AM/PM,,20.98,skincare_products_5000.csv,P04085,synthetic
PRD0004417,Skin1004,Skin1004 Glow Azelaic Acid Treatment,treatment,dry|sensitive,barrier repair|dark spots|sensitivity,azelaic acid,yes,yes,no,AM/PM,,19.86,skincare_products_5000.csv,P02064,synthetic
PRD0004418,Skin1004,Skin1004 Glow Beta-Glucan Toner,toner,combination-sensitive|normal|oily,dehydration|oiliness|sensitivity,beta-glucan,yes,no,no,AM/PM,,21.7,skincare_products_5000.csv,P04487,synthetic
PRD0004419,Skin1004,Skin1004 Glow Betaine Cleanser,cleanser,combination-sensitive|dry|oily,barrier repair,betaine,yes,no,no,AM/PM,,24.45,skincare_products_5000.csv,P00977,synthetic
PRD0004420,Skin1004,Skin1004 Glow Ceramides Moisturizer,moisturizer,combination-sensitive|sensitive,dark spots|oiliness|sensitivity,ceramides,yes,yes,no,AM,,12.1,skincare_products_5000.csv,P02001,synthetic
PRD0004421,Skin1004,Skin1004 Glow Clay Mask,mask,combination|combination-sensitive,redness,"clay, sulfur",yes,no,no,AM/PM,,18.83,skincare_products_5000.csv,P04036,synthetic
PRD0004422,Skin1004,Skin1004 Glow Glycerin Cleanser,cleanser,combination|dry,dehydration,"glycerin, betaine",no,no,no,Weekly,,11.66,skincare_products_5000.csv,P04656,synthetic
PRD0004423,Skin1004,Skin1004 Glow Glycerin Moisturizer,moisturizer,combination-sensitive,oiliness|redness,"glycerin, panthenol",yes,no,no,Weekly,,30.17,skincare_products_5000.csv,P03681,synthetic
PRD0004424,Skin1004,Skin1004 Glow Glycerin Moisturizer,moisturizer,normal,acne|barrier repair|oiliness,"glycerin, squalane",yes,no,no,PM,,27.69,skincare_products_5000.csv,P03282,synthetic
PRD0004425,Skin1004,Skin1004 Glow Glycerin Toner,toner,sensitive,aging|barrier repair,"glycerin, pha",no,no,no,PM,,16.35,skincare_products_5000.csv,P02756,synthetic
PRD0004426,Skin1004,Skin1004 Glow Niacinamide Cleanser,cleanser,dry,dark spots|dehydration,niacinamide,no,yes,no,PM,,23.27,skincare_products_5000.csv,P02663,synthetic
PRD0004427,Skin1004,Skin1004 Glow Niacinamide Serum,serum,combination|dry,dehydration,"niacinamide, peptides, vitamin c",no,yes,no,AM,,19.87,skincare_products_5000.csv,P04974,synthetic
PRD0004428,Skin1004,Skin1004 Glow Niacinamide Serum,serum,combination|dry|normal,oiliness,"niacinamide, azelaic acid, hyaluronic acid",yes,yes,no,AM,,35.86,skincare_products_5000.csv,P02270,synthetic
PRD0004429,Skin1004,Skin1004 Glow Octocrylene SPF 50,sunscreen,normal,dehydration,"octocrylene, vitamin e",yes,yes,no,AM,50.0,26.2,skincare_products_5000.csv,P01574,synthetic
PRD0004430,Skin1004,Skin1004 Glow Pha Toner,toner,combination-sensitive,dryness|oiliness|sensitivity,"pha, niacinamide",yes,no,no,AM/PM,,12.92,skincare_products_5000.csv,P01354,synthetic
PRD0004431,Skin1004,Skin1004 Glow Retinol Treatment,treatment,oily,acne|dryness|redness,"retinol, salicylic acid, azelaic acid",yes,no,no,PM,,19.45,skincare_products_5000.csv,P04417,synthetic
PRD0004432,Skin1004,Skin1004 Glow Salicylic Acid Cleanser,cleanser,combination|combination-sensitive|oily,oiliness,"salicylic acid, centella",no,yes,no,AM,,19.33,skincare_products_5000.csv,P00883,synthetic
PRD0004433,Skin1004,Skin1004 Glow Sulfur Treatment,treatment,oily|sensitive,dark spots,"sulfur, azelaic acid, adapalene",no,yes,yes,PM,,20.52,skincare_products_5000.csv,P02668,synthetic
PRD0004434,Skin1004,Skin1004 Glow Urea Moisturizer,moisturizer,combination|combination-sensitive|oily,aging,urea,yes,yes,no,PM,,11.09,skincare_products_5000.csv,P00712,synthetic
PRD0004435,Skin1004,Skin1004 Glow Vitamin C Serum,serum,combination|dry|normal,barrier repair|dryness|redness,"vitamin c, azelaic acid",yes,yes,no,Weekly,,15.3,skincare_products_5000.csv,P03016,synthetic
PRD0004436,Skin1004,Skin1004 Glow Vitamin E SPF 50,sunscreen,combination-sensitive|dry|normal,dryness,vitamin e,yes,yes,no,AM,30.0,21.85,skincare_products_5000.csv,P03173,synthetic
PRD0004437,Skin1004,Skin1004 Glow Vitamin E SPF 50,sunscreen,combination|combination-sensitive|sensitive,barrier repair|dark spots|redness,vitamin e,yes,yes,no,AM,50.0,10.48,skincare_products_5000.csv,P03276,synthetic
PRD0004438,Skin1004,Skin1004 Hydra Adapalene Treatment,treatment,dry|normal|oily,dehydration|sensitivity,"adapalene, sulfur, azelaic acid",yes,no,no,AM,,30.91,skincare_products_5000.csv,P03286,synthetic
PRD0004439,Skin1004,Skin1004 Hydra Adapalene Treatment,treatment,dry|oily,acne|dehydration,"adapalene, azelaic acid, sulfur",yes,yes,yes,Weekly,,29.95,skincare_products_5000.csv,P02567,synthetic
PRD0004440,Skin1004,Skin1004 Hydra Adapalene Treatment,treatment,normal|sensitive,dryness,"adapalene, benzoyl peroxide",no,yes,yes,Weekly,,15.16,skincare_products_5000.csv,P03047,synthetic
PRD0004441,Skin1004,Skin1004 Hydra Avobenzone SPF 50,sunscreen,normal|oily,barrier repair,avobenzone,yes,yes,no,AM,50.0,18.47,skincare_products_5000.csv,P03022,synthetic
PRD0004442,Skin1004,Skin1004 Hydra Avobenzone SPF 50,sunscreen,oily,barrier repair|dark spots|dehydration,avobenzone,yes,yes,no,AM,30.0,18.22,skincare_products_5000.csv,P01916,synthetic
PRD0004443,Skin1004,Skin1004 Hydra Azelaic Acid Serum,serum,combination-sensitive,sensitivity,"azelaic acid, vitamin c, retinol",yes,no,no,PM,,26.0,skincare_products_5000.csv,P01198,synthetic
PRD0004444,Skin1004,Skin1004 Hydra Betaine Cleanser,cleanser,combination|oily,aging|barrier repair|dark spots,"betaine, glycerin",yes,no,no,AM/PM,,23.92,skincare_products_5000.csv,P04299,synthetic
PRD0004445,Skin1004,Skin1004 Hydra Centella Cleanser,cleanser,combination-sensitive|dry|oily,aging|dark spots|dehydration,"centella, ceramides",yes,no,no,AM/PM,,17.22,skincare_products_5000.csv,P01021,synthetic
PRD0004446,Skin1004,Skin1004 Hydra Centella Serum,serum,combination-sensitive|normal|sensitive,dehydration|sensitivity,"centella, retinol, hyaluronic acid",yes,yes,no,AM,,26.51,skincare_products_5000.csv,P02833,synthetic
PRD0004447,Skin1004,Skin1004 Hydra Centella Toner,toner,combination|dry|oily,dryness,"centella, panthenol, glycerin",yes,no,no,AM,,20.11,skincare_products_5000.csv,P02010,synthetic
PRD0004448,Skin1004,Skin1004 Hydra Ceramides Moisturizer,moisturizer,oily,barrier repair|dark spots,ceramides,yes,yes,no,PM,,23.41,skincare_products_5000.csv,P02814,synthetic
PRD0004449,Skin1004,Skin1004 Hydra Cholesterol Moisturizer,moisturizer,normal,barrier repair|dehydration,"cholesterol, ceramides, squalane",yes,yes,no,AM/PM,,28.07,skincare_products_5000.csv,P01571,synthetic
PRD0004450,Skin1004,Skin1004 Hydra Cholesterol Moisturizer,moisturizer,sensitive,dark spots,"cholesterol, glycerin, squalane",no,yes,no,Weekly,,10.44,skincare_products_5000.csv,P01244,synthetic
PRD0004451,Skin1004,Skin1004 Hydra Clay Mask,mask,combination|oily,aging,"clay, hyaluronic acid, centella",yes,no,no,AM,,27.36,skincare_products_5000.csv,P01039,synthetic
PRD0004452,Skin1004,Skin1004 Hydra Glycerin Cleanser,cleanser,combination-sensitive|normal,aging|dark spots|oiliness,"glycerin, niacinamide",yes,yes,no,PM,,16.73,skincare_products_5000.csv,P00888,synthetic
PRD0004453,Skin1004,Skin1004 Hydra Glycerin Cleanser,cleanser,oily|sensitive,aging,glycerin,yes,yes,no,AM/PM,,24.17,skincare_products_5000.csv,P01694,synthetic
PRD0004454,Skin1004,Skin1004 Hydra Glycerin Toner,toner,combination-sensitive,dark spots|dehydration,"glycerin, pha",yes,no,no,PM,,10.01,skincare_products_5000.csv,P01976,synthetic
PRD0004455,Skin1004,Skin1004 Hydra Octocrylene SPF 50,sunscreen,dry|oily|sensitive,dark spots|dehydration,octocrylene,yes,no,no,AM,50.0,21.63,skincare_products_5000.csv,P01659,synthetic
PRD0004456,Skin1004,Skin1004 Hydra Panthenol Moisturizer,moisturizer,combination-sensitive|oily,dark spots|redness,panthenol,yes,no,no,AM/PM,,20.7,skincare_products_5000.csv,P03065,synthetic
PRD0004457,Skin1004,Skin1004 Hydra Peptides Serum,serum,combination|dry|oily,barrier repair|sensitivity,"peptides, azelaic acid, niacinamide",yes,yes,no,Weekly,,28.13,skincare_products_5000.csv,P01187,synthetic
PRD0004458,Skin1004,Skin1004 Hydra Pha Toner,toner,combination,aging,"pha, niacinamide",yes,no,no,AM,,12.57,skincare_products_5000.csv,P03479,synthetic
PRD0004459,Skin1004,Skin1004 Hydra Pha Toner,toner,combination|normal|oily,dryness,"pha, glycerin",no,no,no,Weekly,,22.22,skincare_products_5000.csv,P01950,synthetic
PRD0004460,Skin1004,Skin1004 Hydra Retinol Treatment,treatment,combination|dry|sensitive,dark spots|redness|sensitivity,"retinol, sulfur, salicylic acid",yes,yes,no,AM,,26.89,skincare_products_5000.csv,P02487,synthetic
PRD0004461,Skin1004,Skin1004 Hydra Retinol Treatment,treatment,normal,barrier repair|dark spots,"retinol, azelaic acid",yes,yes,no,AM/PM,,9.67,skincare_products_5000.csv,P03377,synthetic
PRD0004462,Skin1004,Skin1004 Hydra Salicylic Acid Cleanser,cleanser,combination|sensitive,dark spots,"salicylic acid, betaine, glycerin",yes,yes,no,AM/PM,,22.49,skincare_products_5000.csv,P02880,synthetic
PRD0004463,Skin1004,Skin1004 Hydra Salicylic Acid Cleanser,cleanser,oily,dark spots,"salicylic acid, ceramides, niacinamide",yes,yes,no,PM,,18.96,skincare_products_5000.csv,P02492,synthetic
PRD0004464,Skin1004,Skin1004 Hydra Salicylic Acid Treatment,treatment,normal|sensitive,barrier repair,"salicylic acid, retinol, azelaic acid",no,yes,no,AM/PM,,9.37,skincare_products_5000.csv,P03103,synthetic
PRD0004465,Skin1004,Skin1004 Hydra Sulfur Mask,mask,normal,aging|dehydration,"sulfur, centella, hyaluronic acid",yes,no,no,AM/PM,,11.0,skincare_products_5000.csv,P02992,synthetic
PRD0004466,Skin1004,Skin1004 Hydra Sulfur Treatment,treatment,combination-sensitive|normal|oily,aging|dehydration|redness,"sulfur, benzoyl peroxide, retinol",yes,yes,no,AM/PM,,23.49,skincare_products_5000.csv,P02803,synthetic
PRD0004467,Skin1004,Skin1004 Hydra Sulfur Treatment,treatment,combination-sensitive|normal|sensitive,dehydration|oiliness,sulfur,no,yes,no,AM/PM,,26.6,skincare_products_5000.csv,P01177,synthetic
PRD0004468,Skin1004,Skin1004 Hydra Titanium Dioxide SPF 50,sunscreen,combination|combination-sensitive|normal,acne|barrier repair|sensitivity,"titanium dioxide, avobenzone, zinc oxide",no,no,no,AM,50.0,17.89,skincare_products_5000.csv,P00024,synthetic
PRD0004469,Skin1004,Skin1004 Hydra Vitamin C Serum,serum,combination|dry|normal,barrier repair,"vitamin c, centella, peptides",yes,no,no,PM,,14.55,skincare_products_5000.csv,P02099,synthetic
PRD0004470,Skin1004,Skin1004 Pure Avobenzone SPF 50,sunscreen,oily,acne|dehydration|redness,avobenzone,yes,yes,no,AM,50.0,18.43,skincare_products_5000.csv,P01932,synthetic
PRD0004471,Skin1004,Skin1004 Pure Betaine Cleanser,cleanser,dry|oily|sensitive,acne|dark spots|sensitivity,betaine,yes,no,no,PM,,14.07,skincare_products_5000.csv,P01712,synthetic
PRD0004472,Skin1004,Skin1004 Pure Centella Cleanser,cleanser,dry,dryness|sensitivity,"centella, ceramides",no,yes,no,Weekly,,20.4,skincare_products_5000.csv,P00154,synthetic
PRD0004473,Skin1004,Skin1004 Pure Centella Serum,serum,combination-sensitive|dry|sensitive,acne|aging|oiliness,centella,yes,yes,no,AM,,25.08,skincare_products_5000.csv,P02225,synthetic
PRD0004474,Skin1004,Skin1004 Pure Centella Serum,serum,dry,barrier repair|redness,"centella, peptides",yes,yes,no,PM,,40.43,skincare_products_5000.csv,P04235,synthetic
PRD0004475,Skin1004,Skin1004 Pure Glycerin Cleanser,cleanser,combination-sensitive|dry,acne|barrier repair|oiliness,"glycerin, niacinamide",yes,yes,no,Weekly,,15.91,skincare_products_5000.csv,P01940,synthetic
PRD0004476,Skin1004,Skin1004 Pure Hyaluronic Acid Mask,mask,normal|oily|sensitive,dryness,"hyaluronic acid, centella",no,no,no,AM/PM,,8.99,skincare_products_5000.csv,P01367,synthetic
PRD0004477,Skin1004,Skin1004 Pure Niacinamide Cleanser,cleanser,combination,redness|sensitivity,"niacinamide, betaine, salicylic acid",yes,yes,no,Weekly,,25.36,skincare_products_5000.csv,P02828,synthetic
PRD0004478,Skin1004,Skin1004 Pure Niacinamide Toner,toner,oily,barrier repair|sensitivity,"niacinamide, beta-glucan, glycerin",yes,no,no,Weekly,,12.07,skincare_products_5000.csv,P04825,synthetic
PRD0004479,Skin1004,Skin1004 Pure Panthenol Moisturizer,moisturizer,oily,dark spots|dehydration,panthenol,no,yes,no,Weekly,,31.72,skincare_products_5000.csv,P01268,synthetic
PRD0004480,Skin1004,Skin1004 Pure Peptides Serum,serum,combination-sensitive,redness,"peptides, centella, vitamin c",yes,yes,no,PM,,10.29,skincare_products_5000.csv,P02345,synthetic
PRD0004481,Skin1004,Skin1004 Pure Peptides Serum,serum,combination-sensitive|normal|oily,dark spots|dryness|oiliness,"peptides, azelaic acid",no,no,no,Weekly,,28.19,skincare_products_5000.csv,P04358,synthetic
PRD0004482,Skin1004,Skin1004 Pure Retinol Treatment,treatment,combination|oily,acne|dryness,retinol,yes,yes,no,AM,,16.68,skincare_products_5000.csv,P02060,synthetic
PRD0004483,Skin1004,Skin1004 Pure Sulfur Treatment,treatment,normal|sensitive,dehydration|dryness|oiliness,"sulfur, retinol",yes,yes,no,AM/PM,,9.81,skincare_products_5000.csv,P04980,synthetic
PRD0004484,Skin1004,Skin1004 Pure Urea Moisturizer,moisturizer,combination-sensitive|normal|oily,dryness|sensitivity,"urea, cholesterol",yes,no,no,PM,,14.16,skincare_products_5000.csv,P04105,synthetic
PRD0004485,Skin1004,Skin1004 Pure Vitamin C Serum,serum,combination|normal,acne|aging,"vitamin c, hyaluronic acid, retinol",yes,yes,no,Weekly,,27.86,skincare_products_5000.csv,P03275,synthetic
PRD0004486,Skin1004,Skin1004 Pure Vitamin E SPF 50,sunscreen,combination,acne|dryness,vitamin e,yes,yes,no,AM,50.0,22.55,skincare_products_5000.csv,P02358,synthetic
PRD0004487,Skin1004,Skin1004 Repair Azelaic Acid Treatment,treatment,combination-sensitive|normal|sensitive,dryness|sensitivity,azelaic acid,yes,yes,no,AM,,28.91,skincare_products_5000.csv,P03321,synthetic
PRD0004488,Skin1004,Skin1004 Repair Benzoyl Peroxide Treatment,treatment,oily|sensitive,aging|barrier repair|dark spots,benzoyl peroxide,yes,yes,no,AM,,32.06,skincare_products_5000.csv,P01927,synthetic
PRD0004489,Skin1004,Skin1004 Repair Beta-Glucan Toner,toner,combination,sensitivity,"beta-glucan, panthenol",yes,no,no,PM,,17.39,skincare_products_5000.csv,P00566,synthetic
PRD0004490,Skin1004,Skin1004 Repair Betaine Cleanser,cleanser,combination-sensitive|dry|oily,sensitivity,"betaine, salicylic acid",yes,yes,no,PM,,20.53,skincare_products_5000.csv,P02554,synthetic
PRD0004491,Skin1004,Skin1004 Repair Betaine Cleanser,cleanser,combination|normal|sensitive,redness,betaine,yes,yes,no,AM,,24.68,skincare_products_5000.csv,P01502,synthetic
PRD0004492,Skin1004,Skin1004 Repair Centella Cleanser,cleanser,combination-sensitive|dry|normal,redness|sensitivity,"centella, salicylic acid, niacinamide",no,yes,no,AM/PM,,12.19,skincare_products_5000.csv,P02746,synthetic
PRD0004493,Skin1004,Skin1004 Repair Cholesterol Moisturizer,moisturizer,normal,acne|aging|dryness,"cholesterol, glycerin",yes,yes,no,PM,,25.48,skincare_products_5000.csv,P02718,synthetic
PRD0004494,Skin1004,Skin1004 Repair Hyaluronic Acid Serum,serum,combination-sensitive|oily,aging,"hyaluronic acid, azelaic acid, retinol",yes,yes,no,Weekly,,35.0,skincare_products_5000.csv,P00416,synthetic
PRD0004495,Skin1004,Skin1004 Repair Niacinamide SPF 50,sunscreen,combination|dry,aging|sensitivity,niacinamide,yes,yes,no,AM,50.0,29.67,skincare_products_5000.csv,P00705,synthetic
PRD0004496,Skin1004,Skin1004 Repair Niacinamide Serum,serum,combination,barrier repair|dehydration|oiliness,"niacinamide, hyaluronic acid",yes,yes,no,AM,,29.96,skincare_products_5000.csv,P04722,synthetic
PRD0004497,Skin1004,Skin1004 Repair Niacinamide Serum,serum,combination-sensitive|dry|sensitive,aging|dehydration|oiliness,"niacinamide, azelaic acid",no,yes,no,AM/PM,,12.43,skincare_products_5000.csv,P01776,synthetic
PRD0004498,Skin1004,Skin1004 Repair Peptides Serum,serum,combination-sensitive,acne|dehydration|oiliness,"peptides, retinol, centella",yes,yes,no,AM,,33.58,skincare_products_5000.csv,P03514,synthetic
PRD0004499,Skin1004,Skin1004 Repair Retinol Serum,serum,normal|oily,dehydration|dryness,"retinol, vitamin c, niacinamide",yes,yes,no,AM,,38.02,skincare_products_5000.csv,P00220,synthetic
PRD0004500,Skin1004,Skin1004 Repair Retinol Treatment,treatment,combination|combination-sensitive|dry,sensitivity,"retinol, sulfur, azelaic acid",yes,yes,no,AM,,18.51,skincare_products_5000.csv,P03033,synthetic
PRD0004501,Skin1004,Skin1004 Repair Salicylic Acid Cleanser,cleanser,combination|normal|sensitive,aging|oiliness|sensitivity,"salicylic acid, centella, niacinamide",no,yes,no,PM,,24.97,skincare_products_5000.csv,P00694,synthetic
PRD0004502,Skin1004,Skin1004 Repair Squalane Moisturizer,moisturizer,combination-sensitive,aging|dark spots|sensitivity,squalane,yes,no,no,PM,,15.65,skincare_products_5000.csv,P00112,synthetic
PRD0004503,Skin1004,Skin1004 Repair Sulfur Mask,mask,combination|combination-sensitive|oily,dehydration|oiliness|redness,"sulfur, green tea",yes,no,no,AM,,21.53,skincare_products_5000.csv,P01478,synthetic
PRD0004504,Skin1004,Skin1004 Repair Sulfur Treatment,treatment,combination-sensitive,acne|aging|dehydration,sulfur,yes,yes,no,AM/PM,,24.58,skincare_products_5000.csv,P02146,synthetic
PRD0004505,Skin1004,Skin1004 Repair Titanium Dioxide SPF 50,sunscreen,dry,aging|dryness,titanium dioxide,yes,yes,no,AM,30.0,26.36,skincare_products_5000.csv,P00310,synthetic
PRD0004506,Skin1004,Skin1004 Repair Urea Moisturizer,moisturizer,dry,acne|aging|dryness,urea,no,yes,no,AM,,19.83,skincare_products_5000.csv,P03939,synthetic
PRD0004507,Skin1004,Skin1004 Repair Urea Moisturizer,moisturizer,sensitive,acne,"urea, panthenol, ceramides",yes,yes,no,AM/PM,,20.13,skincare_products_5000.csv,P03150,synthetic
PRD0004508,Skin1004,Skin1004 Repair Urea Moisturizer,moisturizer,sensitive,dehydration,urea,yes,yes,no,AM,,34.05,skincare_products_5000.csv,P04870,synthetic
PRD0004509,Skin1004,Skin1004 Repair Vitamin E SPF 50,sunscreen,dry|normal|oily,dark spots|dehydration,vitamin e,yes,no,no,AM,50.0,17.42,skincare_products_5000.csv,P00453,synthetic
PRD0004510,Skin1004,Skin1004 Repair Zinc Oxide SPF 50,sunscreen,combination-sensitive,oiliness,zinc oxide,yes,yes,no,AM,50.0,29.52,skincare_products_5000.csv,P04526,synthetic
PRD0004511,SkinPure,Azelaic Acid Cream 10%,Treatment,sensitive|acne-prone|combination,redness|post-acne marks|acne,azelaic acid,no,yes,,PM,,,skincare_training_starter_pack.xlsx::ProductsRules,19,from_starter_pack_products_rules
PRD0004512,SkinPure,Barrier Repair Cream,Moisturizer,dry|sensitive,dryness|redness|dehydration,ceramides; panthenol; cholesterol,no,yes,,AM|PM,,,skincare_training_starter_pack.xlsx::ProductsRules,15,from_starter_pack_products_rules
PRD0004513,SkinPure,Fluid Sunscreen SPF 50+,Sunscreen,oily|combination|acne-prone,uv protection|oiliness,modern uv filters,no,yes,,AM,,,skincare_training_starter_pack.xlsx::ProductsRules,24,from_starter_pack_products_rules
PRD0004514,SkinPure,Foaming Gel Cleanser,Cleanser,oily|combination|acne-prone,oiliness|acne,zinc pca; mild surfactants,no,yes,,AM|PM,,,skincare_training_starter_pack.xlsx::ProductsRules,14,from_starter_pack_products_rules
PRD0004515,SkinPure,Gentle Hydrating Cleanser,Cleanser,dry|sensitive|normal,dryness|sensitivity,ceramides; glycerin; hyaluronic acid,no,yes,,AM|PM,,,skincare_training_starter_pack.xlsx::ProductsRules,13,from_starter_pack_products_rules
PRD0004516,SkinPure,Lightweight Gel Moisturizer,Moisturizer,oily|combination,oiliness|dehydration,glycerin; niacinamide,no,yes,,AM|PM,,,skincare_training_starter_pack.xlsx::ProductsRules,16,from_starter_pack_products_rules
PRD0004517,SkinPure,Mineral Sunscreen SPF 50,Sunscreen,sensitive|dry|normal,uv protection|redness,zinc oxide; titanium dioxide,no,yes,,AM,,,skincare_training_starter_pack.xlsx::ProductsRules,23,from_starter_pack_products_rules
PRD0004518,SkinPure,Niacinamide Serum 5%,Serum,oily|combination|sensitive,oiliness|pores|redness,niacinamide,no,yes,,AM|PM,,,skincare_training_starter_pack.xlsx::ProductsRules,17,from_starter_pack_products_rules
PRD0004519,SkinPure,Retinol Serum 0.2%,Serum,mature|combination|oily,fine lines|texture,retinol,no,usually,,PM,,,skincare_training_starter_pack.xlsx::ProductsRules,22,from_starter_pack_products_rules
PRD0004520,SkinPure,Salicylic Acid Serum 2%,Serum,oily|acne-prone,acne|blackheads|oiliness,salicylic acid,no,yes,,PM,,,skincare_training_starter_pack.xlsx::ProductsRules,18,from_starter_pack_products_rules
PRD0004521,SkinPure,Soothing Toner,Toner,sensitive|dry,sensitivity|redness,centella; panthenol,no,yes,,AM|PM,,,skincare_training_starter_pack.xlsx::ProductsRules,20,from_starter_pack_products_rules
PRD0004522,SkinPure,Vitamin C Serum 10%,Serum,normal|combination|mature,dullness|post-acne marks,ascorbic acid; ferulic acid,sometimes,usually,,AM,,,skincare_training_starter_pack.xlsx::ProductsRules,21,from_starter_pack_products_rules
PRD0004523,The Ordinary,The Ordinary Advanced Avobenzone SPF 50,sunscreen,combination|combination-sensitive|oily,barrier repair|dark spots,"avobenzone, zinc oxide",yes,yes,no,AM,50.0,16.3,skincare_products_5000.csv,P00135,synthetic
PRD0004524,The Ordinary,The Ordinary Advanced Avobenzone SPF 50,sunscreen,dry,barrier repair,"avobenzone, octocrylene, zinc oxide",yes,yes,no,AM,50.0,25.37,skincare_products_5000.csv,P04888,synthetic
PRD0004525,The Ordinary,The Ordinary Advanced Avobenzone SPF 50,sunscreen,dry|normal|sensitive,dehydration,"avobenzone, niacinamide, vitamin e",yes,yes,no,AM,50.0,15.59,skincare_products_5000.csv,P04651,synthetic
PRD0004526,The Ordinary,The Ordinary Advanced Azelaic Acid Treatment,treatment,combination|dry,barrier repair|dryness|redness,azelaic acid,yes,yes,no,AM,,33.7,skincare_products_5000.csv,P02988,synthetic
PRD0004527,The Ordinary,The Ordinary Advanced Betaine Cleanser,cleanser,sensitive,oiliness,betaine,yes,yes,no,AM,,19.47,skincare_products_5000.csv,P01212,synthetic
PRD0004528,The Ordinary,The Ordinary Advanced Centella Mask,mask,combination,barrier repair|dark spots|sensitivity,"centella, hyaluronic acid, sulfur",no,no,no,AM,,10.04,skincare_products_5000.csv,P03892,synthetic
PRD0004529,The Ordinary,The Ordinary Advanced Ceramides Cleanser,cleanser,combination|dry,barrier repair|dark spots|dehydration,"ceramides, glycerin, betaine",yes,yes,no,Weekly,,14.23,skincare_products_5000.csv,P00015,synthetic
PRD0004530,The Ordinary,The Ordinary Advanced Ceramides Cleanser,cleanser,oily,barrier repair|dryness|oiliness,ceramides,yes,yes,no,Weekly,,20.24,skincare_products_5000.csv,P04956,synthetic
PRD0004531,The Ordinary,The Ordinary Advanced Ceramides Moisturizer,moisturizer,combination|normal|oily,dehydration,"ceramides, urea, panthenol",no,yes,no,AM/PM,,15.25,skincare_products_5000.csv,P01736,synthetic
PRD0004532,The Ordinary,The Ordinary Advanced Ceramides Moisturizer,moisturizer,combination|oily,acne,"ceramides, urea",no,no,no,Weekly,,26.0,skincare_products_5000.csv,P03888,synthetic
PRD0004533,The Ordinary,The Ordinary Advanced Ceramides Moisturizer,moisturizer,oily|sensitive,sensitivity,ceramides,yes,yes,no,AM,,10.54,skincare_products_5000.csv,P03241,synthetic
PRD0004534,The Ordinary,The Ordinary Advanced Cholesterol Moisturizer,moisturizer,combination,barrier repair|dehydration|sensitivity,"cholesterol, panthenol",no,yes,no,AM/PM,,15.99,skincare_products_5000.csv,P04978,synthetic
PRD0004535,The Ordinary,The Ordinary Advanced Glycerin Cleanser,cleanser,combination,barrier repair,glycerin,no,yes,no,AM/PM,,13.81,skincare_products_5000.csv,P00314,synthetic
PRD0004536,The Ordinary,The Ordinary Advanced Glycerin Cleanser,cleanser,normal|oily|sensitive,dryness|sensitivity,"glycerin, betaine",yes,yes,no,AM/PM,,13.98,skincare_products_5000.csv,P02172,synthetic
PRD0004537,The Ordinary,The Ordinary Advanced Green Tea Mask,mask,dry|normal|oily,acne|barrier repair,"green tea, hyaluronic acid, centella",no,no,no,AM/PM,,24.99,skincare_products_5000.csv,P02363,synthetic
PRD0004538,The Ordinary,The Ordinary Advanced Hyaluronic Acid Mask,mask,combination-sensitive|normal,aging|oiliness|redness,hyaluronic acid,yes,no,no,AM/PM,,14.63,skincare_products_5000.csv,P03797,synthetic
PRD0004539,The Ordinary,The Ordinary Advanced Hyaluronic Acid Serum,serum,combination-sensitive|dry,dryness|oiliness,"hyaluronic acid, retinol",yes,yes,no,AM/PM,,29.29,skincare_products_5000.csv,P03044,synthetic
PRD0004540,The Ordinary,The Ordinary Advanced Niacinamide Cleanser,cleanser,combination-sensitive|oily|sensitive,acne|aging|dryness,niacinamide,yes,no,no,AM/PM,,21.9,skincare_products_5000.csv,P00771,synthetic
PRD0004541,The Ordinary,The Ordinary Advanced Oat Extract Mask,mask,combination|dry|oily,aging|barrier repair,"oat extract, clay, hyaluronic acid",no,no,no,AM,,21.14,skincare_products_5000.csv,P00870,synthetic
PRD0004542,The Ordinary,The Ordinary Advanced Retinol Serum,serum,combination|oily,aging|oiliness,"retinol, niacinamide",yes,no,no,PM,,30.12,skincare_products_5000.csv,P00768,synthetic
PRD0004543,The Ordinary,The Ordinary Advanced Retinol Serum,serum,normal|sensitive,oiliness,retinol,yes,yes,no,AM/PM,,22.66,skincare_products_5000.csv,P04147,synthetic
PRD0004544,The Ordinary,The Ordinary Advanced Salicylic Acid Treatment,treatment,combination|combination-sensitive|sensitive,barrier repair|dryness,salicylic acid,yes,yes,no,AM/PM,,17.7,skincare_products_5000.csv,P02682,synthetic
PRD0004545,The Ordinary,The Ordinary Advanced Salicylic Acid Treatment,treatment,normal|oily|sensitive,dryness,salicylic acid,yes,yes,no,PM,,21.57,skincare_products_5000.csv,P04388,synthetic
PRD0004546,The Ordinary,The Ordinary Advanced Titanium Dioxide SPF 50,sunscreen,dry|normal,aging|dryness|sensitivity,"titanium dioxide, octocrylene, avobenzone",yes,yes,no,AM,50.0,26.5,skincare_products_5000.csv,P04338,synthetic
PRD0004547,The Ordinary,The Ordinary Advanced Urea Moisturizer,moisturizer,combination-sensitive|normal|sensitive,barrier repair|redness,urea,yes,no,no,AM/PM,,10.45,skincare_products_5000.csv,P00248,synthetic
PRD0004548,The Ordinary,The Ordinary Advanced Urea Moisturizer,moisturizer,combination|normal|sensitive,dark spots,urea,no,yes,no,AM,,14.4,skincare_products_5000.csv,P00714,synthetic
PRD0004549,The Ordinary,The Ordinary Advanced Vitamin C Serum,serum,combination-sensitive,acne|dark spots,"vitamin c, retinol, centella",no,yes,no,AM/PM,,28.11,skincare_products_5000.csv,P01636,synthetic
PRD0004550,The Ordinary,The Ordinary Advanced Vitamin C Serum,serum,dry|normal,acne|aging,"vitamin c, retinol, niacinamide",yes,yes,no,AM,,39.5,skincare_products_5000.csv,P01858,synthetic
PRD0004551,The Ordinary,The Ordinary Advanced Vitamin E SPF 50,sunscreen,normal|oily|sensitive,acne|redness,vitamin e,yes,yes,no,AM,50.0,29.42,skincare_products_5000.csv,P01519,synthetic
PRD0004552,The Ordinary,The Ordinary Balance Azelaic Acid Treatment,treatment,combination-sensitive|dry,acne|dryness|redness,azelaic acid,yes,no,no,Weekly,,23.15,skincare_products_5000.csv,P01393,synthetic
PRD0004553,The Ordinary,The Ordinary Balance Beta-Glucan Toner,toner,combination-sensitive|oily,oiliness,"beta-glucan, glycerin",yes,no,no,AM/PM,,18.65,skincare_products_5000.csv,P00087,synthetic
PRD0004554,The Ordinary,The Ordinary Balance Betaine Cleanser,cleanser,combination-sensitive|oily|sensitive,barrier repair|dark spots|dehydration,"betaine, niacinamide, salicylic acid",yes,yes,no,PM,,14.14,skincare_products_5000.csv,P04935,synthetic
PRD0004555,The Ordinary,The Ordinary Balance Centella Serum,serum,oily|sensitive,aging|oiliness|redness,"centella, niacinamide",yes,yes,no,AM,,12.61,skincare_products_5000.csv,P04746,synthetic
PRD0004556,The Ordinary,The Ordinary Balance Centella Toner,toner,combination|combination-sensitive,dark spots|dryness,"centella, glycerin, beta-glucan",yes,no,no,AM/PM,,8.2,skincare_products_5000.csv,P04387,synthetic
PRD0004557,The Ordinary,The Ordinary Balance Centella Toner,toner,combination|normal,barrier repair|dryness|oiliness,centella,yes,no,no,AM/PM,,9.81,skincare_products_5000.csv,P03028,synthetic
PRD0004558,The Ordinary,The Ordinary Balance Ceramides Cleanser,cleanser,combination|normal|oily,acne|dryness|sensitivity,"ceramides, centella, betaine",yes,yes,no,AM,,16.99,skincare_products_5000.csv,P02595,synthetic
PRD0004559,The Ordinary,The Ordinary Balance Clay Mask,mask,combination-sensitive|normal,redness,clay,no,no,no,AM,,20.37,skincare_products_5000.csv,P04504,synthetic
PRD0004560,The Ordinary,The Ordinary Balance Glycerin Cleanser,cleanser,normal|oily|sensitive,dehydration,glycerin,yes,no,no,PM,,12.79,skincare_products_5000.csv,P01583,synthetic
PRD0004561,The Ordinary,The Ordinary Balance Glycerin Toner,toner,oily,acne|barrier repair,"glycerin, centella",no,no,no,AM/PM,,12.99,skincare_products_5000.csv,P01210,synthetic
PRD0004562,The Ordinary,The Ordinary Balance Green Tea Mask,mask,combination|combination-sensitive|sensitive,sensitivity,"green tea, centella",yes,no,no,Weekly,,8.77,skincare_products_5000.csv,P02624,synthetic
PRD0004563,The Ordinary,The Ordinary Balance Green Tea Mask,mask,combination|oily|sensitive,aging,green tea,yes,no,no,AM,,15.09,skincare_products_5000.csv,P04783,synthetic
PRD0004564,The Ordinary,The Ordinary Balance Hyaluronic Acid Mask,mask,combination-sensitive|dry,sensitivity,hyaluronic acid,yes,no,no,AM,,20.22,skincare_products_5000.csv,P00062,synthetic
PRD0004565,The Ordinary,The Ordinary Balance Hyaluronic Acid Serum,serum,combination,acne|oiliness|sensitivity,hyaluronic acid,yes,yes,no,AM/PM,,24.41,skincare_products_5000.csv,P03072,synthetic
PRD0004566,The Ordinary,The Ordinary Balance Niacinamide Cleanser,cleanser,combination-sensitive|dry|normal,dark spots,"niacinamide, salicylic acid",yes,no,no,AM/PM,,15.5,skincare_products_5000.csv,P04895,synthetic
PRD0004567,The Ordinary,The Ordinary Balance Niacinamide SPF 50,sunscreen,dry|normal,barrier repair,niacinamide,yes,yes,no,AM,30.0,12.52,skincare_products_5000.csv,P01455,synthetic
PRD0004568,The Ordinary,The Ordinary Balance Niacinamide Serum,serum,dry|normal,acne|dark spots|oiliness,"niacinamide, retinol, vitamin c",yes,no,no,Weekly,,26.15,skincare_products_5000.csv,P04606,synthetic
PRD0004569,The Ordinary,The Ordinary Balance Panthenol Moisturizer,moisturizer,combination-sensitive|normal|sensitive,dark spots,panthenol,no,yes,no,AM,,12.23,skincare_products_5000.csv,P02997,synthetic
PRD0004570,The Ordinary,The Ordinary Balance Panthenol Moisturizer,moisturizer,combination|normal|sensitive,sensitivity,"panthenol, squalane, cholesterol",no,no,no,AM,,13.93,skincare_products_5000.csv,P00794,synthetic
PRD0004571,The Ordinary,The Ordinary Balance Pha Toner,toner,combination|combination-sensitive|dry,aging|barrier repair,"pha, centella",yes,no,no,PM,,13.29,skincare_products_5000.csv,P02560,synthetic
PRD0004572,The Ordinary,The Ordinary Balance Retinol Treatment,treatment,combination-sensitive,aging|dark spots|sensitivity,retinol,yes,no,no,AM/PM,,30.69,skincare_products_5000.csv,P01526,synthetic
PRD0004573,The Ordinary,The Ordinary Balance Salicylic Acid Cleanser,cleanser,combination|oily|sensitive,barrier repair|dehydration|redness,salicylic acid,yes,yes,no,AM/PM,,25.32,skincare_products_5000.csv,P04432,synthetic
PRD0004574,The Ordinary,The Ordinary Balance Salicylic Acid Cleanser,cleanser,normal,dark spots,salicylic acid,yes,yes,no,AM/PM,,19.79,skincare_products_5000.csv,P01892,synthetic
PRD0004575,The Ordinary,The Ordinary Balance Salicylic Acid Cleanser,cleanser,normal|oily,acne,salicylic acid,yes,yes,no,PM,,22.91,skincare_products_5000.csv,P01470,synthetic
PRD0004576,The Ordinary,The Ordinary Balance Squalane Moisturizer,moisturizer,combination|dry|oily,acne|redness,"squalane, cholesterol",yes,yes,no,PM,,12.46,skincare_products_5000.csv,P01200,synthetic
PRD0004577,The Ordinary,The Ordinary Balance Sulfur Treatment,treatment,combination|normal|sensitive,dark spots|dryness|oiliness,"sulfur, benzoyl peroxide, salicylic acid",yes,yes,no,AM/PM,,20.8,skincare_products_5000.csv,P04717,synthetic
PRD0004578,The Ordinary,The Ordinary Balance Titanium Dioxide SPF 50,sunscreen,combination-sensitive,aging|dehydration,titanium dioxide,yes,no,no,AM,30.0,10.68,skincare_products_5000.csv,P02498,synthetic
PRD0004579,The Ordinary,The Ordinary Balance Urea Moisturizer,moisturizer,dry,acne|oiliness,urea,yes,no,no,PM,,16.01,skincare_products_5000.csv,P04043,synthetic
PRD0004580,The Ordinary,The Ordinary Balance Vitamin E SPF 50,sunscreen,combination|combination-sensitive|dry,acne|aging,"vitamin e, niacinamide, zinc oxide",no,yes,no,AM,50.0,10.89,skincare_products_5000.csv,P00210,synthetic
PRD0004581,The Ordinary,The Ordinary Balance Zinc Oxide SPF 50,sunscreen,combination-sensitive|normal|oily,dark spots|dehydration,"zinc oxide, titanium dioxide",yes,yes,no,AM,50.0,21.89,skincare_products_5000.csv,P00149,synthetic
PRD0004582,The Ordinary,The Ordinary Barrier Azelaic Acid Serum,serum,dry|normal|oily,oiliness,"azelaic acid, hyaluronic acid",no,yes,no,Weekly,,15.7,skincare_products_5000.csv,P03164,synthetic
PRD0004583,The Ordinary,The Ordinary Barrier Azelaic Acid Treatment,treatment,sensitive,aging|oiliness,"azelaic acid, salicylic acid",yes,yes,no,AM/PM,,11.72,skincare_products_5000.csv,P01816,synthetic
PRD0004584,The Ordinary,The Ordinary Barrier Benzoyl Peroxide Treatment,treatment,combination|combination-sensitive|normal,dryness|oiliness,"benzoyl peroxide, retinol, sulfur",no,yes,no,AM,,27.2,skincare_products_5000.csv,P00832,synthetic
PRD0004585,The Ordinary,The Ordinary Barrier Beta-Glucan Toner,toner,combination-sensitive,aging|dark spots|oiliness,"beta-glucan, glycerin",yes,no,no,AM/PM,,22.23,skincare_products_5000.csv,P03761,synthetic
PRD0004586,The Ordinary,The Ordinary Barrier Betaine Cleanser,cleanser,combination-sensitive|dry|normal,acne,"betaine, centella",yes,yes,no,PM,,19.58,skincare_products_5000.csv,P01331,synthetic
PRD0004587,The Ordinary,The Ordinary Barrier Betaine Cleanser,cleanser,combination-sensitive|oily,dark spots|dehydration|redness,betaine,no,yes,no,AM/PM,,8.46,skincare_products_5000.csv,P00104,synthetic
PRD0004588,The Ordinary,The Ordinary Barrier Centella Serum,serum,oily,aging|dark spots,"centella, vitamin c, azelaic acid",yes,no,no,AM,,15.21,skincare_products_5000.csv,P00184,synthetic
PRD0004589,The Ordinary,The Ordinary Barrier Cholesterol Moisturizer,moisturizer,combination|dry,dehydration|oiliness|sensitivity,"cholesterol, squalane, urea",yes,yes,no,PM,,16.86,skincare_products_5000.csv,P04113,synthetic
PRD0004590,The Ordinary,The Ordinary Barrier Glycerin Cleanser,cleanser,combination|sensitive,acne,"glycerin, betaine",no,no,no,AM/PM,,11.18,skincare_products_5000.csv,P00668,synthetic
PRD0004591,The Ordinary,The Ordinary Barrier Niacinamide Serum,serum,combination-sensitive|oily,barrier repair|dehydration|dryness,"niacinamide, vitamin c, azelaic acid",yes,yes,no,Weekly,,41.27,skincare_products_5000.csv,P04077,synthetic
PRD0004592,The Ordinary,The Ordinary Barrier Niacinamide Toner,toner,combination-sensitive|oily|sensitive,barrier repair|oiliness,niacinamide,no,no,no,AM/PM,,14.88,skincare_products_5000.csv,P00946,synthetic
PRD0004593,The Ordinary,The Ordinary Barrier Octocrylene SPF 50,sunscreen,combination-sensitive|normal|oily,redness,octocrylene,yes,yes,no,AM,50.0,15.06,skincare_products_5000.csv,P03676,synthetic
PRD0004594,The Ordinary,The Ordinary Barrier Panthenol Moisturizer,moisturizer,dry|normal|sensitive,acne|dryness,"panthenol, glycerin",no,yes,no,Weekly,,22.25,skincare_products_5000.csv,P00351,synthetic
PRD0004595,The Ordinary,The Ordinary Barrier Panthenol Moisturizer,moisturizer,normal|oily,barrier repair|oiliness|redness,"panthenol, cholesterol, ceramides",no,yes,no,Weekly,,20.18,skincare_products_5000.csv,P04310,synthetic
PRD0004596,The Ordinary,The Ordinary Barrier Peptides Serum,serum,combination|combination-sensitive|oily,aging|dark spots|oiliness,"peptides, retinol",yes,yes,no,AM,,20.34,skincare_products_5000.csv,P04581,synthetic
PRD0004597,The Ordinary,The Ordinary Barrier Pha Toner,toner,combination|dry,sensitivity,"pha, centella",yes,no,no,AM/PM,,9.74,skincare_products_5000.csv,P02771,synthetic
PRD0004598,The Ordinary,The Ordinary Barrier Retinol Serum,serum,combination,acne|dehydration,retinol,no,yes,no,AM/PM,,23.38,skincare_products_5000.csv,P03251,synthetic
PRD0004599,The Ordinary,The Ordinary Barrier Retinol Serum,serum,normal,oiliness,retinol,yes,yes,no,AM,,11.34,skincare_products_5000.csv,P04550,synthetic
PRD0004600,The Ordinary,The Ordinary Barrier Retinol Serum,serum,oily,dark spots|redness,"retinol, centella",yes,no,no,AM,,38.65,skincare_products_5000.csv,P01553,synthetic
PRD0004601,The Ordinary,The Ordinary Barrier Retinol Treatment,treatment,normal,aging|dark spots,"retinol, sulfur",yes,yes,no,PM,,33.73,skincare_products_5000.csv,P02073,synthetic
PRD0004602,The Ordinary,The Ordinary Barrier Sulfur Mask,mask,sensitive,barrier repair,"sulfur, centella",yes,no,no,AM/PM,,9.73,skincare_products_5000.csv,P03779,synthetic
PRD0004603,The Ordinary,The Ordinary Barrier Sulfur Mask,mask,sensitive,dark spots,"sulfur, green tea",yes,no,no,PM,,18.94,skincare_products_5000.csv,P01800,synthetic
PRD0004604,The Ordinary,The Ordinary Barrier Titanium Dioxide SPF 50,sunscreen,combination|dry|normal,aging,titanium dioxide,yes,yes,no,AM,50.0,14.72,skincare_products_5000.csv,P02974,synthetic
PRD0004605,The Ordinary,The Ordinary Calm Azelaic Acid Treatment,treatment,combination|sensitive,acne|barrier repair|redness,azelaic acid,yes,yes,no,AM/PM,,34.77,skincare_products_5000.csv,P01468,synthetic
PRD0004606,The Ordinary,The Ordinary Calm Benzoyl Peroxide Treatment,treatment,oily,sensitivity,benzoyl peroxide,no,yes,no,AM/PM,,13.71,skincare_products_5000.csv,P03563,synthetic
PRD0004607,The Ordinary,The Ordinary Calm Centella Cleanser,cleanser,combination-sensitive,oiliness|sensitivity,"centella, ceramides",yes,yes,no,PM,,19.84,skincare_products_5000.csv,P04513,synthetic
PRD0004608,The Ordinary,The Ordinary Calm Centella Serum,serum,combination|dry|oily,dehydration|oiliness,"centella, vitamin c",yes,yes,no,Weekly,,42.58,skincare_products_5000.csv,P00144,synthetic
PRD0004609,The Ordinary,The Ordinary Calm Centella Serum,serum,normal,aging|dehydration|dryness,"centella, niacinamide, hyaluronic acid",yes,yes,no,AM,,40.76,skincare_products_5000.csv,P01527,synthetic
PRD0004610,The Ordinary,The Ordinary Calm Ceramides Cleanser,cleanser,normal|sensitive,aging|dark spots|redness,ceramides,yes,yes,no,Weekly,,14.6,skincare_products_5000.csv,P01284,synthetic
PRD0004611,The Ordinary,The Ordinary Calm Cholesterol Moisturizer,moisturizer,combination|dry|sensitive,acne|dryness,"cholesterol, glycerin, urea",yes,yes,no,AM/PM,,28.71,skincare_products_5000.csv,P03684,synthetic
PRD0004612,The Ordinary,The Ordinary Calm Clay Mask,mask,combination-sensitive|normal|sensitive,dehydration,"clay, sulfur, oat extract",yes,no,no,PM,,10.09,skincare_products_5000.csv,P03994,synthetic
PRD0004613,The Ordinary,The Ordinary Calm Glycerin Cleanser,cleanser,combination,aging|barrier repair|redness,"glycerin, centella",yes,yes,no,PM,,15.85,skincare_products_5000.csv,P01597,synthetic
PRD0004614,The Ordinary,The Ordinary Calm Glycerin Moisturizer,moisturizer,combination|dry|sensitive,oiliness|redness,"glycerin, ceramides, urea",yes,no,no,AM,,32.31,skincare_products_5000.csv,P02862,synthetic
PRD0004615,The Ordinary,The Ordinary Calm Glycerin Moisturizer,moisturizer,dry,barrier repair|dark spots,"glycerin, cholesterol, panthenol",yes,yes,no,Weekly,,27.22,skincare_products_5000.csv,P03973,synthetic
PRD0004616,The Ordinary,The Ordinary Calm Niacinamide SPF 50,sunscreen,combination-sensitive,sensitivity,niacinamide,yes,no,no,AM,50.0,11.06,skincare_products_5000.csv,P00046,synthetic
PRD0004617,The Ordinary,The Ordinary Calm Niacinamide Serum,serum,dry|oily|sensitive,barrier repair,niacinamide,no,yes,no,PM,,34.37,skincare_products_5000.csv,P01032,synthetic
PRD0004618,The Ordinary,The Ordinary Calm Niacinamide Toner,toner,combination-sensitive|dry|normal,acne,"niacinamide, beta-glucan",no,no,no,PM,,16.34,skincare_products_5000.csv,P02443,synthetic
PRD0004619,The Ordinary,The Ordinary Calm Niacinamide Toner,toner,combination|combination-sensitive|oily,dark spots|sensitivity,niacinamide,no,no,no,AM,,23.92,skincare_products_5000.csv,P03014,synthetic
PRD0004620,The Ordinary,The Ordinary Calm Salicylic Acid Cleanser,cleanser,combination|oily,aging|dehydration,"salicylic acid, betaine",yes,yes,no,Weekly,,15.64,skincare_products_5000.csv,P02926,synthetic
PRD0004621,The Ordinary,The Ordinary Calm Salicylic Acid Treatment,treatment,combination|dry,acne|barrier repair|dryness,salicylic acid,yes,yes,no,AM/PM,,28.75,skincare_products_5000.csv,P04124,synthetic
PRD0004622,The Ordinary,The Ordinary Calm Sulfur Mask,mask,normal,acne|barrier repair|dryness,"sulfur, oat extract",no,no,no,Weekly,,10.63,skincare_products_5000.csv,P01071,synthetic
PRD0004623,The Ordinary,The Ordinary Calm Sulfur Mask,mask,sensitive,oiliness,"sulfur, clay",yes,no,no,AM,,9.09,skincare_products_5000.csv,P03794,synthetic
PRD0004624,The Ordinary,The Ordinary Calm Vitamin E SPF 50,sunscreen,combination|combination-sensitive|dry,acne|dark spots,"vitamin e, octocrylene",yes,yes,no,AM,50.0,25.53,skincare_products_5000.csv,P03613,synthetic
PRD0004625,The Ordinary,The Ordinary Calm Vitamin E SPF 50,sunscreen,oily,acne|dryness,"vitamin e, octocrylene, avobenzone",no,no,no,AM,50.0,21.78,skincare_products_5000.csv,P04593,synthetic
PRD0004626,The Ordinary,The Ordinary Calm Zinc Oxide SPF 50,sunscreen,normal,barrier repair|dark spots,"zinc oxide, titanium dioxide",no,yes,no,AM,50.0,11.45,skincare_products_5000.csv,P04660,synthetic
PRD0004627,The Ordinary,The Ordinary Clear Adapalene Treatment,treatment,combination-sensitive,barrier repair|sensitivity,"adapalene, sulfur",yes,yes,yes,AM/PM,,21.32,skincare_products_5000.csv,P00339,synthetic
PRD0004628,The Ordinary,The Ordinary Clear Avobenzone SPF 50,sunscreen,combination|combination-sensitive|sensitive,dark spots|sensitivity,"avobenzone, octocrylene",yes,yes,no,AM,50.0,24.6,skincare_products_5000.csv,P03604,synthetic
PRD0004629,The Ordinary,The Ordinary Clear Azelaic Acid Serum,serum,combination-sensitive,sensitivity,"azelaic acid, retinol",no,yes,no,AM/PM,,29.47,skincare_products_5000.csv,P03224,synthetic
PRD0004630,The Ordinary,The Ordinary Clear Benzoyl Peroxide Treatment,treatment,combination|oily|sensitive,dark spots,benzoyl peroxide,yes,yes,no,PM,,18.63,skincare_products_5000.csv,P00618,synthetic
PRD0004631,The Ordinary,The Ordinary Clear Betaine Cleanser,cleanser,normal|sensitive,aging|dryness|redness,"betaine, centella",yes,yes,no,AM/PM,,17.13,skincare_products_5000.csv,P01373,synthetic
PRD0004632,The Ordinary,The Ordinary Clear Betaine Cleanser,cleanser,oily,dehydration,"betaine, glycerin",yes,yes,no,AM/PM,,18.16,skincare_products_5000.csv,P02210,synthetic
PRD0004633,The Ordinary,The Ordinary Clear Centella Mask,mask,combination-sensitive,acne|redness,"centella, sulfur",yes,no,no,AM/PM,,12.3,skincare_products_5000.csv,P04322,synthetic
PRD0004634,The Ordinary,The Ordinary Clear Ceramides Cleanser,cleanser,combination|combination-sensitive|oily,barrier repair|dehydration,"ceramides, centella",yes,no,no,AM/PM,,17.09,skincare_products_5000.csv,P02694,synthetic
PRD0004635,The Ordinary,The Ordinary Clear Cholesterol Moisturizer,moisturizer,combination|dry|sensitive,sensitivity,"cholesterol, panthenol",yes,yes,no,Weekly,,20.72,skincare_products_5000.csv,P00356,synthetic
PRD0004636,The Ordinary,The Ordinary Clear Cholesterol Moisturizer,moisturizer,normal,dehydration|dryness|oiliness,"cholesterol, panthenol, glycerin",no,yes,no,Weekly,,18.99,skincare_products_5000.csv,P04476,synthetic
PRD0004637,The Ordinary,The Ordinary Clear Cholesterol Moisturizer,moisturizer,sensitive,barrier repair,"cholesterol, squalane",no,yes,no,Weekly,,19.18,skincare_products_5000.csv,P02601,synthetic
PRD0004638,The Ordinary,The Ordinary Clear Glycerin Cleanser,cleanser,combination|combination-sensitive|oily,oiliness|redness,"glycerin, niacinamide",yes,yes,no,AM,,22.47,skincare_products_5000.csv,P01731,synthetic
PRD0004639,The Ordinary,The Ordinary Clear Glycerin Toner,toner,combination|normal|sensitive,aging|dehydration|sensitivity,glycerin,yes,no,no,AM,,19.38,skincare_products_5000.csv,P02936,synthetic
PRD0004640,The Ordinary,The Ordinary Clear Green Tea Mask,mask,combination|dry|oily,dryness|redness,"green tea, centella",yes,no,no,PM,,26.78,skincare_products_5000.csv,P03557,synthetic
PRD0004641,The Ordinary,The Ordinary Clear Hyaluronic Acid Serum,serum,dry,dark spots,"hyaluronic acid, vitamin c",yes,yes,no,AM,,15.3,skincare_products_5000.csv,P01255,synthetic
PRD0004642,The Ordinary,The Ordinary Clear Niacinamide Cleanser,cleanser,combination|combination-sensitive|dry,acne|barrier repair|sensitivity,"niacinamide, ceramides",no,yes,no,AM,,8.68,skincare_products_5000.csv,P03838,synthetic
PRD0004643,The Ordinary,The Ordinary Clear Niacinamide Cleanser,cleanser,combination|dry|oily,redness,"niacinamide, centella, ceramides",no,yes,no,Weekly,,23.48,skincare_products_5000.csv,P00519,synthetic
PRD0004644,The Ordinary,The Ordinary Clear Niacinamide Toner,toner,combination-sensitive|normal,oiliness|sensitivity,niacinamide,yes,no,no,Weekly,,21.75,skincare_products_5000.csv,P03096,synthetic
PRD0004645,The Ordinary,The Ordinary Clear Panthenol Moisturizer,moisturizer,normal,aging|oiliness|redness,"panthenol, cholesterol, ceramides",yes,yes,no,PM,,32.59,skincare_products_5000.csv,P00697,synthetic
PRD0004646,The Ordinary,The Ordinary Clear Peptides Serum,serum,combination-sensitive|dry|normal,dark spots|oiliness|redness,"peptides, centella",yes,yes,no,AM,,24.09,skincare_products_5000.csv,P02571,synthetic
PRD0004647,The Ordinary,The Ordinary Clear Pha Toner,toner,combination|oily|sensitive,redness,"pha, panthenol",yes,no,no,AM,,21.05,skincare_products_5000.csv,P03106,synthetic
PRD0004648,The Ordinary,The Ordinary Clear Retinol Serum,serum,combination-sensitive|dry|normal,redness,retinol,no,yes,no,PM,,25.59,skincare_products_5000.csv,P01449,synthetic
PRD0004649,The Ordinary,The Ordinary Clear Salicylic Acid Cleanser,cleanser,dry,acne|aging,salicylic acid,yes,yes,no,Weekly,,21.47,skincare_products_5000.csv,P04091,synthetic
PRD0004650,The Ordinary,The Ordinary Clear Salicylic Acid Cleanser,cleanser,oily,oiliness,"salicylic acid, niacinamide",yes,yes,no,AM,,22.71,skincare_products_5000.csv,P01158,synthetic
PRD0004651,The Ordinary,The Ordinary Clear Squalane Moisturizer,moisturizer,combination-sensitive|dry|oily,aging|barrier repair,"squalane, urea, panthenol",yes,yes,no,Weekly,,26.22,skincare_products_5000.csv,P04841,synthetic
PRD0004652,The Ordinary,The Ordinary Clear Squalane Moisturizer,moisturizer,oily,barrier repair|sensitivity,"squalane, cholesterol",no,no,no,PM,,18.77,skincare_products_5000.csv,P02086,synthetic
PRD0004653,The Ordinary,The Ordinary Clear Sulfur Treatment,treatment,oily,dryness|oiliness,sulfur,yes,yes,no,Weekly,,17.25,skincare_products_5000.csv,P02727,synthetic
PRD0004654,The Ordinary,The Ordinary Clear Titanium Dioxide SPF 50,sunscreen,combination|combination-sensitive|oily,barrier repair,titanium dioxide,yes,yes,no,AM,30.0,28.2,skincare_products_5000.csv,P03775,synthetic
PRD0004655,The Ordinary,The Ordinary Clear Urea Moisturizer,moisturizer,combination|combination-sensitive|sensitive,barrier repair|dark spots,urea,no,no,no,AM/PM,,14.8,skincare_products_5000.csv,P01431,synthetic
PRD0004656,The Ordinary,The Ordinary Clear Vitamin E SPF 50,sunscreen,dry|sensitive,aging,"vitamin e, avobenzone, zinc oxide",no,no,no,AM,50.0,19.52,skincare_products_5000.csv,P03374,synthetic
PRD0004657,The Ordinary,The Ordinary Clear Vitamin E SPF 50,sunscreen,oily,dryness|sensitivity,"vitamin e, octocrylene, zinc oxide",yes,yes,no,AM,50.0,25.78,skincare_products_5000.csv,P00229,synthetic
PRD0004658,The Ordinary,The Ordinary Daily Adapalene Treatment,treatment,combination,dark spots,adapalene,yes,yes,yes,Weekly,,11.88,skincare_products_5000.csv,P02186,synthetic
PRD0004659,The Ordinary,The Ordinary Daily Adapalene Treatment,treatment,dry|oily|sensitive,redness,adapalene,yes,yes,yes,AM,,25.0,skincare_products_5000.csv,P01951,synthetic
PRD0004660,The Ordinary,The Ordinary Daily Azelaic Acid Serum,serum,combination-sensitive,acne|aging,"azelaic acid, hyaluronic acid, niacinamide",yes,yes,no,Weekly,,32.6,skincare_products_5000.csv,P00091,synthetic
PRD0004661,The Ordinary,The Ordinary Daily Azelaic Acid Serum,serum,normal|oily|sensitive,barrier repair|dark spots|sensitivity,"azelaic acid, niacinamide",yes,yes,no,AM/PM,,17.95,skincare_products_5000.csv,P04137,synthetic
PRD0004662,The Ordinary,The Ordinary Daily Azelaic Acid Serum,serum,oily,sensitivity,"azelaic acid, vitamin c",no,yes,no,AM,,42.29,skincare_products_5000.csv,P03491,synthetic
PRD0004663,The Ordinary,The Ordinary Daily Betaine Cleanser,cleanser,oily|sensitive,oiliness,betaine,yes,no,no,AM,,11.9,skincare_products_5000.csv,P00077,synthetic
PRD0004664,The Ordinary,The Ordinary Daily Centella Cleanser,cleanser,combination|normal,barrier repair|dark spots,"centella, niacinamide, ceramides",yes,yes,no,AM,,10.39,skincare_products_5000.csv,P01523,synthetic
PRD0004665,The Ordinary,The Ordinary Daily Ceramides Moisturizer,moisturizer,combination-sensitive|dry|oily,dark spots|oiliness,"ceramides, glycerin",yes,yes,no,AM/PM,,13.06,skincare_products_5000.csv,P04267,synthetic
PRD0004666,The Ordinary,The Ordinary Daily Cholesterol Moisturizer,moisturizer,normal|oily,oiliness|redness,cholesterol,no,yes,no,AM/PM,,22.36,skincare_products_5000.csv,P03212,synthetic
PRD0004667,The Ordinary,The Ordinary Daily Glycerin Cleanser,cleanser,normal|sensitive,sensitivity,"glycerin, salicylic acid, niacinamide",yes,no,no,PM,,23.46,skincare_products_5000.csv,P01786,synthetic
PRD0004668,The Ordinary,The Ordinary Daily Green Tea Mask,mask,combination-sensitive,dehydration,green tea,yes,no,no,AM,,8.42,skincare_products_5000.csv,P02713,synthetic
PRD0004669,The Ordinary,The Ordinary Daily Hyaluronic Acid Serum,serum,combination-sensitive|normal|oily,barrier repair|redness,"hyaluronic acid, azelaic acid, centella",no,no,no,AM,,31.04,skincare_products_5000.csv,P00121,synthetic
PRD0004670,The Ordinary,The Ordinary Daily Niacinamide Cleanser,cleanser,normal|oily,dehydration,"niacinamide, betaine",no,yes,no,Weekly,,19.03,skincare_products_5000.csv,P02702,synthetic
PRD0004671,The Ordinary,The Ordinary Daily Niacinamide Serum,serum,combination-sensitive,barrier repair|dryness|sensitivity,"niacinamide, vitamin c",yes,yes,no,Weekly,,14.42,skincare_products_5000.csv,P01161,synthetic
PRD0004672,The Ordinary,The Ordinary Daily Octocrylene SPF 50,sunscreen,combination-sensitive,oiliness|sensitivity,"octocrylene, avobenzone",yes,yes,no,AM,50.0,26.26,skincare_products_5000.csv,P01861,synthetic
PRD0004673,The Ordinary,The Ordinary Daily Octocrylene SPF 50,sunscreen,combination-sensitive|normal|oily,dehydration,"octocrylene, niacinamide, vitamin e",yes,yes,no,AM,30.0,20.08,skincare_products_5000.csv,P02684,synthetic
PRD0004674,The Ordinary,The Ordinary Daily Octocrylene SPF 50,sunscreen,combination|dry|sensitive,acne|oiliness,"octocrylene, avobenzone, vitamin e",yes,yes,no,AM,50.0,23.68,skincare_products_5000.csv,P04279,synthetic
PRD0004675,The Ordinary,The Ordinary Daily Panthenol Moisturizer,moisturizer,oily|sensitive,aging|dehydration|oiliness,panthenol,yes,yes,no,AM/PM,,26.46,skincare_products_5000.csv,P00755,synthetic
PRD0004676,The Ordinary,The Ordinary Daily Squalane Moisturizer,moisturizer,combination,aging,"squalane, urea, cholesterol",yes,yes,no,AM/PM,,12.33,skincare_products_5000.csv,P03238,synthetic
PRD0004677,The Ordinary,The Ordinary Daily Squalane Moisturizer,moisturizer,combination-sensitive|oily|sensitive,dehydration|sensitivity,"squalane, urea, ceramides",yes,yes,no,AM,,23.83,skincare_products_5000.csv,P00614,synthetic
PRD0004678,The Ordinary,The Ordinary Daily Sulfur Mask,mask,combination-sensitive|dry,barrier repair|dehydration,sulfur,yes,no,no,AM,,12.13,skincare_products_5000.csv,P03875,synthetic
PRD0004679,The Ordinary,The Ordinary Daily Sulfur Mask,mask,combination|combination-sensitive|dry,dark spots|dehydration,"sulfur, centella, hyaluronic acid",yes,no,no,AM,,12.48,skincare_products_5000.csv,P04951,synthetic
PRD0004680,The Ordinary,The Ordinary Daily Titanium Dioxide SPF 50,sunscreen,combination|dry|normal,barrier repair|oiliness,"titanium dioxide, vitamin e, avobenzone",yes,yes,no,AM,50.0,23.13,skincare_products_5000.csv,P02410,synthetic
PRD0004681,The Ordinary,The Ordinary Daily Vitamin C Serum,serum,combination|combination-sensitive|oily,dehydration,vitamin c,yes,yes,no,Weekly,,17.31,skincare_products_5000.csv,P01239,synthetic
PRD0004682,The Ordinary,The Ordinary Glow Adapalene Treatment,treatment,normal|oily,dehydration|redness,adapalene,yes,yes,no,PM,,13.55,skincare_products_5000.csv,P02581,synthetic
PRD0004683,The Ordinary,The Ordinary Glow Avobenzone SPF 50,sunscreen,combination|combination-sensitive|sensitive,barrier repair|oiliness,"avobenzone, titanium dioxide, octocrylene",yes,yes,no,AM,50.0,22.58,skincare_products_5000.csv,P02768,synthetic
PRD0004684,The Ordinary,The Ordinary Glow Azelaic Acid Serum,serum,sensitive,redness|sensitivity,azelaic acid,no,yes,no,AM/PM,,17.19,skincare_products_5000.csv,P01325,synthetic
PRD0004685,The Ordinary,The Ordinary Glow Azelaic Acid Treatment,treatment,combination|dry,oiliness,azelaic acid,yes,yes,no,Weekly,,23.8,skincare_products_5000.csv,P02980,synthetic
PRD0004686,The Ordinary,The Ordinary Glow Benzoyl Peroxide Treatment,treatment,combination,acne,benzoyl peroxide,yes,yes,no,PM,,27.49,skincare_products_5000.csv,P00282,synthetic
PRD0004687,The Ordinary,The Ordinary Glow Benzoyl Peroxide Treatment,treatment,combination-sensitive|dry|sensitive,acne|barrier repair,"benzoyl peroxide, salicylic acid",no,yes,no,AM,,10.57,skincare_products_5000.csv,P04611,synthetic
PRD0004688,The Ordinary,The Ordinary Glow Benzoyl Peroxide Treatment,treatment,sensitive,acne|barrier repair|redness,benzoyl peroxide,yes,yes,no,Weekly,,32.07,skincare_products_5000.csv,P02957,synthetic
PRD0004689,The Ordinary,The Ordinary Glow Betaine Cleanser,cleanser,oily|sensitive,dark spots|oiliness,"betaine, glycerin, niacinamide",no,yes,no,AM/PM,,10.34,skincare_products_5000.csv,P03713,synthetic
PRD0004690,The Ordinary,The Ordinary Glow Centella Serum,serum,combination,barrier repair,"centella, peptides, retinol",yes,yes,no,PM,,42.34,skincare_products_5000.csv,P02982,synthetic
PRD0004691,The Ordinary,The Ordinary Glow Centella Serum,serum,combination|oily|sensitive,acne|dark spots|dehydration,"centella, azelaic acid",no,yes,no,PM,,32.71,skincare_products_5000.csv,P03160,synthetic
PRD0004692,The Ordinary,The Ordinary Glow Ceramides Moisturizer,moisturizer,normal,barrier repair,"ceramides, panthenol",yes,yes,no,AM,,27.6,skincare_products_5000.csv,P02553,synthetic
PRD0004693,The Ordinary,The Ordinary Glow Clay Mask,mask,sensitive,barrier repair|dehydration,"clay, sulfur, oat extract",yes,no,no,AM/PM,,23.57,skincare_products_5000.csv,P04694,synthetic
PRD0004694,The Ordinary,The Ordinary Glow Glycerin Cleanser,cleanser,combination-sensitive,dehydration|redness|sensitivity,"glycerin, niacinamide",yes,yes,no,AM,,17.04,skincare_products_5000.csv,P01882,synthetic
PRD0004695,The Ordinary,The Ordinary Glow Glycerin Moisturizer,moisturizer,dry|oily,oiliness,"glycerin, cholesterol",yes,yes,no,AM,,13.38,skincare_products_5000.csv,P01608,synthetic
PRD0004696,The Ordinary,The Ordinary Glow Glycerin Moisturizer,moisturizer,normal|sensitive,aging|dark spots|sensitivity,glycerin,yes,yes,no,AM,,22.63,skincare_products_5000.csv,P04929,synthetic
PRD0004697,The Ordinary,The Ordinary Glow Glycerin Moisturizer,moisturizer,sensitive,acne|barrier repair|sensitivity,"glycerin, cholesterol, squalane",yes,yes,no,Weekly,,24.26,skincare_products_5000.csv,P02011,synthetic
PRD0004698,The Ordinary,The Ordinary Glow Glycerin Toner,toner,combination|dry,acne|redness|sensitivity,"glycerin, pha",yes,no,no,AM/PM,,17.17,skincare_products_5000.csv,P02019,synthetic
PRD0004699,The Ordinary,The Ordinary Glow Glycerin Toner,toner,dry|normal|sensitive,dark spots|redness|sensitivity,"glycerin, panthenol",no,no,no,AM,,11.02,skincare_products_5000.csv,P04134,synthetic
PRD0004700,The Ordinary,The Ordinary Glow Green Tea Mask,mask,dry|normal|oily,dark spots|dehydration|sensitivity,"green tea, oat extract, hyaluronic acid",yes,no,no,PM,,25.78,skincare_products_5000.csv,P00178,synthetic
PRD0004701,The Ordinary,The Ordinary Glow Niacinamide SPF 50,sunscreen,combination|dry,dark spots|dehydration|oiliness,"niacinamide, titanium dioxide, vitamin e",yes,no,no,AM,50.0,27.94,skincare_products_5000.csv,P02977,synthetic
PRD0004702,The Ordinary,The Ordinary Glow Niacinamide SPF 50,sunscreen,combination|oily,dryness|redness|sensitivity,"niacinamide, vitamin e, titanium dioxide",yes,yes,no,AM,30.0,24.34,skincare_products_5000.csv,P00905,synthetic
PRD0004703,The Ordinary,The Ordinary Glow Octocrylene SPF 50,sunscreen,oily,acne|redness,"octocrylene, niacinamide",yes,no,no,AM,50.0,20.28,skincare_products_5000.csv,P03923,synthetic
PRD0004704,The Ordinary,The Ordinary Glow Octocrylene SPF 50,sunscreen,oily,aging,"octocrylene, zinc oxide",no,yes,no,AM,50.0,20.12,skincare_products_5000.csv,P01509,synthetic
PRD0004705,The Ordinary,The Ordinary Glow Panthenol Moisturizer,moisturizer,dry|normal,dark spots|dehydration,"panthenol, ceramides",no,no,no,Weekly,,24.44,skincare_products_5000.csv,P04553,synthetic
PRD0004706,The Ordinary,The Ordinary Glow Panthenol Toner,toner,combination-sensitive|dry|normal,acne|aging|barrier repair,"panthenol, beta-glucan, niacinamide",yes,no,no,Weekly,,17.72,skincare_products_5000.csv,P04240,synthetic
PRD0004707,The Ordinary,The Ordinary Glow Salicylic Acid Treatment,treatment,combination|dry|normal,barrier repair|dryness,"salicylic acid, sulfur, adapalene",no,yes,yes,Weekly,,29.8,skincare_products_5000.csv,P01665,synthetic
PRD0004708,The Ordinary,The Ordinary Glow Squalane Moisturizer,moisturizer,combination|normal|oily,aging|redness,"squalane, panthenol, cholesterol",yes,yes,no,AM/PM,,23.38,skincare_products_5000.csv,P04944,synthetic
PRD0004709,The Ordinary,The Ordinary Glow Vitamin E SPF 50,sunscreen,combination-sensitive|oily|sensitive,acne|barrier repair|dryness,"vitamin e, octocrylene, titanium dioxide",no,yes,no,AM,50.0,23.06,skincare_products_5000.csv,P04806,synthetic
PRD0004710,The Ordinary,The Ordinary Hydra Benzoyl Peroxide Treatment,treatment,normal|oily|sensitive,aging|dark spots|dehydration,"benzoyl peroxide, sulfur",yes,yes,no,PM,,12.34,skincare_products_5000.csv,P01734,synthetic
PRD0004711,The Ordinary,The Ordinary Hydra Centella Mask,mask,combination,barrier repair,"centella, oat extract, sulfur",yes,no,no,AM/PM,,27.43,skincare_products_5000.csv,P04648,synthetic
PRD0004712,The Ordinary,The Ordinary Hydra Centella Toner,toner,combination|dry|sensitive,barrier repair,"centella, beta-glucan",yes,no,no,Weekly,,18.49,skincare_products_5000.csv,P01463,synthetic
PRD0004713,The Ordinary,The Ordinary Hydra Ceramides Cleanser,cleanser,combination-sensitive|dry|normal,dark spots|dehydration|oiliness,"ceramides, glycerin, centella",yes,yes,no,AM/PM,,17.85,skincare_products_5000.csv,P04969,synthetic
PRD0004714,The Ordinary,The Ordinary Hydra Cholesterol Moisturizer,moisturizer,dry|oily,acne|dryness|redness,"cholesterol, panthenol",yes,yes,no,AM/PM,,31.72,skincare_products_5000.csv,P03309,synthetic
PRD0004715,The Ordinary,The Ordinary Hydra Cholesterol Moisturizer,moisturizer,normal|sensitive,oiliness,cholesterol,yes,yes,no,AM/PM,,16.72,skincare_products_5000.csv,P03030,synthetic
PRD0004716,The Ordinary,The Ordinary Hydra Glycerin Cleanser,cleanser,sensitive,barrier repair,"glycerin, centella, ceramides",no,yes,no,AM/PM,,23.16,skincare_products_5000.csv,P02611,synthetic
PRD0004717,The Ordinary,The Ordinary Hydra Hyaluronic Acid Serum,serum,combination-sensitive|normal,acne|dehydration|sensitivity,hyaluronic acid,yes,yes,no,AM,,22.86,skincare_products_5000.csv,P03521,synthetic
PRD0004718,The Ordinary,The Ordinary Hydra Niacinamide Cleanser,cleanser,combination|combination-sensitive|normal,dehydration|dryness,"niacinamide, glycerin, centella",yes,yes,no,AM/PM,,10.42,skincare_products_5000.csv,P00853,synthetic
PRD0004719,The Ordinary,The Ordinary Hydra Niacinamide Toner,toner,dry,aging|dark spots,"niacinamide, centella, pha",yes,no,no,PM,,9.7,skincare_products_5000.csv,P02298,synthetic
PRD0004720,The Ordinary,The Ordinary Hydra Octocrylene SPF 50,sunscreen,combination-sensitive|sensitive,redness,"octocrylene, zinc oxide",yes,yes,no,AM,30.0,20.36,skincare_products_5000.csv,P04420,synthetic
PRD0004721,The Ordinary,The Ordinary Hydra Octocrylene SPF 50,sunscreen,combination|dry,dark spots,"octocrylene, niacinamide",no,no,no,AM,50.0,24.17,skincare_products_5000.csv,P01726,synthetic
PRD0004722,The Ordinary,The Ordinary Hydra Panthenol Moisturizer,moisturizer,combination|normal,aging|dehydration|sensitivity,"panthenol, squalane",yes,no,no,AM/PM,,30.81,skincare_products_5000.csv,P03498,synthetic
PRD0004723,The Ordinary,The Ordinary Hydra Panthenol Moisturizer,moisturizer,dry,acne|aging|dehydration,"panthenol, cholesterol, ceramides",yes,yes,no,PM,,12.39,skincare_products_5000.csv,P01400,synthetic
PRD0004724,The Ordinary,The Ordinary Hydra Pha Toner,toner,combination-sensitive|dry|normal,aging,pha,yes,no,no,AM,,14.46,skincare_products_5000.csv,P03554,synthetic
PRD0004725,The Ordinary,The Ordinary Hydra Retinol Treatment,treatment,normal,dryness|oiliness|sensitivity,"retinol, salicylic acid, azelaic acid",no,yes,no,AM/PM,,28.65,skincare_products_5000.csv,P00894,synthetic
PRD0004726,The Ordinary,The Ordinary Hydra Salicylic Acid Cleanser,cleanser,combination-sensitive|dry|sensitive,dehydration,salicylic acid,yes,yes,no,Weekly,,11.02,skincare_products_5000.csv,P03532,synthetic
PRD0004727,The Ordinary,The Ordinary Hydra Salicylic Acid Cleanser,cleanser,combination-sensitive|oily|sensitive,dryness|sensitivity,salicylic acid,no,yes,no,AM/PM,,20.85,skincare_products_5000.csv,P03531,synthetic
PRD0004728,The Ordinary,The Ordinary Hydra Salicylic Acid Cleanser,cleanser,combination|combination-sensitive,aging|dark spots,"salicylic acid, glycerin",no,yes,no,AM/PM,,21.39,skincare_products_5000.csv,P01157,synthetic
PRD0004729,The Ordinary,The Ordinary Hydra Salicylic Acid Cleanser,cleanser,sensitive,aging|dryness|oiliness,"salicylic acid, niacinamide, centella",yes,yes,no,AM,,8.27,skincare_products_5000.csv,P00934,synthetic
PRD0004730,The Ordinary,The Ordinary Hydra Salicylic Acid Treatment,treatment,combination|sensitive,dehydration|oiliness,"salicylic acid, benzoyl peroxide, adapalene",yes,yes,yes,AM,,25.61,skincare_products_5000.csv,P01176,synthetic
PRD0004731,The Ordinary,The Ordinary Hydra Squalane Moisturizer,moisturizer,combination-sensitive|dry,aging|barrier repair,"squalane, cholesterol",yes,yes,no,Weekly,,20.5,skincare_products_5000.csv,P02201,synthetic
PRD0004732,The Ordinary,The Ordinary Hydra Squalane Moisturizer,moisturizer,combination|oily|sensitive,aging,squalane,no,yes,no,Weekly,,16.05,skincare_products_5000.csv,P04540,synthetic
PRD0004733,The Ordinary,The Ordinary Hydra Sulfur Mask,mask,dry|oily,barrier repair,sulfur,yes,no,no,AM,,14.45,skincare_products_5000.csv,P00789,synthetic
PRD0004734,The Ordinary,The Ordinary Hydra Titanium Dioxide SPF 50,sunscreen,combination|dry,dehydration,"titanium dioxide, niacinamide, zinc oxide",yes,no,no,AM,30.0,16.35,skincare_products_5000.csv,P04645,synthetic
PRD0004735,The Ordinary,The Ordinary Hydra Vitamin E SPF 50,sunscreen,combination|combination-sensitive|dry,sensitivity,"vitamin e, octocrylene, titanium dioxide",yes,no,no,AM,50.0,29.05,skincare_products_5000.csv,P01953,synthetic
PRD0004736,The Ordinary,The Ordinary Hydra Vitamin E SPF 50,sunscreen,combination|normal|oily,barrier repair|dark spots|redness,vitamin e,no,yes,no,AM,30.0,20.34,skincare_products_5000.csv,P03170,synthetic
PRD0004737,The Ordinary,The Ordinary Hydra Vitamin E SPF 50,sunscreen,dry,acne|dehydration|redness,"vitamin e, avobenzone, titanium dioxide",yes,yes,no,AM,30.0,29.38,skincare_products_5000.csv,P00325,synthetic
PRD0004738,The Ordinary,The Ordinary Hydra Vitamin E SPF 50,sunscreen,sensitive,aging|dark spots|redness,"vitamin e, avobenzone, niacinamide",yes,yes,no,AM,50.0,10.95,skincare_products_5000.csv,P03277,synthetic
PRD0004739,The Ordinary,The Ordinary Pure Avobenzone SPF 50,sunscreen,combination|oily,redness|sensitivity,"avobenzone, octocrylene, vitamin e",yes,no,no,AM,50.0,21.86,skincare_products_5000.csv,P04423,synthetic
PRD0004740,The Ordinary,The Ordinary Pure Benzoyl Peroxide Treatment,treatment,dry,dark spots,"benzoyl peroxide, azelaic acid",yes,yes,no,AM,,27.68,skincare_products_5000.csv,P00422,synthetic
PRD0004741,The Ordinary,The Ordinary Pure Betaine Cleanser,cleanser,combination-sensitive,aging|sensitivity,"betaine, centella",yes,no,no,AM,,10.68,skincare_products_5000.csv,P00535,synthetic
PRD0004742,The Ordinary,The Ordinary Pure Betaine Cleanser,cleanser,combination|combination-sensitive|oily,redness|sensitivity,"betaine, glycerin",no,yes,no,Weekly,,10.17,skincare_products_5000.csv,P00216,synthetic
PRD0004743,The Ordinary,The Ordinary Pure Ceramides Cleanser,cleanser,combination|dry|sensitive,acne|dehydration|sensitivity,"ceramides, salicylic acid, centella",yes,yes,no,Weekly,,8.28,skincare_products_5000.csv,P02350,synthetic
PRD0004744,The Ordinary,The Ordinary Pure Ceramides Cleanser,cleanser,dry|normal|sensitive,acne|redness|sensitivity,ceramides,yes,no,no,AM/PM,,18.73,skincare_products_5000.csv,P03207,synthetic
PRD0004745,The Ordinary,The Ordinary Pure Ceramides Cleanser,cleanser,dry|oily,acne|dryness,"ceramides, betaine",yes,yes,no,Weekly,,11.11,skincare_products_5000.csv,P04836,synthetic
PRD0004746,The Ordinary,The Ordinary Pure Ceramides Moisturizer,moisturizer,combination-sensitive|dry,aging|dark spots|redness,"ceramides, cholesterol, squalane",yes,yes,no,PM,,19.7,skincare_products_5000.csv,P00733,synthetic
PRD0004747,The Ordinary,The Ordinary Pure Glycerin Moisturizer,moisturizer,combination,acne|oiliness,glycerin,yes,yes,no,PM,,31.6,skincare_products_5000.csv,P03468,synthetic
PRD0004748,The Ordinary,The Ordinary Pure Niacinamide Serum,serum,dry|oily|sensitive,aging|dryness,"niacinamide, hyaluronic acid, centella",no,yes,no,AM/PM,,31.53,skincare_products_5000.csv,P04145,synthetic
PRD0004749,The Ordinary,The Ordinary Pure Panthenol Moisturizer,moisturizer,combination-sensitive,dark spots|redness|sensitivity,panthenol,yes,yes,no,Weekly,,20.69,skincare_products_5000.csv,P03970,synthetic
PRD0004750,The Ordinary,The Ordinary Pure Panthenol Moisturizer,moisturizer,normal|sensitive,barrier repair,"panthenol, cholesterol",yes,yes,no,PM,,14.57,skincare_products_5000.csv,P01011,synthetic
PRD0004751,The Ordinary,The Ordinary Pure Retinol Serum,serum,combination|combination-sensitive|sensitive,barrier repair|dark spots|dehydration,retinol,yes,no,no,Weekly,,38.54,skincare_products_5000.csv,P00095,synthetic
PRD0004752,The Ordinary,The Ordinary Pure Retinol Serum,serum,normal|oily,dark spots|dryness|sensitivity,"retinol, azelaic acid",yes,yes,no,AM,,29.06,skincare_products_5000.csv,P01094,synthetic
PRD0004753,The Ordinary,The Ordinary Pure Salicylic Acid Cleanser,cleanser,combination-sensitive|dry|normal,oiliness,salicylic acid,no,yes,no,AM,,8.28,skincare_products_5000.csv,P00545,synthetic
PRD0004754,The Ordinary,The Ordinary Pure Salicylic Acid Treatment,treatment,combination|combination-sensitive|oily,dehydration|sensitivity,"salicylic acid, adapalene, azelaic acid",yes,yes,yes,PM,,21.65,skincare_products_5000.csv,P01515,synthetic
PRD0004755,The Ordinary,The Ordinary Pure Vitamin E SPF 50,sunscreen,combination|dry|sensitive,barrier repair,"vitamin e, titanium dioxide",no,no,no,AM,50.0,22.05,skincare_products_5000.csv,P04263,synthetic
PRD0004756,The Ordinary,The Ordinary Pure Vitamin E SPF 50,sunscreen,combination|normal|sensitive,dark spots|dehydration,"vitamin e, zinc oxide",yes,yes,no,AM,50.0,23.16,skincare_products_5000.csv,P01429,synthetic
PRD0004757,The Ordinary,The Ordinary Pure Zinc Oxide SPF 50,sunscreen,oily,aging|dark spots,zinc oxide,yes,yes,no,AM,30.0,24.42,skincare_products_5000.csv,P04143,synthetic
PRD0004758,The Ordinary,The Ordinary Repair Azelaic Acid Treatment,treatment,combination-sensitive,oiliness,azelaic acid,yes,no,no,AM,,28.83,skincare_products_5000.csv,P03351,synthetic
PRD0004759,The Ordinary,The Ordinary Repair Benzoyl Peroxide Treatment,treatment,dry|normal,oiliness|sensitivity,benzoyl peroxide,no,yes,no,AM/PM,,28.34,skincare_products_5000.csv,P00585,synthetic
PRD0004760,The Ordinary,The Ordinary Repair Centella Cleanser,cleanser,combination|oily|sensitive,acne|redness,"centella, salicylic acid, ceramides",yes,yes,no,PM,,8.33,skincare_products_5000.csv,P00181,synthetic
PRD0004761,The Ordinary,The Ordinary Repair Centella Mask,mask,combination|dry|oily,acne|dark spots|redness,centella,yes,no,no,PM,,18.24,skincare_products_5000.csv,P02220,synthetic
PRD0004762,The Ordinary,The Ordinary Repair Centella Serum,serum,dry,dryness|redness,"centella, hyaluronic acid",yes,yes,no,AM,,28.63,skincare_products_5000.csv,P01089,synthetic
PRD0004763,The Ordinary,The Ordinary Repair Centella Serum,serum,normal|oily,barrier repair|dark spots|dryness,centella,yes,yes,no,PM,,18.27,skincare_products_5000.csv,P02122,synthetic
PRD0004764,The Ordinary,The Ordinary Repair Ceramides Cleanser,cleanser,combination|sensitive,aging|oiliness|sensitivity,"ceramides, centella, betaine",no,yes,no,PM,,19.94,skincare_products_5000.csv,P00471,synthetic
PRD0004765,The Ordinary,The Ordinary Repair Ceramides Moisturizer,moisturizer,combination|combination-sensitive|dry,aging|sensitivity,"ceramides, glycerin, cholesterol",yes,no,no,PM,,30.88,skincare_products_5000.csv,P04478,synthetic
PRD0004766,The Ordinary,The Ordinary Repair Ceramides Moisturizer,moisturizer,combination|normal|oily,barrier repair,"ceramides, cholesterol",yes,yes,no,PM,,12.68,skincare_products_5000.csv,P02421,synthetic
PRD0004767,The Ordinary,The Ordinary Repair Ceramides Moisturizer,moisturizer,dry,dehydration|dryness|oiliness,"ceramides, squalane",no,yes,no,AM/PM,,18.13,skincare_products_5000.csv,P00007,synthetic
PRD0004768,The Ordinary,The Ordinary Repair Cholesterol Moisturizer,moisturizer,oily,acne|dehydration,cholesterol,yes,yes,no,AM/PM,,10.51,skincare_products_5000.csv,P01115,synthetic
PRD0004769,The Ordinary,The Ordinary Repair Glycerin Cleanser,cleanser,combination|dry|oily,acne,"glycerin, centella, salicylic acid",yes,yes,no,AM,,21.64,skincare_products_5000.csv,P00367,synthetic
PRD0004770,The Ordinary,The Ordinary Repair Glycerin Moisturizer,moisturizer,combination-sensitive,acne|redness,"glycerin, cholesterol, urea",no,yes,no,PM,,11.14,skincare_products_5000.csv,P01321,synthetic
PRD0004771,The Ordinary,The Ordinary Repair Green Tea Mask,mask,combination-sensitive,sensitivity,green tea,yes,no,no,Weekly,,10.8,skincare_products_5000.csv,P03688,synthetic
PRD0004772,The Ordinary,The Ordinary Repair Green Tea Mask,mask,combination|dry|normal,dryness,"green tea, sulfur, clay",yes,no,no,PM,,24.81,skincare_products_5000.csv,P02195,synthetic
PRD0004773,The Ordinary,The Ordinary Repair Hyaluronic Acid Serum,serum,dry|normal,barrier repair|dark spots|oiliness,hyaluronic acid,yes,yes,no,PM,,10.71,skincare_products_5000.csv,P03711,synthetic
PRD0004774,The Ordinary,The Ordinary Repair Hyaluronic Acid Serum,serum,normal,oiliness|redness|sensitivity,hyaluronic acid,no,yes,no,PM,,19.91,skincare_products_5000.csv,P02124,synthetic
PRD0004775,The Ordinary,The Ordinary Repair Niacinamide Cleanser,cleanser,combination|normal,redness,niacinamide,yes,yes,no,AM,,13.94,skincare_products_5000.csv,P01129,synthetic
PRD0004776,The Ordinary,The Ordinary Repair Niacinamide SPF 50,sunscreen,normal|oily,aging,"niacinamide, octocrylene",yes,yes,no,AM,50.0,28.26,skincare_products_5000.csv,P04287,synthetic
PRD0004777,The Ordinary,The Ordinary Repair Niacinamide Serum,serum,dry,dryness|sensitivity,"niacinamide, hyaluronic acid, centella",yes,yes,no,AM/PM,,14.98,skincare_products_5000.csv,P04572,synthetic
PRD0004778,The Ordinary,The Ordinary Repair Niacinamide Serum,serum,dry|oily|sensitive,sensitivity,"niacinamide, peptides, hyaluronic acid",no,yes,no,AM/PM,,33.1,skincare_products_5000.csv,P01788,synthetic
PRD0004779,The Ordinary,The Ordinary Repair Oat Extract Mask,mask,combination-sensitive|dry|normal,dark spots|redness|sensitivity,"oat extract, hyaluronic acid",no,no,no,AM,,19.65,skincare_products_5000.csv,P03791,synthetic
PRD0004780,The Ordinary,The Ordinary Repair Panthenol Moisturizer,moisturizer,combination|combination-sensitive|oily,dehydration,"panthenol, glycerin",yes,yes,no,AM,,28.75,skincare_products_5000.csv,P01023,synthetic
PRD0004781,The Ordinary,The Ordinary Repair Retinol Treatment,treatment,combination,dehydration|redness,"retinol, benzoyl peroxide, salicylic acid",yes,yes,no,Weekly,,31.1,skincare_products_5000.csv,P03700,synthetic
PRD0004782,The Ordinary,The Ordinary Repair Retinol Treatment,treatment,normal|oily,dark spots|dryness,"retinol, adapalene, sulfur",no,no,yes,AM/PM,,25.06,skincare_products_5000.csv,P02834,synthetic
PRD0004783,The Ordinary,The Ordinary Repair Salicylic Acid Treatment,treatment,combination|combination-sensitive|sensitive,dryness,salicylic acid,yes,yes,no,AM/PM,,23.18,skincare_products_5000.csv,P04275,synthetic
PRD0004784,The Ordinary,The Ordinary Repair Squalane Moisturizer,moisturizer,combination-sensitive,aging|dryness,"squalane, glycerin",no,yes,no,PM,,12.73,skincare_products_5000.csv,P00919,synthetic
PRD0004785,The Ordinary,The Ordinary Repair Squalane Moisturizer,moisturizer,combination-sensitive|sensitive,acne|aging|dark spots,squalane,yes,yes,no,Weekly,,13.62,skincare_products_5000.csv,P03621,synthetic
PRD0004786,The Ordinary,The Ordinary Repair Squalane Moisturizer,moisturizer,combination|combination-sensitive|sensitive,aging|sensitivity,"squalane, urea",yes,yes,no,AM,,20.53,skincare_products_5000.csv,P00153,synthetic
PRD0004787,The Ordinary,The Ordinary Repair Sulfur Mask,mask,combination-sensitive|dry,barrier repair|dark spots|sensitivity,"sulfur, hyaluronic acid, green tea",yes,no,no,PM,,18.02,skincare_products_5000.csv,P00759,synthetic
PRD0004788,The Ordinary,The Ordinary Repair Sulfur Mask,mask,combination-sensitive|normal,acne|barrier repair|dryness,"sulfur, clay",no,no,no,AM/PM,,26.78,skincare_products_5000.csv,P01165,synthetic
PRD0004789,The Ordinary,The Ordinary Repair Sulfur Treatment,treatment,combination|dry,barrier repair|oiliness|redness,"sulfur, salicylic acid, benzoyl peroxide",yes,no,no,AM,,27.92,skincare_products_5000.csv,P00546,synthetic
PRD0004790,The Ordinary,The Ordinary Repair Vitamin C Serum,serum,combination|combination-sensitive,dark spots|oiliness|redness,vitamin c,yes,no,no,AM/PM,,24.46,skincare_products_5000.csv,P03872,synthetic
PRD0004791,The Ordinary,The Ordinary Repair Vitamin C Serum,serum,normal,dehydration|dryness|oiliness,"vitamin c, azelaic acid, peptides",no,yes,no,PM,,19.84,skincare_products_5000.csv,P04942,synthetic
PRD0004792,The Ordinary,The Ordinary Repair Zinc Oxide SPF 50,sunscreen,normal|oily|sensitive,aging|dehydration|oiliness,"zinc oxide, vitamin e",no,no,no,AM,50.0,28.69,skincare_products_5000.csv,P00960,synthetic
PRD0004793,Vanicream,Vanicream Advanced Azelaic Acid Treatment,treatment,combination-sensitive|normal|oily,acne|sensitivity,"azelaic acid, retinol",yes,yes,no,Weekly,,23.14,skincare_products_5000.csv,P02250,synthetic
PRD0004794,Vanicream,Vanicream Advanced Azelaic Acid Treatment,treatment,combination|combination-sensitive|dry,aging|dryness|redness,"azelaic acid, retinol",no,yes,no,AM,,30.24,skincare_products_5000.csv,P04477,synthetic
PRD0004795,Vanicream,Vanicream Advanced Betaine Cleanser,cleanser,combination|combination-sensitive,dark spots|dryness|redness,"betaine, ceramides, centella",yes,yes,no,Weekly,,18.73,skincare_products_5000.csv,P04339,synthetic
PRD0004796,Vanicream,Vanicream Advanced Centella Mask,mask,oily,acne|redness,"centella, clay",yes,no,no,AM,,10.98,skincare_products_5000.csv,P03412,synthetic
PRD0004797,Vanicream,Vanicream Advanced Centella Serum,serum,combination|combination-sensitive,barrier repair|dark spots,"centella, retinol",yes,no,no,AM,,42.93,skincare_products_5000.csv,P02627,synthetic
PRD0004798,Vanicream,Vanicream Advanced Ceramides Cleanser,cleanser,combination|combination-sensitive|dry,acne|barrier repair|sensitivity,ceramides,yes,yes,no,AM/PM,,17.47,skincare_products_5000.csv,P00565,synthetic
PRD0004799,Vanicream,Vanicream Advanced Ceramides Moisturizer,moisturizer,combination,dehydration,"ceramides, squalane, glycerin",yes,yes,no,PM,,22.34,skincare_products_5000.csv,P01475,synthetic
PRD0004800,Vanicream,Vanicream Advanced Ceramides Moisturizer,moisturizer,combination-sensitive,acne|oiliness,ceramides,no,no,no,AM/PM,,25.44,skincare_products_5000.csv,P00190,synthetic
PRD0004801,Vanicream,Vanicream Advanced Ceramides Moisturizer,moisturizer,normal,barrier repair,"ceramides, squalane, glycerin",yes,no,no,AM/PM,,27.19,skincare_products_5000.csv,P04943,synthetic
PRD0004802,Vanicream,Vanicream Advanced Glycerin Cleanser,cleanser,combination|normal|oily,barrier repair|sensitivity,"glycerin, ceramides",no,no,no,AM/PM,,14.8,skincare_products_5000.csv,P03384,synthetic
PRD0004803,Vanicream,Vanicream Advanced Glycerin Moisturizer,moisturizer,dry,dryness|redness,"glycerin, ceramides, squalane",yes,yes,no,Weekly,,18.38,skincare_products_5000.csv,P01926,synthetic
PRD0004804,Vanicream,Vanicream Advanced Green Tea Mask,mask,combination-sensitive|oily,redness,"green tea, oat extract, hyaluronic acid",yes,no,no,PM,,18.0,skincare_products_5000.csv,P02635,synthetic
PRD0004805,Vanicream,Vanicream Advanced Niacinamide Cleanser,cleanser,combination,dark spots,niacinamide,no,yes,no,AM/PM,,25.54,skincare_products_5000.csv,P01723,synthetic
PRD0004806,Vanicream,Vanicream Advanced Niacinamide Cleanser,cleanser,combination|sensitive,acne|aging|redness,"niacinamide, betaine",yes,no,no,PM,,19.95,skincare_products_5000.csv,P02274,synthetic
PRD0004807,Vanicream,Vanicream Advanced Niacinamide Toner,toner,normal|oily,barrier repair|dehydration,"niacinamide, pha, beta-glucan",no,no,no,AM,,16.29,skincare_products_5000.csv,P05000,synthetic
PRD0004808,Vanicream,Vanicream Advanced Octocrylene SPF 50,sunscreen,combination-sensitive,aging|barrier repair,"octocrylene, vitamin e, niacinamide",yes,yes,no,AM,50.0,10.54,skincare_products_5000.csv,P03953,synthetic
PRD0004809,Vanicream,Vanicream Advanced Octocrylene SPF 50,sunscreen,combination-sensitive|normal|sensitive,acne|aging,octocrylene,yes,no,no,AM,30.0,27.68,skincare_products_5000.csv,P00503,synthetic
PRD0004810,Vanicream,Vanicream Advanced Panthenol Moisturizer,moisturizer,combination|normal|oily,dark spots|redness,"panthenol, cholesterol",no,yes,no,Weekly,,26.89,skincare_products_5000.csv,P01371,synthetic
PRD0004811,Vanicream,Vanicream Advanced Panthenol Toner,toner,dry,acne|dehydration,panthenol,yes,no,no,PM,,21.21,skincare_products_5000.csv,P00925,synthetic
PRD0004812,Vanicream,Vanicream Advanced Peptides Serum,serum,combination-sensitive|dry|normal,dark spots|oiliness|redness,peptides,yes,yes,no,AM/PM,,22.61,skincare_products_5000.csv,P00943,synthetic
PRD0004813,Vanicream,Vanicream Advanced Peptides Serum,serum,combination|oily|sensitive,aging|dryness|oiliness,peptides,yes,yes,no,Weekly,,42.74,skincare_products_5000.csv,P01442,synthetic
PRD0004814,Vanicream,Vanicream Advanced Peptides Serum,serum,dry|oily|sensitive,dark spots|oiliness|sensitivity,"peptides, centella",yes,yes,no,Weekly,,29.43,skincare_products_5000.csv,P03037,synthetic
PRD0004815,Vanicream,Vanicream Advanced Pha Toner,toner,combination|dry|sensitive,barrier repair,pha,yes,no,no,AM/PM,,8.82,skincare_products_5000.csv,P01111,synthetic
PRD0004816,Vanicream,Vanicream Advanced Pha Toner,toner,normal|sensitive,barrier repair|dark spots,pha,yes,no,no,PM,,11.2,skincare_products_5000.csv,P01417,synthetic
PRD0004817,Vanicream,Vanicream Advanced Retinol Serum,serum,combination-sensitive|oily,oiliness|sensitivity,"retinol, vitamin c",no,yes,no,Weekly,,23.9,skincare_products_5000.csv,P04693,synthetic
PRD0004818,Vanicream,Vanicream Advanced Retinol Treatment,treatment,combination,aging|barrier repair|redness,"retinol, adapalene, salicylic acid",yes,yes,yes,Weekly,,10.83,skincare_products_5000.csv,P01813,synthetic
PRD0004819,Vanicream,Vanicream Advanced Retinol Treatment,treatment,combination-sensitive,dehydration,"retinol, sulfur",no,yes,no,AM/PM,,13.69,skincare_products_5000.csv,P01652,synthetic
PRD0004820,Vanicream,Vanicream Advanced Retinol Treatment,treatment,combination|dry|normal,aging|redness,retinol,yes,yes,no,AM,,9.26,skincare_products_5000.csv,P01340,synthetic
PRD0004821,Vanicream,Vanicream Advanced Salicylic Acid Cleanser,cleanser,normal|oily,aging|dehydration,"salicylic acid, centella, betaine",yes,yes,no,AM/PM,,24.51,skincare_products_5000.csv,P01029,synthetic
PRD0004822,Vanicream,Vanicream Advanced Salicylic Acid Treatment,treatment,combination-sensitive,aging|dark spots|dryness,"salicylic acid, benzoyl peroxide",yes,yes,no,AM/PM,,10.71,skincare_products_5000.csv,P03367,synthetic
PRD0004823,Vanicream,Vanicream Advanced Salicylic Acid Treatment,treatment,combination-sensitive|normal,sensitivity,"salicylic acid, retinol",yes,yes,no,AM,,33.87,skincare_products_5000.csv,P03175,synthetic
PRD0004824,Vanicream,Vanicream Advanced Sulfur Treatment,treatment,dry|oily|sensitive,redness,"sulfur, salicylic acid",yes,yes,no,Weekly,,10.51,skincare_products_5000.csv,P01300,synthetic
PRD0004825,Vanicream,Vanicream Advanced Titanium Dioxide SPF 50,sunscreen,normal,barrier repair|dehydration|sensitivity,"titanium dioxide, zinc oxide",yes,no,no,AM,50.0,20.12,skincare_products_5000.csv,P03823,synthetic
PRD0004826,Vanicream,Vanicream Advanced Urea Moisturizer,moisturizer,combination-sensitive|dry,acne|dryness|redness,"urea, squalane",yes,yes,no,PM,,26.71,skincare_products_5000.csv,P04260,synthetic
PRD0004827,Vanicream,Vanicream Advanced Urea Moisturizer,moisturizer,combination-sensitive|normal,acne|dark spots|oiliness,urea,no,yes,no,AM,,33.59,skincare_products_5000.csv,P03694,synthetic
PRD0004828,Vanicream,Vanicream Advanced Vitamin C Serum,serum,combination-sensitive,aging|sensitivity,vitamin c,yes,yes,no,AM/PM,,14.9,skincare_products_5000.csv,P03569,synthetic
PRD0004829,Vanicream,Vanicream Advanced Vitamin C Serum,serum,combination|combination-sensitive|sensitive,barrier repair|redness,vitamin c,yes,no,no,AM/PM,,27.73,skincare_products_5000.csv,P02306,synthetic
PRD0004830,Vanicream,Vanicream Advanced Vitamin E SPF 50,sunscreen,normal|oily|sensitive,oiliness,"vitamin e, zinc oxide",yes,yes,no,AM,30.0,11.26,skincare_products_5000.csv,P00574,synthetic
PRD0004831,Vanicream,Vanicream Advanced Zinc Oxide SPF 50,sunscreen,combination|combination-sensitive|normal,aging,"zinc oxide, avobenzone, niacinamide",yes,yes,no,AM,50.0,12.27,skincare_products_5000.csv,P00718,synthetic
PRD0004832,Vanicream,Vanicream Balance Adapalene Treatment,treatment,dry,acne|redness,"adapalene, salicylic acid, sulfur",no,yes,yes,AM,,15.08,skincare_products_5000.csv,P03568,synthetic
PRD0004833,Vanicream,Vanicream Balance Avobenzone SPF 50,sunscreen,combination|dry|sensitive,aging|dark spots|dryness,avobenzone,no,no,no,AM,50.0,14.02,skincare_products_5000.csv,P02952,synthetic
PRD0004834,Vanicream,Vanicream Balance Azelaic Acid Serum,serum,combination-sensitive|oily,dryness|oiliness|redness,azelaic acid,yes,yes,no,AM/PM,,38.9,skincare_products_5000.csv,P04199,synthetic
PRD0004835,Vanicream,Vanicream Balance Azelaic Acid Treatment,treatment,combination|oily,acne,"azelaic acid, benzoyl peroxide, sulfur",yes,yes,no,Weekly,,15.94,skincare_products_5000.csv,P03917,synthetic
PRD0004836,Vanicream,Vanicream Balance Azelaic Acid Treatment,treatment,normal|oily,aging|redness,azelaic acid,yes,yes,no,AM/PM,,10.76,skincare_products_5000.csv,P02758,synthetic
PRD0004837,Vanicream,Vanicream Balance Benzoyl Peroxide Treatment,treatment,combination,dark spots|sensitivity,benzoyl peroxide,yes,yes,no,AM,,11.25,skincare_products_5000.csv,P00772,synthetic
PRD0004838,Vanicream,Vanicream Balance Centella Cleanser,cleanser,combination-sensitive|dry|oily,barrier repair,"centella, betaine",yes,yes,no,AM/PM,,11.17,skincare_products_5000.csv,P00602,synthetic
PRD0004839,Vanicream,Vanicream Balance Ceramides Moisturizer,moisturizer,combination|combination-sensitive|dry,barrier repair,ceramides,yes,no,no,PM,,20.69,skincare_products_5000.csv,P04640,synthetic
PRD0004840,Vanicream,Vanicream Balance Cholesterol Moisturizer,moisturizer,combination|combination-sensitive|normal,dryness|sensitivity,"cholesterol, squalane",yes,yes,no,AM,,28.32,skincare_products_5000.csv,P04774,synthetic
PRD0004841,Vanicream,Vanicream Balance Cholesterol Moisturizer,moisturizer,combination|normal|sensitive,aging|dark spots,cholesterol,yes,yes,no,Weekly,,10.97,skincare_products_5000.csv,P00005,synthetic
PRD0004842,Vanicream,Vanicream Balance Cholesterol Moisturizer,moisturizer,combination|oily|sensitive,aging|barrier repair|oiliness,cholesterol,yes,yes,no,AM,,12.37,skincare_products_5000.csv,P00649,synthetic
PRD0004843,Vanicream,Vanicream Balance Glycerin Cleanser,cleanser,combination|sensitive,oiliness,glycerin,yes,yes,no,AM,,10.14,skincare_products_5000.csv,P03007,synthetic
PRD0004844,Vanicream,Vanicream Balance Glycerin Moisturizer,moisturizer,combination|sensitive,acne|dehydration|dryness,"glycerin, ceramides",yes,yes,no,AM/PM,,24.11,skincare_products_5000.csv,P01171,synthetic
PRD0004845,Vanicream,Vanicream Balance Niacinamide Serum,serum,combination|sensitive,barrier repair|dehydration,niacinamide,yes,no,no,Weekly,,24.81,skincare_products_5000.csv,P02126,synthetic
PRD0004846,Vanicream,Vanicream Balance Niacinamide Toner,toner,combination|combination-sensitive|dry,dehydration|redness|sensitivity,"niacinamide, centella",yes,no,no,AM/PM,,18.69,skincare_products_5000.csv,P04755,synthetic
PRD0004847,Vanicream,Vanicream Balance Panthenol Moisturizer,moisturizer,combination|combination-sensitive|dry,acne,panthenol,no,yes,no,AM,,33.26,skincare_products_5000.csv,P02659,synthetic
PRD0004848,Vanicream,Vanicream Balance Panthenol Moisturizer,moisturizer,dry|sensitive,dark spots|dehydration,"panthenol, squalane",no,yes,no,AM,,23.79,skincare_products_5000.csv,P00690,synthetic
PRD0004849,Vanicream,Vanicream Balance Panthenol Moisturizer,moisturizer,normal,aging|dehydration|sensitivity,panthenol,yes,yes,no,PM,,30.03,skincare_products_5000.csv,P00573,synthetic
PRD0004850,Vanicream,Vanicream Balance Peptides Serum,serum,combination|oily,acne|aging|dryness,"peptides, azelaic acid",yes,no,no,Weekly,,12.93,skincare_products_5000.csv,P01097,synthetic
PRD0004851,Vanicream,Vanicream Balance Peptides Serum,serum,combination|oily,aging|redness,"peptides, niacinamide",yes,no,no,Weekly,,40.71,skincare_products_5000.csv,P04829,synthetic
PRD0004852,Vanicream,Vanicream Balance Peptides Serum,serum,combination|sensitive,acne|barrier repair|dark spots,"peptides, azelaic acid, vitamin c",yes,yes,no,AM,,15.52,skincare_products_5000.csv,P03469,synthetic
PRD0004853,Vanicream,Vanicream Balance Retinol Treatment,treatment,dry|oily|sensitive,barrier repair,"retinol, adapalene, sulfur",no,yes,no,AM,,23.3,skincare_products_5000.csv,P00629,synthetic
PRD0004854,Vanicream,Vanicream Balance Salicylic Acid Cleanser,cleanser,dry,dehydration,"salicylic acid, ceramides",yes,no,no,AM/PM,,20.69,skincare_products_5000.csv,P04150,synthetic
PRD0004855,Vanicream,Vanicream Balance Salicylic Acid Cleanser,cleanser,dry|normal|oily,oiliness|redness,"salicylic acid, centella, betaine",yes,yes,no,PM,,10.34,skincare_products_5000.csv,P03156,synthetic
PRD0004856,Vanicream,Vanicream Balance Salicylic Acid Treatment,treatment,combination-sensitive|normal,acne|oiliness,"salicylic acid, adapalene",yes,no,yes,AM/PM,,18.77,skincare_products_5000.csv,P04621,synthetic
PRD0004857,Vanicream,Vanicream Balance Sulfur Treatment,treatment,dry|sensitive,barrier repair,"sulfur, azelaic acid",no,yes,no,PM,,17.43,skincare_products_5000.csv,P04245,synthetic
PRD0004858,Vanicream,Vanicream Balance Titanium Dioxide SPF 50,sunscreen,combination-sensitive,barrier repair,"titanium dioxide, vitamin e",no,yes,no,AM,50.0,29.49,skincare_products_5000.csv,P00611,synthetic
PRD0004859,Vanicream,Vanicream Balance Vitamin C Serum,serum,combination|normal|sensitive,aging,"vitamin c, centella, retinol",no,no,no,PM,,38.16,skincare_products_5000.csv,P04590,synthetic
PRD0004860,Vanicream,Vanicream Balance Zinc Oxide SPF 50,sunscreen,combination|combination-sensitive,barrier repair|redness|sensitivity,"zinc oxide, vitamin e, titanium dioxide",no,yes,no,AM,50.0,21.43,skincare_products_5000.csv,P01058,synthetic
PRD0004861,Vanicream,Vanicream Barrier Adapalene Treatment,treatment,combination-sensitive|oily,oiliness,adapalene,yes,yes,yes,AM/PM,,14.36,skincare_products_5000.csv,P01944,synthetic
PRD0004862,Vanicream,Vanicream Barrier Benzoyl Peroxide Treatment,treatment,combination-sensitive,dark spots|sensitivity,"benzoyl peroxide, salicylic acid",yes,yes,no,Weekly,,10.15,skincare_products_5000.csv,P01564,synthetic
PRD0004863,Vanicream,Vanicream Barrier Benzoyl Peroxide Treatment,treatment,oily|sensitive,oiliness,"benzoyl peroxide, salicylic acid",yes,yes,no,Weekly,,18.57,skincare_products_5000.csv,P03354,synthetic
PRD0004864,Vanicream,Vanicream Barrier Centella Cleanser,cleanser,sensitive,acne|redness|sensitivity,centella,yes,yes,no,AM,,25.19,skincare_products_5000.csv,P02128,synthetic
PRD0004865,Vanicream,Vanicream Barrier Centella Serum,serum,combination-sensitive,acne|sensitivity,"centella, hyaluronic acid",no,no,no,Weekly,,39.23,skincare_products_5000.csv,P02043,synthetic
PRD0004866,Vanicream,Vanicream Barrier Ceramides Cleanser,cleanser,combination-sensitive|dry,barrier repair|dryness|sensitivity,ceramides,yes,yes,no,AM/PM,,21.74,skincare_products_5000.csv,P02787,synthetic
PRD0004867,Vanicream,Vanicream Barrier Ceramides Cleanser,cleanser,combination|combination-sensitive|oily,dark spots|dehydration,ceramides,yes,yes,no,AM/PM,,15.01,skincare_products_5000.csv,P01561,synthetic
PRD0004868,Vanicream,Vanicream Barrier Cholesterol Moisturizer,moisturizer,sensitive,dark spots|dehydration|redness,"cholesterol, ceramides",yes,yes,no,AM/PM,,19.24,skincare_products_5000.csv,P03726,synthetic
PRD0004869,Vanicream,Vanicream Barrier Glycerin Cleanser,cleanser,combination-sensitive,redness,"glycerin, betaine, centella",yes,yes,no,PM,,21.37,skincare_products_5000.csv,P04230,synthetic
PRD0004870,Vanicream,Vanicream Barrier Glycerin Cleanser,cleanser,normal|oily|sensitive,acne|dark spots,glycerin,yes,no,no,PM,,22.03,skincare_products_5000.csv,P01482,synthetic
PRD0004871,Vanicream,Vanicream Barrier Glycerin Moisturizer,moisturizer,combination-sensitive|dry|oily,barrier repair|dark spots,glycerin,yes,yes,no,AM,,25.85,skincare_products_5000.csv,P00665,synthetic
PRD0004872,Vanicream,Vanicream Barrier Glycerin Moisturizer,moisturizer,sensitive,dehydration|redness,glycerin,no,no,no,Weekly,,32.14,skincare_products_5000.csv,P01027,synthetic
PRD0004873,Vanicream,Vanicream Barrier Green Tea Mask,mask,combination-sensitive|oily|sensitive,aging|barrier repair|dark spots,"green tea, centella, clay",no,no,no,AM,,8.63,skincare_products_5000.csv,P04092,synthetic
PRD0004874,Vanicream,Vanicream Barrier Hyaluronic Acid Serum,serum,combination,barrier repair,"hyaluronic acid, retinol",yes,yes,no,AM/PM,,26.13,skincare_products_5000.csv,P01653,synthetic
PRD0004875,Vanicream,Vanicream Barrier Niacinamide Cleanser,cleanser,combination-sensitive|sensitive,aging|barrier repair|oiliness,"niacinamide, salicylic acid, betaine",yes,yes,no,AM/PM,,20.61,skincare_products_5000.csv,P02831,synthetic
PRD0004876,Vanicream,Vanicream Barrier Niacinamide SPF 50,sunscreen,combination,acne|dehydration|dryness,"niacinamide, octocrylene",yes,yes,no,AM,50.0,11.01,skincare_products_5000.csv,P03490,synthetic
PRD0004877,Vanicream,Vanicream Barrier Niacinamide SPF 50,sunscreen,sensitive,dehydration,"niacinamide, titanium dioxide",yes,no,no,AM,50.0,10.16,skincare_products_5000.csv,P04204,synthetic
PRD0004878,Vanicream,Vanicream Barrier Oat Extract Mask,mask,combination|oily,sensitivity,"oat extract, clay",no,no,no,AM,,8.97,skincare_products_5000.csv,P02365,synthetic
PRD0004879,Vanicream,Vanicream Barrier Octocrylene SPF 50,sunscreen,combination-sensitive,dehydration|redness,"octocrylene, titanium dioxide, avobenzone",yes,no,no,AM,50.0,28.64,skincare_products_5000.csv,P00724,synthetic
PRD0004880,Vanicream,Vanicream Barrier Octocrylene SPF 50,sunscreen,combination|oily,acne|barrier repair|dryness,octocrylene,yes,no,no,AM,50.0,29.29,skincare_products_5000.csv,P00476,synthetic
PRD0004881,Vanicream,Vanicream Barrier Octocrylene SPF 50,sunscreen,oily,sensitivity,octocrylene,yes,yes,no,AM,50.0,15.72,skincare_products_5000.csv,P03431,synthetic
PRD0004882,Vanicream,Vanicream Barrier Panthenol Moisturizer,moisturizer,oily,acne|aging|redness,"panthenol, squalane, ceramides",yes,yes,no,Weekly,,23.67,skincare_products_5000.csv,P04948,synthetic
PRD0004883,Vanicream,Vanicream Barrier Retinol Treatment,treatment,sensitive,acne|dehydration|redness,"retinol, salicylic acid",yes,yes,no,AM/PM,,9.55,skincare_products_5000.csv,P04719,synthetic
PRD0004884,Vanicream,Vanicream Barrier Sulfur Mask,mask,normal|oily,aging,sulfur,no,no,no,Weekly,,24.65,skincare_products_5000.csv,P04624,synthetic
PRD0004885,Vanicream,Vanicream Barrier Sulfur Treatment,treatment,combination|dry|oily,dark spots|oiliness|sensitivity,sulfur,yes,yes,no,AM,,9.89,skincare_products_5000.csv,P00989,synthetic
PRD0004886,Vanicream,Vanicream Barrier Titanium Dioxide SPF 50,sunscreen,combination,acne|aging|oiliness,"titanium dioxide, niacinamide, vitamin e",yes,yes,no,AM,50.0,10.76,skincare_products_5000.csv,P03937,synthetic
PRD0004887,Vanicream,Vanicream Barrier Titanium Dioxide SPF 50,sunscreen,oily,acne|dark spots|sensitivity,"titanium dioxide, niacinamide",yes,yes,no,AM,50.0,22.87,skincare_products_5000.csv,P04896,synthetic
PRD0004888,Vanicream,Vanicream Barrier Urea Moisturizer,moisturizer,combination-sensitive|oily,acne,urea,yes,yes,no,AM/PM,,11.01,skincare_products_5000.csv,P01598,synthetic
PRD0004889,Vanicream,Vanicream Calm Adapalene Treatment,treatment,combination|oily|sensitive,acne|dark spots|dryness,"adapalene, sulfur",no,yes,yes,AM/PM,,25.32,skincare_products_5000.csv,P03781,synthetic
PRD0004890,Vanicream,Vanicream Calm Azelaic Acid Treatment,treatment,oily,dryness|sensitivity,azelaic acid,yes,no,no,AM/PM,,12.55,skincare_products_5000.csv,P00806,synthetic
PRD0004891,Vanicream,Vanicream Calm Centella Mask,mask,combination|combination-sensitive,redness,"centella, clay",yes,no,no,AM/PM,,25.53,skincare_products_5000.csv,P01547,synthetic
PRD0004892,Vanicream,Vanicream Calm Centella Mask,mask,sensitive,redness,"centella, oat extract",no,no,no,PM,,8.91,skincare_products_5000.csv,P02559,synthetic
PRD0004893,Vanicream,Vanicream Calm Centella Serum,serum,combination-sensitive|dry|normal,sensitivity,centella,yes,yes,no,Weekly,,17.12,skincare_products_5000.csv,P01345,synthetic
PRD0004894,Vanicream,Vanicream Calm Centella Toner,toner,combination|dry|sensitive,acne|redness,"centella, beta-glucan, niacinamide",yes,no,no,PM,,9.73,skincare_products_5000.csv,P04398,synthetic
PRD0004895,Vanicream,Vanicream Calm Cholesterol Moisturizer,moisturizer,combination-sensitive|normal|oily,acne|oiliness,"cholesterol, panthenol, squalane",yes,yes,no,PM,,20.02,skincare_products_5000.csv,P02512,synthetic
PRD0004896,Vanicream,Vanicream Calm Cholesterol Moisturizer,moisturizer,normal,barrier repair,"cholesterol, urea, glycerin",yes,no,no,AM/PM,,20.94,skincare_products_5000.csv,P00841,synthetic
PRD0004897,Vanicream,Vanicream Calm Hyaluronic Acid Mask,mask,combination|combination-sensitive,dehydration|redness,"hyaluronic acid, centella",yes,no,no,AM/PM,,18.83,skincare_products_5000.csv,P02995,synthetic
PRD0004898,Vanicream,Vanicream Calm Niacinamide Serum,serum,combination-sensitive|normal,acne|dehydration|redness,"niacinamide, retinol, centella",yes,yes,no,AM/PM,,11.22,skincare_products_5000.csv,P02865,synthetic
PRD0004899,Vanicream,Vanicream Calm Oat Extract Mask,mask,combination|normal,sensitivity,"oat extract, hyaluronic acid",no,no,no,PM,,8.32,skincare_products_5000.csv,P01444,synthetic
PRD0004900,Vanicream,Vanicream Calm Octocrylene SPF 50,sunscreen,combination|combination-sensitive|normal,sensitivity,"octocrylene, zinc oxide, niacinamide",yes,yes,no,AM,50.0,26.3,skincare_products_5000.csv,P04168,synthetic
PRD0004901,Vanicream,Vanicream Calm Panthenol Toner,toner,normal,acne|redness,"panthenol, pha",yes,no,no,Weekly,,11.49,skincare_products_5000.csv,P02454,synthetic
PRD0004902,Vanicream,Vanicream Calm Peptides Serum,serum,combination|oily,aging,peptides,yes,yes,no,Weekly,,30.97,skincare_products_5000.csv,P02544,synthetic
PRD0004903,Vanicream,Vanicream Calm Salicylic Acid Cleanser,cleanser,combination,barrier repair|dark spots|redness,salicylic acid,no,yes,no,PM,,11.65,skincare_products_5000.csv,P02326,synthetic
PRD0004904,Vanicream,Vanicream Calm Squalane Moisturizer,moisturizer,dry,dryness,squalane,yes,yes,no,Weekly,,13.28,skincare_products_5000.csv,P01795,synthetic
PRD0004905,Vanicream,Vanicream Calm Squalane Moisturizer,moisturizer,dry|normal,barrier repair|dryness|oiliness,squalane,yes,yes,no,PM,,28.7,skincare_products_5000.csv,P00784,synthetic
PRD0004906,Vanicream,Vanicream Calm Sulfur Mask,mask,combination-sensitive|dry,barrier repair|sensitivity,"sulfur, centella",yes,no,no,PM,,14.71,skincare_products_5000.csv,P00652,synthetic
PRD0004907,Vanicream,Vanicream Calm Sulfur Mask,mask,sensitive,acne|dehydration|oiliness,sulfur,yes,no,no,Weekly,,8.76,skincare_products_5000.csv,P04309,synthetic
PRD0004908,Vanicream,Vanicream Calm Zinc Oxide SPF 50,sunscreen,combination|sensitive,acne|sensitivity,"zinc oxide, octocrylene, niacinamide",no,yes,no,AM,30.0,16.58,skincare_products_5000.csv,P04657,synthetic
PRD0004909,Vanicream,Vanicream Clear Avobenzone SPF 50,sunscreen,combination-sensitive|sensitive,acne|barrier repair|oiliness,"avobenzone, niacinamide",no,yes,no,AM,50.0,13.33,skincare_products_5000.csv,P04646,synthetic
PRD0004910,Vanicream,Vanicream Clear Betaine Cleanser,cleanser,combination|combination-sensitive|sensitive,acne|aging|dark spots,"betaine, glycerin, salicylic acid",yes,no,no,AM,,24.64,skincare_products_5000.csv,P01844,synthetic
PRD0004911,Vanicream,Vanicream Clear Centella Cleanser,cleanser,combination-sensitive|dry|normal,dehydration|sensitivity,centella,no,no,no,AM,,22.68,skincare_products_5000.csv,P04510,synthetic
PRD0004912,Vanicream,Vanicream Clear Centella Mask,mask,combination-sensitive|normal,dark spots|dehydration|sensitivity,centella,yes,no,no,Weekly,,18.73,skincare_products_5000.csv,P04449,synthetic
PRD0004913,Vanicream,Vanicream Clear Centella Mask,mask,dry|normal|sensitive,aging|oiliness|redness,"centella, clay",yes,no,no,Weekly,,17.36,skincare_products_5000.csv,P02202,synthetic
PRD0004914,Vanicream,Vanicream Clear Ceramides Cleanser,cleanser,oily,dryness|oiliness,"ceramides, glycerin",yes,no,no,Weekly,,23.89,skincare_products_5000.csv,P04793,synthetic
PRD0004915,Vanicream,Vanicream Clear Glycerin Cleanser,cleanser,oily,acne|dark spots|redness,"glycerin, centella, ceramides",no,yes,no,PM,,9.2,skincare_products_5000.csv,P00006,synthetic
PRD0004916,Vanicream,Vanicream Clear Glycerin Moisturizer,moisturizer,combination,acne|oiliness,"glycerin, ceramides, panthenol",yes,yes,no,AM/PM,,15.83,skincare_products_5000.csv,P04066,synthetic
PRD0004917,Vanicream,Vanicream Clear Glycerin Toner,toner,combination|sensitive,barrier repair|dehydration|oiliness,"glycerin, centella",yes,no,no,AM,,11.09,skincare_products_5000.csv,P04871,synthetic
PRD0004918,Vanicream,Vanicream Clear Green Tea Mask,mask,combination-sensitive|normal,barrier repair|dryness|sensitivity,"green tea, sulfur",yes,no,no,Weekly,,12.39,skincare_products_5000.csv,P03677,synthetic
PRD0004919,Vanicream,Vanicream Clear Niacinamide Cleanser,cleanser,combination|combination-sensitive|oily,aging|dark spots|dehydration,niacinamide,yes,yes,no,Weekly,,21.71,skincare_products_5000.csv,P00777,synthetic
PRD0004920,Vanicream,Vanicream Clear Niacinamide Cleanser,cleanser,normal,acne|aging|dryness,"niacinamide, betaine",yes,no,no,AM/PM,,12.22,skincare_products_5000.csv,P01185,synthetic
PRD0004921,Vanicream,Vanicream Clear Niacinamide Toner,toner,oily,barrier repair,niacinamide,no,no,no,Weekly,,16.67,skincare_products_5000.csv,P04369,synthetic
PRD0004922,Vanicream,Vanicream Clear Octocrylene SPF 50,sunscreen,dry|normal|sensitive,dehydration|dryness,"octocrylene, titanium dioxide",no,yes,no,AM,50.0,19.15,skincare_products_5000.csv,P03720,synthetic
PRD0004923,Vanicream,Vanicream Clear Panthenol Moisturizer,moisturizer,combination|dry|normal,dryness,"panthenol, squalane, urea",no,yes,no,AM,,22.67,skincare_products_5000.csv,P00022,synthetic
PRD0004924,Vanicream,Vanicream Clear Retinol Serum,serum,combination-sensitive|sensitive,dehydration,retinol,yes,yes,no,AM,,34.77,skincare_products_5000.csv,P04886,synthetic
PRD0004925,Vanicream,Vanicream Clear Squalane Moisturizer,moisturizer,combination|normal|sensitive,acne|dehydration,"squalane, ceramides",yes,yes,no,PM,,33.29,skincare_products_5000.csv,P01784,synthetic
PRD0004926,Vanicream,Vanicream Clear Sulfur Mask,mask,combination-sensitive|oily|sensitive,barrier repair,"sulfur, oat extract, hyaluronic acid",no,no,no,Weekly,,17.96,skincare_products_5000.csv,P01831,synthetic
PRD0004927,Vanicream,Vanicream Clear Titanium Dioxide SPF 50,sunscreen,sensitive,oiliness|redness,"titanium dioxide, zinc oxide, octocrylene",yes,yes,no,AM,50.0,19.23,skincare_products_5000.csv,P00826,synthetic
PRD0004928,Vanicream,Vanicream Clear Urea Moisturizer,moisturizer,combination-sensitive|normal|oily,acne|dehydration|sensitivity,"urea, glycerin",yes,yes,no,AM/PM,,30.18,skincare_products_5000.csv,P02945,synthetic
PRD0004929,Vanicream,Vanicream Clear Urea Moisturizer,moisturizer,normal|sensitive,acne|dryness,"urea, squalane, ceramides",no,yes,no,Weekly,,31.58,skincare_products_5000.csv,P04849,synthetic
PRD0004930,Vanicream,Vanicream Clear Zinc Oxide SPF 50,sunscreen,combination-sensitive|sensitive,sensitivity,"zinc oxide, vitamin e, octocrylene",yes,yes,no,AM,30.0,20.69,skincare_products_5000.csv,P04747,synthetic
PRD0004931,Vanicream,Vanicream Clear Zinc Oxide SPF 50,sunscreen,dry|oily,dark spots|dehydration,"zinc oxide, vitamin e, niacinamide",yes,yes,no,AM,50.0,14.49,skincare_products_5000.csv,P04518,synthetic
PRD0004932,Vanicream,Vanicream Daily Adapalene Treatment,treatment,combination-sensitive|normal|sensitive,dryness,"adapalene, salicylic acid, retinol",no,yes,yes,PM,,33.47,skincare_products_5000.csv,P00083,synthetic
PRD0004933,Vanicream,Vanicream Daily Azelaic Acid Serum,serum,combination|combination-sensitive|normal,dehydration,azelaic acid,yes,yes,no,AM/PM,,44.31,skincare_products_5000.csv,P03634,synthetic
PRD0004934,Vanicream,Vanicream Daily Azelaic Acid Serum,serum,combination|oily,acne|aging|barrier repair,azelaic acid,yes,yes,no,PM,,26.17,skincare_products_5000.csv,P03690,synthetic
PRD0004935,Vanicream,Vanicream Daily Azelaic Acid Treatment,treatment,dry|oily,dehydration|sensitivity,"azelaic acid, retinol",no,yes,no,Weekly,,10.53,skincare_products_5000.csv,P04142,synthetic
PRD0004936,Vanicream,Vanicream Daily Centella Serum,serum,combination|dry,dark spots,centella,yes,yes,no,AM,,33.89,skincare_products_5000.csv,P01351,synthetic
PRD0004937,Vanicream,Vanicream Daily Cholesterol Moisturizer,moisturizer,combination,aging|dehydration,"cholesterol, urea, ceramides",yes,yes,no,AM/PM,,22.96,skincare_products_5000.csv,P03801,synthetic
PRD0004938,Vanicream,Vanicream Daily Clay Mask,mask,combination|oily|sensitive,dark spots|dehydration|redness,"clay, hyaluronic acid, oat extract",yes,no,no,Weekly,,23.85,skincare_products_5000.csv,P00498,synthetic
PRD0004939,Vanicream,Vanicream Daily Glycerin Cleanser,cleanser,sensitive,dryness,"glycerin, salicylic acid, ceramides",yes,yes,no,PM,,12.01,skincare_products_5000.csv,P02136,synthetic
PRD0004940,Vanicream,Vanicream Daily Hyaluronic Acid Mask,mask,normal,sensitivity,hyaluronic acid,yes,no,no,AM,,8.24,skincare_products_5000.csv,P03893,synthetic
PRD0004941,Vanicream,Vanicream Daily Niacinamide Serum,serum,dry|normal|oily,aging|dark spots,"niacinamide, centella",no,no,no,AM,,38.15,skincare_products_5000.csv,P03921,synthetic
PRD0004942,Vanicream,Vanicream Daily Niacinamide Toner,toner,combination-sensitive|sensitive,barrier repair|dryness|redness,"niacinamide, pha",yes,no,no,AM/PM,,17.01,skincare_products_5000.csv,P03512,synthetic
PRD0004943,Vanicream,Vanicream Daily Panthenol Moisturizer,moisturizer,combination-sensitive,aging|dehydration,"panthenol, cholesterol, ceramides",yes,yes,no,AM/PM,,13.55,skincare_products_5000.csv,P03692,synthetic
PRD0004944,Vanicream,Vanicream Daily Peptides Serum,serum,combination-sensitive,acne,"peptides, hyaluronic acid",yes,yes,no,Weekly,,43.98,skincare_products_5000.csv,P03265,synthetic
PRD0004945,Vanicream,Vanicream Daily Retinol Serum,serum,combination|combination-sensitive|oily,barrier repair|dehydration|sensitivity,"retinol, peptides, niacinamide",yes,no,no,AM/PM,,18.15,skincare_products_5000.csv,P01358,synthetic
PRD0004946,Vanicream,Vanicream Daily Salicylic Acid Cleanser,cleanser,sensitive,redness,salicylic acid,yes,no,no,Weekly,,10.36,skincare_products_5000.csv,P02732,synthetic
PRD0004947,Vanicream,Vanicream Daily Sulfur Treatment,treatment,combination|dry|sensitive,dark spots|oiliness|redness,"sulfur, azelaic acid, benzoyl peroxide",yes,yes,no,AM,,25.78,skincare_products_5000.csv,P03542,synthetic
PRD0004948,Vanicream,Vanicream Daily Sulfur Treatment,treatment,combination|oily,dryness|sensitivity,sulfur,yes,yes,no,AM,,29.97,skincare_products_5000.csv,P04300,synthetic
PRD0004949,Vanicream,Vanicream Daily Vitamin C Serum,serum,combination-sensitive|dry|sensitive,redness,"vitamin c, azelaic acid",yes,yes,no,AM,,33.66,skincare_products_5000.csv,P02469,synthetic
PRD0004950,Vanicream,Vanicream Daily Vitamin C Serum,serum,oily|sensitive,dehydration|oiliness|redness,vitamin c,no,yes,no,PM,,10.0,skincare_products_5000.csv,P00224,synthetic
PRD0004951,Vanicream,Vanicream Daily Zinc Oxide SPF 50,sunscreen,combination-sensitive|sensitive,oiliness,zinc oxide,yes,no,no,AM,50.0,22.58,skincare_products_5000.csv,P04533,synthetic
PRD0004952,Vanicream,Vanicream Glow Avobenzone SPF 50,sunscreen,combination-sensitive|dry,barrier repair|dryness|oiliness,"avobenzone, vitamin e, zinc oxide",yes,no,no,AM,50.0,16.69,skincare_products_5000.csv,P01140,synthetic
PRD0004953,Vanicream,Vanicream Glow Avobenzone SPF 50,sunscreen,combination|oily,aging|oiliness,"avobenzone, vitamin e, zinc oxide",yes,yes,no,AM,50.0,11.8,skincare_products_5000.csv,P02355,synthetic
PRD0004954,Vanicream,Vanicream Glow Avobenzone SPF 50,sunscreen,dry,barrier repair,"avobenzone, vitamin e",yes,yes,no,AM,50.0,27.08,skincare_products_5000.csv,P04512,synthetic
PRD0004955,Vanicream,Vanicream Glow Azelaic Acid Serum,serum,combination,aging|dehydration|oiliness,"azelaic acid, niacinamide",no,yes,no,AM,,21.1,skincare_products_5000.csv,P02236,synthetic
PRD0004956,Vanicream,Vanicream Glow Azelaic Acid Serum,serum,combination-sensitive|dry,aging|barrier repair,azelaic acid,yes,yes,no,Weekly,,14.29,skincare_products_5000.csv,P04837,synthetic
PRD0004957,Vanicream,Vanicream Glow Centella Cleanser,cleanser,normal|oily,acne|dark spots,"centella, niacinamide",yes,no,no,AM,,13.81,skincare_products_5000.csv,P01566,synthetic
PRD0004958,Vanicream,Vanicream Glow Centella Mask,mask,combination-sensitive,dryness|oiliness,"centella, clay, oat extract",yes,no,no,Weekly,,22.88,skincare_products_5000.csv,P01702,synthetic
PRD0004959,Vanicream,Vanicream Glow Centella Mask,mask,combination|combination-sensitive|oily,dehydration|dryness,"centella, oat extract, hyaluronic acid",yes,no,no,Weekly,,24.47,skincare_products_5000.csv,P04220,synthetic
PRD0004960,Vanicream,Vanicream Glow Centella Mask,mask,combination|normal|sensitive,sensitivity,"centella, oat extract, green tea",yes,no,no,AM/PM,,15.18,skincare_products_5000.csv,P02261,synthetic
PRD0004961,Vanicream,Vanicream Glow Ceramides Moisturizer,moisturizer,combination|oily,acne|aging|oiliness,ceramides,yes,yes,no,AM,,24.19,skincare_products_5000.csv,P04740,synthetic
PRD0004962,Vanicream,Vanicream Glow Ceramides Moisturizer,moisturizer,dry|oily,acne|barrier repair|redness,ceramides,yes,yes,no,Weekly,,27.81,skincare_products_5000.csv,P03925,synthetic
PRD0004963,Vanicream,Vanicream Glow Cholesterol Moisturizer,moisturizer,combination|sensitive,acne|barrier repair|dark spots,"cholesterol, glycerin",yes,yes,no,AM,,21.01,skincare_products_5000.csv,P04919,synthetic
PRD0004964,Vanicream,Vanicream Glow Glycerin Moisturizer,moisturizer,combination-sensitive|normal|sensitive,barrier repair|dark spots|dryness,"glycerin, urea, ceramides",yes,no,no,AM/PM,,30.13,skincare_products_5000.csv,P02089,synthetic
PRD0004965,Vanicream,Vanicream Glow Glycerin Moisturizer,moisturizer,sensitive,redness,"glycerin, ceramides",yes,yes,no,Weekly,,12.8,skincare_products_5000.csv,P01497,synthetic
PRD0004966,Vanicream,Vanicream Glow Niacinamide Cleanser,cleanser,normal,aging|sensitivity,"niacinamide, salicylic acid",yes,yes,no,Weekly,,18.45,skincare_products_5000.csv,P03873,synthetic
PRD0004967,Vanicream,Vanicream Glow Niacinamide Serum,serum,combination-sensitive|sensitive,oiliness,niacinamide,yes,no,no,AM/PM,,13.55,skincare_products_5000.csv,P03518,synthetic
PRD0004968,Vanicream,Vanicream Glow Octocrylene SPF 50,sunscreen,combination,dark spots|dryness,"octocrylene, niacinamide, titanium dioxide",yes,yes,no,AM,50.0,22.26,skincare_products_5000.csv,P00484,synthetic
PRD0004969,Vanicream,Vanicream Glow Panthenol Moisturizer,moisturizer,combination-sensitive|dry|sensitive,aging|redness|sensitivity,"panthenol, squalane, urea",yes,yes,no,AM,,27.46,skincare_products_5000.csv,P03503,synthetic
PRD0004970,Vanicream,Vanicream Glow Panthenol Moisturizer,moisturizer,combination-sensitive|oily|sensitive,barrier repair|redness|sensitivity,panthenol,yes,yes,no,AM/PM,,15.94,skincare_products_5000.csv,P01369,synthetic
PRD0004971,Vanicream,Vanicream Glow Panthenol Toner,toner,combination|oily,redness,"panthenol, niacinamide, pha",yes,no,no,AM,,10.66,skincare_products_5000.csv,P03515,synthetic
PRD0004972,Vanicream,Vanicream Glow Peptides Serum,serum,combination-sensitive,dryness,"peptides, vitamin c, azelaic acid",yes,yes,no,AM/PM,,9.99,skincare_products_5000.csv,P03712,synthetic
PRD0004973,Vanicream,Vanicream Glow Salicylic Acid Cleanser,cleanser,combination-sensitive|dry|oily,aging|dark spots,"salicylic acid, niacinamide, centella",yes,yes,no,PM,,17.31,skincare_products_5000.csv,P04219,synthetic
PRD0004974,Vanicream,Vanicream Glow Salicylic Acid Cleanser,cleanser,combination|oily,aging|barrier repair,"salicylic acid, betaine, niacinamide",no,no,no,AM/PM,,18.09,skincare_products_5000.csv,P00518,synthetic
PRD0004975,Vanicream,Vanicream Glow Salicylic Acid Treatment,treatment,combination|normal|sensitive,acne|oiliness,"salicylic acid, benzoyl peroxide",no,yes,no,Weekly,,24.61,skincare_products_5000.csv,P02020,synthetic
PRD0004976,Vanicream,Vanicream Glow Squalane Moisturizer,moisturizer,dry|normal|oily,acne|dehydration|oiliness,"squalane, cholesterol",no,yes,no,Weekly,,19.67,skincare_products_5000.csv,P01499,synthetic
PRD0004977,Vanicream,Vanicream Glow Sulfur Mask,mask,dry|oily,dehydration,"sulfur, hyaluronic acid, centella",yes,no,no,AM/PM,,9.24,skincare_products_5000.csv,P02018,synthetic
PRD0004978,Vanicream,Vanicream Glow Sulfur Treatment,treatment,combination-sensitive|oily|sensitive,dark spots|sensitivity,"sulfur, adapalene, salicylic acid",yes,no,yes,AM,,23.93,skincare_products_5000.csv,P01711,synthetic
PRD0004979,Vanicream,Vanicream Glow Titanium Dioxide SPF 50,sunscreen,combination-sensitive|dry|oily,dehydration|oiliness|sensitivity,"titanium dioxide, niacinamide, vitamin e",yes,yes,no,AM,50.0,18.13,skincare_products_5000.csv,P00796,synthetic
PRD0004980,Vanicream,Vanicream Glow Zinc Oxide SPF 50,sunscreen,normal|sensitive,aging|oiliness,"zinc oxide, octocrylene, avobenzone",yes,yes,no,AM,50.0,27.95,skincare_products_5000.csv,P00603,synthetic
PRD0004981,Vanicream,Vanicream Hydra Adapalene Treatment,treatment,normal|sensitive,aging|barrier repair|dryness,"adapalene, retinol",yes,yes,yes,AM,,17.0,skincare_products_5000.csv,P04549,synthetic
PRD0004982,Vanicream,Vanicream Hydra Azelaic Acid Treatment,treatment,oily|sensitive,dryness|redness,azelaic acid,yes,no,no,PM,,21.47,skincare_products_5000.csv,P01353,synthetic
PRD0004983,Vanicream,Vanicream Hydra Beta-Glucan Toner,toner,oily|sensitive,dehydration,beta-glucan,yes,no,no,PM,,16.85,skincare_products_5000.csv,P00941,synthetic
PRD0004984,Vanicream,Vanicream Hydra Betaine Cleanser,cleanser,combination|sensitive,barrier repair|dryness|oiliness,"betaine, niacinamide",yes,no,no,Weekly,,14.32,skincare_products_5000.csv,P02940,synthetic
PRD0004985,Vanicream,Vanicream Hydra Centella Mask,mask,dry|oily|sensitive,oiliness|sensitivity,"centella, green tea, oat extract",yes,no,no,AM/PM,,13.1,skincare_products_5000.csv,P02044,synthetic
PRD0004986,Vanicream,Vanicream Hydra Centella Serum,serum,dry|normal|oily,acne,"centella, azelaic acid, peptides",yes,yes,no,Weekly,,37.61,skincare_products_5000.csv,P04503,synthetic
PRD0004987,Vanicream,Vanicream Hydra Centella Toner,toner,combination|dry,dryness,"centella, beta-glucan",yes,no,no,Weekly,,20.35,skincare_products_5000.csv,P02651,synthetic
PRD0004988,Vanicream,Vanicream Hydra Centella Toner,toner,combination|dry|sensitive,acne|aging|dryness,"centella, glycerin",yes,no,no,AM,,13.65,skincare_products_5000.csv,P00982,synthetic
PRD0004989,Vanicream,Vanicream Hydra Ceramides Cleanser,cleanser,combination|combination-sensitive|dry,barrier repair|redness,"ceramides, centella",yes,yes,no,AM,,23.45,skincare_products_5000.csv,P03191,synthetic
PRD0004990,Vanicream,Vanicream Hydra Ceramides Moisturizer,moisturizer,combination|combination-sensitive|oily,barrier repair|dark spots|dehydration,ceramides,yes,yes,no,Weekly,,28.85,skincare_products_5000.csv,P04109,synthetic
PRD0004991,Vanicream,Vanicream Hydra Cholesterol Moisturizer,moisturizer,combination|oily|sensitive,dark spots,cholesterol,yes,yes,no,PM,,16.58,skincare_products_5000.csv,P04350,synthetic
PRD0004992,Vanicream,Vanicream Hydra Glycerin Cleanser,cleanser,normal|oily,acne|dryness,glycerin,yes,yes,no,Weekly,,12.03,skincare_products_5000.csv,P02989,synthetic
PRD0004993,Vanicream,Vanicream Hydra Glycerin Moisturizer,moisturizer,combination|combination-sensitive|oily,aging|barrier repair|dehydration,"glycerin, panthenol",yes,yes,no,AM/PM,,33.5,skincare_products_5000.csv,P02231,synthetic
PRD0004994,Vanicream,Vanicream Hydra Hyaluronic Acid Mask,mask,combination-sensitive|normal|sensitive,dehydration,hyaluronic acid,yes,no,no,AM/PM,,18.18,skincare_products_5000.csv,P02407,synthetic
PRD0004995,Vanicream,Vanicream Hydra Hyaluronic Acid Serum,serum,sensitive,redness|sensitivity,"hyaluronic acid, azelaic acid",yes,no,no,Weekly,,26.94,skincare_products_5000.csv,P02095,synthetic
PRD0004996,Vanicream,Vanicream Hydra Niacinamide SPF 50,sunscreen,combination|combination-sensitive|sensitive,dehydration,"niacinamide, avobenzone, zinc oxide",yes,yes,no,AM,50.0,19.02,skincare_products_5000.csv,P03489,synthetic
PRD0004997,Vanicream,Vanicream Hydra Niacinamide Serum,serum,combination|normal|sensitive,aging|dark spots|dehydration,niacinamide,no,yes,no,Weekly,,28.0,skincare_products_5000.csv,P03215,synthetic
PRD0004998,Vanicream,Vanicream Hydra Niacinamide Serum,serum,oily,aging|dark spots,niacinamide,no,yes,no,Weekly,,42.47,skincare_products_5000.csv,P00396,synthetic
PRD0004999,Vanicream,Vanicream Hydra Niacinamide Toner,toner,normal,barrier repair,niacinamide,yes,no,no,AM,,11.4,skincare_products_5000.csv,P03040,synthetic
PRD0005000,Vanicream,Vanicream Hydra Oat Extract Mask,mask,combination-sensitive|sensitive,acne|oiliness,"oat extract, sulfur, green tea",yes,no,no,Weekly,,22.46,skincare_products_5000.csv,P03573,synthetic
PRD0005001,Vanicream,Vanicream Hydra Oat Extract Mask,mask,combination|oily,acne|dark spots,"oat extract, hyaluronic acid",no,no,no,PM,,24.82,skincare_products_5000.csv,P03510,synthetic
PRD0005002,Vanicream,Vanicream Hydra Octocrylene SPF 50,sunscreen,normal,dehydration|redness|sensitivity,octocrylene,no,no,no,AM,30.0,24.27,skincare_products_5000.csv,P04058,synthetic
PRD0005003,Vanicream,Vanicream Hydra Panthenol Moisturizer,moisturizer,normal|oily,dehydration,panthenol,no,yes,no,Weekly,,32.62,skincare_products_5000.csv,P04093,synthetic
PRD0005004,Vanicream,Vanicream Hydra Retinol Treatment,treatment,combination-sensitive|oily,barrier repair|dryness|sensitivity,"retinol, benzoyl peroxide",no,yes,no,PM,,20.4,skincare_products_5000.csv,P03884,synthetic
PRD0005005,Vanicream,Vanicream Hydra Squalane Moisturizer,moisturizer,dry,oiliness,"squalane, urea, ceramides",yes,yes,no,AM/PM,,30.72,skincare_products_5000.csv,P00621,synthetic
PRD0005006,Vanicream,Vanicream Hydra Titanium Dioxide SPF 50,sunscreen,combination|combination-sensitive,barrier repair|dark spots|oiliness,"titanium dioxide, zinc oxide",no,yes,no,AM,50.0,15.35,skincare_products_5000.csv,P02843,synthetic
PRD0005007,Vanicream,Vanicream Hydra Urea Moisturizer,moisturizer,combination|oily|sensitive,sensitivity,urea,no,yes,no,AM,,10.91,skincare_products_5000.csv,P01605,synthetic
PRD0005008,Vanicream,Vanicream Hydra Zinc Oxide SPF 50,sunscreen,normal|oily|sensitive,aging|redness,"zinc oxide, titanium dioxide, octocrylene",yes,yes,no,AM,50.0,29.96,skincare_products_5000.csv,P00878,synthetic
PRD0005009,Vanicream,Vanicream Pure Adapalene Treatment,treatment,combination-sensitive|normal|oily,redness,"adapalene, benzoyl peroxide, retinol",no,yes,yes,AM,,22.15,skincare_products_5000.csv,P03985,synthetic
PRD0005010,Vanicream,Vanicream Pure Avobenzone SPF 50,sunscreen,normal|oily|sensitive,aging|barrier repair|dryness,"avobenzone, vitamin e, octocrylene",yes,yes,no,AM,50.0,28.4,skincare_products_5000.csv,P04343,synthetic
PRD0005011,Vanicream,Vanicream Pure Benzoyl Peroxide Treatment,treatment,combination-sensitive,dryness,benzoyl peroxide,yes,yes,no,AM/PM,,23.33,skincare_products_5000.csv,P02255,synthetic
PRD0005012,Vanicream,Vanicream Pure Beta-Glucan Toner,toner,combination|sensitive,dark spots,"beta-glucan, centella",yes,no,no,Weekly,,12.24,skincare_products_5000.csv,P03736,synthetic
PRD0005013,Vanicream,Vanicream Pure Centella Cleanser,cleanser,dry|normal,aging|dark spots|dryness,"centella, salicylic acid",no,yes,no,AM,,25.98,skincare_products_5000.csv,P00833,synthetic
PRD0005014,Vanicream,Vanicream Pure Centella Mask,mask,combination|combination-sensitive,dryness|redness|sensitivity,centella,yes,no,no,Weekly,,18.86,skincare_products_5000.csv,P00096,synthetic
PRD0005015,Vanicream,Vanicream Pure Ceramides Moisturizer,moisturizer,combination-sensitive|dry,dehydration,"ceramides, urea",no,yes,no,AM/PM,,34.86,skincare_products_5000.csv,P03397,synthetic
PRD0005016,Vanicream,Vanicream Pure Glycerin Moisturizer,moisturizer,combination,dryness,"glycerin, cholesterol",no,yes,no,Weekly,,19.12,skincare_products_5000.csv,P00021,synthetic
PRD0005017,Vanicream,Vanicream Pure Glycerin Toner,toner,oily,redness|sensitivity,"glycerin, pha",yes,no,no,Weekly,,23.57,skincare_products_5000.csv,P02552,synthetic
PRD0005018,Vanicream,Vanicream Pure Hyaluronic Acid Serum,serum,combination|combination-sensitive|sensitive,acne|dehydration,"hyaluronic acid, retinol",yes,no,no,PM,,13.71,skincare_products_5000.csv,P03974,synthetic
PRD0005019,Vanicream,Vanicream Pure Hyaluronic Acid Serum,serum,dry|normal|oily,dark spots|oiliness,"hyaluronic acid, centella",yes,yes,no,AM,,26.11,skincare_products_5000.csv,P00132,synthetic
PRD0005020,Vanicream,Vanicream Pure Niacinamide Cleanser,cleanser,normal,dehydration|dryness|redness,niacinamide,yes,yes,no,PM,,14.48,skincare_products_5000.csv,P01394,synthetic
PRD0005021,Vanicream,Vanicream Pure Octocrylene SPF 50,sunscreen,oily|sensitive,dark spots,"octocrylene, zinc oxide, titanium dioxide",no,yes,no,AM,50.0,22.13,skincare_products_5000.csv,P04212,synthetic
PRD0005022,Vanicream,Vanicream Pure Panthenol Moisturizer,moisturizer,combination|normal,aging|dryness,"panthenol, urea",yes,no,no,AM,,15.02,skincare_products_5000.csv,P00787,synthetic
PRD0005023,Vanicream,Vanicream Pure Peptides Serum,serum,combination|oily,barrier repair|redness,peptides,no,no,no,AM/PM,,17.21,skincare_products_5000.csv,P00780,synthetic
PRD0005024,Vanicream,Vanicream Pure Retinol Serum,serum,combination|normal|oily,acne|dehydration|oiliness,retinol,yes,yes,no,AM/PM,,35.83,skincare_products_5000.csv,P02003,synthetic
PRD0005025,Vanicream,Vanicream Pure Retinol Treatment,treatment,sensitive,barrier repair|oiliness|sensitivity,"retinol, salicylic acid",no,yes,no,Weekly,,13.88,skincare_products_5000.csv,P02111,synthetic
PRD0005026,Vanicream,Vanicream Pure Salicylic Acid Treatment,treatment,combination|combination-sensitive,acne|barrier repair|dark spots,"salicylic acid, sulfur, adapalene",yes,yes,yes,PM,,15.76,skincare_products_5000.csv,P01081,synthetic
PRD0005027,Vanicream,Vanicream Pure Salicylic Acid Treatment,treatment,dry|oily,barrier repair|dehydration|dryness,"salicylic acid, azelaic acid, sulfur",no,yes,no,AM,,34.21,skincare_products_5000.csv,P04718,synthetic
PRD0005028,Vanicream,Vanicream Pure Salicylic Acid Treatment,treatment,sensitive,aging|dark spots|oiliness,salicylic acid,yes,yes,no,AM,,14.93,skincare_products_5000.csv,P00955,synthetic
PRD0005029,Vanicream,Vanicream Pure Urea Moisturizer,moisturizer,sensitive,aging|sensitivity,urea,yes,yes,no,PM,,17.56,skincare_products_5000.csv,P00817,synthetic
PRD0005030,Vanicream,Vanicream Repair Avobenzone SPF 50,sunscreen,dry|normal|oily,acne|barrier repair|sensitivity,avobenzone,yes,no,no,AM,30.0,19.79,skincare_products_5000.csv,P01730,synthetic
PRD0005031,Vanicream,Vanicream Repair Azelaic Acid Serum,serum,dry|oily,acne|dehydration,azelaic acid,no,yes,no,AM/PM,,9.12,skincare_products_5000.csv,P03203,synthetic
PRD0005032,Vanicream,Vanicream Repair Benzoyl Peroxide Treatment,treatment,combination-sensitive|dry|sensitive,barrier repair,benzoyl peroxide,yes,no,no,PM,,31.08,skincare_products_5000.csv,P02176,synthetic
PRD0005033,Vanicream,Vanicream Repair Benzoyl Peroxide Treatment,treatment,dry,dehydration|dryness,"benzoyl peroxide, salicylic acid, adapalene",yes,yes,yes,AM,,25.17,skincare_products_5000.csv,P03394,synthetic
PRD0005034,Vanicream,Vanicream Repair Betaine Cleanser,cleanser,combination|dry|sensitive,barrier repair|oiliness|sensitivity,"betaine, glycerin, salicylic acid",yes,no,no,AM,,18.4,skincare_products_5000.csv,P01079,synthetic
PRD0005035,Vanicream,Vanicream Repair Betaine Cleanser,cleanser,dry|normal,dryness|redness,"betaine, salicylic acid, centella",no,yes,no,Weekly,,10.44,skincare_products_5000.csv,P01935,synthetic
PRD0005036,Vanicream,Vanicream Repair Betaine Cleanser,cleanser,dry|normal|oily,sensitivity,"betaine, glycerin, salicylic acid",yes,no,no,AM/PM,,25.05,skincare_products_5000.csv,P01184,synthetic
PRD0005037,Vanicream,Vanicream Repair Betaine Cleanser,cleanser,normal,redness,"betaine, niacinamide",yes,yes,no,PM,,9.17,skincare_products_5000.csv,P04734,synthetic
PRD0005038,Vanicream,Vanicream Repair Centella Toner,toner,dry|normal,dark spots,"centella, glycerin",yes,no,no,AM,,14.84,skincare_products_5000.csv,P03628,synthetic
PRD0005039,Vanicream,Vanicream Repair Ceramides Moisturizer,moisturizer,combination-sensitive|dry|oily,acne|dehydration|oiliness,"ceramides, squalane, glycerin",yes,yes,no,PM,,23.99,skincare_products_5000.csv,P03369,synthetic
PRD0005040,Vanicream,Vanicream Repair Ceramides Moisturizer,moisturizer,combination|dry,acne|aging,ceramides,no,yes,no,Weekly,,13.48,skincare_products_5000.csv,P04921,synthetic
PRD0005041,Vanicream,Vanicream Repair Cholesterol Moisturizer,moisturizer,sensitive,acne|barrier repair|oiliness,"cholesterol, panthenol, ceramides",yes,no,no,Weekly,,23.91,skincare_products_5000.csv,P01874,synthetic
PRD0005042,Vanicream,Vanicream Repair Glycerin Cleanser,cleanser,combination|combination-sensitive|dry,redness|sensitivity,"glycerin, salicylic acid, ceramides",yes,yes,no,Weekly,,24.24,skincare_products_5000.csv,P03472,synthetic
PRD0005043,Vanicream,Vanicream Repair Green Tea Mask,mask,oily,acne,"green tea, oat extract, centella",no,no,no,AM,,26.97,skincare_products_5000.csv,P04185,synthetic
PRD0005044,Vanicream,Vanicream Repair Hyaluronic Acid Mask,mask,dry,redness,"hyaluronic acid, sulfur, clay",no,no,no,PM,,24.57,skincare_products_5000.csv,P02389,synthetic
PRD0005045,Vanicream,Vanicream Repair Hyaluronic Acid Mask,mask,dry|oily,oiliness,"hyaluronic acid, green tea",yes,no,no,PM,,11.79,skincare_products_5000.csv,P02754,synthetic
PRD0005046,Vanicream,Vanicream Repair Niacinamide Serum,serum,combination-sensitive|dry|normal,redness,"niacinamide, centella, hyaluronic acid",no,no,no,AM,,33.19,skincare_products_5000.csv,P01620,synthetic
PRD0005047,Vanicream,Vanicream Repair Niacinamide Serum,serum,oily,acne|dark spots,niacinamide,yes,yes,no,AM,,23.63,skincare_products_5000.csv,P00578,synthetic
PRD0005048,Vanicream,Vanicream Repair Niacinamide Toner,toner,oily,acne|aging|dryness,niacinamide,yes,no,no,PM,,16.35,skincare_products_5000.csv,P00372,synthetic
PRD0005049,Vanicream,Vanicream Repair Niacinamide Toner,toner,sensitive,dark spots|sensitivity,"niacinamide, beta-glucan, panthenol",yes,no,no,PM,,16.63,skincare_products_5000.csv,P04440,synthetic
PRD0005050,Vanicream,Vanicream Repair Oat Extract Mask,mask,dry,barrier repair|oiliness,oat extract,yes,no,no,Weekly,,15.43,skincare_products_5000.csv,P04961,synthetic
PRD0005051,Vanicream,Vanicream Repair Octocrylene SPF 50,sunscreen,combination|combination-sensitive|oily,barrier repair,octocrylene,yes,yes,no,AM,50.0,28.58,skincare_products_5000.csv,P01243,synthetic
PRD0005052,Vanicream,Vanicream Repair Peptides Serum,serum,combination|dry|normal,dark spots,"peptides, vitamin c",no,no,no,AM,,30.09,skincare_products_5000.csv,P03753,synthetic
PRD0005053,Vanicream,Vanicream Repair Pha Toner,toner,combination-sensitive|normal|sensitive,aging|barrier repair|sensitivity,"pha, glycerin",yes,no,no,PM,,17.04,skincare_products_5000.csv,P02769,synthetic
PRD0005054,Vanicream,Vanicream Repair Retinol Treatment,treatment,combination-sensitive|normal,aging|dark spots,"retinol, azelaic acid, adapalene",yes,yes,no,AM,,20.45,skincare_products_5000.csv,P00658,synthetic
PRD0005055,Vanicream,Vanicream Repair Retinol Treatment,treatment,oily,oiliness,retinol,yes,yes,no,AM,,23.82,skincare_products_5000.csv,P04839,synthetic
PRD0005056,Vanicream,Vanicream Repair Sulfur Mask,mask,dry|oily,acne|dehydration|dryness,sulfur,yes,no,no,AM,,26.58,skincare_products_5000.csv,P04081,synthetic
PRD0005057,Vanicream,Vanicream Repair Titanium Dioxide SPF 50,sunscreen,combination|sensitive,barrier repair|dryness,"titanium dioxide, niacinamide, vitamin e",yes,yes,no,AM,50.0,17.61,skincare_products_5000.csv,P04608,synthetic
PRD0005058,Vanicream,Vanicream Repair Titanium Dioxide SPF 50,sunscreen,sensitive,dark spots,"titanium dioxide, octocrylene, vitamin e",no,yes,no,AM,50.0,13.38,skincare_products_5000.csv,P03602,synthetic
PRD0005059,Vanicream,Vanicream Repair Vitamin C Serum,serum,sensitive,aging|dehydration|oiliness,vitamin c,yes,yes,no,AM/PM,,34.0,skincare_products_5000.csv,P02384,synthetic
PRD0005060,Vanicream,Vanicream Repair Vitamin E SPF 50,sunscreen,dry,acne|dark spots,vitamin e,no,no,no,AM,50.0,19.19,skincare_products_5000.csv,P01573,synthetic
