recommendation_rule_id,skin_type,acne_level_0_5,dryness_level_0_5,oiliness_level_0_5,sensitivity_level_0_5,recommended_cleanser,recommended_moisturizer,recommended_serum,recommended_spf,recommended_treatment,source_datasets
REC0000001,combination,0,0,0,0,ultra gentle cleanser,rich cream moisturizer,vitamin c serum,spf50 matte,benzoyl peroxide,skincare_datasets.xlsx::Recommendations|skincare_recommendations_dataset.csv
REC0000002,combination,0,0,0,2,milk cleanser,soothing moisturizer,centella serum,spf50,benzoyl peroxide,skincare_datasets.xlsx::Recommendations|skincare_recommendations_dataset.csv
REC0000003,combination,0,0,0,5,salicylic acid cleanser,soothing moisturizer,centella serum,spf50,benzoyl peroxide,skincare_datasets.xlsx::Recommendations|skincare_recommendations_dataset.csv
REC0000004,combination,0,0,1,5,hydrating cleanser,ceramide moisturizer,retinol serum,spf50,benzoyl peroxide,skincare_datasets.xlsx::Recommendations|skincare_recommendations_dataset.csv
REC0000005,combination,0,0,2,5,milk cleanser,ceramide moisturizer,vitamin c serum,spf50,anti aging routine,skincare_datasets.xlsx::Recommendations|skincare_recommendations_dataset.csv
REC0000006,combination,0,0,3,4,acne control cleanser,oil free gel moisturizer,niacinamide serum,spf50 matte,anti aging routine,skincare_datasets.xlsx::Recommendations|skincare_recommendations_dataset.csv
REC0000007,combination,0,0,3,5,hydrating cleanser,rich cream moisturizer,retinol serum,spf30,benzoyl peroxide,skincare_datasets.xlsx::Recommendations|skincare_recommendations_dataset.csv
REC0000008,combination,0,0,4,0,acne control cleanser,ceramide moisturizer,peptide serum,spf50,calming treatment,skincare_datasets.xlsx::Recommendations|skincare_recommendations_dataset.csv
REC0000009,combination,0,0,4,3,acne control cleanser,rich cream moisturizer,centella serum,spf50 matte,benzoyl peroxide,skincare_datasets.xlsx::Recommendations|skincare_recommendations_dataset.csv
REC0000010,combination,0,0,4,5,ultra gentle cleanser,light lotion moisturizer,niacinamide serum,mineral spf50,retinol treatment,skincare_datasets.xlsx::Recommendations|skincare_recommendations_dataset.csv
REC0000011,combination,0,0,5,2,hydrating cleanser,rich cream moisturizer,niacinamide serum,spf50,benzoyl peroxide,skincare_datasets.xlsx::Recommendations|skincare_recommendations_dataset.csv
REC0000012,combination,0,0,5,2,milk cleanser,soothing moisturizer,hyaluronic acid serum,mineral spf50,barrier repair,skincare_datasets.xlsx::Recommendations|skincare_recommendations_dataset.csv
REC0000013,combination,0,1,0,4,acne control cleanser,oil free gel moisturizer,hyaluronic acid serum,mineral spf50,anti aging routine,skincare_datasets.xlsx::Recommendations|skincare_recommendations_dataset.csv
REC0000014,combination,0,1,2,5,acne control cleanser,light lotion moisturizer,niacinamide serum,mineral spf50,calming treatment,skincare_datasets.xlsx::Recommendations|skincare_recommendations_dataset.csv
REC0000015,combination,0,1,3,0,milk cleanser,light lotion moisturizer,hyaluronic acid serum,mineral spf50,anti aging routine,skincare_datasets.xlsx::Recommendations|skincare_recommendations_dataset.csv
REC0000016,combination,0,1,3,1,salicylic acid cleanser,light lotion moisturizer,retinol serum,mineral spf50,calming treatment,skincare_datasets.xlsx::Recommendations|skincare_recommendations_dataset.csv
REC0000017,combination,0,1,3,2,acne control cleanser,oil free gel moisturizer,retinol serum,spf50,chemical exfoliation,skincare_datasets.xlsx::Recommendations|skincare_recommendations_dataset.csv
REC0000018,combination,0,1,3,4,milk cleanser,light lotion moisturizer,peptide serum,spf30,hydrating mask,skincare_datasets.xlsx::Recommendations|skincare_recommendations_dataset.csv
REC0000019,combination,0,1,3,5,acne control cleanser,oil free gel moisturizer,niacinamide serum,spf50,barrier repair,skincare_datasets.xlsx::Recommendations|skincare_recommendations_dataset.csv
REC0000020,combination,0,1,3,5,hydrating cleanser,rich cream moisturizer,niacinamide serum,spf50,retinol treatment,skincare_datasets.xlsx::Recommendations|skincare_recommendations_dataset.csv
REC0000021,combination,0,1,3,5,milk cleanser,soothing moisturizer,hyaluronic acid serum,mineral spf50,retinol treatment,skincare_datasets.xlsx::Recommendations|skincare_recommendations_dataset.csv
REC0000022,combination,0,1,5,0,gentle foam cleanser,ceramide moisturizer,niacinamide serum,mineral spf50,hydrating mask,skincare_datasets.xlsx::Recommendations|skincare_recommendations_dataset.csv
REC0000023,combination,0,2,0,1,acne control cleanser,ceramide moisturizer,peptide serum,mineral spf50,retinol treatment,skincare_datasets.xlsx::Recommendations|skincare_recommendations_dataset.csv
REC0000024,combination,0,2,0,1,ultra gentle cleanser,oil free gel moisturizer,peptide serum,spf50,anti aging routine,skincare_datasets.xlsx::Recommendations|skincare_recommendations_dataset.csv
REC0000025,combination,0,2,0,5,gentle foam cleanser,soothing moisturizer,vitamin c serum,spf50,anti aging routine,skincare_datasets.xlsx::Recommendations|skincare_recommendations_dataset.csv
REC0000026,combination,0,2,0,5,salicylic acid cleanser,soothing moisturizer,hyaluronic acid serum,mineral spf50,anti aging routine,skincare_datasets.xlsx::Recommendations|skincare_recommendations_dataset.csv
REC0000027,combination,0,2,1,1,salicylic acid cleanser,ceramide moisturizer,hyaluronic acid serum,spf30,barrier repair,skincare_datasets.xlsx::Recommendations|skincare_recommendations_dataset.csv
REC0000028,combination,0,2,1,2,acne control cleanser,light lotion moisturizer,retinol serum,spf50,benzoyl peroxide,skincare_datasets.xlsx::Recommendations|skincare_recommendations_dataset.csv
REC0000029,combination,0,2,1,3,milk cleanser,oil free gel moisturizer,peptide serum,spf30,anti aging routine,skincare_datasets.xlsx::Recommendations|skincare_recommendations_dataset.csv
REC0000030,combination,0,2,2,5,ultra gentle cleanser,light lotion moisturizer,vitamin c serum,spf50,anti aging routine,skincare_datasets.xlsx::Recommendations|skincare_recommendations_dataset.csv
REC0000031,combination,0,2,2,5,ultra gentle cleanser,oil free gel moisturizer,centella serum,mineral spf50,retinol treatment,skincare_datasets.xlsx::Recommendations|skincare_recommendations_dataset.csv
REC0000032,combination,0,2,3,2,ultra gentle cleanser,ceramide moisturizer,niacinamide serum,spf30,retinol treatment,skincare_datasets.xlsx::Recommendations|skincare_recommendations_dataset.csv
REC0000033,combination,0,2,3,4,salicylic acid cleanser,rich cream moisturizer,hyaluronic acid serum,mineral spf50,retinol treatment,skincare_datasets.xlsx::Recommendations|skincare_recommendations_dataset.csv
REC0000034,combination,0,2,4,0,hydrating cleanser,soothing moisturizer,retinol serum,spf50,barrier repair,skincare_datasets.xlsx::Recommendations|skincare_recommendations_dataset.csv
REC0000035,combination,0,2,4,0,ultra gentle cleanser,light lotion moisturizer,hyaluronic acid serum,spf30,anti aging routine,skincare_datasets.xlsx::Recommendations|skincare_recommendations_dataset.csv
REC0000036,combination,0,2,4,5,milk cleanser,light lotion moisturizer,hyaluronic acid serum,spf50,barrier repair,skincare_datasets.xlsx::Recommendations|skincare_recommendations_dataset.csv
REC0000037,combination,0,2,5,0,gentle foam cleanser,soothing moisturizer,centella serum,spf50 matte,hydrating mask,skincare_datasets.xlsx::Recommendations|skincare_recommendations_dataset.csv
REC0000038,combination,0,2,5,4,acne control cleanser,soothing moisturizer,peptide serum,spf50,anti aging routine,skincare_datasets.xlsx::Recommendations|skincare_recommendations_dataset.csv
REC0000039,combination,0,3,0,5,gentle foam cleanser,light lotion moisturizer,hyaluronic acid serum,spf30,retinol treatment,skincare_datasets.xlsx::Recommendations|skincare_recommendations_dataset.csv
REC0000040,combination,0,3,1,3,ultra gentle cleanser,rich cream moisturizer,centella serum,spf50,calming treatment,skincare_datasets.xlsx::Recommendations|skincare_recommendations_dataset.csv
REC0000041,combination,0,3,1,4,milk cleanser,soothing moisturizer,niacinamide serum,spf50,anti aging routine,skincare_datasets.xlsx::Recommendations|skincare_recommendations_dataset.csv
REC0000042,combination,0,3,2,2,salicylic acid cleanser,ceramide moisturizer,centella serum,spf50 matte,chemical exfoliation,skincare_datasets.xlsx::Recommendations|skincare_recommendations_dataset.csv
REC0000043,combination,0,3,4,1,acne control cleanser,light lotion moisturizer,peptide serum,mineral spf50,chemical exfoliation,skincare_datasets.xlsx::Recommendations|skincare_recommendations_dataset.csv
REC0000044,combination,0,3,4,1,ultra gentle cleanser,ceramide moisturizer,hyaluronic acid serum,mineral spf50,retinol treatment,skincare_datasets.xlsx::Recommendations|skincare_recommendations_dataset.csv
REC0000045,combination,0,3,4,2,milk cleanser,ceramide moisturizer,centella serum,spf50 matte,retinol treatment,skincare_datasets.xlsx::Recommendations|skincare_recommendations_dataset.csv
REC0000046,combination,0,3,4,4,gentle foam cleanser,rich cream moisturizer,niacinamide serum,spf30,chemical exfoliation,skincare_datasets.xlsx::Recommendations|skincare_recommendations_dataset.csv
REC0000047,combination,0,3,5,0,gentle foam cleanser,rich cream moisturizer,retinol serum,spf50,barrier repair,skincare_datasets.xlsx::Recommendations|skincare_recommendations_dataset.csv
REC0000048,combination,0,3,5,1,ultra gentle cleanser,oil free gel moisturizer,peptide serum,spf30,barrier repair,skincare_datasets.xlsx::Recommendations|skincare_recommendations_dataset.csv
REC0000049,combination,0,4,0,1,milk cleanser,soothing moisturizer,vitamin c serum,spf50,retinol treatment,skincare_datasets.xlsx::Recommendations|skincare_recommendations_dataset.csv
REC0000050,combination,0,4,3,2,acne control cleanser,rich cream moisturizer,hyaluronic acid serum,mineral spf50,calming treatment,skincare_datasets.xlsx::Recommendations|skincare_recommendations_dataset.csv
REC0000051,combination,0,4,5,4,acne control cleanser,oil free gel moisturizer,retinol serum,spf50 matte,benzoyl peroxide,skincare_datasets.xlsx::Recommendations|skincare_recommendations_dataset.csv
REC0000052,combination,0,5,0,2,milk cleanser,soothing moisturizer,peptide serum,spf50,benzoyl peroxide,skincare_datasets.xlsx::Recommendations|skincare_recommendations_dataset.csv
REC0000053,combination,0,5,0,3,milk cleanser,light lotion moisturizer,centella serum,spf30,barrier repair,skincare_datasets.xlsx::Recommendations|skincare_recommendations_dataset.csv
REC0000054,combination,0,5,1,4,salicylic acid cleanser,rich cream moisturizer,peptide serum,spf50,chemical exfoliation,skincare_datasets.xlsx::Recommendations|skincare_recommendations_dataset.csv
REC0000055,combination,0,5,2,0,acne control cleanser,light lotion moisturizer,peptide serum,mineral spf50,hydrating mask,skincare_datasets.xlsx::Recommendations|skincare_recommendations_dataset.csv
REC0000056,combination,0,5,2,0,acne control cleanser,rich cream moisturizer,hyaluronic acid serum,mineral spf50,retinol treatment,skincare_datasets.xlsx::Recommendations|skincare_recommendations_dataset.csv
REC0000057,combination,0,5,2,2,ultra gentle cleanser,oil free gel moisturizer,peptide serum,spf50,barrier repair,skincare_datasets.xlsx::Recommendations|skincare_recommendations_dataset.csv
REC0000058,combination,0,5,2,3,ultra gentle cleanser,rich cream moisturizer,peptide serum,spf50,anti aging routine,skincare_datasets.xlsx::Recommendations|skincare_recommendations_dataset.csv
REC0000059,combination,0,5,3,1,milk cleanser,rich cream moisturizer,vitamin c serum,spf50 matte,retinol treatment,skincare_datasets.xlsx::Recommendations|skincare_recommendations_dataset.csv
REC0000060,combination,1,0,0,1,milk cleanser,oil free gel moisturizer,hyaluronic acid serum,spf30,anti aging routine,skincare_datasets.xlsx::Recommendations|skincare_recommendations_dataset.csv
REC0000061,combination,1,0,0,1,milk cleanser,rich cream moisturizer,niacinamide serum,spf50,chemical exfoliation,skincare_datasets.xlsx::Recommendations|skincare_recommendations_dataset.csv
REC0000062,combination,1,0,0,3,ultra gentle cleanser,soothing moisturizer,hyaluronic acid serum,mineral spf50,retinol treatment,skincare_datasets.xlsx::Recommendations|skincare_recommendations_dataset.csv
REC0000063,combination,1,0,1,0,hydrating cleanser,oil free gel moisturizer,peptide serum,mineral spf50,hydrating mask,skincare_datasets.xlsx::Recommendations|skincare_recommendations_dataset.csv
REC0000064,combination,1,0,1,1,hydrating cleanser,rich cream moisturizer,niacinamide serum,spf30,anti aging routine,skincare_datasets.xlsx::Recommendations|skincare_recommendations_dataset.csv
REC0000065,combination,1,0,1,4,acne control cleanser,soothing moisturizer,niacinamide serum,mineral spf50,benzoyl peroxide,skincare_datasets.xlsx::Recommendations|skincare_recommendations_dataset.csv
REC0000066,combination,1,0,1,5,salicylic acid cleanser,light lotion moisturizer,centella serum,spf30,calming treatment,skincare_datasets.xlsx::Recommendations|skincare_recommendations_dataset.csv
REC0000067,combination,1,0,2,3,ultra gentle cleanser,light lotion moisturizer,niacinamide serum,spf50,calming treatment,skincare_datasets.xlsx::Recommendations|skincare_recommendations_dataset.csv
REC0000068,combination,1,0,2,3,ultra gentle cleanser,soothing moisturizer,niacinamide serum,mineral spf50,calming treatment,skincare_datasets.xlsx::Recommendations|skincare_recommendations_dataset.csv
REC0000069,combination,1,0,2,4,ultra gentle cleanser,ceramide moisturizer,hyaluronic acid serum,spf50 matte,anti aging routine,skincare_datasets.xlsx::Recommendations|skincare_recommendations_dataset.csv
REC0000070,combination,1,0,2,5,hydrating cleanser,light lotion moisturizer,retinol serum,spf50,retinol treatment,skincare_datasets.xlsx::Recommendations|skincare_recommendations_dataset.csv
REC0000071,combination,1,0,3,1,ultra gentle cleanser,ceramide moisturizer,vitamin c serum,spf50 matte,calming treatment,skincare_datasets.xlsx::Recommendations|skincare_recommendations_dataset.csv
REC0000072,combination,1,0,3,3,milk cleanser,soothing moisturizer,vitamin c serum,spf50,barrier repair,skincare_datasets.xlsx::Recommendations|skincare_recommendations_dataset.csv
REC0000073,combination,1,0,3,5,ultra gentle cleanser,rich cream moisturizer,hyaluronic acid serum,mineral spf50,calming treatment,skincare_datasets.xlsx::Recommendations|skincare_recommendations_dataset.csv
REC0000074,combination,1,0,4,1,milk cleanser,ceramide moisturizer,niacinamide serum,mineral spf50,retinol treatment,skincare_datasets.xlsx::Recommendations|skincare_recommendations_dataset.csv
REC0000075,combination,1,1,0,1,hydrating cleanser,light lotion moisturizer,vitamin c serum,mineral spf50,calming treatment,skincare_datasets.xlsx::Recommendations|skincare_recommendations_dataset.csv
REC0000076,combination,1,1,0,3,acne control cleanser,light lotion moisturizer,vitamin c serum,mineral spf50,barrier repair,skincare_datasets.xlsx::Recommendations|skincare_recommendations_dataset.csv
REC0000077,combination,1,1,1,4,gentle foam cleanser,soothing moisturizer,vitamin c serum,mineral spf50,chemical exfoliation,skincare_datasets.xlsx::Recommendations|skincare_recommendations_dataset.csv
REC0000078,combination,1,1,2,2,milk cleanser,light lotion moisturizer,hyaluronic acid serum,spf30,anti aging routine,skincare_datasets.xlsx::Recommendations|skincare_recommendations_dataset.csv
REC0000079,combination,1,1,2,5,gentle foam cleanser,oil free gel moisturizer,vitamin c serum,spf30,retinol treatment,skincare_datasets.xlsx::Recommendations|skincare_recommendations_dataset.csv
REC0000080,combination,1,1,3,4,gentle foam cleanser,oil free gel moisturizer,hyaluronic acid serum,mineral spf50,hydrating mask,skincare_datasets.xlsx::Recommendations|skincare_recommendations_dataset.csv
REC0000081,combination,1,1,4,3,acne control cleanser,light lotion moisturizer,centella serum,spf50,calming treatment,skincare_datasets.xlsx::Recommendations|skincare_recommendations_dataset.csv
REC0000082,combination,1,1,4,4,salicylic acid cleanser,rich cream moisturizer,hyaluronic acid serum,spf30,chemical exfoliation,skincare_datasets.xlsx::Recommendations|skincare_recommendations_dataset.csv
REC0000083,combination,1,1,5,3,milk cleanser,soothing moisturizer,hyaluronic acid serum,mineral spf50,benzoyl peroxide,skincare_datasets.xlsx::Recommendations|skincare_recommendations_dataset.csv
REC0000084,combination,1,2,0,2,hydrating cleanser,ceramide moisturizer,niacinamide serum,mineral spf50,retinol treatment,skincare_datasets.xlsx::Recommendations|skincare_recommendations_dataset.csv
REC0000085,combination,1,2,0,3,acne control cleanser,soothing moisturizer,peptide serum,spf50 matte,chemical exfoliation,skincare_datasets.xlsx::Recommendations|skincare_recommendations_dataset.csv
REC0000086,combination,1,2,0,3,hydrating cleanser,soothing moisturizer,retinol serum,mineral spf50,retinol treatment,skincare_datasets.xlsx::Recommendations|skincare_recommendations_dataset.csv
REC0000087,combination,1,2,2,1,gentle foam cleanser,soothing moisturizer,centella serum,mineral spf50,retinol treatment,skincare_datasets.xlsx::Recommendations|skincare_recommendations_dataset.csv
REC0000088,combination,1,2,3,1,hydrating cleanser,rich cream moisturizer,niacinamide serum,mineral spf50,anti aging routine,skincare_datasets.xlsx::Recommendations|skincare_recommendations_dataset.csv
REC0000089,combination,1,2,3,2,milk cleanser,rich cream moisturizer,hyaluronic acid serum,spf50 matte,calming treatment,skincare_datasets.xlsx::Recommendations|skincare_recommendations_dataset.csv
REC0000090,combination,1,2,3,3,hydrating cleanser,soothing moisturizer,centella serum,spf30,benzoyl peroxide,skincare_datasets.xlsx::Recommendations|skincare_recommendations_dataset.csv
REC0000091,combination,1,2,3,3,milk cleanser,rich cream moisturizer,peptide serum,mineral spf50,chemical exfoliation,skincare_datasets.xlsx::Recommendations|skincare_recommendations_dataset.csv
REC0000092,combination,1,2,4,0,gentle foam cleanser,oil free gel moisturizer,centella serum,spf50 matte,benzoyl peroxide,skincare_datasets.xlsx::Recommendations|skincare_recommendations_dataset.csv
REC0000093,combination,1,2,5,0,gentle foam cleanser,light lotion moisturizer,niacinamide serum,spf50 matte,anti aging routine,skincare_datasets.xlsx::Recommendations|skincare_recommendations_dataset.csv
REC0000094,combination,1,2,5,3,ultra gentle cleanser,soothing moisturizer,vitamin c serum,spf30,calming treatment,skincare_datasets.xlsx::Recommendations|skincare_recommendations_dataset.csv
REC0000095,combination,1,3,0,1,acne control cleanser,oil free gel moisturizer,peptide serum,spf50,retinol treatment,skincare_datasets.xlsx::Recommendations|skincare_recommendations_dataset.csv
REC0000096,combination,1,3,0,2,acne control cleanser,soothing moisturizer,peptide serum,spf50,benzoyl peroxide,skincare_datasets.xlsx::Recommendations|skincare_recommendations_dataset.csv
REC0000097,combination,1,3,1,4,ultra gentle cleanser,rich cream moisturizer,centella serum,mineral spf50,chemical exfoliation,skincare_datasets.xlsx::Recommendations|skincare_recommendations_dataset.csv
REC0000098,combination,1,3,2,1,acne control cleanser,rich cream moisturizer,hyaluronic acid serum,spf50 matte,chemical exfoliation,skincare_datasets.xlsx::Recommendations|skincare_recommendations_dataset.csv
REC0000099,combination,1,3,2,1,ultra gentle cleanser,rich cream moisturizer,centella serum,spf50 matte,benzoyl peroxide,skincare_datasets.xlsx::Recommendations|skincare_recommendations_dataset.csv
REC0000100,combination,1,3,2,5,acne control cleanser,rich cream moisturizer,niacinamide serum,mineral spf50,chemical exfoliation,skincare_datasets.xlsx::Recommendations|skincare_recommendations_dataset.csv
REC0000101,combination,1,3,2,5,gentle foam cleanser,soothing moisturizer,peptide serum,spf50 matte,chemical exfoliation,skincare_datasets.xlsx::Recommendations|skincare_recommendations_dataset.csv
REC0000102,combination,1,3,3,1,acne control cleanser,oil free gel moisturizer,retinol serum,mineral spf50,barrier repair,skincare_datasets.xlsx::Recommendations|skincare_recommendations_dataset.csv
REC0000103,combination,1,3,3,1,milk cleanser,light lotion moisturizer,niacinamide serum,spf50,benzoyl peroxide,skincare_datasets.xlsx::Recommendations|skincare_recommendations_dataset.csv
REC0000104,combination,1,3,3,5,ultra gentle cleanser,oil free gel moisturizer,retinol serum,spf50,anti aging routine,skincare_datasets.xlsx::Recommendations|skincare_recommendations_dataset.csv
REC0000105,combination,1,3,3,5,ultra gentle cleanser,soothing moisturizer,peptide serum,mineral spf50,retinol treatment,skincare_datasets.xlsx::Recommendations|skincare_recommendations_dataset.csv
REC0000106,combination,1,3,4,1,milk cleanser,soothing moisturizer,vitamin c serum,spf50,barrier repair,skincare_datasets.xlsx::Recommendations|skincare_recommendations_dataset.csv
REC0000107,combination,1,4,0,3,gentle foam cleanser,soothing moisturizer,centella serum,spf50,anti aging routine,skincare_datasets.xlsx::Recommendations|skincare_recommendations_dataset.csv
REC0000108,combination,1,4,1,1,salicylic acid cleanser,ceramide moisturizer,niacinamide serum,spf50,benzoyl peroxide,skincare_datasets.xlsx::Recommendations|skincare_recommendations_dataset.csv
REC0000109,combination,1,4,1,5,acne control cleanser,soothing moisturizer,retinol serum,spf50,chemical exfoliation,skincare_datasets.xlsx::Recommendations|skincare_recommendations_dataset.csv
REC0000110,combination,1,4,1,5,salicylic acid cleanser,soothing moisturizer,centella serum,spf50,retinol treatment,skincare_datasets.xlsx::Recommendations|skincare_recommendations_dataset.csv
REC0000111,combination,1,4,2,0,hydrating cleanser,oil free gel moisturizer,retinol serum,spf50 matte,hydrating mask,skincare_datasets.xlsx::Recommendations|skincare_recommendations_dataset.csv
REC0000112,combination,1,4,2,3,milk cleanser,rich cream moisturizer,retinol serum,spf50,benzoyl peroxide,skincare_datasets.xlsx::Recommendations|skincare_recommendations_dataset.csv
REC0000113,combination,1,4,3,1,salicylic acid cleanser,rich cream moisturizer,retinol serum,spf50 matte,barrier repair,skincare_datasets.xlsx::Recommendations|skincare_recommendations_dataset.csv
REC0000114,combination,1,4,3,3,ultra gentle cleanser,light lotion moisturizer,vitamin c serum,spf50 matte,benzoyl peroxide,skincare_datasets.xlsx::Recommendations|skincare_recommendations_dataset.csv
REC0000115,combination,1,4,4,1,acne control cleanser,soothing moisturizer,retinol serum,mineral spf50,barrier repair,skincare_datasets.xlsx::Recommendations|skincare_recommendations_dataset.csv
REC0000116,combination,1,4,5,0,salicylic acid cleanser,soothing moisturizer,peptide serum,spf50 matte,chemical exfoliation,skincare_datasets.xlsx::Recommendations|skincare_recommendations_dataset.csv
REC0000117,combination,1,4,5,2,acne control cleanser,oil free gel moisturizer,vitamin c serum,spf30,benzoyl peroxide,skincare_datasets.xlsx::Recommendations|skincare_recommendations_dataset.csv
REC0000118,combination,1,4,5,2,milk cleanser,light lotion moisturizer,hyaluronic acid serum,mineral spf50,retinol treatment,skincare_datasets.xlsx::Recommendations|skincare_recommendations_dataset.csv
REC0000119,combination,1,4,5,3,acne control cleanser,rich cream moisturizer,peptide serum,spf30,chemical exfoliation,skincare_datasets.xlsx::Recommendations|skincare_recommendations_dataset.csv
REC0000120,combination,1,5,0,0,ultra gentle cleanser,ceramide moisturizer,hyaluronic acid serum,spf30,chemical exfoliation,skincare_datasets.xlsx::Recommendations|skincare_recommendations_dataset.csv
REC0000121,combination,1,5,0,3,hydrating cleanser,rich cream moisturizer,niacinamide serum,spf50,anti aging routine,skincare_datasets.xlsx::Recommendations|skincare_recommendations_dataset.csv
REC0000122,combination,1,5,1,0,milk cleanser,soothing moisturizer,peptide serum,spf50,calming treatment,skincare_datasets.xlsx::Recommendations|skincare_recommendations_dataset.csv
REC0000123,combination,1,5,1,1,acne control cleanser,oil free gel moisturizer,hyaluronic acid serum,spf50 matte,retinol treatment,skincare_datasets.xlsx::Recommendations|skincare_recommendations_dataset.csv
REC0000124,combination,1,5,2,2,hydrating cleanser,soothing moisturizer,vitamin c serum,mineral spf50,benzoyl peroxide,skincare_datasets.xlsx::Recommendations|skincare_recommendations_dataset.csv
REC0000125,combination,1,5,3,0,acne control cleanser,light lotion moisturizer,niacinamide serum,mineral spf50,barrier repair,skincare_datasets.xlsx::Recommendations|skincare_recommendations_dataset.csv
REC0000126,combination,1,5,3,1,milk cleanser,ceramide moisturizer,hyaluronic acid serum,spf30,hydrating mask,skincare_datasets.xlsx::Recommendations|skincare_recommendations_dataset.csv
REC0000127,combination,1,5,3,3,ultra gentle cleanser,soothing moisturizer,retinol serum,spf30,benzoyl peroxide,skincare_datasets.xlsx::Recommendations|skincare_recommendations_dataset.csv
REC0000128,combination,1,5,4,2,hydrating cleanser,soothing moisturizer,centella serum,spf50 matte,anti aging routine,skincare_datasets.xlsx::Recommendations|skincare_recommendations_dataset.csv
REC0000129,combination,1,5,4,2,milk cleanser,light lotion moisturizer,niacinamide serum,spf50 matte,retinol treatment,skincare_datasets.xlsx::Recommendations|skincare_recommendations_dataset.csv
REC0000130,combination,1,5,4,5,acne control cleanser,ceramide moisturizer,peptide serum,spf50 matte,barrier repair,skincare_datasets.xlsx::Recommendations|skincare_recommendations_dataset.csv
REC0000131,combination,1,5,4,5,salicylic acid cleanser,light lotion moisturizer,centella serum,spf50,calming treatment,skincare_datasets.xlsx::Recommendations|skincare_recommendations_dataset.csv
REC0000132,combination,1,5,5,1,gentle foam cleanser,ceramide moisturizer,peptide serum,spf50,benzoyl peroxide,skincare_datasets.xlsx::Recommendations|skincare_recommendations_dataset.csv
REC0000133,combination,2,0,0,0,milk cleanser,rich cream moisturizer,retinol serum,spf50,barrier repair,skincare_datasets.xlsx::Recommendations|skincare_recommendations_dataset.csv
REC0000134,combination,2,0,0,0,ultra gentle cleanser,light lotion moisturizer,niacinamide serum,spf30,benzoyl peroxide,skincare_datasets.xlsx::Recommendations|skincare_recommendations_dataset.csv
REC0000135,combination,2,0,0,3,milk cleanser,light lotion moisturizer,vitamin c serum,mineral spf50,hydrating mask,skincare_datasets.xlsx::Recommendations|skincare_recommendations_dataset.csv
REC0000136,combination,2,0,0,4,gentle foam cleanser,oil free gel moisturizer,peptide serum,spf50,anti aging routine,skincare_datasets.xlsx::Recommendations|skincare_recommendations_dataset.csv
REC0000137,combination,2,0,1,1,gentle foam cleanser,oil free gel moisturizer,vitamin c serum,spf50 matte,anti aging routine,skincare_datasets.xlsx::Recommendations|skincare_recommendations_dataset.csv
REC0000138,combination,2,0,1,5,acne control cleanser,ceramide moisturizer,peptide serum,spf30,barrier repair,skincare_datasets.xlsx::Recommendations|skincare_recommendations_dataset.csv
REC0000139,combination,2,0,1,5,gentle foam cleanser,oil free gel moisturizer,vitamin c serum,mineral spf50,benzoyl peroxide,skincare_datasets.xlsx::Recommendations|skincare_recommendations_dataset.csv
REC0000140,combination,2,0,1,5,milk cleanser,rich cream moisturizer,peptide serum,spf50,anti aging routine,skincare_datasets.xlsx::Recommendations|skincare_recommendations_dataset.csv
REC0000141,combination,2,0,2,2,ultra gentle cleanser,soothing moisturizer,peptide serum,mineral spf50,chemical exfoliation,skincare_datasets.xlsx::Recommendations|skincare_recommendations_dataset.csv
REC0000142,combination,2,0,3,1,acne control cleanser,rich cream moisturizer,niacinamide serum,spf50,anti aging routine,skincare_datasets.xlsx::Recommendations|skincare_recommendations_dataset.csv
REC0000143,combination,2,0,3,2,milk cleanser,light lotion moisturizer,centella serum,spf50,hydrating mask,skincare_datasets.xlsx::Recommendations|skincare_recommendations_dataset.csv
REC0000144,combination,2,1,0,0,milk cleanser,ceramide moisturizer,centella serum,spf30,benzoyl peroxide,skincare_datasets.xlsx::Recommendations|skincare_recommendations_dataset.csv
REC0000145,combination,2,1,0,0,milk cleanser,oil free gel moisturizer,hyaluronic acid serum,spf50,retinol treatment,skincare_datasets.xlsx::Recommendations|skincare_recommendations_dataset.csv
REC0000146,combination,2,1,0,2,salicylic acid cleanser,oil free gel moisturizer,centella serum,mineral spf50,barrier repair,skincare_datasets.xlsx::Recommendations|skincare_recommendations_dataset.csv
REC0000147,combination,2,1,0,4,gentle foam cleanser,soothing moisturizer,hyaluronic acid serum,spf50,anti aging routine,skincare_datasets.xlsx::Recommendations|skincare_recommendations_dataset.csv
REC0000148,combination,2,1,1,1,ultra gentle cleanser,oil free gel moisturizer,peptide serum,spf30,benzoyl peroxide,skincare_datasets.xlsx::Recommendations|skincare_recommendations_dataset.csv
REC0000149,combination,2,1,1,3,acne control cleanser,oil free gel moisturizer,retinol serum,mineral spf50,anti aging routine,skincare_datasets.xlsx::Recommendations|skincare_recommendations_dataset.csv
REC0000150,combination,2,1,1,3,milk cleanser,light lotion moisturizer,vitamin c serum,mineral spf50,calming treatment,skincare_datasets.xlsx::Recommendations|skincare_recommendations_dataset.csv
REC0000151,combination,2,1,2,1,hydrating cleanser,rich cream moisturizer,peptide serum,mineral spf50,calming treatment,skincare_datasets.xlsx::Recommendations|skincare_recommendations_dataset.csv
REC0000152,combination,2,1,2,4,milk cleanser,oil free gel moisturizer,centella serum,spf50,retinol treatment,skincare_datasets.xlsx::Recommendations|skincare_recommendations_dataset.csv
REC0000153,combination,2,1,2,4,milk cleanser,rich cream moisturizer,centella serum,spf50 matte,retinol treatment,skincare_datasets.xlsx::Recommendations|skincare_recommendations_dataset.csv
REC0000154,combination,2,1,4,0,salicylic acid cleanser,light lotion moisturizer,retinol serum,mineral spf50,benzoyl peroxide,skincare_datasets.xlsx::Recommendations|skincare_recommendations_dataset.csv
REC0000155,combination,2,1,4,2,ultra gentle cleanser,oil free gel moisturizer,retinol serum,spf30,hydrating mask,skincare_datasets.xlsx::Recommendations|skincare_recommendations_dataset.csv
REC0000156,combination,2,1,5,4,hydrating cleanser,rich cream moisturizer,centella serum,spf30,benzoyl peroxide,skincare_datasets.xlsx::Recommendations|skincare_recommendations_dataset.csv
REC0000157,combination,2,2,0,1,milk cleanser,light lotion moisturizer,retinol serum,mineral spf50,retinol treatment,skincare_datasets.xlsx::Recommendations|skincare_recommendations_dataset.csv
REC0000158,combination,2,2,0,1,milk cleanser,soothing moisturizer,peptide serum,spf50,barrier repair,skincare_datasets.xlsx::Recommendations|skincare_recommendations_dataset.csv
REC0000159,combination,2,2,0,1,salicylic acid cleanser,rich cream moisturizer,niacinamide serum,spf50 matte,calming treatment,skincare_datasets.xlsx::Recommendations|skincare_recommendations_dataset.csv
REC0000160,combination,2,2,1,0,salicylic acid cleanser,light lotion moisturizer,retinol serum,spf50,barrier repair,skincare_datasets.xlsx::Recommendations|skincare_recommendations_dataset.csv
REC0000161,combination,2,2,2,4,gentle foam cleanser,rich cream moisturizer,vitamin c serum,mineral spf50,hydrating mask,skincare_datasets.xlsx::Recommendations|skincare_recommendations_dataset.csv
REC0000162,combination,2,2,3,0,milk cleanser,light lotion moisturizer,hyaluronic acid serum,mineral spf50,calming treatment,skincare_datasets.xlsx::Recommendations|skincare_recommendations_dataset.csv
REC0000163,combination,2,2,3,2,ultra gentle cleanser,soothing moisturizer,retinol serum,spf30,benzoyl peroxide,skincare_datasets.xlsx::Recommendations|skincare_recommendations_dataset.csv
REC0000164,combination,2,2,5,1,salicylic acid cleanser,rich cream moisturizer,vitamin c serum,spf30,anti aging routine,skincare_datasets.xlsx::Recommendations|skincare_recommendations_dataset.csv
REC0000165,combination,2,2,5,4,salicylic acid cleanser,rich cream moisturizer,hyaluronic acid serum,spf50 matte,retinol treatment,skincare_datasets.xlsx::Recommendations|skincare_recommendations_dataset.csv
REC0000166,combination,2,3,2,5,salicylic acid cleanser,oil free gel moisturizer,niacinamide serum,spf50 matte,chemical exfoliation,skincare_datasets.xlsx::Recommendations|skincare_recommendations_dataset.csv
REC0000167,combination,2,3,3,0,milk cleanser,soothing moisturizer,retinol serum,spf50,chemical exfoliation,skincare_datasets.xlsx::Recommendations|skincare_recommendations_dataset.csv
REC0000168,combination,2,3,3,1,ultra gentle cleanser,rich cream moisturizer,centella serum,spf50 matte,benzoyl peroxide,skincare_datasets.xlsx::Recommendations|skincare_recommendations_dataset.csv
REC0000169,combination,2,3,3,2,acne control cleanser,rich cream moisturizer,vitamin c serum,spf50 matte,benzoyl peroxide,skincare_datasets.xlsx::Recommendations|skincare_recommendations_dataset.csv
REC0000170,combination,2,3,3,2,milk cleanser,light lotion moisturizer,vitamin c serum,spf50,chemical exfoliation,skincare_datasets.xlsx::Recommendations|skincare_recommendations_dataset.csv
REC0000171,combination,2,3,3,3,milk cleanser,oil free gel moisturizer,centella serum,spf30,barrier repair,skincare_datasets.xlsx::Recommendations|skincare_recommendations_dataset.csv
REC0000172,combination,2,3,4,0,acne control cleanser,light lotion moisturizer,niacinamide serum,mineral spf50,barrier repair,skincare_datasets.xlsx::Recommendations|skincare_recommendations_dataset.csv
REC0000173,combination,2,3,4,1,milk cleanser,rich cream moisturizer,retinol serum,spf30,hydrating mask,skincare_datasets.xlsx::Recommendations|skincare_recommendations_dataset.csv
REC0000174,combination,2,3,4,1,milk cleanser,soothing moisturizer,hyaluronic acid serum,spf50,calming treatment,skincare_datasets.xlsx::Recommendations|skincare_recommendations_dataset.csv
REC0000175,combination,2,3,5,1,gentle foam cleanser,light lotion moisturizer,centella serum,spf30,anti aging routine,skincare_datasets.xlsx::Recommendations|skincare_recommendations_dataset.csv
REC0000176,combination,2,4,0,5,salicylic acid cleanser,light lotion moisturizer,hyaluronic acid serum,spf50,benzoyl peroxide,skincare_datasets.xlsx::Recommendations|skincare_recommendations_dataset.csv
REC0000177,combination,2,4,1,0,hydrating cleanser,ceramide moisturizer,hyaluronic acid serum,mineral spf50,hydrating mask,skincare_datasets.xlsx::Recommendations|skincare_recommendations_dataset.csv
REC0000178,combination,2,4,1,3,gentle foam cleanser,ceramide moisturizer,peptide serum,mineral spf50,benzoyl peroxide,skincare_datasets.xlsx::Recommendations|skincare_recommendations_dataset.csv
REC0000179,combination,2,4,1,4,hydrating cleanser,rich cream moisturizer,niacinamide serum,spf50 matte,anti aging routine,skincare_datasets.xlsx::Recommendations|skincare_recommendations_dataset.csv
REC0000180,combination,2,4,2,3,salicylic acid cleanser,oil free gel moisturizer,niacinamide serum,spf50,anti aging routine,skincare_datasets.xlsx::Recommendations|skincare_recommendations_dataset.csv
REC0000181,combination,2,4,2,5,milk cleanser,soothing moisturizer,peptide serum,spf50 matte,chemical exfoliation,skincare_datasets.xlsx::Recommendations|skincare_recommendations_dataset.csv
REC0000182,combination,2,4,2,5,ultra gentle cleanser,soothing moisturizer,hyaluronic acid serum,mineral spf50,anti aging routine,skincare_datasets.xlsx::Recommendations|skincare_recommendations_dataset.csv
REC0000183,combination,2,4,3,3,hydrating cleanser,light lotion moisturizer,vitamin c serum,mineral spf50,chemical exfoliation,skincare_datasets.xlsx::Recommendations|skincare_recommendations_dataset.csv
REC0000184,combination,2,4,4,0,salicylic acid cleanser,soothing moisturizer,retinol serum,spf30,hydrating mask,skincare_datasets.xlsx::Recommendations|skincare_recommendations_dataset.csv
REC0000185,combination,2,4,4,1,hydrating cleanser,soothing moisturizer,niacinamide serum,mineral spf50,anti aging routine,skincare_datasets.xlsx::Recommendations|skincare_recommendations_dataset.csv
REC0000186,combination,2,4,4,4,acne control cleanser,light lotion moisturizer,centella serum,mineral spf50,barrier repair,skincare_datasets.xlsx::Recommendations|skincare_recommendations_dataset.csv
REC0000187,combination,2,4,4,5,gentle foam cleanser,light lotion moisturizer,niacinamide serum,spf50 matte,calming treatment,skincare_datasets.xlsx::Recommendations|skincare_recommendations_dataset.csv
REC0000188,combination,2,5,0,2,salicylic acid cleanser,oil free gel moisturizer,niacinamide serum,mineral spf50,chemical exfoliation,skincare_datasets.xlsx::Recommendations|skincare_recommendations_dataset.csv
REC0000189,combination,2,5,1,3,milk cleanser,oil free gel moisturizer,retinol serum,spf50 matte,retinol treatment,skincare_datasets.xlsx::Recommendations|skincare_recommendations_dataset.csv
REC0000190,combination,2,5,3,3,milk cleanser,ceramide moisturizer,peptide serum,spf50 matte,retinol treatment,skincare_datasets.xlsx::Recommendations|skincare_recommendations_dataset.csv
REC0000191,combination,2,5,3,3,milk cleanser,light lotion moisturizer,hyaluronic acid serum,mineral spf50,hydrating mask,skincare_datasets.xlsx::Recommendations|skincare_recommendations_dataset.csv
REC0000192,combination,2,5,3,3,ultra gentle cleanser,oil free gel moisturizer,peptide serum,spf50 matte,retinol treatment,skincare_datasets.xlsx::Recommendations|skincare_recommendations_dataset.csv
REC0000193,combination,2,5,4,5,gentle foam cleanser,light lotion moisturizer,niacinamide serum,spf50 matte,calming treatment,skincare_datasets.xlsx::Recommendations|skincare_recommendations_dataset.csv
REC0000194,combination,2,5,5,0,gentle foam cleanser,oil free gel moisturizer,centella serum,mineral spf50,calming treatment,skincare_datasets.xlsx::Recommendations|skincare_recommendations_dataset.csv
REC0000195,combination,2,5,5,2,salicylic acid cleanser,rich cream moisturizer,peptide serum,spf50,barrier repair,skincare_datasets.xlsx::Recommendations|skincare_recommendations_dataset.csv
REC0000196,combination,2,5,5,3,hydrating cleanser,oil free gel moisturizer,niacinamide serum,spf50,retinol treatment,skincare_datasets.xlsx::Recommendations|skincare_recommendations_dataset.csv
REC0000197,combination,3,0,0,0,gentle foam cleanser,rich cream moisturizer,niacinamide serum,spf30,barrier repair,skincare_datasets.xlsx::Recommendations|skincare_recommendations_dataset.csv
REC0000198,combination,3,0,0,0,salicylic acid cleanser,ceramide moisturizer,vitamin c serum,mineral spf50,benzoyl peroxide,skincare_datasets.xlsx::Recommendations|skincare_recommendations_dataset.csv
REC0000199,combination,3,0,0,5,gentle foam cleanser,rich cream moisturizer,hyaluronic acid serum,spf50 matte,anti aging routine,skincare_datasets.xlsx::Recommendations|skincare_recommendations_dataset.csv
REC0000200,combination,3,0,1,3,gentle foam cleanser,light lotion moisturizer,vitamin c serum,spf50,calming treatment,skincare_datasets.xlsx::Recommendations|skincare_recommendations_dataset.csv
REC0000201,combination,3,0,1,5,acne control cleanser,light lotion moisturizer,vitamin c serum,spf30,retinol treatment,skincare_datasets.xlsx::Recommendations|skincare_recommendations_dataset.csv
REC0000202,combination,3,0,1,5,hydrating cleanser,light lotion moisturizer,hyaluronic acid serum,spf30,benzoyl peroxide,skincare_datasets.xlsx::Recommendations|skincare_recommendations_dataset.csv
REC0000203,combination,3,0,2,3,acne control cleanser,ceramide moisturizer,centella serum,spf50 matte,benzoyl peroxide,skincare_datasets.xlsx::Recommendations|skincare_recommendations_dataset.csv
REC0000204,combination,3,0,2,3,hydrating cleanser,rich cream moisturizer,retinol serum,spf30,benzoyl peroxide,skincare_datasets.xlsx::Recommendations|skincare_recommendations_dataset.csv
REC0000205,combination,3,0,2,4,salicylic acid cleanser,ceramide moisturizer,vitamin c serum,spf50 matte,calming treatment,skincare_datasets.xlsx::Recommendations|skincare_recommendations_dataset.csv
REC0000206,combination,3,0,3,0,salicylic acid cleanser,oil free gel moisturizer,hyaluronic acid serum,spf50 matte,anti aging routine,skincare_datasets.xlsx::Recommendations|skincare_recommendations_dataset.csv
REC0000207,combination,3,0,4,4,salicylic acid cleanser,rich cream moisturizer,hyaluronic acid serum,spf30,chemical exfoliation,skincare_datasets.xlsx::Recommendations|skincare_recommendations_dataset.csv
REC0000208,combination,3,1,0,4,hydrating cleanser,soothing moisturizer,centella serum,mineral spf50,anti aging routine,skincare_datasets.xlsx::Recommendations|skincare_recommendations_dataset.csv
REC0000209,combination,3,1,0,4,salicylic acid cleanser,rich cream moisturizer,peptide serum,mineral spf50,chemical exfoliation,skincare_datasets.xlsx::Recommendations|skincare_recommendations_dataset.csv
REC0000210,combination,3,1,0,5,gentle foam cleanser,oil free gel moisturizer,retinol serum,mineral spf50,retinol treatment,skincare_datasets.xlsx::Recommendations|skincare_recommendations_dataset.csv
REC0000211,combination,3,1,1,3,salicylic acid cleanser,oil free gel moisturizer,hyaluronic acid serum,mineral spf50,barrier repair,skincare_datasets.xlsx::Recommendations|skincare_recommendations_dataset.csv
REC0000212,combination,3,1,3,2,salicylic acid cleanser,ceramide moisturizer,vitamin c serum,spf50 matte,anti aging routine,skincare_datasets.xlsx::Recommendations|skincare_recommendations_dataset.csv
REC0000213,combination,3,1,4,4,salicylic acid cleanser,ceramide moisturizer,retinol serum,spf30,barrier repair,skincare_datasets.xlsx::Recommendations|skincare_recommendations_dataset.csv
REC0000214,combination,3,1,5,0,gentle foam cleanser,ceramide moisturizer,vitamin c serum,spf50,chemical exfoliation,skincare_datasets.xlsx::Recommendations|skincare_recommendations_dataset.csv
REC0000215,combination,3,1,5,3,hydrating cleanser,rich cream moisturizer,hyaluronic acid serum,spf30,hydrating mask,skincare_datasets.xlsx::Recommendations|skincare_recommendations_dataset.csv
REC0000216,combination,3,2,1,2,hydrating cleanser,soothing moisturizer,niacinamide serum,spf30,chemical exfoliation,skincare_datasets.xlsx::Recommendations|skincare_recommendations_dataset.csv
REC0000217,combination,3,2,3,1,gentle foam cleanser,light lotion moisturizer,retinol serum,spf30,chemical exfoliation,skincare_datasets.xlsx::Recommendations|skincare_recommendations_dataset.csv
REC0000218,combination,3,2,4,1,acne control cleanser,rich cream moisturizer,peptide serum,spf50,benzoyl peroxide,skincare_datasets.xlsx::Recommendations|skincare_recommendations_dataset.csv
REC0000219,combination,3,2,5,0,hydrating cleanser,rich cream moisturizer,retinol serum,spf30,chemical exfoliation,skincare_datasets.xlsx::Recommendations|skincare_recommendations_dataset.csv
REC0000220,combination,3,2,5,2,hydrating cleanser,soothing moisturizer,centella serum,spf30,anti aging routine,skincare_datasets.xlsx::Recommendations|skincare_recommendations_dataset.csv
REC0000221,combination,3,3,0,2,milk cleanser,ceramide moisturizer,peptide serum,mineral spf50,chemical exfoliation,skincare_datasets.xlsx::Recommendations|skincare_recommendations_dataset.csv
REC0000222,combination,3,3,0,3,milk cleanser,soothing moisturizer,retinol serum,mineral spf50,barrier repair,skincare_datasets.xlsx::Recommendations|skincare_recommendations_dataset.csv
REC0000223,combination,3,3,1,0,acne control cleanser,soothing moisturizer,peptide serum,spf50 matte,hydrating mask,skincare_datasets.xlsx::Recommendations|skincare_recommendations_dataset.csv
REC0000224,combination,3,3,1,3,gentle foam cleanser,light lotion moisturizer,peptide serum,spf50,calming treatment,skincare_datasets.xlsx::Recommendations|skincare_recommendations_dataset.csv
REC0000225,combination,3,3,1,4,acne control cleanser,oil free gel moisturizer,hyaluronic acid serum,spf30,retinol treatment,skincare_datasets.xlsx::Recommendations|skincare_recommendations_dataset.csv
REC0000226,combination,3,3,1,4,hydrating cleanser,soothing moisturizer,vitamin c serum,mineral spf50,hydrating mask,skincare_datasets.xlsx::Recommendations|skincare_recommendations_dataset.csv
REC0000227,combination,3,3,1,5,gentle foam cleanser,soothing moisturizer,niacinamide serum,spf50 matte,benzoyl peroxide,skincare_datasets.xlsx::Recommendations|skincare_recommendations_dataset.csv
REC0000228,combination,3,3,2,2,hydrating cleanser,soothing moisturizer,peptide serum,spf50 matte,anti aging routine,skincare_datasets.xlsx::Recommendations|skincare_recommendations_dataset.csv
REC0000229,combination,3,3,2,4,ultra gentle cleanser,oil free gel moisturizer,vitamin c serum,mineral spf50,hydrating mask,skincare_datasets.xlsx::Recommendations|skincare_recommendations_dataset.csv
REC0000230,combination,3,3,3,0,ultra gentle cleanser,ceramide moisturizer,centella serum,spf50,retinol treatment,skincare_datasets.xlsx::Recommendations|skincare_recommendations_dataset.csv
REC0000231,combination,3,3,4,0,gentle foam cleanser,soothing moisturizer,peptide serum,mineral spf50,benzoyl peroxide,skincare_datasets.xlsx::Recommendations|skincare_recommendations_dataset.csv
REC0000232,combination,3,3,4,0,ultra gentle cleanser,soothing moisturizer,hyaluronic acid serum,spf50 matte,benzoyl peroxide,skincare_datasets.xlsx::Recommendations|skincare_recommendations_dataset.csv
REC0000233,combination,3,3,4,1,acne control cleanser,oil free gel moisturizer,retinol serum,spf30,barrier repair,skincare_datasets.xlsx::Recommendations|skincare_recommendations_dataset.csv
REC0000234,combination,3,3,4,1,gentle foam cleanser,ceramide moisturizer,peptide serum,spf30,calming treatment,skincare_datasets.xlsx::Recommendations|skincare_recommendations_dataset.csv
REC0000235,combination,3,3,4,3,hydrating cleanser,soothing moisturizer,hyaluronic acid serum,mineral spf50,chemical exfoliation,skincare_datasets.xlsx::Recommendations|skincare_recommendations_dataset.csv
REC0000236,combination,3,3,4,5,salicylic acid cleanser,oil free gel moisturizer,peptide serum,mineral spf50,retinol treatment,skincare_datasets.xlsx::Recommendations|skincare_recommendations_dataset.csv
REC0000237,combination,3,3,5,1,salicylic acid cleanser,soothing moisturizer,niacinamide serum,spf30,barrier repair,skincare_datasets.xlsx::Recommendations|skincare_recommendations_dataset.csv
REC0000238,combination,3,3,5,2,milk cleanser,rich cream moisturizer,peptide serum,spf50,benzoyl peroxide,skincare_datasets.xlsx::Recommendations|skincare_recommendations_dataset.csv
REC0000239,combination,3,3,5,4,acne control cleanser,light lotion moisturizer,niacinamide serum,spf30,anti aging routine,skincare_datasets.xlsx::Recommendations|skincare_recommendations_dataset.csv
REC0000240,combination,3,4,1,1,gentle foam cleanser,soothing moisturizer,niacinamide serum,spf50,calming treatment,skincare_datasets.xlsx::Recommendations|skincare_recommendations_dataset.csv
REC0000241,combination,3,4,1,2,hydrating cleanser,light lotion moisturizer,peptide serum,mineral spf50,hydrating mask,skincare_datasets.xlsx::Recommendations|skincare_recommendations_dataset.csv
REC0000242,combination,3,4,2,1,acne control cleanser,light lotion moisturizer,peptide serum,spf30,anti aging routine,skincare_datasets.xlsx::Recommendations|skincare_recommendations_dataset.csv
REC0000243,combination,3,4,2,2,acne control cleanser,soothing moisturizer,peptide serum,mineral spf50,benzoyl peroxide,skincare_datasets.xlsx::Recommendations|skincare_recommendations_dataset.csv
REC0000244,combination,3,4,2,3,salicylic acid cleanser,ceramide moisturizer,peptide serum,spf50,anti aging routine,skincare_datasets.xlsx::Recommendations|skincare_recommendations_dataset.csv
REC0000245,combination,3,4,3,3,salicylic acid cleanser,light lotion moisturizer,niacinamide serum,spf30,benzoyl peroxide,skincare_datasets.xlsx::Recommendations|skincare_recommendations_dataset.csv
REC0000246,combination,3,4,4,0,gentle foam cleanser,soothing moisturizer,vitamin c serum,mineral spf50,hydrating mask,skincare_datasets.xlsx::Recommendations|skincare_recommendations_dataset.csv
REC0000247,combination,3,4,4,3,milk cleanser,light lotion moisturizer,hyaluronic acid serum,spf50,benzoyl peroxide,skincare_datasets.xlsx::Recommendations|skincare_recommendations_dataset.csv
REC0000248,combination,3,4,4,4,acne control cleanser,rich cream moisturizer,centella serum,spf50 matte,benzoyl peroxide,skincare_datasets.xlsx::Recommendations|skincare_recommendations_dataset.csv
REC0000249,combination,3,4,5,2,gentle foam cleanser,light lotion moisturizer,peptide serum,spf50,chemical exfoliation,skincare_datasets.xlsx::Recommendations|skincare_recommendations_dataset.csv
REC0000250,combination,3,4,5,2,milk cleanser,ceramide moisturizer,hyaluronic acid serum,spf50 matte,chemical exfoliation,skincare_datasets.xlsx::Recommendations|skincare_recommendations_dataset.csv
REC0000251,combination,3,5,0,4,acne control cleanser,soothing moisturizer,centella serum,spf50,barrier repair,skincare_datasets.xlsx::Recommendations|skincare_recommendations_dataset.csv
REC0000252,combination,3,5,1,0,ultra gentle cleanser,rich cream moisturizer,hyaluronic acid serum,spf50 matte,retinol treatment,skincare_datasets.xlsx::Recommendations|skincare_recommendations_dataset.csv
REC0000253,combination,3,5,1,2,ultra gentle cleanser,light lotion moisturizer,niacinamide serum,spf30,benzoyl peroxide,skincare_datasets.xlsx::Recommendations|skincare_recommendations_dataset.csv
REC0000254,combination,3,5,1,3,gentle foam cleanser,light lotion moisturizer,peptide serum,spf50,barrier repair,skincare_datasets.xlsx::Recommendations|skincare_recommendations_dataset.csv
REC0000255,combination,3,5,1,3,gentle foam cleanser,light lotion moisturizer,vitamin c serum,spf50 matte,calming treatment,skincare_datasets.xlsx::Recommendations|skincare_recommendations_dataset.csv
REC0000256,combination,3,5,1,4,gentle foam cleanser,light lotion moisturizer,centella serum,spf50 matte,barrier repair,skincare_datasets.xlsx::Recommendations|skincare_recommendations_dataset.csv
REC0000257,combination,3,5,2,4,hydrating cleanser,light lotion moisturizer,hyaluronic acid serum,spf30,chemical exfoliation,skincare_datasets.xlsx::Recommendations|skincare_recommendations_dataset.csv
REC0000258,combination,3,5,2,4,milk cleanser,oil free gel moisturizer,peptide serum,mineral spf50,calming treatment,skincare_datasets.xlsx::Recommendations|skincare_recommendations_dataset.csv
REC0000259,combination,3,5,3,2,gentle foam cleanser,rich cream moisturizer,niacinamide serum,mineral spf50,benzoyl peroxide,skincare_datasets.xlsx::Recommendations|skincare_recommendations_dataset.csv
REC0000260,combination,3,5,3,5,gentle foam cleanser,rich cream moisturizer,niacinamide serum,spf50,chemical exfoliation,skincare_datasets.xlsx::Recommendations|skincare_recommendations_dataset.csv
REC0000261,combination,3,5,4,0,salicylic acid cleanser,light lotion moisturizer,centella serum,spf50,chemical exfoliation,skincare_datasets.xlsx::Recommendations|skincare_recommendations_dataset.csv
REC0000262,combination,3,5,4,0,ultra gentle cleanser,light lotion moisturizer,centella serum,spf30,barrier repair,skincare_datasets.xlsx::Recommendations|skincare_recommendations_dataset.csv
REC0000263,combination,3,5,4,5,ultra gentle cleanser,rich cream moisturizer,centella serum,mineral spf50,anti aging routine,skincare_datasets.xlsx::Recommendations|skincare_recommendations_dataset.csv
REC0000264,combination,3,5,5,2,acne control cleanser,soothing moisturizer,centella serum,spf50 matte,barrier repair,skincare_datasets.xlsx::Recommendations|skincare_recommendations_dataset.csv
REC0000265,combination,4,0,0,3,gentle foam cleanser,ceramide moisturizer,vitamin c serum,spf30,chemical exfoliation,skincare_datasets.xlsx::Recommendations|skincare_recommendations_dataset.csv
REC0000266,combination,4,0,1,2,hydrating cleanser,soothing moisturizer,retinol serum,spf30,chemical exfoliation,skincare_datasets.xlsx::Recommendations|skincare_recommendations_dataset.csv
REC0000267,combination,4,0,1,4,acne control cleanser,light lotion moisturizer,vitamin c serum,spf50,calming treatment,skincare_datasets.xlsx::Recommendations|skincare_recommendations_dataset.csv
REC0000268,combination,4,0,2,0,hydrating cleanser,rich cream moisturizer,niacinamide serum,spf50,hydrating mask,skincare_datasets.xlsx::Recommendations|skincare_recommendations_dataset.csv
REC0000269,combination,4,0,2,0,ultra gentle cleanser,rich cream moisturizer,centella serum,spf30,hydrating mask,skincare_datasets.xlsx::Recommendations|skincare_recommendations_dataset.csv
REC0000270,combination,4,0,2,1,milk cleanser,soothing moisturizer,retinol serum,spf30,anti aging routine,skincare_datasets.xlsx::Recommendations|skincare_recommendations_dataset.csv
REC0000271,combination,4,0,4,4,acne control cleanser,light lotion moisturizer,retinol serum,spf30,benzoyl peroxide,skincare_datasets.xlsx::Recommendations|skincare_recommendations_dataset.csv
REC0000272,combination,4,1,0,1,gentle foam cleanser,soothing moisturizer,peptide serum,spf30,hydrating mask,skincare_datasets.xlsx::Recommendations|skincare_recommendations_dataset.csv
REC0000273,combination,4,1,0,2,gentle foam cleanser,ceramide moisturizer,retinol serum,spf30,chemical exfoliation,skincare_datasets.xlsx::Recommendations|skincare_recommendations_dataset.csv
REC0000274,combination,4,1,0,4,salicylic acid cleanser,oil free gel moisturizer,hyaluronic acid serum,spf30,anti aging routine,skincare_datasets.xlsx::Recommendations|skincare_recommendations_dataset.csv
REC0000275,combination,4,1,1,0,milk cleanser,soothing moisturizer,niacinamide serum,spf50 matte,barrier repair,skincare_datasets.xlsx::Recommendations|skincare_recommendations_dataset.csv
REC0000276,combination,4,1,2,4,milk cleanser,oil free gel moisturizer,peptide serum,spf30,calming treatment,skincare_datasets.xlsx::Recommendations|skincare_recommendations_dataset.csv
REC0000277,combination,4,1,2,5,ultra gentle cleanser,light lotion moisturizer,retinol serum,mineral spf50,hydrating mask,skincare_datasets.xlsx::Recommendations|skincare_recommendations_dataset.csv
REC0000278,combination,4,1,3,0,ultra gentle cleanser,ceramide moisturizer,centella serum,spf50 matte,hydrating mask,skincare_datasets.xlsx::Recommendations|skincare_recommendations_dataset.csv
REC0000279,combination,4,1,4,1,milk cleanser,ceramide moisturizer,retinol serum,mineral spf50,hydrating mask,skincare_datasets.xlsx::Recommendations|skincare_recommendations_dataset.csv
REC0000280,combination,4,1,4,3,salicylic acid cleanser,soothing moisturizer,hyaluronic acid serum,spf50,chemical exfoliation,skincare_datasets.xlsx::Recommendations|skincare_recommendations_dataset.csv
REC0000281,combination,4,1,4,4,hydrating cleanser,oil free gel moisturizer,hyaluronic acid serum,spf50 matte,anti aging routine,skincare_datasets.xlsx::Recommendations|skincare_recommendations_dataset.csv
REC0000282,combination,4,1,4,5,gentle foam cleanser,soothing moisturizer,vitamin c serum,spf30,benzoyl peroxide,skincare_datasets.xlsx::Recommendations|skincare_recommendations_dataset.csv
REC0000283,combination,4,1,4,5,hydrating cleanser,soothing moisturizer,niacinamide serum,spf50 matte,hydrating mask,skincare_datasets.xlsx::Recommendations|skincare_recommendations_dataset.csv
REC0000284,combination,4,2,0,2,gentle foam cleanser,rich cream moisturizer,retinol serum,spf50 matte,benzoyl peroxide,skincare_datasets.xlsx::Recommendations|skincare_recommendations_dataset.csv
REC0000285,combination,4,2,0,2,hydrating cleanser,ceramide moisturizer,retinol serum,mineral spf50,hydrating mask,skincare_datasets.xlsx::Recommendations|skincare_recommendations_dataset.csv
REC0000286,combination,4,2,1,4,gentle foam cleanser,light lotion moisturizer,centella serum,spf50,hydrating mask,skincare_datasets.xlsx::Recommendations|skincare_recommendations_dataset.csv
REC0000287,combination,4,2,2,1,salicylic acid cleanser,oil free gel moisturizer,retinol serum,spf30,retinol treatment,skincare_datasets.xlsx::Recommendations|skincare_recommendations_dataset.csv
REC0000288,combination,4,2,2,3,hydrating cleanser,ceramide moisturizer,retinol serum,spf50 matte,benzoyl peroxide,skincare_datasets.xlsx::Recommendations|skincare_recommendations_dataset.csv
REC0000289,combination,4,2,2,3,milk cleanser,soothing moisturizer,vitamin c serum,spf50,anti aging routine,skincare_datasets.xlsx::Recommendations|skincare_recommendations_dataset.csv
REC0000290,combination,4,2,3,0,hydrating cleanser,soothing moisturizer,hyaluronic acid serum,spf30,chemical exfoliation,skincare_datasets.xlsx::Recommendations|skincare_recommendations_dataset.csv
REC0000291,combination,4,2,3,0,ultra gentle cleanser,oil free gel moisturizer,retinol serum,spf50 matte,hydrating mask,skincare_datasets.xlsx::Recommendations|skincare_recommendations_dataset.csv
REC0000292,combination,4,2,3,4,salicylic acid cleanser,light lotion moisturizer,niacinamide serum,spf50,chemical exfoliation,skincare_datasets.xlsx::Recommendations|skincare_recommendations_dataset.csv
REC0000293,combination,4,2,3,5,salicylic acid cleanser,light lotion moisturizer,vitamin c serum,spf30,benzoyl peroxide,skincare_datasets.xlsx::Recommendations|skincare_recommendations_dataset.csv
REC0000294,combination,4,2,4,1,milk cleanser,light lotion moisturizer,peptide serum,spf50 matte,benzoyl peroxide,skincare_datasets.xlsx::Recommendations|skincare_recommendations_dataset.csv
REC0000295,combination,4,2,5,4,gentle foam cleanser,ceramide moisturizer,centella serum,spf30,retinol treatment,skincare_datasets.xlsx::Recommendations|skincare_recommendations_dataset.csv
REC0000296,combination,4,3,0,3,hydrating cleanser,light lotion moisturizer,niacinamide serum,spf50 matte,benzoyl peroxide,skincare_datasets.xlsx::Recommendations|skincare_recommendations_dataset.csv
REC0000297,combination,4,3,0,3,salicylic acid cleanser,rich cream moisturizer,centella serum,spf30,calming treatment,skincare_datasets.xlsx::Recommendations|skincare_recommendations_dataset.csv
REC0000298,combination,4,3,0,5,milk cleanser,ceramide moisturizer,centella serum,spf30,retinol treatment,skincare_datasets.xlsx::Recommendations|skincare_recommendations_dataset.csv
REC0000299,combination,4,3,1,0,hydrating cleanser,ceramide moisturizer,peptide serum,spf50 matte,calming treatment,skincare_datasets.xlsx::Recommendations|skincare_recommendations_dataset.csv
REC0000300,combination,4,3,1,0,ultra gentle cleanser,light lotion moisturizer,retinol serum,spf50,anti aging routine,skincare_datasets.xlsx::Recommendations|skincare_recommendations_dataset.csv
REC0000301,combination,4,3,1,2,salicylic acid cleanser,ceramide moisturizer,hyaluronic acid serum,spf50 matte,calming treatment,skincare_datasets.xlsx::Recommendations|skincare_recommendations_dataset.csv
REC0000302,combination,4,3,2,1,milk cleanser,ceramide moisturizer,hyaluronic acid serum,mineral spf50,chemical exfoliation,skincare_datasets.xlsx::Recommendations|skincare_recommendations_dataset.csv
REC0000303,combination,4,3,2,4,hydrating cleanser,ceramide moisturizer,retinol serum,mineral spf50,retinol treatment,skincare_datasets.xlsx::Recommendations|skincare_recommendations_dataset.csv
REC0000304,combination,4,3,3,1,hydrating cleanser,rich cream moisturizer,peptide serum,spf50,chemical exfoliation,skincare_datasets.xlsx::Recommendations|skincare_recommendations_dataset.csv
REC0000305,combination,4,3,3,3,salicylic acid cleanser,oil free gel moisturizer,retinol serum,spf50,benzoyl peroxide,skincare_datasets.xlsx::Recommendations|skincare_recommendations_dataset.csv
REC0000306,combination,4,3,4,0,salicylic acid cleanser,soothing moisturizer,vitamin c serum,spf50 matte,anti aging routine,skincare_datasets.xlsx::Recommendations|skincare_recommendations_dataset.csv
REC0000307,combination,4,3,4,1,hydrating cleanser,oil free gel moisturizer,retinol serum,spf30,chemical exfoliation,skincare_datasets.xlsx::Recommendations|skincare_recommendations_dataset.csv
REC0000308,combination,4,3,5,4,acne control cleanser,rich cream moisturizer,niacinamide serum,spf50,calming treatment,skincare_datasets.xlsx::Recommendations|skincare_recommendations_dataset.csv
REC0000309,combination,4,3,5,5,gentle foam cleanser,ceramide moisturizer,niacinamide serum,spf50 matte,benzoyl peroxide,skincare_datasets.xlsx::Recommendations|skincare_recommendations_dataset.csv
REC0000310,combination,4,4,0,0,acne control cleanser,oil free gel moisturizer,retinol serum,mineral spf50,benzoyl peroxide,skincare_datasets.xlsx::Recommendations|skincare_recommendations_dataset.csv
REC0000311,combination,4,4,1,3,acne control cleanser,rich cream moisturizer,niacinamide serum,spf50 matte,hydrating mask,skincare_datasets.xlsx::Recommendations|skincare_recommendations_dataset.csv
REC0000312,combination,4,4,2,0,acne control cleanser,oil free gel moisturizer,centella serum,spf30,anti aging routine,skincare_datasets.xlsx::Recommendations|skincare_recommendations_dataset.csv
REC0000313,combination,4,4,2,0,gentle foam cleanser,soothing moisturizer,retinol serum,spf30,benzoyl peroxide,skincare_datasets.xlsx::Recommendations|skincare_recommendations_dataset.csv
REC0000314,combination,4,4,2,4,gentle foam cleanser,oil free gel moisturizer,hyaluronic acid serum,mineral spf50,calming treatment,skincare_datasets.xlsx::Recommendations|skincare_recommendations_dataset.csv
REC0000315,combination,4,4,2,4,milk cleanser,light lotion moisturizer,peptide serum,spf50 matte,barrier repair,skincare_datasets.xlsx::Recommendations|skincare_recommendations_dataset.csv
REC0000316,combination,4,4,4,5,salicylic acid cleanser,oil free gel moisturizer,retinol serum,spf30,benzoyl peroxide,skincare_datasets.xlsx::Recommendations|skincare_recommendations_dataset.csv
REC0000317,combination,4,4,5,0,gentle foam cleanser,oil free gel moisturizer,centella serum,mineral spf50,hydrating mask,skincare_datasets.xlsx::Recommendations|skincare_recommendations_dataset.csv
REC0000318,combination,4,4,5,0,ultra gentle cleanser,ceramide moisturizer,peptide serum,spf30,benzoyl peroxide,skincare_datasets.xlsx::Recommendations|skincare_recommendations_dataset.csv
REC0000319,combination,4,4,5,3,milk cleanser,ceramide moisturizer,retinol serum,spf50,barrier repair,skincare_datasets.xlsx::Recommendations|skincare_recommendations_dataset.csv
REC0000320,combination,4,4,5,4,salicylic acid cleanser,soothing moisturizer,retinol serum,spf50,retinol treatment,skincare_datasets.xlsx::Recommendations|skincare_recommendations_dataset.csv
REC0000321,combination,4,4,5,5,salicylic acid cleanser,ceramide moisturizer,peptide serum,mineral spf50,calming treatment,skincare_datasets.xlsx::Recommendations|skincare_recommendations_dataset.csv
REC0000322,combination,4,5,0,3,gentle foam cleanser,ceramide moisturizer,hyaluronic acid serum,spf50,calming treatment,skincare_datasets.xlsx::Recommendations|skincare_recommendations_dataset.csv
REC0000323,combination,4,5,0,3,salicylic acid cleanser,ceramide moisturizer,peptide serum,mineral spf50,calming treatment,skincare_datasets.xlsx::Recommendations|skincare_recommendations_dataset.csv
REC0000324,combination,4,5,0,4,acne control cleanser,oil free gel moisturizer,peptide serum,spf30,chemical exfoliation,skincare_datasets.xlsx::Recommendations|skincare_recommendations_dataset.csv
REC0000325,combination,4,5,1,2,ultra gentle cleanser,ceramide moisturizer,peptide serum,spf30,barrier repair,skincare_datasets.xlsx::Recommendations|skincare_recommendations_dataset.csv
REC0000326,combination,4,5,2,1,salicylic acid cleanser,light lotion moisturizer,peptide serum,mineral spf50,retinol treatment,skincare_datasets.xlsx::Recommendations|skincare_recommendations_dataset.csv
REC0000327,combination,4,5,2,5,gentle foam cleanser,rich cream moisturizer,vitamin c serum,spf50,calming treatment,skincare_datasets.xlsx::Recommendations|skincare_recommendations_dataset.csv
REC0000328,combination,4,5,4,5,salicylic acid cleanser,rich cream moisturizer,retinol serum,spf50 matte,anti aging routine,skincare_datasets.xlsx::Recommendations|skincare_recommendations_dataset.csv
REC0000329,combination,4,5,5,1,acne control cleanser,soothing moisturizer,peptide serum,spf50,calming treatment,skincare_datasets.xlsx::Recommendations|skincare_recommendations_dataset.csv
REC0000330,combination,4,5,5,3,acne control cleanser,soothing moisturizer,retinol serum,spf50,anti aging routine,skincare_datasets.xlsx::Recommendations|skincare_recommendations_dataset.csv
REC0000331,combination,5,0,0,0,gentle foam cleanser,soothing moisturizer,hyaluronic acid serum,spf50,retinol treatment,skincare_datasets.xlsx::Recommendations|skincare_recommendations_dataset.csv
REC0000332,combination,5,0,1,4,milk cleanser,oil free gel moisturizer,vitamin c serum,mineral spf50,benzoyl peroxide,skincare_datasets.xlsx::Recommendations|skincare_recommendations_dataset.csv
REC0000333,combination,5,0,2,4,milk cleanser,light lotion moisturizer,centella serum,spf50 matte,anti aging routine,skincare_datasets.xlsx::Recommendations|skincare_recommendations_dataset.csv
REC0000334,combination,5,0,2,5,ultra gentle cleanser,soothing moisturizer,peptide serum,spf50 matte,retinol treatment,skincare_datasets.xlsx::Recommendations|skincare_recommendations_dataset.csv
REC0000335,combination,5,0,3,0,acne control cleanser,oil free gel moisturizer,retinol serum,spf50,chemical exfoliation,skincare_datasets.xlsx::Recommendations|skincare_recommendations_dataset.csv
REC0000336,combination,5,0,4,0,milk cleanser,ceramide moisturizer,hyaluronic acid serum,spf50 matte,calming treatment,skincare_datasets.xlsx::Recommendations|skincare_recommendations_dataset.csv
REC0000337,combination,5,0,4,1,ultra gentle cleanser,ceramide moisturizer,niacinamide serum,mineral spf50,barrier repair,skincare_datasets.xlsx::Recommendations|skincare_recommendations_dataset.csv
REC0000338,combination,5,0,4,2,acne control cleanser,ceramide moisturizer,peptide serum,spf50,barrier repair,skincare_datasets.xlsx::Recommendations|skincare_recommendations_dataset.csv
REC0000339,combination,5,0,4,5,acne control cleanser,oil free gel moisturizer,niacinamide serum,spf30,calming treatment,skincare_datasets.xlsx::Recommendations|skincare_recommendations_dataset.csv
REC0000340,combination,5,0,5,2,milk cleanser,soothing moisturizer,centella serum,spf50,calming treatment,skincare_datasets.xlsx::Recommendations|skincare_recommendations_dataset.csv
REC0000341,combination,5,0,5,4,ultra gentle cleanser,rich cream moisturizer,centella serum,spf50 matte,calming treatment,skincare_datasets.xlsx::Recommendations|skincare_recommendations_dataset.csv
REC0000342,combination,5,0,5,5,gentle foam cleanser,rich cream moisturizer,retinol serum,spf30,benzoyl peroxide,skincare_datasets.xlsx::Recommendations|skincare_recommendations_dataset.csv
REC0000343,combination,5,1,0,1,acne control cleanser,ceramide moisturizer,centella serum,spf30,chemical exfoliation,skincare_datasets.xlsx::Recommendations|skincare_recommendations_dataset.csv
REC0000344,combination,5,1,0,1,acne control cleanser,soothing moisturizer,hyaluronic acid serum,spf50 matte,retinol treatment,skincare_datasets.xlsx::Recommendations|skincare_recommendations_dataset.csv
REC0000345,combination,5,1,0,2,gentle foam cleanser,soothing moisturizer,peptide serum,spf50,hydrating mask,skincare_datasets.xlsx::Recommendations|skincare_recommendations_dataset.csv
REC0000346,combination,5,1,0,2,salicylic acid cleanser,light lotion moisturizer,niacinamide serum,spf50,calming treatment,skincare_datasets.xlsx::Recommendations|skincare_recommendations_dataset.csv
REC0000347,combination,5,1,0,4,gentle foam cleanser,light lotion moisturizer,peptide serum,spf50 matte,barrier repair,skincare_datasets.xlsx::Recommendations|skincare_recommendations_dataset.csv
REC0000348,combination,5,1,1,0,ultra gentle cleanser,rich cream moisturizer,hyaluronic acid serum,mineral spf50,calming treatment,skincare_datasets.xlsx::Recommendations|skincare_recommendations_dataset.csv
REC0000349,combination,5,1,1,1,salicylic acid cleanser,oil free gel moisturizer,retinol serum,spf30,barrier repair,skincare_datasets.xlsx::Recommendations|skincare_recommendations_dataset.csv
REC0000350,combination,5,1,1,2,ultra gentle cleanser,light lotion moisturizer,hyaluronic acid serum,spf30,retinol treatment,skincare_datasets.xlsx::Recommendations|skincare_recommendations_dataset.csv
REC0000351,combination,5,1,2,3,salicylic acid cleanser,oil free gel moisturizer,vitamin c serum,spf50,retinol treatment,skincare_datasets.xlsx::Recommendations|skincare_recommendations_dataset.csv
REC0000352,combination,5,1,2,3,ultra gentle cleanser,light lotion moisturizer,vitamin c serum,spf50 matte,anti aging routine,skincare_datasets.xlsx::Recommendations|skincare_recommendations_dataset.csv
REC0000353,combination,5,1,2,4,acne control cleanser,oil free gel moisturizer,hyaluronic acid serum,spf50,anti aging routine,skincare_datasets.xlsx::Recommendations|skincare_recommendations_dataset.csv
REC0000354,combination,5,1,2,4,hydrating cleanser,ceramide moisturizer,vitamin c serum,mineral spf50,retinol treatment,skincare_datasets.xlsx::Recommendations|skincare_recommendations_dataset.csv
REC0000355,combination,5,1,3,2,salicylic acid cleanser,oil free gel moisturizer,retinol serum,mineral spf50,barrier repair,skincare_datasets.xlsx::Recommendations|skincare_recommendations_dataset.csv
REC0000356,combination,5,1,3,2,ultra gentle cleanser,light lotion moisturizer,vitamin c serum,mineral spf50,retinol treatment,skincare_datasets.xlsx::Recommendations|skincare_recommendations_dataset.csv
REC0000357,combination,5,1,3,5,milk cleanser,soothing moisturizer,peptide serum,mineral spf50,barrier repair,skincare_datasets.xlsx::Recommendations|skincare_recommendations_dataset.csv
REC0000358,combination,5,1,4,4,acne control cleanser,ceramide moisturizer,vitamin c serum,mineral spf50,anti aging routine,skincare_datasets.xlsx::Recommendations|skincare_recommendations_dataset.csv
REC0000359,combination,5,1,4,4,hydrating cleanser,oil free gel moisturizer,centella serum,spf50,benzoyl peroxide,skincare_datasets.xlsx::Recommendations|skincare_recommendations_dataset.csv
REC0000360,combination,5,1,4,5,acne control cleanser,light lotion moisturizer,peptide serum,spf50 matte,chemical exfoliation,skincare_datasets.xlsx::Recommendations|skincare_recommendations_dataset.csv
REC0000361,combination,5,1,4,5,hydrating cleanser,rich cream moisturizer,vitamin c serum,spf50,retinol treatment,skincare_datasets.xlsx::Recommendations|skincare_recommendations_dataset.csv
REC0000362,combination,5,1,5,4,salicylic acid cleanser,light lotion moisturizer,hyaluronic acid serum,spf50 matte,benzoyl peroxide,skincare_datasets.xlsx::Recommendations|skincare_recommendations_dataset.csv
REC0000363,combination,5,2,0,1,milk cleanser,ceramide moisturizer,peptide serum,spf50,calming treatment,skincare_datasets.xlsx::Recommendations|skincare_recommendations_dataset.csv
REC0000364,combination,5,2,2,2,salicylic acid cleanser,rich cream moisturizer,peptide serum,spf50 matte,benzoyl peroxide,skincare_datasets.xlsx::Recommendations|skincare_recommendations_dataset.csv
REC0000365,combination,5,2,3,0,acne control cleanser,oil free gel moisturizer,retinol serum,spf30,chemical exfoliation,skincare_datasets.xlsx::Recommendations|skincare_recommendations_dataset.csv
REC0000366,combination,5,2,3,0,gentle foam cleanser,ceramide moisturizer,vitamin c serum,mineral spf50,retinol treatment,skincare_datasets.xlsx::Recommendations|skincare_recommendations_dataset.csv
REC0000367,combination,5,2,3,4,gentle foam cleanser,oil free gel moisturizer,retinol serum,spf30,calming treatment,skincare_datasets.xlsx::Recommendations|skincare_recommendations_dataset.csv
REC0000368,combination,5,2,4,0,salicylic acid cleanser,light lotion moisturizer,peptide serum,spf50,benzoyl peroxide,skincare_datasets.xlsx::Recommendations|skincare_recommendations_dataset.csv
REC0000369,combination,5,2,4,2,salicylic acid cleanser,light lotion moisturizer,centella serum,spf50 matte,chemical exfoliation,skincare_datasets.xlsx::Recommendations|skincare_recommendations_dataset.csv
REC0000370,combination,5,2,4,3,ultra gentle cleanser,light lotion moisturizer,niacinamide serum,mineral spf50,retinol treatment,skincare_datasets.xlsx::Recommendations|skincare_recommendations_dataset.csv
REC0000371,combination,5,2,4,3,ultra gentle cleanser,rich cream moisturizer,vitamin c serum,spf50,hydrating mask,skincare_datasets.xlsx::Recommendations|skincare_recommendations_dataset.csv
REC0000372,combination,5,2,5,2,hydrating cleanser,oil free gel moisturizer,niacinamide serum,spf30,benzoyl peroxide,skincare_datasets.xlsx::Recommendations|skincare_recommendations_dataset.csv
REC0000373,combination,5,2,5,3,milk cleanser,ceramide moisturizer,vitamin c serum,spf30,benzoyl peroxide,skincare_datasets.xlsx::Recommendations|skincare_recommendations_dataset.csv
REC0000374,combination,5,3,0,3,hydrating cleanser,soothing moisturizer,retinol serum,spf50,anti aging routine,skincare_datasets.xlsx::Recommendations|skincare_recommendations_dataset.csv
REC0000375,combination,5,3,0,5,acne control cleanser,oil free gel moisturizer,hyaluronic acid serum,spf50 matte,retinol treatment,skincare_datasets.xlsx::Recommendations|skincare_recommendations_dataset.csv
REC0000376,combination,5,3,1,0,salicylic acid cleanser,ceramide moisturizer,retinol serum,spf50 matte,calming treatment,skincare_datasets.xlsx::Recommendations|skincare_recommendations_dataset.csv
REC0000377,combination,5,3,1,2,ultra gentle cleanser,rich cream moisturizer,niacinamide serum,spf30,chemical exfoliation,skincare_datasets.xlsx::Recommendations|skincare_recommendations_dataset.csv
REC0000378,combination,5,3,2,0,acne control cleanser,soothing moisturizer,niacinamide serum,spf30,barrier repair,skincare_datasets.xlsx::Recommendations|skincare_recommendations_dataset.csv
REC0000379,combination,5,3,2,2,gentle foam cleanser,light lotion moisturizer,peptide serum,mineral spf50,retinol treatment,skincare_datasets.xlsx::Recommendations|skincare_recommendations_dataset.csv
REC0000380,combination,5,3,2,3,acne control cleanser,oil free gel moisturizer,retinol serum,spf50,calming treatment,skincare_datasets.xlsx::Recommendations|skincare_recommendations_dataset.csv
REC0000381,combination,5,3,2,3,acne control cleanser,rich cream moisturizer,vitamin c serum,spf50,retinol treatment,skincare_datasets.xlsx::Recommendations|skincare_recommendations_dataset.csv
REC0000382,combination,5,3,2,5,gentle foam cleanser,light lotion moisturizer,centella serum,spf50,hydrating mask,skincare_datasets.xlsx::Recommendations|skincare_recommendations_dataset.csv
REC0000383,combination,5,3,3,0,acne control cleanser,rich cream moisturizer,peptide serum,spf50,calming treatment,skincare_datasets.xlsx::Recommendations|skincare_recommendations_dataset.csv
REC0000384,combination,5,3,3,0,hydrating cleanser,light lotion moisturizer,retinol serum,spf30,hydrating mask,skincare_datasets.xlsx::Recommendations|skincare_recommendations_dataset.csv
REC0000385,combination,5,3,3,3,salicylic acid cleanser,ceramide moisturizer,hyaluronic acid serum,spf50 matte,anti aging routine,skincare_datasets.xlsx::Recommendations|skincare_recommendations_dataset.csv
REC0000386,combination,5,3,3,5,ultra gentle cleanser,ceramide moisturizer,peptide serum,spf50,retinol treatment,skincare_datasets.xlsx::Recommendations|skincare_recommendations_dataset.csv
REC0000387,combination,5,3,5,0,milk cleanser,oil free gel moisturizer,centella serum,spf30,anti aging routine,skincare_datasets.xlsx::Recommendations|skincare_recommendations_dataset.csv
REC0000388,combination,5,3,5,0,milk cleanser,soothing moisturizer,niacinamide serum,mineral spf50,chemical exfoliation,skincare_datasets.xlsx::Recommendations|skincare_recommendations_dataset.csv
REC0000389,combination,5,3,5,1,milk cleanser,ceramide moisturizer,vitamin c serum,spf30,benzoyl peroxide,skincare_datasets.xlsx::Recommendations|skincare_recommendations_dataset.csv
REC0000390,combination,5,4,0,3,hydrating cleanser,rich cream moisturizer,centella serum,spf50,barrier repair,skincare_datasets.xlsx::Recommendations|skincare_recommendations_dataset.csv
REC0000391,combination,5,4,2,5,acne control cleanser,ceramide moisturizer,retinol serum,mineral spf50,retinol treatment,skincare_datasets.xlsx::Recommendations|skincare_recommendations_dataset.csv
REC0000392,combination,5,4,3,3,acne control cleanser,ceramide moisturizer,hyaluronic acid serum,spf30,calming treatment,skincare_datasets.xlsx::Recommendations|skincare_recommendations_dataset.csv
REC0000393,combination,5,4,4,1,milk cleanser,oil free gel moisturizer,centella serum,mineral spf50,calming treatment,skincare_datasets.xlsx::Recommendations|skincare_recommendations_dataset.csv
REC0000394,combination,5,4,4,3,salicylic acid cleanser,rich cream moisturizer,peptide serum,mineral spf50,barrier repair,skincare_datasets.xlsx::Recommendations|skincare_recommendations_dataset.csv
REC0000395,combination,5,4,5,0,ultra gentle cleanser,rich cream moisturizer,peptide serum,spf30,chemical exfoliation,skincare_datasets.xlsx::Recommendations|skincare_recommendations_dataset.csv
REC0000396,combination,5,4,5,1,gentle foam cleanser,oil free gel moisturizer,peptide serum,spf50,calming treatment,skincare_datasets.xlsx::Recommendations|skincare_recommendations_dataset.csv
REC0000397,combination,5,4,5,5,hydrating cleanser,rich cream moisturizer,niacinamide serum,spf30,benzoyl peroxide,skincare_datasets.xlsx::Recommendations|skincare_recommendations_dataset.csv
REC0000398,combination,5,5,0,0,gentle foam cleanser,rich cream moisturizer,vitamin c serum,spf50,calming treatment,skincare_datasets.xlsx::Recommendations|skincare_recommendations_dataset.csv
REC0000399,combination,5,5,0,5,gentle foam cleanser,ceramide moisturizer,vitamin c serum,mineral spf50,anti aging routine,skincare_datasets.xlsx::Recommendations|skincare_recommendations_dataset.csv
REC0000400,combination,5,5,1,0,milk cleanser,soothing moisturizer,peptide serum,spf30,anti aging routine,skincare_datasets.xlsx::Recommendations|skincare_recommendations_dataset.csv
REC0000401,combination,5,5,1,1,hydrating cleanser,soothing moisturizer,hyaluronic acid serum,spf30,hydrating mask,skincare_datasets.xlsx::Recommendations|skincare_recommendations_dataset.csv
REC0000402,combination,5,5,1,5,hydrating cleanser,rich cream moisturizer,hyaluronic acid serum,spf50,chemical exfoliation,skincare_datasets.xlsx::Recommendations|skincare_recommendations_dataset.csv
REC0000403,combination,5,5,2,3,acne control cleanser,oil free gel moisturizer,niacinamide serum,spf50 matte,retinol treatment,skincare_datasets.xlsx::Recommendations|skincare_recommendations_dataset.csv
REC0000404,combination,5,5,2,3,salicylic acid cleanser,oil free gel moisturizer,niacinamide serum,spf50 matte,anti aging routine,skincare_datasets.xlsx::Recommendations|skincare_recommendations_dataset.csv
REC0000405,combination,5,5,2,5,milk cleanser,oil free gel moisturizer,niacinamide serum,spf50 matte,benzoyl peroxide,skincare_datasets.xlsx::Recommendations|skincare_recommendations_dataset.csv
REC0000406,combination,5,5,3,0,gentle foam cleanser,rich cream moisturizer,hyaluronic acid serum,spf50,hydrating mask,skincare_datasets.xlsx::Recommendations|skincare_recommendations_dataset.csv
REC0000407,combination,5,5,4,3,milk cleanser,ceramide moisturizer,centella serum,spf50,benzoyl peroxide,skincare_datasets.xlsx::Recommendations|skincare_recommendations_dataset.csv
REC0000408,dry,0,0,0,1,hydrating cleanser,rich cream moisturizer,retinol serum,mineral spf50,anti aging routine,skincare_datasets.xlsx::Recommendations|skincare_recommendations_dataset.csv
REC0000409,dry,0,0,1,4,gentle foam cleanser,light lotion moisturizer,centella serum,mineral spf50,hydrating mask,skincare_datasets.xlsx::Recommendations|skincare_recommendations_dataset.csv
REC0000410,dry,0,0,2,1,salicylic acid cleanser,rich cream moisturizer,peptide serum,spf30,hydrating mask,skincare_datasets.xlsx::Recommendations|skincare_recommendations_dataset.csv
REC0000411,dry,0,0,2,1,ultra gentle cleanser,soothing moisturizer,peptide serum,mineral spf50,benzoyl peroxide,skincare_datasets.xlsx::Recommendations|skincare_recommendations_dataset.csv
REC0000412,dry,0,0,2,2,hydrating cleanser,light lotion moisturizer,peptide serum,spf50,benzoyl peroxide,skincare_datasets.xlsx::Recommendations|skincare_recommendations_dataset.csv
REC0000413,dry,0,0,3,0,ultra gentle cleanser,oil free gel moisturizer,niacinamide serum,spf50,benzoyl peroxide,skincare_datasets.xlsx::Recommendations|skincare_recommendations_dataset.csv
REC0000414,dry,0,0,4,0,ultra gentle cleanser,soothing moisturizer,niacinamide serum,spf30,barrier repair,skincare_datasets.xlsx::Recommendations|skincare_recommendations_dataset.csv
REC0000415,dry,0,0,4,1,hydrating cleanser,light lotion moisturizer,niacinamide serum,spf30,anti aging routine,skincare_datasets.xlsx::Recommendations|skincare_recommendations_dataset.csv
REC0000416,dry,0,0,4,4,hydrating cleanser,ceramide moisturizer,centella serum,spf50,barrier repair,skincare_datasets.xlsx::Recommendations|skincare_recommendations_dataset.csv
REC0000417,dry,0,0,4,4,hydrating cleanser,soothing moisturizer,centella serum,mineral spf50,anti aging routine,skincare_datasets.xlsx::Recommendations|skincare_recommendations_dataset.csv
REC0000418,dry,0,0,4,5,hydrating cleanser,light lotion moisturizer,hyaluronic acid serum,spf50,benzoyl peroxide,skincare_datasets.xlsx::Recommendations|skincare_recommendations_dataset.csv
REC0000419,dry,0,1,0,0,hydrating cleanser,oil free gel moisturizer,hyaluronic acid serum,spf50,calming treatment,skincare_datasets.xlsx::Recommendations|skincare_recommendations_dataset.csv
REC0000420,dry,0,1,0,1,milk cleanser,rich cream moisturizer,hyaluronic acid serum,spf50 matte,chemical exfoliation,skincare_datasets.xlsx::Recommendations|skincare_recommendations_dataset.csv
REC0000421,dry,0,1,0,3,acne control cleanser,oil free gel moisturizer,retinol serum,spf50,benzoyl peroxide,skincare_datasets.xlsx::Recommendations|skincare_recommendations_dataset.csv
REC0000422,dry,0,1,1,3,hydrating cleanser,light lotion moisturizer,retinol serum,mineral spf50,retinol treatment,skincare_datasets.xlsx::Recommendations|skincare_recommendations_dataset.csv
REC0000423,dry,0,1,1,4,acne control cleanser,ceramide moisturizer,centella serum,spf30,anti aging routine,skincare_datasets.xlsx::Recommendations|skincare_recommendations_dataset.csv
REC0000424,dry,0,1,1,5,acne control cleanser,rich cream moisturizer,peptide serum,spf30,barrier repair,skincare_datasets.xlsx::Recommendations|skincare_recommendations_dataset.csv
REC0000425,dry,0,1,2,1,ultra gentle cleanser,rich cream moisturizer,retinol serum,spf50,benzoyl peroxide,skincare_datasets.xlsx::Recommendations|skincare_recommendations_dataset.csv
REC0000426,dry,0,1,2,2,ultra gentle cleanser,light lotion moisturizer,retinol serum,spf50 matte,hydrating mask,skincare_datasets.xlsx::Recommendations|skincare_recommendations_dataset.csv
REC0000427,dry,0,1,2,3,salicylic acid cleanser,ceramide moisturizer,vitamin c serum,spf50 matte,chemical exfoliation,skincare_datasets.xlsx::Recommendations|skincare_recommendations_dataset.csv
REC0000428,dry,0,1,3,0,gentle foam cleanser,ceramide moisturizer,hyaluronic acid serum,mineral spf50,chemical exfoliation,skincare_datasets.xlsx::Recommendations|skincare_recommendations_dataset.csv
REC0000429,dry,0,1,3,0,salicylic acid cleanser,rich cream moisturizer,vitamin c serum,spf50,chemical exfoliation,skincare_datasets.xlsx::Recommendations|skincare_recommendations_dataset.csv
REC0000430,dry,0,1,3,4,milk cleanser,light lotion moisturizer,retinol serum,spf50,chemical exfoliation,skincare_datasets.xlsx::Recommendations|skincare_recommendations_dataset.csv
REC0000431,dry,0,1,4,0,milk cleanser,light lotion moisturizer,hyaluronic acid serum,spf30,retinol treatment,skincare_datasets.xlsx::Recommendations|skincare_recommendations_dataset.csv
REC0000432,dry,0,1,5,4,gentle foam cleanser,rich cream moisturizer,centella serum,spf50,benzoyl peroxide,skincare_datasets.xlsx::Recommendations|skincare_recommendations_dataset.csv
REC0000433,dry,0,1,5,4,ultra gentle cleanser,light lotion moisturizer,niacinamide serum,spf50,chemical exfoliation,skincare_datasets.xlsx::Recommendations|skincare_recommendations_dataset.csv
REC0000434,dry,0,2,0,1,milk cleanser,soothing moisturizer,peptide serum,mineral spf50,calming treatment,skincare_datasets.xlsx::Recommendations|skincare_recommendations_dataset.csv
REC0000435,dry,0,2,0,3,hydrating cleanser,rich cream moisturizer,retinol serum,spf50 matte,benzoyl peroxide,skincare_datasets.xlsx::Recommendations|skincare_recommendations_dataset.csv
REC0000436,dry,0,2,1,0,hydrating cleanser,light lotion moisturizer,vitamin c serum,spf50 matte,barrier repair,skincare_datasets.xlsx::Recommendations|skincare_recommendations_dataset.csv
REC0000437,dry,0,2,1,1,hydrating cleanser,light lotion moisturizer,retinol serum,spf50,barrier repair,skincare_datasets.xlsx::Recommendations|skincare_recommendations_dataset.csv
REC0000438,dry,0,2,1,5,ultra gentle cleanser,soothing moisturizer,hyaluronic acid serum,spf30,barrier repair,skincare_datasets.xlsx::Recommendations|skincare_recommendations_dataset.csv
REC0000439,dry,0,2,4,3,salicylic acid cleanser,ceramide moisturizer,retinol serum,spf50 matte,barrier repair,skincare_datasets.xlsx::Recommendations|skincare_recommendations_dataset.csv
REC0000440,dry,0,2,4,4,salicylic acid cleanser,oil free gel moisturizer,retinol serum,spf30,hydrating mask,skincare_datasets.xlsx::Recommendations|skincare_recommendations_dataset.csv
REC0000441,dry,0,2,4,4,salicylic acid cleanser,oil free gel moisturizer,retinol serum,spf50 matte,retinol treatment,skincare_datasets.xlsx::Recommendations|skincare_recommendations_dataset.csv
REC0000442,dry,0,2,4,5,milk cleanser,rich cream moisturizer,niacinamide serum,spf30,anti aging routine,skincare_datasets.xlsx::Recommendations|skincare_recommendations_dataset.csv
REC0000443,dry,0,2,5,5,acne control cleanser,oil free gel moisturizer,vitamin c serum,spf50,calming treatment,skincare_datasets.xlsx::Recommendations|skincare_recommendations_dataset.csv
REC0000444,dry,0,3,0,0,salicylic acid cleanser,ceramide moisturizer,peptide serum,spf30,retinol treatment,skincare_datasets.xlsx::Recommendations|skincare_recommendations_dataset.csv
REC0000445,dry,0,3,0,3,hydrating cleanser,light lotion moisturizer,niacinamide serum,spf30,benzoyl peroxide,skincare_datasets.xlsx::Recommendations|skincare_recommendations_dataset.csv
REC0000446,dry,0,3,1,0,hydrating cleanser,soothing moisturizer,vitamin c serum,mineral spf50,calming treatment,skincare_datasets.xlsx::Recommendations|skincare_recommendations_dataset.csv
REC0000447,dry,0,3,1,1,hydrating cleanser,ceramide moisturizer,vitamin c serum,spf50,barrier repair,skincare_datasets.xlsx::Recommendations|skincare_recommendations_dataset.csv
REC0000448,dry,0,3,1,2,hydrating cleanser,light lotion moisturizer,centella serum,mineral spf50,calming treatment,skincare_datasets.xlsx::Recommendations|skincare_recommendations_dataset.csv
REC0000449,dry,0,3,1,5,hydrating cleanser,ceramide moisturizer,hyaluronic acid serum,mineral spf50,retinol treatment,skincare_datasets.xlsx::Recommendations|skincare_recommendations_dataset.csv
REC0000450,dry,0,3,1,5,milk cleanser,light lotion moisturizer,peptide serum,spf50,chemical exfoliation,skincare_datasets.xlsx::Recommendations|skincare_recommendations_dataset.csv
REC0000451,dry,0,3,2,3,milk cleanser,soothing moisturizer,niacinamide serum,spf50 matte,barrier repair,skincare_datasets.xlsx::Recommendations|skincare_recommendations_dataset.csv
REC0000452,dry,0,3,2,3,salicylic acid cleanser,ceramide moisturizer,vitamin c serum,spf50 matte,barrier repair,skincare_datasets.xlsx::Recommendations|skincare_recommendations_dataset.csv
REC0000453,dry,0,3,2,5,gentle foam cleanser,rich cream moisturizer,retinol serum,mineral spf50,hydrating mask,skincare_datasets.xlsx::Recommendations|skincare_recommendations_dataset.csv
REC0000454,dry,0,3,2,5,gentle foam cleanser,soothing moisturizer,hyaluronic acid serum,mineral spf50,benzoyl peroxide,skincare_datasets.xlsx::Recommendations|skincare_recommendations_dataset.csv
REC0000455,dry,0,3,3,2,salicylic acid cleanser,oil free gel moisturizer,hyaluronic acid serum,mineral spf50,calming treatment,skincare_datasets.xlsx::Recommendations|skincare_recommendations_dataset.csv
REC0000456,dry,0,3,3,3,ultra gentle cleanser,light lotion moisturizer,niacinamide serum,spf50 matte,benzoyl peroxide,skincare_datasets.xlsx::Recommendations|skincare_recommendations_dataset.csv
REC0000457,dry,0,3,3,5,acne control cleanser,ceramide moisturizer,centella serum,spf50 matte,anti aging routine,skincare_datasets.xlsx::Recommendations|skincare_recommendations_dataset.csv
REC0000458,dry,0,3,4,2,milk cleanser,ceramide moisturizer,niacinamide serum,mineral spf50,anti aging routine,skincare_datasets.xlsx::Recommendations|skincare_recommendations_dataset.csv
REC0000459,dry,0,3,4,5,milk cleanser,ceramide moisturizer,niacinamide serum,mineral spf50,barrier repair,skincare_datasets.xlsx::Recommendations|skincare_recommendations_dataset.csv
REC0000460,dry,0,3,5,3,hydrating cleanser,rich cream moisturizer,peptide serum,spf50,chemical exfoliation,skincare_datasets.xlsx::Recommendations|skincare_recommendations_dataset.csv
REC0000461,dry,0,4,0,0,salicylic acid cleanser,soothing moisturizer,niacinamide serum,mineral spf50,calming treatment,skincare_datasets.xlsx::Recommendations|skincare_recommendations_dataset.csv
REC0000462,dry,0,4,0,2,gentle foam cleanser,rich cream moisturizer,centella serum,mineral spf50,benzoyl peroxide,skincare_datasets.xlsx::Recommendations|skincare_recommendations_dataset.csv
REC0000463,dry,0,4,0,2,milk cleanser,oil free gel moisturizer,peptide serum,mineral spf50,benzoyl peroxide,skincare_datasets.xlsx::Recommendations|skincare_recommendations_dataset.csv
REC0000464,dry,0,4,1,3,salicylic acid cleanser,oil free gel moisturizer,niacinamide serum,spf30,benzoyl peroxide,skincare_datasets.xlsx::Recommendations|skincare_recommendations_dataset.csv
REC0000465,dry,0,4,2,4,milk cleanser,ceramide moisturizer,centella serum,spf50 matte,hydrating mask,skincare_datasets.xlsx::Recommendations|skincare_recommendations_dataset.csv
REC0000466,dry,0,4,3,1,gentle foam cleanser,light lotion moisturizer,niacinamide serum,spf50 matte,retinol treatment,skincare_datasets.xlsx::Recommendations|skincare_recommendations_dataset.csv
REC0000467,dry,0,4,3,3,ultra gentle cleanser,oil free gel moisturizer,retinol serum,mineral spf50,retinol treatment,skincare_datasets.xlsx::Recommendations|skincare_recommendations_dataset.csv
REC0000468,dry,0,4,3,3,ultra gentle cleanser,rich cream moisturizer,vitamin c serum,spf30,chemical exfoliation,skincare_datasets.xlsx::Recommendations|skincare_recommendations_dataset.csv
REC0000469,dry,0,4,4,4,hydrating cleanser,soothing moisturizer,peptide serum,spf50,retinol treatment,skincare_datasets.xlsx::Recommendations|skincare_recommendations_dataset.csv
REC0000470,dry,0,4,4,5,salicylic acid cleanser,soothing moisturizer,vitamin c serum,spf50,retinol treatment,skincare_datasets.xlsx::Recommendations|skincare_recommendations_dataset.csv
REC0000471,dry,0,4,5,4,ultra gentle cleanser,ceramide moisturizer,vitamin c serum,spf50,chemical exfoliation,skincare_datasets.xlsx::Recommendations|skincare_recommendations_dataset.csv
REC0000472,dry,0,5,1,0,gentle foam cleanser,rich cream moisturizer,centella serum,spf30,benzoyl peroxide,skincare_datasets.xlsx::Recommendations|skincare_recommendations_dataset.csv
REC0000473,dry,0,5,1,1,acne control cleanser,soothing moisturizer,centella serum,spf50 matte,barrier repair,skincare_datasets.xlsx::Recommendations|skincare_recommendations_dataset.csv
REC0000474,dry,0,5,2,1,ultra gentle cleanser,oil free gel moisturizer,centella serum,spf30,anti aging routine,skincare_datasets.xlsx::Recommendations|skincare_recommendations_dataset.csv
REC0000475,dry,0,5,3,0,acne control cleanser,ceramide moisturizer,vitamin c serum,spf50,hydrating mask,skincare_datasets.xlsx::Recommendations|skincare_recommendations_dataset.csv
REC0000476,dry,0,5,3,0,ultra gentle cleanser,light lotion moisturizer,peptide serum,mineral spf50,benzoyl peroxide,skincare_datasets.xlsx::Recommendations|skincare_recommendations_dataset.csv
REC0000477,dry,0,5,3,1,acne control cleanser,rich cream moisturizer,hyaluronic acid serum,spf30,calming treatment,skincare_datasets.xlsx::Recommendations|skincare_recommendations_dataset.csv
REC0000478,dry,0,5,3,2,hydrating cleanser,light lotion moisturizer,centella serum,spf50 matte,chemical exfoliation,skincare_datasets.xlsx::Recommendations|skincare_recommendations_dataset.csv
REC0000479,dry,0,5,4,1,hydrating cleanser,ceramide moisturizer,retinol serum,spf50,benzoyl peroxide,skincare_datasets.xlsx::Recommendations|skincare_recommendations_dataset.csv
REC0000480,dry,0,5,5,0,ultra gentle cleanser,soothing moisturizer,centella serum,spf50,barrier repair,skincare_datasets.xlsx::Recommendations|skincare_recommendations_dataset.csv
REC0000481,dry,0,5,5,1,hydrating cleanser,rich cream moisturizer,vitamin c serum,spf50 matte,benzoyl peroxide,skincare_datasets.xlsx::Recommendations|skincare_recommendations_dataset.csv
REC0000482,dry,0,5,5,3,ultra gentle cleanser,rich cream moisturizer,centella serum,spf50 matte,anti aging routine,skincare_datasets.xlsx::Recommendations|skincare_recommendations_dataset.csv
REC0000483,dry,1,0,0,0,ultra gentle cleanser,rich cream moisturizer,hyaluronic acid serum,spf50 matte,barrier repair,skincare_datasets.xlsx::Recommendations|skincare_recommendations_dataset.csv
REC0000484,dry,1,0,0,1,acne control cleanser,light lotion moisturizer,centella serum,mineral spf50,benzoyl peroxide,skincare_datasets.xlsx::Recommendations|skincare_recommendations_dataset.csv
REC0000485,dry,1,0,0,2,salicylic acid cleanser,ceramide moisturizer,peptide serum,spf30,hydrating mask,skincare_datasets.xlsx::Recommendations|skincare_recommendations_dataset.csv
REC0000486,dry,1,0,0,4,salicylic acid cleanser,rich cream moisturizer,niacinamide serum,spf50 matte,retinol treatment,skincare_datasets.xlsx::Recommendations|skincare_recommendations_dataset.csv
REC0000487,dry,1,0,1,4,gentle foam cleanser,oil free gel moisturizer,niacinamide serum,spf50 matte,anti aging routine,skincare_datasets.xlsx::Recommendations|skincare_recommendations_dataset.csv
REC0000488,dry,1,0,1,5,acne control cleanser,soothing moisturizer,centella serum,spf50 matte,anti aging routine,skincare_datasets.xlsx::Recommendations|skincare_recommendations_dataset.csv
REC0000489,dry,1,0,2,0,hydrating cleanser,ceramide moisturizer,hyaluronic acid serum,mineral spf50,calming treatment,skincare_datasets.xlsx::Recommendations|skincare_recommendations_dataset.csv
REC0000490,dry,1,0,3,0,hydrating cleanser,soothing moisturizer,hyaluronic acid serum,spf50,hydrating mask,skincare_datasets.xlsx::Recommendations|skincare_recommendations_dataset.csv
REC0000491,dry,1,0,3,2,ultra gentle cleanser,light lotion moisturizer,hyaluronic acid serum,spf30,hydrating mask,skincare_datasets.xlsx::Recommendations|skincare_recommendations_dataset.csv
REC0000492,dry,1,0,3,3,salicylic acid cleanser,soothing moisturizer,niacinamide serum,spf50 matte,anti aging routine,skincare_datasets.xlsx::Recommendations|skincare_recommendations_dataset.csv
REC0000493,dry,1,0,3,4,hydrating cleanser,rich cream moisturizer,vitamin c serum,mineral spf50,chemical exfoliation,skincare_datasets.xlsx::Recommendations|skincare_recommendations_dataset.csv
REC0000494,dry,1,0,3,4,ultra gentle cleanser,rich cream moisturizer,niacinamide serum,spf50,calming treatment,skincare_datasets.xlsx::Recommendations|skincare_recommendations_dataset.csv
REC0000495,dry,1,0,3,5,salicylic acid cleanser,soothing moisturizer,centella serum,spf50,barrier repair,skincare_datasets.xlsx::Recommendations|skincare_recommendations_dataset.csv
REC0000496,dry,1,0,4,2,salicylic acid cleanser,light lotion moisturizer,peptide serum,mineral spf50,retinol treatment,skincare_datasets.xlsx::Recommendations|skincare_recommendations_dataset.csv
REC0000497,dry,1,0,4,3,hydrating cleanser,soothing moisturizer,centella serum,mineral spf50,hydrating mask,skincare_datasets.xlsx::Recommendations|skincare_recommendations_dataset.csv
REC0000498,dry,1,0,4,4,acne control cleanser,oil free gel moisturizer,vitamin c serum,spf50,chemical exfoliation,skincare_datasets.xlsx::Recommendations|skincare_recommendations_dataset.csv
REC0000499,dry,1,0,5,4,hydrating cleanser,rich cream moisturizer,niacinamide serum,spf50,benzoyl peroxide,skincare_datasets.xlsx::Recommendations|skincare_recommendations_dataset.csv
REC0000500,dry,1,0,5,5,acne control cleanser,light lotion moisturizer,niacinamide serum,spf30,anti aging routine,skincare_datasets.xlsx::Recommendations|skincare_recommendations_dataset.csv
REC0000501,dry,1,1,1,0,gentle foam cleanser,ceramide moisturizer,niacinamide serum,spf30,hydrating mask,skincare_datasets.xlsx::Recommendations|skincare_recommendations_dataset.csv
REC0000502,dry,1,1,1,2,acne control cleanser,ceramide moisturizer,peptide serum,spf30,chemical exfoliation,skincare_datasets.xlsx::Recommendations|skincare_recommendations_dataset.csv
REC0000503,dry,1,1,3,3,salicylic acid cleanser,soothing moisturizer,centella serum,spf50,chemical exfoliation,skincare_datasets.xlsx::Recommendations|skincare_recommendations_dataset.csv
REC0000504,dry,1,1,4,1,salicylic acid cleanser,light lotion moisturizer,centella serum,spf30,benzoyl peroxide,skincare_datasets.xlsx::Recommendations|skincare_recommendations_dataset.csv
REC0000505,dry,1,1,4,5,acne control cleanser,rich cream moisturizer,retinol serum,mineral spf50,anti aging routine,skincare_datasets.xlsx::Recommendations|skincare_recommendations_dataset.csv
REC0000506,dry,1,1,4,5,hydrating cleanser,ceramide moisturizer,centella serum,spf50,chemical exfoliation,skincare_datasets.xlsx::Recommendations|skincare_recommendations_dataset.csv
REC0000507,dry,1,1,5,2,milk cleanser,oil free gel moisturizer,peptide serum,mineral spf50,anti aging routine,skincare_datasets.xlsx::Recommendations|skincare_recommendations_dataset.csv
REC0000508,dry,1,1,5,5,gentle foam cleanser,light lotion moisturizer,niacinamide serum,mineral spf50,chemical exfoliation,skincare_datasets.xlsx::Recommendations|skincare_recommendations_dataset.csv
REC0000509,dry,1,2,0,5,hydrating cleanser,ceramide moisturizer,hyaluronic acid serum,mineral spf50,anti aging routine,skincare_datasets.xlsx::Recommendations|skincare_recommendations_dataset.csv
REC0000510,dry,1,2,2,1,ultra gentle cleanser,oil free gel moisturizer,hyaluronic acid serum,spf30,hydrating mask,skincare_datasets.xlsx::Recommendations|skincare_recommendations_dataset.csv
REC0000511,dry,1,2,2,2,ultra gentle cleanser,rich cream moisturizer,vitamin c serum,spf30,barrier repair,skincare_datasets.xlsx::Recommendations|skincare_recommendations_dataset.csv
REC0000512,dry,1,2,2,3,hydrating cleanser,light lotion moisturizer,peptide serum,spf50,anti aging routine,skincare_datasets.xlsx::Recommendations|skincare_recommendations_dataset.csv
REC0000513,dry,1,2,3,5,hydrating cleanser,light lotion moisturizer,centella serum,mineral spf50,anti aging routine,skincare_datasets.xlsx::Recommendations|skincare_recommendations_dataset.csv
REC0000514,dry,1,2,4,2,gentle foam cleanser,light lotion moisturizer,vitamin c serum,spf50 matte,benzoyl peroxide,skincare_datasets.xlsx::Recommendations|skincare_recommendations_dataset.csv
REC0000515,dry,1,2,4,2,ultra gentle cleanser,oil free gel moisturizer,vitamin c serum,spf30,retinol treatment,skincare_datasets.xlsx::Recommendations|skincare_recommendations_dataset.csv
REC0000516,dry,1,2,4,5,gentle foam cleanser,rich cream moisturizer,centella serum,spf30,calming treatment,skincare_datasets.xlsx::Recommendations|skincare_recommendations_dataset.csv
REC0000517,dry,1,2,5,2,hydrating cleanser,soothing moisturizer,centella serum,mineral spf50,hydrating mask,skincare_datasets.xlsx::Recommendations|skincare_recommendations_dataset.csv
REC0000518,dry,1,2,5,3,acne control cleanser,ceramide moisturizer,retinol serum,spf50 matte,anti aging routine,skincare_datasets.xlsx::Recommendations|skincare_recommendations_dataset.csv
REC0000519,dry,1,3,0,5,ultra gentle cleanser,oil free gel moisturizer,retinol serum,mineral spf50,chemical exfoliation,skincare_datasets.xlsx::Recommendations|skincare_recommendations_dataset.csv
REC0000520,dry,1,3,1,0,hydrating cleanser,soothing moisturizer,peptide serum,spf50 matte,chemical exfoliation,skincare_datasets.xlsx::Recommendations|skincare_recommendations_dataset.csv
REC0000521,dry,1,3,2,3,hydrating cleanser,ceramide moisturizer,hyaluronic acid serum,spf50,benzoyl peroxide,skincare_datasets.xlsx::Recommendations|skincare_recommendations_dataset.csv
REC0000522,dry,1,3,3,0,hydrating cleanser,rich cream moisturizer,peptide serum,mineral spf50,hydrating mask,skincare_datasets.xlsx::Recommendations|skincare_recommendations_dataset.csv
REC0000523,dry,1,3,3,0,salicylic acid cleanser,rich cream moisturizer,retinol serum,spf50,anti aging routine,skincare_datasets.xlsx::Recommendations|skincare_recommendations_dataset.csv
REC0000524,dry,1,3,3,2,acne control cleanser,oil free gel moisturizer,niacinamide serum,spf50 matte,calming treatment,skincare_datasets.xlsx::Recommendations|skincare_recommendations_dataset.csv
REC0000525,dry,1,3,3,3,acne control cleanser,oil free gel moisturizer,hyaluronic acid serum,spf50 matte,anti aging routine,skincare_datasets.xlsx::Recommendations|skincare_recommendations_dataset.csv
REC0000526,dry,1,3,3,4,gentle foam cleanser,rich cream moisturizer,centella serum,mineral spf50,benzoyl peroxide,skincare_datasets.xlsx::Recommendations|skincare_recommendations_dataset.csv
REC0000527,dry,1,3,3,5,ultra gentle cleanser,ceramide moisturizer,niacinamide serum,spf30,anti aging routine,skincare_datasets.xlsx::Recommendations|skincare_recommendations_dataset.csv
REC0000528,dry,1,3,4,0,acne control cleanser,light lotion moisturizer,hyaluronic acid serum,spf50 matte,anti aging routine,skincare_datasets.xlsx::Recommendations|skincare_recommendations_dataset.csv
REC0000529,dry,1,3,5,0,ultra gentle cleanser,soothing moisturizer,peptide serum,spf50,chemical exfoliation,skincare_datasets.xlsx::Recommendations|skincare_recommendations_dataset.csv
REC0000530,dry,1,3,5,3,milk cleanser,soothing moisturizer,peptide serum,spf50,retinol treatment,skincare_datasets.xlsx::Recommendations|skincare_recommendations_dataset.csv
REC0000531,dry,1,3,5,4,hydrating cleanser,light lotion moisturizer,niacinamide serum,mineral spf50,chemical exfoliation,skincare_datasets.xlsx::Recommendations|skincare_recommendations_dataset.csv
REC0000532,dry,1,4,0,2,hydrating cleanser,oil free gel moisturizer,niacinamide serum,spf30,benzoyl peroxide,skincare_datasets.xlsx::Recommendations|skincare_recommendations_dataset.csv
REC0000533,dry,1,4,0,2,ultra gentle cleanser,soothing moisturizer,retinol serum,spf30,calming treatment,skincare_datasets.xlsx::Recommendations|skincare_recommendations_dataset.csv
REC0000534,dry,1,4,0,4,acne control cleanser,oil free gel moisturizer,hyaluronic acid serum,spf30,barrier repair,skincare_datasets.xlsx::Recommendations|skincare_recommendations_dataset.csv
REC0000535,dry,1,4,0,4,hydrating cleanser,light lotion moisturizer,vitamin c serum,mineral spf50,anti aging routine,skincare_datasets.xlsx::Recommendations|skincare_recommendations_dataset.csv
REC0000536,dry,1,4,2,1,gentle foam cleanser,light lotion moisturizer,vitamin c serum,spf30,retinol treatment,skincare_datasets.xlsx::Recommendations|skincare_recommendations_dataset.csv
REC0000537,dry,1,4,2,2,acne control cleanser,soothing moisturizer,centella serum,spf50,benzoyl peroxide,skincare_datasets.xlsx::Recommendations|skincare_recommendations_dataset.csv
REC0000538,dry,1,4,2,5,acne control cleanser,light lotion moisturizer,niacinamide serum,spf30,chemical exfoliation,skincare_datasets.xlsx::Recommendations|skincare_recommendations_dataset.csv
REC0000539,dry,1,4,3,0,ultra gentle cleanser,light lotion moisturizer,retinol serum,spf30,retinol treatment,skincare_datasets.xlsx::Recommendations|skincare_recommendations_dataset.csv
REC0000540,dry,1,4,3,3,salicylic acid cleanser,ceramide moisturizer,hyaluronic acid serum,mineral spf50,anti aging routine,skincare_datasets.xlsx::Recommendations|skincare_recommendations_dataset.csv
REC0000541,dry,1,4,4,4,hydrating cleanser,oil free gel moisturizer,niacinamide serum,mineral spf50,calming treatment,skincare_datasets.xlsx::Recommendations|skincare_recommendations_dataset.csv
REC0000542,dry,1,5,0,0,salicylic acid cleanser,light lotion moisturizer,vitamin c serum,spf50 matte,benzoyl peroxide,skincare_datasets.xlsx::Recommendations|skincare_recommendations_dataset.csv
REC0000543,dry,1,5,1,4,acne control cleanser,rich cream moisturizer,retinol serum,mineral spf50,calming treatment,skincare_datasets.xlsx::Recommendations|skincare_recommendations_dataset.csv
REC0000544,dry,1,5,2,3,salicylic acid cleanser,oil free gel moisturizer,centella serum,spf30,hydrating mask,skincare_datasets.xlsx::Recommendations|skincare_recommendations_dataset.csv
REC0000545,dry,1,5,3,2,acne control cleanser,soothing moisturizer,centella serum,spf50 matte,chemical exfoliation,skincare_datasets.xlsx::Recommendations|skincare_recommendations_dataset.csv
REC0000546,dry,1,5,4,2,acne control cleanser,light lotion moisturizer,centella serum,spf30,chemical exfoliation,skincare_datasets.xlsx::Recommendations|skincare_recommendations_dataset.csv
REC0000547,dry,1,5,4,5,ultra gentle cleanser,soothing moisturizer,niacinamide serum,spf30,benzoyl peroxide,skincare_datasets.xlsx::Recommendations|skincare_recommendations_dataset.csv
REC0000548,dry,1,5,5,5,milk cleanser,ceramide moisturizer,niacinamide serum,spf50,anti aging routine,skincare_datasets.xlsx::Recommendations|skincare_recommendations_dataset.csv
REC0000549,dry,2,0,0,0,gentle foam cleanser,rich cream moisturizer,vitamin c serum,spf50,hydrating mask,skincare_datasets.xlsx::Recommendations|skincare_recommendations_dataset.csv
REC0000550,dry,2,0,0,1,milk cleanser,ceramide moisturizer,niacinamide serum,mineral spf50,hydrating mask,skincare_datasets.xlsx::Recommendations|skincare_recommendations_dataset.csv
REC0000551,dry,2,0,0,3,salicylic acid cleanser,rich cream moisturizer,vitamin c serum,spf50 matte,calming treatment,skincare_datasets.xlsx::Recommendations|skincare_recommendations_dataset.csv
REC0000552,dry,2,0,0,5,milk cleanser,ceramide moisturizer,niacinamide serum,mineral spf50,hydrating mask,skincare_datasets.xlsx::Recommendations|skincare_recommendations_dataset.csv
REC0000553,dry,2,0,1,4,gentle foam cleanser,light lotion moisturizer,niacinamide serum,spf50,anti aging routine,skincare_datasets.xlsx::Recommendations|skincare_recommendations_dataset.csv
REC0000554,dry,2,0,1,4,ultra gentle cleanser,light lotion moisturizer,niacinamide serum,spf50 matte,barrier repair,skincare_datasets.xlsx::Recommendations|skincare_recommendations_dataset.csv
REC0000555,dry,2,0,1,4,ultra gentle cleanser,rich cream moisturizer,retinol serum,spf30,retinol treatment,skincare_datasets.xlsx::Recommendations|skincare_recommendations_dataset.csv
REC0000556,dry,2,0,2,4,acne control cleanser,oil free gel moisturizer,hyaluronic acid serum,spf30,anti aging routine,skincare_datasets.xlsx::Recommendations|skincare_recommendations_dataset.csv
REC0000557,dry,2,0,2,5,milk cleanser,light lotion moisturizer,niacinamide serum,mineral spf50,anti aging routine,skincare_datasets.xlsx::Recommendations|skincare_recommendations_dataset.csv
REC0000558,dry,2,0,3,1,hydrating cleanser,ceramide moisturizer,hyaluronic acid serum,mineral spf50,anti aging routine,skincare_datasets.xlsx::Recommendations|skincare_recommendations_dataset.csv
REC0000559,dry,2,0,3,1,salicylic acid cleanser,soothing moisturizer,centella serum,mineral spf50,benzoyl peroxide,skincare_datasets.xlsx::Recommendations|skincare_recommendations_dataset.csv
REC0000560,dry,2,0,3,2,ultra gentle cleanser,ceramide moisturizer,retinol serum,spf30,calming treatment,skincare_datasets.xlsx::Recommendations|skincare_recommendations_dataset.csv
REC0000561,dry,2,0,3,2,ultra gentle cleanser,oil free gel moisturizer,niacinamide serum,spf50,retinol treatment,skincare_datasets.xlsx::Recommendations|skincare_recommendations_dataset.csv
REC0000562,dry,2,0,3,3,milk cleanser,oil free gel moisturizer,vitamin c serum,spf50 matte,retinol treatment,skincare_datasets.xlsx::Recommendations|skincare_recommendations_dataset.csv
REC0000563,dry,2,0,4,2,hydrating cleanser,ceramide moisturizer,niacinamide serum,mineral spf50,benzoyl peroxide,skincare_datasets.xlsx::Recommendations|skincare_recommendations_dataset.csv
REC0000564,dry,2,0,4,2,salicylic acid cleanser,light lotion moisturizer,retinol serum,spf50,calming treatment,skincare_datasets.xlsx::Recommendations|skincare_recommendations_dataset.csv
REC0000565,dry,2,0,5,0,milk cleanser,rich cream moisturizer,retinol serum,spf30,chemical exfoliation,skincare_datasets.xlsx::Recommendations|skincare_recommendations_dataset.csv
REC0000566,dry,2,0,5,1,ultra gentle cleanser,soothing moisturizer,niacinamide serum,mineral spf50,anti aging routine,skincare_datasets.xlsx::Recommendations|skincare_recommendations_dataset.csv
REC0000567,dry,2,0,5,5,milk cleanser,light lotion moisturizer,hyaluronic acid serum,mineral spf50,chemical exfoliation,skincare_datasets.xlsx::Recommendations|skincare_recommendations_dataset.csv
REC0000568,dry,2,1,0,1,gentle foam cleanser,ceramide moisturizer,retinol serum,spf50 matte,anti aging routine,skincare_datasets.xlsx::Recommendations|skincare_recommendations_dataset.csv
REC0000569,dry,2,1,0,2,acne control cleanser,soothing moisturizer,centella serum,spf50,barrier repair,skincare_datasets.xlsx::Recommendations|skincare_recommendations_dataset.csv
REC0000570,dry,2,1,0,5,hydrating cleanser,light lotion moisturizer,centella serum,mineral spf50,anti aging routine,skincare_datasets.xlsx::Recommendations|skincare_recommendations_dataset.csv
REC0000571,dry,2,1,1,1,ultra gentle cleanser,ceramide moisturizer,retinol serum,spf30,benzoyl peroxide,skincare_datasets.xlsx::Recommendations|skincare_recommendations_dataset.csv
REC0000572,dry,2,1,2,1,ultra gentle cleanser,ceramide moisturizer,retinol serum,mineral spf50,barrier repair,skincare_datasets.xlsx::Recommendations|skincare_recommendations_dataset.csv
REC0000573,dry,2,1,2,3,hydrating cleanser,soothing moisturizer,hyaluronic acid serum,spf50 matte,retinol treatment,skincare_datasets.xlsx::Recommendations|skincare_recommendations_dataset.csv
REC0000574,dry,2,1,2,5,gentle foam cleanser,soothing moisturizer,hyaluronic acid serum,mineral spf50,chemical exfoliation,skincare_datasets.xlsx::Recommendations|skincare_recommendations_dataset.csv
REC0000575,dry,2,1,2,5,hydrating cleanser,oil free gel moisturizer,niacinamide serum,spf30,retinol treatment,skincare_datasets.xlsx::Recommendations|skincare_recommendations_dataset.csv
REC0000576,dry,2,1,3,2,salicylic acid cleanser,soothing moisturizer,niacinamide serum,mineral spf50,calming treatment,skincare_datasets.xlsx::Recommendations|skincare_recommendations_dataset.csv
REC0000577,dry,2,1,3,3,milk cleanser,ceramide moisturizer,peptide serum,mineral spf50,retinol treatment,skincare_datasets.xlsx::Recommendations|skincare_recommendations_dataset.csv
REC0000578,dry,2,1,4,2,ultra gentle cleanser,oil free gel moisturizer,vitamin c serum,mineral spf50,chemical exfoliation,skincare_datasets.xlsx::Recommendations|skincare_recommendations_dataset.csv
REC0000579,dry,2,1,4,4,milk cleanser,oil free gel moisturizer,centella serum,mineral spf50,retinol treatment,skincare_datasets.xlsx::Recommendations|skincare_recommendations_dataset.csv
REC0000580,dry,2,1,5,0,gentle foam cleanser,soothing moisturizer,peptide serum,spf50 matte,chemical exfoliation,skincare_datasets.xlsx::Recommendations|skincare_recommendations_dataset.csv
REC0000581,dry,2,1,5,2,ultra gentle cleanser,soothing moisturizer,hyaluronic acid serum,spf50 matte,hydrating mask,skincare_datasets.xlsx::Recommendations|skincare_recommendations_dataset.csv
REC0000582,dry,2,1,5,5,acne control cleanser,oil free gel moisturizer,hyaluronic acid serum,spf50,benzoyl peroxide,skincare_datasets.xlsx::Recommendations|skincare_recommendations_dataset.csv
REC0000583,dry,2,1,5,5,salicylic acid cleanser,oil free gel moisturizer,niacinamide serum,mineral spf50,hydrating mask,skincare_datasets.xlsx::Recommendations|skincare_recommendations_dataset.csv
REC0000584,dry,2,2,0,2,gentle foam cleanser,light lotion moisturizer,retinol serum,spf50 matte,calming treatment,skincare_datasets.xlsx::Recommendations|skincare_recommendations_dataset.csv
REC0000585,dry,2,2,0,5,gentle foam cleanser,soothing moisturizer,hyaluronic acid serum,spf30,benzoyl peroxide,skincare_datasets.xlsx::Recommendations|skincare_recommendations_dataset.csv
REC0000586,dry,2,2,1,5,milk cleanser,rich cream moisturizer,hyaluronic acid serum,spf50,barrier repair,skincare_datasets.xlsx::Recommendations|skincare_recommendations_dataset.csv
REC0000587,dry,2,2,2,5,gentle foam cleanser,oil free gel moisturizer,centella serum,mineral spf50,hydrating mask,skincare_datasets.xlsx::Recommendations|skincare_recommendations_dataset.csv
REC0000588,dry,2,2,3,4,acne control cleanser,oil free gel moisturizer,vitamin c serum,spf50,benzoyl peroxide,skincare_datasets.xlsx::Recommendations|skincare_recommendations_dataset.csv
REC0000589,dry,2,2,4,2,milk cleanser,soothing moisturizer,niacinamide serum,spf50 matte,chemical exfoliation,skincare_datasets.xlsx::Recommendations|skincare_recommendations_dataset.csv
REC0000590,dry,2,2,4,2,salicylic acid cleanser,light lotion moisturizer,vitamin c serum,mineral spf50,retinol treatment,skincare_datasets.xlsx::Recommendations|skincare_recommendations_dataset.csv
REC0000591,dry,2,2,4,3,hydrating cleanser,rich cream moisturizer,peptide serum,spf30,anti aging routine,skincare_datasets.xlsx::Recommendations|skincare_recommendations_dataset.csv
REC0000592,dry,2,2,4,3,milk cleanser,oil free gel moisturizer,peptide serum,spf50 matte,chemical exfoliation,skincare_datasets.xlsx::Recommendations|skincare_recommendations_dataset.csv
REC0000593,dry,2,2,5,2,gentle foam cleanser,soothing moisturizer,hyaluronic acid serum,spf50 matte,benzoyl peroxide,skincare_datasets.xlsx::Recommendations|skincare_recommendations_dataset.csv
REC0000594,dry,2,2,5,5,hydrating cleanser,oil free gel moisturizer,centella serum,mineral spf50,calming treatment,skincare_datasets.xlsx::Recommendations|skincare_recommendations_dataset.csv
REC0000595,dry,2,3,0,2,gentle foam cleanser,soothing moisturizer,centella serum,spf50,retinol treatment,skincare_datasets.xlsx::Recommendations|skincare_recommendations_dataset.csv
REC0000596,dry,2,3,3,1,acne control cleanser,light lotion moisturizer,peptide serum,spf30,retinol treatment,skincare_datasets.xlsx::Recommendations|skincare_recommendations_dataset.csv
REC0000597,dry,2,3,3,2,acne control cleanser,ceramide moisturizer,vitamin c serum,spf30,hydrating mask,skincare_datasets.xlsx::Recommendations|skincare_recommendations_dataset.csv
REC0000598,dry,2,3,3,4,milk cleanser,light lotion moisturizer,hyaluronic acid serum,spf30,chemical exfoliation,skincare_datasets.xlsx::Recommendations|skincare_recommendations_dataset.csv
REC0000599,dry,2,3,3,5,acne control cleanser,oil free gel moisturizer,hyaluronic acid serum,mineral spf50,benzoyl peroxide,skincare_datasets.xlsx::Recommendations|skincare_recommendations_dataset.csv
REC0000600,dry,2,3,4,1,milk cleanser,oil free gel moisturizer,niacinamide serum,spf50 matte,benzoyl peroxide,skincare_datasets.xlsx::Recommendations|skincare_recommendations_dataset.csv
REC0000601,dry,2,3,5,4,acne control cleanser,light lotion moisturizer,retinol serum,mineral spf50,anti aging routine,skincare_datasets.xlsx::Recommendations|skincare_recommendations_dataset.csv
REC0000602,dry,2,4,0,1,salicylic acid cleanser,soothing moisturizer,retinol serum,spf50 matte,hydrating mask,skincare_datasets.xlsx::Recommendations|skincare_recommendations_dataset.csv
REC0000603,dry,2,4,0,5,acne control cleanser,ceramide moisturizer,retinol serum,spf30,hydrating mask,skincare_datasets.xlsx::Recommendations|skincare_recommendations_dataset.csv
REC0000604,dry,2,4,2,0,acne control cleanser,ceramide moisturizer,vitamin c serum,spf50,benzoyl peroxide,skincare_datasets.xlsx::Recommendations|skincare_recommendations_dataset.csv
REC0000605,dry,2,4,2,0,ultra gentle cleanser,rich cream moisturizer,niacinamide serum,spf50 matte,calming treatment,skincare_datasets.xlsx::Recommendations|skincare_recommendations_dataset.csv
REC0000606,dry,2,4,2,1,acne control cleanser,oil free gel moisturizer,vitamin c serum,spf50 matte,calming treatment,skincare_datasets.xlsx::Recommendations|skincare_recommendations_dataset.csv
REC0000607,dry,2,4,2,1,gentle foam cleanser,light lotion moisturizer,hyaluronic acid serum,spf30,chemical exfoliation,skincare_datasets.xlsx::Recommendations|skincare_recommendations_dataset.csv
REC0000608,dry,2,4,3,3,acne control cleanser,ceramide moisturizer,hyaluronic acid serum,spf30,anti aging routine,skincare_datasets.xlsx::Recommendations|skincare_recommendations_dataset.csv
REC0000609,dry,2,4,3,4,milk cleanser,ceramide moisturizer,niacinamide serum,spf30,chemical exfoliation,skincare_datasets.xlsx::Recommendations|skincare_recommendations_dataset.csv
REC0000610,dry,2,4,4,1,salicylic acid cleanser,oil free gel moisturizer,hyaluronic acid serum,mineral spf50,hydrating mask,skincare_datasets.xlsx::Recommendations|skincare_recommendations_dataset.csv
REC0000611,dry,2,4,4,2,acne control cleanser,soothing moisturizer,vitamin c serum,spf50,retinol treatment,skincare_datasets.xlsx::Recommendations|skincare_recommendations_dataset.csv
REC0000612,dry,2,4,4,3,hydrating cleanser,ceramide moisturizer,hyaluronic acid serum,mineral spf50,chemical exfoliation,skincare_datasets.xlsx::Recommendations|skincare_recommendations_dataset.csv
REC0000613,dry,2,4,5,3,gentle foam cleanser,oil free gel moisturizer,peptide serum,mineral spf50,anti aging routine,skincare_datasets.xlsx::Recommendations|skincare_recommendations_dataset.csv
REC0000614,dry,2,5,1,0,hydrating cleanser,ceramide moisturizer,retinol serum,spf30,retinol treatment,skincare_datasets.xlsx::Recommendations|skincare_recommendations_dataset.csv
REC0000615,dry,2,5,1,1,acne control cleanser,rich cream moisturizer,niacinamide serum,spf30,barrier repair,skincare_datasets.xlsx::Recommendations|skincare_recommendations_dataset.csv
REC0000616,dry,2,5,1,3,ultra gentle cleanser,soothing moisturizer,centella serum,spf30,barrier repair,skincare_datasets.xlsx::Recommendations|skincare_recommendations_dataset.csv
REC0000617,dry,2,5,2,4,gentle foam cleanser,rich cream moisturizer,peptide serum,spf50,retinol treatment,skincare_datasets.xlsx::Recommendations|skincare_recommendations_dataset.csv
REC0000618,dry,2,5,2,4,salicylic acid cleanser,soothing moisturizer,peptide serum,spf30,calming treatment,skincare_datasets.xlsx::Recommendations|skincare_recommendations_dataset.csv
REC0000619,dry,2,5,3,0,salicylic acid cleanser,oil free gel moisturizer,hyaluronic acid serum,spf50 matte,chemical exfoliation,skincare_datasets.xlsx::Recommendations|skincare_recommendations_dataset.csv
REC0000620,dry,2,5,3,4,gentle foam cleanser,light lotion moisturizer,peptide serum,mineral spf50,calming treatment,skincare_datasets.xlsx::Recommendations|skincare_recommendations_dataset.csv
REC0000621,dry,2,5,4,2,salicylic acid cleanser,rich cream moisturizer,niacinamide serum,mineral spf50,anti aging routine,skincare_datasets.xlsx::Recommendations|skincare_recommendations_dataset.csv
REC0000622,dry,2,5,4,4,salicylic acid cleanser,soothing moisturizer,peptide serum,spf30,barrier repair,skincare_datasets.xlsx::Recommendations|skincare_recommendations_dataset.csv
REC0000623,dry,3,0,1,1,gentle foam cleanser,oil free gel moisturizer,niacinamide serum,spf50,hydrating mask,skincare_datasets.xlsx::Recommendations|skincare_recommendations_dataset.csv
REC0000624,dry,3,0,2,1,hydrating cleanser,oil free gel moisturizer,hyaluronic acid serum,spf30,retinol treatment,skincare_datasets.xlsx::Recommendations|skincare_recommendations_dataset.csv
REC0000625,dry,3,0,2,2,milk cleanser,ceramide moisturizer,peptide serum,spf50 matte,chemical exfoliation,skincare_datasets.xlsx::Recommendations|skincare_recommendations_dataset.csv
REC0000626,dry,3,0,2,3,salicylic acid cleanser,light lotion moisturizer,niacinamide serum,spf50 matte,retinol treatment,skincare_datasets.xlsx::Recommendations|skincare_recommendations_dataset.csv
REC0000627,dry,3,0,3,2,gentle foam cleanser,oil free gel moisturizer,peptide serum,spf50,retinol treatment,skincare_datasets.xlsx::Recommendations|skincare_recommendations_dataset.csv
REC0000628,dry,3,0,4,5,ultra gentle cleanser,rich cream moisturizer,retinol serum,spf50,hydrating mask,skincare_datasets.xlsx::Recommendations|skincare_recommendations_dataset.csv
REC0000629,dry,3,0,5,1,ultra gentle cleanser,rich cream moisturizer,retinol serum,spf50 matte,retinol treatment,skincare_datasets.xlsx::Recommendations|skincare_recommendations_dataset.csv
REC0000630,dry,3,1,0,1,acne control cleanser,oil free gel moisturizer,centella serum,spf50,anti aging routine,skincare_datasets.xlsx::Recommendations|skincare_recommendations_dataset.csv
REC0000631,dry,3,1,0,5,hydrating cleanser,soothing moisturizer,hyaluronic acid serum,spf30,retinol treatment,skincare_datasets.xlsx::Recommendations|skincare_recommendations_dataset.csv
REC0000632,dry,3,1,1,4,salicylic acid cleanser,soothing moisturizer,centella serum,mineral spf50,anti aging routine,skincare_datasets.xlsx::Recommendations|skincare_recommendations_dataset.csv
REC0000633,dry,3,1,2,5,ultra gentle cleanser,soothing moisturizer,retinol serum,spf50 matte,hydrating mask,skincare_datasets.xlsx::Recommendations|skincare_recommendations_dataset.csv
REC0000634,dry,3,1,4,2,milk cleanser,soothing moisturizer,hyaluronic acid serum,spf50,benzoyl peroxide,skincare_datasets.xlsx::Recommendations|skincare_recommendations_dataset.csv
REC0000635,dry,3,2,0,0,milk cleanser,ceramide moisturizer,vitamin c serum,spf50,calming treatment,skincare_datasets.xlsx::Recommendations|skincare_recommendations_dataset.csv
REC0000636,dry,3,2,0,3,hydrating cleanser,soothing moisturizer,retinol serum,mineral spf50,barrier repair,skincare_datasets.xlsx::Recommendations|skincare_recommendations_dataset.csv
REC0000637,dry,3,2,1,1,salicylic acid cleanser,light lotion moisturizer,vitamin c serum,spf50 matte,barrier repair,skincare_datasets.xlsx::Recommendations|skincare_recommendations_dataset.csv
REC0000638,dry,3,2,3,0,ultra gentle cleanser,soothing moisturizer,peptide serum,mineral spf50,anti aging routine,skincare_datasets.xlsx::Recommendations|skincare_recommendations_dataset.csv
REC0000639,dry,3,2,4,0,milk cleanser,ceramide moisturizer,hyaluronic acid serum,spf30,chemical exfoliation,skincare_datasets.xlsx::Recommendations|skincare_recommendations_dataset.csv
REC0000640,dry,3,2,5,4,acne control cleanser,rich cream moisturizer,vitamin c serum,mineral spf50,anti aging routine,skincare_datasets.xlsx::Recommendations|skincare_recommendations_dataset.csv
REC0000641,dry,3,3,0,4,acne control cleanser,oil free gel moisturizer,hyaluronic acid serum,spf50 matte,benzoyl peroxide,skincare_datasets.xlsx::Recommendations|skincare_recommendations_dataset.csv
REC0000642,dry,3,3,0,4,ultra gentle cleanser,oil free gel moisturizer,niacinamide serum,spf30,retinol treatment,skincare_datasets.xlsx::Recommendations|skincare_recommendations_dataset.csv
REC0000643,dry,3,3,0,5,milk cleanser,light lotion moisturizer,vitamin c serum,spf50 matte,anti aging routine,skincare_datasets.xlsx::Recommendations|skincare_recommendations_dataset.csv
REC0000644,dry,3,3,2,1,acne control cleanser,ceramide moisturizer,hyaluronic acid serum,spf30,calming treatment,skincare_datasets.xlsx::Recommendations|skincare_recommendations_dataset.csv
REC0000645,dry,3,3,2,5,gentle foam cleanser,rich cream moisturizer,peptide serum,spf50 matte,calming treatment,skincare_datasets.xlsx::Recommendations|skincare_recommendations_dataset.csv
REC0000646,dry,3,3,3,0,hydrating cleanser,light lotion moisturizer,retinol serum,spf50 matte,calming treatment,skincare_datasets.xlsx::Recommendations|skincare_recommendations_dataset.csv
REC0000647,dry,3,3,3,2,milk cleanser,rich cream moisturizer,hyaluronic acid serum,spf50 matte,barrier repair,skincare_datasets.xlsx::Recommendations|skincare_recommendations_dataset.csv
REC0000648,dry,3,3,3,2,ultra gentle cleanser,soothing moisturizer,hyaluronic acid serum,spf50 matte,retinol treatment,skincare_datasets.xlsx::Recommendations|skincare_recommendations_dataset.csv
REC0000649,dry,3,3,4,1,hydrating cleanser,soothing moisturizer,hyaluronic acid serum,spf50 matte,chemical exfoliation,skincare_datasets.xlsx::Recommendations|skincare_recommendations_dataset.csv
REC0000650,dry,3,3,4,2,acne control cleanser,rich cream moisturizer,peptide serum,spf50 matte,barrier repair,skincare_datasets.xlsx::Recommendations|skincare_recommendations_dataset.csv
REC0000651,dry,3,3,5,2,acne control cleanser,soothing moisturizer,hyaluronic acid serum,spf30,hydrating mask,skincare_datasets.xlsx::Recommendations|skincare_recommendations_dataset.csv
REC0000652,dry,3,4,1,1,gentle foam cleanser,soothing moisturizer,niacinamide serum,spf30,retinol treatment,skincare_datasets.xlsx::Recommendations|skincare_recommendations_dataset.csv
REC0000653,dry,3,4,3,1,gentle foam cleanser,soothing moisturizer,retinol serum,spf50,chemical exfoliation,skincare_datasets.xlsx::Recommendations|skincare_recommendations_dataset.csv
REC0000654,dry,3,4,3,2,hydrating cleanser,oil free gel moisturizer,peptide serum,mineral spf50,calming treatment,skincare_datasets.xlsx::Recommendations|skincare_recommendations_dataset.csv
REC0000655,dry,3,4,3,5,milk cleanser,rich cream moisturizer,centella serum,spf30,anti aging routine,skincare_datasets.xlsx::Recommendations|skincare_recommendations_dataset.csv
REC0000656,dry,3,4,4,3,ultra gentle cleanser,oil free gel moisturizer,peptide serum,spf50,benzoyl peroxide,skincare_datasets.xlsx::Recommendations|skincare_recommendations_dataset.csv
REC0000657,dry,3,4,5,2,gentle foam cleanser,rich cream moisturizer,centella serum,spf30,hydrating mask,skincare_datasets.xlsx::Recommendations|skincare_recommendations_dataset.csv
REC0000658,dry,3,4,5,5,gentle foam cleanser,soothing moisturizer,niacinamide serum,spf30,anti aging routine,skincare_datasets.xlsx::Recommendations|skincare_recommendations_dataset.csv
REC0000659,dry,3,5,1,0,salicylic acid cleanser,oil free gel moisturizer,centella serum,spf50 matte,calming treatment,skincare_datasets.xlsx::Recommendations|skincare_recommendations_dataset.csv
REC0000660,dry,3,5,1,1,gentle foam cleanser,rich cream moisturizer,centella serum,spf50,benzoyl peroxide,skincare_datasets.xlsx::Recommendations|skincare_recommendations_dataset.csv
REC0000661,dry,3,5,1,2,gentle foam cleanser,ceramide moisturizer,niacinamide serum,spf50,anti aging routine,skincare_datasets.xlsx::Recommendations|skincare_recommendations_dataset.csv
REC0000662,dry,3,5,1,2,milk cleanser,oil free gel moisturizer,centella serum,spf30,benzoyl peroxide,skincare_datasets.xlsx::Recommendations|skincare_recommendations_dataset.csv
REC0000663,dry,3,5,1,5,hydrating cleanser,ceramide moisturizer,peptide serum,spf50,barrier repair,skincare_datasets.xlsx::Recommendations|skincare_recommendations_dataset.csv
REC0000664,dry,3,5,2,2,acne control cleanser,oil free gel moisturizer,retinol serum,spf30,anti aging routine,skincare_datasets.xlsx::Recommendations|skincare_recommendations_dataset.csv
REC0000665,dry,3,5,2,3,gentle foam cleanser,light lotion moisturizer,niacinamide serum,spf50 matte,hydrating mask,skincare_datasets.xlsx::Recommendations|skincare_recommendations_dataset.csv
REC0000666,dry,3,5,3,2,salicylic acid cleanser,light lotion moisturizer,niacinamide serum,spf50,chemical exfoliation,skincare_datasets.xlsx::Recommendations|skincare_recommendations_dataset.csv
REC0000667,dry,3,5,3,3,salicylic acid cleanser,ceramide moisturizer,niacinamide serum,spf50 matte,retinol treatment,skincare_datasets.xlsx::Recommendations|skincare_recommendations_dataset.csv
REC0000668,dry,3,5,3,4,ultra gentle cleanser,oil free gel moisturizer,niacinamide serum,spf30,calming treatment,skincare_datasets.xlsx::Recommendations|skincare_recommendations_dataset.csv
REC0000669,dry,3,5,4,3,hydrating cleanser,light lotion moisturizer,peptide serum,mineral spf50,hydrating mask,skincare_datasets.xlsx::Recommendations|skincare_recommendations_dataset.csv
REC0000670,dry,3,5,4,3,milk cleanser,rich cream moisturizer,vitamin c serum,spf30,barrier repair,skincare_datasets.xlsx::Recommendations|skincare_recommendations_dataset.csv
REC0000671,dry,3,5,4,5,salicylic acid cleanser,soothing moisturizer,vitamin c serum,spf50 matte,chemical exfoliation,skincare_datasets.xlsx::Recommendations|skincare_recommendations_dataset.csv
REC0000672,dry,4,0,0,3,gentle foam cleanser,light lotion moisturizer,centella serum,spf50 matte,calming treatment,skincare_datasets.xlsx::Recommendations|skincare_recommendations_dataset.csv
REC0000673,dry,4,0,0,4,hydrating cleanser,ceramide moisturizer,peptide serum,spf50,chemical exfoliation,skincare_datasets.xlsx::Recommendations|skincare_recommendations_dataset.csv
REC0000674,dry,4,0,1,1,hydrating cleanser,soothing moisturizer,vitamin c serum,spf30,anti aging routine,skincare_datasets.xlsx::Recommendations|skincare_recommendations_dataset.csv
REC0000675,dry,4,0,1,1,salicylic acid cleanser,oil free gel moisturizer,vitamin c serum,mineral spf50,anti aging routine,skincare_datasets.xlsx::Recommendations|skincare_recommendations_dataset.csv
REC0000676,dry,4,0,1,3,salicylic acid cleanser,light lotion moisturizer,peptide serum,mineral spf50,chemical exfoliation,skincare_datasets.xlsx::Recommendations|skincare_recommendations_dataset.csv
REC0000677,dry,4,0,1,4,gentle foam cleanser,ceramide moisturizer,centella serum,spf50,retinol treatment,skincare_datasets.xlsx::Recommendations|skincare_recommendations_dataset.csv
REC0000678,dry,4,0,1,4,milk cleanser,rich cream moisturizer,centella serum,spf50,hydrating mask,skincare_datasets.xlsx::Recommendations|skincare_recommendations_dataset.csv
REC0000679,dry,4,0,2,0,gentle foam cleanser,soothing moisturizer,peptide serum,mineral spf50,retinol treatment,skincare_datasets.xlsx::Recommendations|skincare_recommendations_dataset.csv
REC0000680,dry,4,0,2,5,milk cleanser,rich cream moisturizer,centella serum,spf30,barrier repair,skincare_datasets.xlsx::Recommendations|skincare_recommendations_dataset.csv
REC0000681,dry,4,0,2,5,milk cleanser,soothing moisturizer,niacinamide serum,mineral spf50,calming treatment,skincare_datasets.xlsx::Recommendations|skincare_recommendations_dataset.csv
REC0000682,dry,4,0,3,1,salicylic acid cleanser,light lotion moisturizer,niacinamide serum,mineral spf50,calming treatment,skincare_datasets.xlsx::Recommendations|skincare_recommendations_dataset.csv
REC0000683,dry,4,0,4,0,hydrating cleanser,oil free gel moisturizer,centella serum,spf50 matte,hydrating mask,skincare_datasets.xlsx::Recommendations|skincare_recommendations_dataset.csv
REC0000684,dry,4,0,4,3,milk cleanser,rich cream moisturizer,centella serum,spf30,calming treatment,skincare_datasets.xlsx::Recommendations|skincare_recommendations_dataset.csv
REC0000685,dry,4,0,4,4,ultra gentle cleanser,ceramide moisturizer,niacinamide serum,spf50 matte,retinol treatment,skincare_datasets.xlsx::Recommendations|skincare_recommendations_dataset.csv
REC0000686,dry,4,0,5,0,milk cleanser,soothing moisturizer,retinol serum,spf50,hydrating mask,skincare_datasets.xlsx::Recommendations|skincare_recommendations_dataset.csv
REC0000687,dry,4,0,5,0,ultra gentle cleanser,soothing moisturizer,centella serum,mineral spf50,chemical exfoliation,skincare_datasets.xlsx::Recommendations|skincare_recommendations_dataset.csv
REC0000688,dry,4,0,5,4,hydrating cleanser,ceramide moisturizer,hyaluronic acid serum,spf50 matte,retinol treatment,skincare_datasets.xlsx::Recommendations|skincare_recommendations_dataset.csv
REC0000689,dry,4,1,0,1,acne control cleanser,rich cream moisturizer,centella serum,spf50,barrier repair,skincare_datasets.xlsx::Recommendations|skincare_recommendations_dataset.csv
REC0000690,dry,4,1,0,4,acne control cleanser,ceramide moisturizer,peptide serum,spf50 matte,hydrating mask,skincare_datasets.xlsx::Recommendations|skincare_recommendations_dataset.csv
REC0000691,dry,4,1,0,5,ultra gentle cleanser,soothing moisturizer,niacinamide serum,mineral spf50,retinol treatment,skincare_datasets.xlsx::Recommendations|skincare_recommendations_dataset.csv
REC0000692,dry,4,1,1,1,acne control cleanser,soothing moisturizer,centella serum,mineral spf50,barrier repair,skincare_datasets.xlsx::Recommendations|skincare_recommendations_dataset.csv
REC0000693,dry,4,1,1,1,gentle foam cleanser,light lotion moisturizer,vitamin c serum,spf50,barrier repair,skincare_datasets.xlsx::Recommendations|skincare_recommendations_dataset.csv
REC0000694,dry,4,1,1,3,acne control cleanser,oil free gel moisturizer,niacinamide serum,spf50,hydrating mask,skincare_datasets.xlsx::Recommendations|skincare_recommendations_dataset.csv
REC0000695,dry,4,1,2,1,gentle foam cleanser,ceramide moisturizer,vitamin c serum,spf30,calming treatment,skincare_datasets.xlsx::Recommendations|skincare_recommendations_dataset.csv
REC0000696,dry,4,1,4,2,acne control cleanser,soothing moisturizer,hyaluronic acid serum,spf50,calming treatment,skincare_datasets.xlsx::Recommendations|skincare_recommendations_dataset.csv
REC0000697,dry,4,1,4,3,salicylic acid cleanser,rich cream moisturizer,peptide serum,spf50,benzoyl peroxide,skincare_datasets.xlsx::Recommendations|skincare_recommendations_dataset.csv
REC0000698,dry,4,2,0,1,acne control cleanser,rich cream moisturizer,peptide serum,spf50 matte,barrier repair,skincare_datasets.xlsx::Recommendations|skincare_recommendations_dataset.csv
REC0000699,dry,4,2,0,2,acne control cleanser,ceramide moisturizer,centella serum,spf30,barrier repair,skincare_datasets.xlsx::Recommendations|skincare_recommendations_dataset.csv
REC0000700,dry,4,2,0,2,acne control cleanser,oil free gel moisturizer,retinol serum,spf50 matte,chemical exfoliation,skincare_datasets.xlsx::Recommendations|skincare_recommendations_dataset.csv
REC0000701,dry,4,2,1,0,gentle foam cleanser,soothing moisturizer,centella serum,spf50 matte,hydrating mask,skincare_datasets.xlsx::Recommendations|skincare_recommendations_dataset.csv
REC0000702,dry,4,2,1,3,hydrating cleanser,ceramide moisturizer,retinol serum,spf50,retinol treatment,skincare_datasets.xlsx::Recommendations|skincare_recommendations_dataset.csv
REC0000703,dry,4,2,2,0,gentle foam cleanser,rich cream moisturizer,retinol serum,spf30,retinol treatment,skincare_datasets.xlsx::Recommendations|skincare_recommendations_dataset.csv
REC0000704,dry,4,2,2,0,hydrating cleanser,soothing moisturizer,centella serum,spf30,barrier repair,skincare_datasets.xlsx::Recommendations|skincare_recommendations_dataset.csv
REC0000705,dry,4,2,2,2,acne control cleanser,light lotion moisturizer,retinol serum,spf50,retinol treatment,skincare_datasets.xlsx::Recommendations|skincare_recommendations_dataset.csv
REC0000706,dry,4,2,2,2,salicylic acid cleanser,rich cream moisturizer,centella serum,spf30,benzoyl peroxide,skincare_datasets.xlsx::Recommendations|skincare_recommendations_dataset.csv
REC0000707,dry,4,2,3,0,acne control cleanser,rich cream moisturizer,hyaluronic acid serum,spf50,retinol treatment,skincare_datasets.xlsx::Recommendations|skincare_recommendations_dataset.csv
REC0000708,dry,4,3,2,0,salicylic acid cleanser,rich cream moisturizer,vitamin c serum,spf30,calming treatment,skincare_datasets.xlsx::Recommendations|skincare_recommendations_dataset.csv
REC0000709,dry,4,3,2,1,milk cleanser,oil free gel moisturizer,vitamin c serum,mineral spf50,chemical exfoliation,skincare_datasets.xlsx::Recommendations|skincare_recommendations_dataset.csv
REC0000710,dry,4,3,2,4,hydrating cleanser,soothing moisturizer,retinol serum,spf50 matte,hydrating mask,skincare_datasets.xlsx::Recommendations|skincare_recommendations_dataset.csv
REC0000711,dry,4,3,3,0,acne control cleanser,oil free gel moisturizer,peptide serum,mineral spf50,barrier repair,skincare_datasets.xlsx::Recommendations|skincare_recommendations_dataset.csv
REC0000712,dry,4,3,3,0,gentle foam cleanser,rich cream moisturizer,hyaluronic acid serum,mineral spf50,hydrating mask,skincare_datasets.xlsx::Recommendations|skincare_recommendations_dataset.csv
REC0000713,dry,4,3,3,3,acne control cleanser,oil free gel moisturizer,niacinamide serum,spf30,calming treatment,skincare_datasets.xlsx::Recommendations|skincare_recommendations_dataset.csv
REC0000714,dry,4,3,4,0,gentle foam cleanser,soothing moisturizer,niacinamide serum,spf50,hydrating mask,skincare_datasets.xlsx::Recommendations|skincare_recommendations_dataset.csv
REC0000715,dry,4,3,4,4,acne control cleanser,soothing moisturizer,hyaluronic acid serum,spf30,calming treatment,skincare_datasets.xlsx::Recommendations|skincare_recommendations_dataset.csv
REC0000716,dry,4,4,0,2,ultra gentle cleanser,rich cream moisturizer,vitamin c serum,spf50,barrier repair,skincare_datasets.xlsx::Recommendations|skincare_recommendations_dataset.csv
REC0000717,dry,4,4,0,3,milk cleanser,light lotion moisturizer,peptide serum,spf30,chemical exfoliation,skincare_datasets.xlsx::Recommendations|skincare_recommendations_dataset.csv
REC0000718,dry,4,4,0,3,salicylic acid cleanser,ceramide moisturizer,hyaluronic acid serum,spf50 matte,hydrating mask,skincare_datasets.xlsx::Recommendations|skincare_recommendations_dataset.csv
REC0000719,dry,4,4,0,4,acne control cleanser,rich cream moisturizer,vitamin c serum,mineral spf50,hydrating mask,skincare_datasets.xlsx::Recommendations|skincare_recommendations_dataset.csv
REC0000720,dry,4,4,1,2,acne control cleanser,ceramide moisturizer,niacinamide serum,spf50,retinol treatment,skincare_datasets.xlsx::Recommendations|skincare_recommendations_dataset.csv
REC0000721,dry,4,4,1,3,hydrating cleanser,light lotion moisturizer,peptide serum,spf30,anti aging routine,skincare_datasets.xlsx::Recommendations|skincare_recommendations_dataset.csv
REC0000722,dry,4,4,1,3,milk cleanser,light lotion moisturizer,retinol serum,spf50 matte,barrier repair,skincare_datasets.xlsx::Recommendations|skincare_recommendations_dataset.csv
REC0000723,dry,4,4,1,5,milk cleanser,ceramide moisturizer,hyaluronic acid serum,spf50 matte,anti aging routine,skincare_datasets.xlsx::Recommendations|skincare_recommendations_dataset.csv
REC0000724,dry,4,4,2,4,gentle foam cleanser,light lotion moisturizer,peptide serum,spf50 matte,anti aging routine,skincare_datasets.xlsx::Recommendations|skincare_recommendations_dataset.csv
REC0000725,dry,4,4,3,0,milk cleanser,oil free gel moisturizer,hyaluronic acid serum,spf30,barrier repair,skincare_datasets.xlsx::Recommendations|skincare_recommendations_dataset.csv
REC0000726,dry,4,4,3,0,ultra gentle cleanser,oil free gel moisturizer,niacinamide serum,mineral spf50,barrier repair,skincare_datasets.xlsx::Recommendations|skincare_recommendations_dataset.csv
REC0000727,dry,4,4,3,4,salicylic acid cleanser,rich cream moisturizer,retinol serum,spf30,anti aging routine,skincare_datasets.xlsx::Recommendations|skincare_recommendations_dataset.csv
REC0000728,dry,4,4,4,2,milk cleanser,light lotion moisturizer,vitamin c serum,mineral spf50,retinol treatment,skincare_datasets.xlsx::Recommendations|skincare_recommendations_dataset.csv
REC0000729,dry,4,4,5,0,hydrating cleanser,light lotion moisturizer,niacinamide serum,spf50 matte,benzoyl peroxide,skincare_datasets.xlsx::Recommendations|skincare_recommendations_dataset.csv
REC0000730,dry,4,4,5,2,milk cleanser,rich cream moisturizer,vitamin c serum,spf30,benzoyl peroxide,skincare_datasets.xlsx::Recommendations|skincare_recommendations_dataset.csv
REC0000731,dry,4,4,5,5,hydrating cleanser,ceramide moisturizer,vitamin c serum,spf50 matte,barrier repair,skincare_datasets.xlsx::Recommendations|skincare_recommendations_dataset.csv
REC0000732,dry,4,4,5,5,ultra gentle cleanser,ceramide moisturizer,hyaluronic acid serum,spf50 matte,chemical exfoliation,skincare_datasets.xlsx::Recommendations|skincare_recommendations_dataset.csv
REC0000733,dry,4,5,0,1,gentle foam cleanser,rich cream moisturizer,peptide serum,spf50,benzoyl peroxide,skincare_datasets.xlsx::Recommendations|skincare_recommendations_dataset.csv
REC0000734,dry,4,5,0,2,ultra gentle cleanser,ceramide moisturizer,centella serum,mineral spf50,chemical exfoliation,skincare_datasets.xlsx::Recommendations|skincare_recommendations_dataset.csv
REC0000735,dry,4,5,0,4,ultra gentle cleanser,ceramide moisturizer,retinol serum,spf50,barrier repair,skincare_datasets.xlsx::Recommendations|skincare_recommendations_dataset.csv
REC0000736,dry,4,5,1,1,acne control cleanser,soothing moisturizer,vitamin c serum,spf50,benzoyl peroxide,skincare_datasets.xlsx::Recommendations|skincare_recommendations_dataset.csv
REC0000737,dry,4,5,1,1,hydrating cleanser,rich cream moisturizer,vitamin c serum,spf30,retinol treatment,skincare_datasets.xlsx::Recommendations|skincare_recommendations_dataset.csv
REC0000738,dry,4,5,1,5,salicylic acid cleanser,light lotion moisturizer,centella serum,spf50,chemical exfoliation,skincare_datasets.xlsx::Recommendations|skincare_recommendations_dataset.csv
REC0000739,dry,4,5,2,2,acne control cleanser,oil free gel moisturizer,retinol serum,mineral spf50,calming treatment,skincare_datasets.xlsx::Recommendations|skincare_recommendations_dataset.csv
REC0000740,dry,4,5,2,3,ultra gentle cleanser,light lotion moisturizer,niacinamide serum,spf50 matte,barrier repair,skincare_datasets.xlsx::Recommendations|skincare_recommendations_dataset.csv
REC0000741,dry,4,5,3,2,ultra gentle cleanser,ceramide moisturizer,niacinamide serum,spf50,retinol treatment,skincare_datasets.xlsx::Recommendations|skincare_recommendations_dataset.csv
REC0000742,dry,4,5,4,0,acne control cleanser,ceramide moisturizer,vitamin c serum,spf50 matte,barrier repair,skincare_datasets.xlsx::Recommendations|skincare_recommendations_dataset.csv
REC0000743,dry,4,5,5,2,gentle foam cleanser,soothing moisturizer,peptide serum,spf30,hydrating mask,skincare_datasets.xlsx::Recommendations|skincare_recommendations_dataset.csv
REC0000744,dry,4,5,5,3,hydrating cleanser,soothing moisturizer,peptide serum,spf50,calming treatment,skincare_datasets.xlsx::Recommendations|skincare_recommendations_dataset.csv
REC0000745,dry,4,5,5,5,ultra gentle cleanser,oil free gel moisturizer,niacinamide serum,spf50 matte,anti aging routine,skincare_datasets.xlsx::Recommendations|skincare_recommendations_dataset.csv
REC0000746,dry,5,0,0,0,gentle foam cleanser,light lotion moisturizer,centella serum,spf50,barrier repair,skincare_datasets.xlsx::Recommendations|skincare_recommendations_dataset.csv
REC0000747,dry,5,0,1,0,salicylic acid cleanser,oil free gel moisturizer,centella serum,spf50,calming treatment,skincare_datasets.xlsx::Recommendations|skincare_recommendations_dataset.csv
REC0000748,dry,5,0,1,1,milk cleanser,rich cream moisturizer,niacinamide serum,mineral spf50,barrier repair,skincare_datasets.xlsx::Recommendations|skincare_recommendations_dataset.csv
REC0000749,dry,5,0,1,5,gentle foam cleanser,rich cream moisturizer,retinol serum,mineral spf50,benzoyl peroxide,skincare_datasets.xlsx::Recommendations|skincare_recommendations_dataset.csv
REC0000750,dry,5,0,2,0,milk cleanser,soothing moisturizer,centella serum,spf50,barrier repair,skincare_datasets.xlsx::Recommendations|skincare_recommendations_dataset.csv
REC0000751,dry,5,0,2,5,ultra gentle cleanser,rich cream moisturizer,retinol serum,spf30,retinol treatment,skincare_datasets.xlsx::Recommendations|skincare_recommendations_dataset.csv
REC0000752,dry,5,0,3,2,hydrating cleanser,rich cream moisturizer,hyaluronic acid serum,spf30,calming treatment,skincare_datasets.xlsx::Recommendations|skincare_recommendations_dataset.csv
REC0000753,dry,5,0,3,3,milk cleanser,light lotion moisturizer,retinol serum,spf50,anti aging routine,skincare_datasets.xlsx::Recommendations|skincare_recommendations_dataset.csv
REC0000754,dry,5,0,4,2,acne control cleanser,soothing moisturizer,retinol serum,spf50,anti aging routine,skincare_datasets.xlsx::Recommendations|skincare_recommendations_dataset.csv
REC0000755,dry,5,0,4,5,hydrating cleanser,rich cream moisturizer,hyaluronic acid serum,spf50,calming treatment,skincare_datasets.xlsx::Recommendations|skincare_recommendations_dataset.csv
REC0000756,dry,5,0,5,1,salicylic acid cleanser,soothing moisturizer,retinol serum,spf30,barrier repair,skincare_datasets.xlsx::Recommendations|skincare_recommendations_dataset.csv
REC0000757,dry,5,0,5,4,milk cleanser,light lotion moisturizer,vitamin c serum,spf50 matte,anti aging routine,skincare_datasets.xlsx::Recommendations|skincare_recommendations_dataset.csv
REC0000758,dry,5,0,5,5,milk cleanser,oil free gel moisturizer,retinol serum,spf50 matte,retinol treatment,skincare_datasets.xlsx::Recommendations|skincare_recommendations_dataset.csv
REC0000759,dry,5,1,0,1,hydrating cleanser,oil free gel moisturizer,retinol serum,mineral spf50,retinol treatment,skincare_datasets.xlsx::Recommendations|skincare_recommendations_dataset.csv
REC0000760,dry,5,1,0,2,milk cleanser,soothing moisturizer,centella serum,spf50 matte,benzoyl peroxide,skincare_datasets.xlsx::Recommendations|skincare_recommendations_dataset.csv
REC0000761,dry,5,1,0,2,ultra gentle cleanser,rich cream moisturizer,peptide serum,spf30,chemical exfoliation,skincare_datasets.xlsx::Recommendations|skincare_recommendations_dataset.csv
REC0000762,dry,5,1,0,3,hydrating cleanser,light lotion moisturizer,hyaluronic acid serum,mineral spf50,barrier repair,skincare_datasets.xlsx::Recommendations|skincare_recommendations_dataset.csv
REC0000763,dry,5,1,1,1,hydrating cleanser,oil free gel moisturizer,retinol serum,mineral spf50,hydrating mask,skincare_datasets.xlsx::Recommendations|skincare_recommendations_dataset.csv
REC0000764,dry,5,1,1,2,hydrating cleanser,ceramide moisturizer,vitamin c serum,spf50,anti aging routine,skincare_datasets.xlsx::Recommendations|skincare_recommendations_dataset.csv
REC0000765,dry,5,1,1,2,milk cleanser,light lotion moisturizer,niacinamide serum,spf50,chemical exfoliation,skincare_datasets.xlsx::Recommendations|skincare_recommendations_dataset.csv
REC0000766,dry,5,1,1,3,milk cleanser,soothing moisturizer,niacinamide serum,mineral spf50,barrier repair,skincare_datasets.xlsx::Recommendations|skincare_recommendations_dataset.csv
REC0000767,dry,5,1,3,1,gentle foam cleanser,ceramide moisturizer,hyaluronic acid serum,spf50,hydrating mask,skincare_datasets.xlsx::Recommendations|skincare_recommendations_dataset.csv
REC0000768,dry,5,1,3,2,gentle foam cleanser,soothing moisturizer,vitamin c serum,spf50 matte,hydrating mask,skincare_datasets.xlsx::Recommendations|skincare_recommendations_dataset.csv
REC0000769,dry,5,1,3,4,acne control cleanser,rich cream moisturizer,niacinamide serum,spf50 matte,anti aging routine,skincare_datasets.xlsx::Recommendations|skincare_recommendations_dataset.csv
REC0000770,dry,5,1,3,4,milk cleanser,oil free gel moisturizer,retinol serum,spf50,chemical exfoliation,skincare_datasets.xlsx::Recommendations|skincare_recommendations_dataset.csv
REC0000771,dry,5,1,4,0,acne control cleanser,light lotion moisturizer,peptide serum,spf30,benzoyl peroxide,skincare_datasets.xlsx::Recommendations|skincare_recommendations_dataset.csv
REC0000772,dry,5,1,4,5,gentle foam cleanser,rich cream moisturizer,vitamin c serum,spf50,chemical exfoliation,skincare_datasets.xlsx::Recommendations|skincare_recommendations_dataset.csv
REC0000773,dry,5,1,5,2,gentle foam cleanser,light lotion moisturizer,peptide serum,spf30,chemical exfoliation,skincare_datasets.xlsx::Recommendations|skincare_recommendations_dataset.csv
REC0000774,dry,5,1,5,2,hydrating cleanser,rich cream moisturizer,peptide serum,spf50,benzoyl peroxide,skincare_datasets.xlsx::Recommendations|skincare_recommendations_dataset.csv
REC0000775,dry,5,1,5,3,gentle foam cleanser,ceramide moisturizer,hyaluronic acid serum,mineral spf50,benzoyl peroxide,skincare_datasets.xlsx::Recommendations|skincare_recommendations_dataset.csv
REC0000776,dry,5,2,0,4,salicylic acid cleanser,rich cream moisturizer,peptide serum,spf30,benzoyl peroxide,skincare_datasets.xlsx::Recommendations|skincare_recommendations_dataset.csv
REC0000777,dry,5,2,1,4,gentle foam cleanser,rich cream moisturizer,hyaluronic acid serum,spf50,chemical exfoliation,skincare_datasets.xlsx::Recommendations|skincare_recommendations_dataset.csv
REC0000778,dry,5,2,1,4,milk cleanser,soothing moisturizer,peptide serum,spf30,retinol treatment,skincare_datasets.xlsx::Recommendations|skincare_recommendations_dataset.csv
REC0000779,dry,5,2,3,2,milk cleanser,oil free gel moisturizer,niacinamide serum,mineral spf50,hydrating mask,skincare_datasets.xlsx::Recommendations|skincare_recommendations_dataset.csv
REC0000780,dry,5,2,4,3,gentle foam cleanser,rich cream moisturizer,centella serum,mineral spf50,calming treatment,skincare_datasets.xlsx::Recommendations|skincare_recommendations_dataset.csv
REC0000781,dry,5,3,0,1,hydrating cleanser,oil free gel moisturizer,retinol serum,spf30,retinol treatment,skincare_datasets.xlsx::Recommendations|skincare_recommendations_dataset.csv
REC0000782,dry,5,3,0,1,milk cleanser,oil free gel moisturizer,retinol serum,mineral spf50,calming treatment,skincare_datasets.xlsx::Recommendations|skincare_recommendations_dataset.csv
REC0000783,dry,5,3,0,1,salicylic acid cleanser,oil free gel moisturizer,peptide serum,spf50,hydrating mask,skincare_datasets.xlsx::Recommendations|skincare_recommendations_dataset.csv
REC0000784,dry,5,3,1,1,acne control cleanser,light lotion moisturizer,centella serum,spf50,calming treatment,skincare_datasets.xlsx::Recommendations|skincare_recommendations_dataset.csv
REC0000785,dry,5,3,1,3,gentle foam cleanser,light lotion moisturizer,peptide serum,spf50,anti aging routine,skincare_datasets.xlsx::Recommendations|skincare_recommendations_dataset.csv
REC0000786,dry,5,3,2,1,salicylic acid cleanser,rich cream moisturizer,retinol serum,spf50 matte,hydrating mask,skincare_datasets.xlsx::Recommendations|skincare_recommendations_dataset.csv
REC0000787,dry,5,3,2,5,salicylic acid cleanser,soothing moisturizer,retinol serum,mineral spf50,hydrating mask,skincare_datasets.xlsx::Recommendations|skincare_recommendations_dataset.csv
REC0000788,dry,5,3,3,1,milk cleanser,rich cream moisturizer,vitamin c serum,spf30,anti aging routine,skincare_datasets.xlsx::Recommendations|skincare_recommendations_dataset.csv
REC0000789,dry,5,3,3,5,salicylic acid cleanser,ceramide moisturizer,vitamin c serum,mineral spf50,anti aging routine,skincare_datasets.xlsx::Recommendations|skincare_recommendations_dataset.csv
REC0000790,dry,5,3,4,2,acne control cleanser,light lotion moisturizer,retinol serum,mineral spf50,chemical exfoliation,skincare_datasets.xlsx::Recommendations|skincare_recommendations_dataset.csv
REC0000791,dry,5,3,4,2,ultra gentle cleanser,light lotion moisturizer,peptide serum,mineral spf50,hydrating mask,skincare_datasets.xlsx::Recommendations|skincare_recommendations_dataset.csv
REC0000792,dry,5,3,4,4,acne control cleanser,soothing moisturizer,niacinamide serum,spf50,retinol treatment,skincare_datasets.xlsx::Recommendations|skincare_recommendations_dataset.csv
REC0000793,dry,5,3,5,0,gentle foam cleanser,oil free gel moisturizer,hyaluronic acid serum,mineral spf50,anti aging routine,skincare_datasets.xlsx::Recommendations|skincare_recommendations_dataset.csv
REC0000794,dry,5,3,5,2,salicylic acid cleanser,light lotion moisturizer,hyaluronic acid serum,mineral spf50,benzoyl peroxide,skincare_datasets.xlsx::Recommendations|skincare_recommendations_dataset.csv
REC0000795,dry,5,4,1,2,hydrating cleanser,light lotion moisturizer,peptide serum,spf30,hydrating mask,skincare_datasets.xlsx::Recommendations|skincare_recommendations_dataset.csv
REC0000796,dry,5,4,1,5,milk cleanser,oil free gel moisturizer,vitamin c serum,spf50 matte,retinol treatment,skincare_datasets.xlsx::Recommendations|skincare_recommendations_dataset.csv
REC0000797,dry,5,4,2,4,acne control cleanser,soothing moisturizer,niacinamide serum,spf50 matte,calming treatment,skincare_datasets.xlsx::Recommendations|skincare_recommendations_dataset.csv
REC0000798,dry,5,4,3,0,milk cleanser,rich cream moisturizer,centella serum,spf30,hydrating mask,skincare_datasets.xlsx::Recommendations|skincare_recommendations_dataset.csv
REC0000799,dry,5,4,3,5,hydrating cleanser,oil free gel moisturizer,centella serum,spf50,anti aging routine,skincare_datasets.xlsx::Recommendations|skincare_recommendations_dataset.csv
REC0000800,dry,5,4,5,3,ultra gentle cleanser,oil free gel moisturizer,centella serum,spf50 matte,barrier repair,skincare_datasets.xlsx::Recommendations|skincare_recommendations_dataset.csv
REC0000801,dry,5,4,5,5,hydrating cleanser,oil free gel moisturizer,niacinamide serum,mineral spf50,anti aging routine,skincare_datasets.xlsx::Recommendations|skincare_recommendations_dataset.csv
REC0000802,dry,5,5,0,0,hydrating cleanser,soothing moisturizer,centella serum,spf50 matte,anti aging routine,skincare_datasets.xlsx::Recommendations|skincare_recommendations_dataset.csv
REC0000803,dry,5,5,0,2,acne control cleanser,light lotion moisturizer,retinol serum,spf30,benzoyl peroxide,skincare_datasets.xlsx::Recommendations|skincare_recommendations_dataset.csv
REC0000804,dry,5,5,0,4,hydrating cleanser,ceramide moisturizer,peptide serum,mineral spf50,calming treatment,skincare_datasets.xlsx::Recommendations|skincare_recommendations_dataset.csv
REC0000805,dry,5,5,0,5,ultra gentle cleanser,oil free gel moisturizer,retinol serum,mineral spf50,benzoyl peroxide,skincare_datasets.xlsx::Recommendations|skincare_recommendations_dataset.csv
REC0000806,dry,5,5,2,4,hydrating cleanser,soothing moisturizer,peptide serum,spf50,barrier repair,skincare_datasets.xlsx::Recommendations|skincare_recommendations_dataset.csv
REC0000807,dry,5,5,3,2,salicylic acid cleanser,soothing moisturizer,hyaluronic acid serum,spf50,retinol treatment,skincare_datasets.xlsx::Recommendations|skincare_recommendations_dataset.csv
REC0000808,dry,5,5,3,5,milk cleanser,rich cream moisturizer,peptide serum,mineral spf50,barrier repair,skincare_datasets.xlsx::Recommendations|skincare_recommendations_dataset.csv
REC0000809,dry,5,5,5,1,salicylic acid cleanser,soothing moisturizer,centella serum,mineral spf50,chemical exfoliation,skincare_datasets.xlsx::Recommendations|skincare_recommendations_dataset.csv
REC0000810,dry,5,5,5,2,ultra gentle cleanser,light lotion moisturizer,centella serum,spf30,chemical exfoliation,skincare_datasets.xlsx::Recommendations|skincare_recommendations_dataset.csv
REC0000811,dry,5,5,5,4,hydrating cleanser,oil free gel moisturizer,vitamin c serum,spf50,hydrating mask,skincare_datasets.xlsx::Recommendations|skincare_recommendations_dataset.csv
REC0000812,dry,5,5,5,5,hydrating cleanser,ceramide moisturizer,niacinamide serum,spf30,retinol treatment,skincare_datasets.xlsx::Recommendations|skincare_recommendations_dataset.csv
REC0000813,normal,0,0,0,0,salicylic acid cleanser,rich cream moisturizer,niacinamide serum,mineral spf50,benzoyl peroxide,skincare_datasets.xlsx::Recommendations|skincare_recommendations_dataset.csv
REC0000814,normal,0,0,0,3,acne control cleanser,soothing moisturizer,centella serum,spf30,anti aging routine,skincare_datasets.xlsx::Recommendations|skincare_recommendations_dataset.csv
REC0000815,normal,0,0,1,0,milk cleanser,soothing moisturizer,centella serum,spf30,chemical exfoliation,skincare_datasets.xlsx::Recommendations|skincare_recommendations_dataset.csv
REC0000816,normal,0,0,1,1,ultra gentle cleanser,soothing moisturizer,vitamin c serum,spf50 matte,barrier repair,skincare_datasets.xlsx::Recommendations|skincare_recommendations_dataset.csv
REC0000817,normal,0,0,1,4,acne control cleanser,rich cream moisturizer,retinol serum,mineral spf50,chemical exfoliation,skincare_datasets.xlsx::Recommendations|skincare_recommendations_dataset.csv
REC0000818,normal,0,0,2,1,hydrating cleanser,oil free gel moisturizer,vitamin c serum,mineral spf50,retinol treatment,skincare_datasets.xlsx::Recommendations|skincare_recommendations_dataset.csv
REC0000819,normal,0,0,2,4,ultra gentle cleanser,oil free gel moisturizer,vitamin c serum,spf30,benzoyl peroxide,skincare_datasets.xlsx::Recommendations|skincare_recommendations_dataset.csv
REC0000820,normal,0,0,3,3,ultra gentle cleanser,oil free gel moisturizer,retinol serum,spf30,retinol treatment,skincare_datasets.xlsx::Recommendations|skincare_recommendations_dataset.csv
REC0000821,normal,0,0,3,5,gentle foam cleanser,rich cream moisturizer,niacinamide serum,spf50 matte,barrier repair,skincare_datasets.xlsx::Recommendations|skincare_recommendations_dataset.csv
REC0000822,normal,0,0,4,0,milk cleanser,soothing moisturizer,peptide serum,spf50,benzoyl peroxide,skincare_datasets.xlsx::Recommendations|skincare_recommendations_dataset.csv
REC0000823,normal,0,0,4,1,acne control cleanser,soothing moisturizer,hyaluronic acid serum,mineral spf50,retinol treatment,skincare_datasets.xlsx::Recommendations|skincare_recommendations_dataset.csv
REC0000824,normal,0,0,4,3,milk cleanser,rich cream moisturizer,vitamin c serum,mineral spf50,calming treatment,skincare_datasets.xlsx::Recommendations|skincare_recommendations_dataset.csv
REC0000825,normal,0,0,4,5,salicylic acid cleanser,oil free gel moisturizer,peptide serum,spf30,hydrating mask,skincare_datasets.xlsx::Recommendations|skincare_recommendations_dataset.csv
REC0000826,normal,0,1,0,2,salicylic acid cleanser,oil free gel moisturizer,niacinamide serum,mineral spf50,barrier repair,skincare_datasets.xlsx::Recommendations|skincare_recommendations_dataset.csv
REC0000827,normal,0,1,1,3,ultra gentle cleanser,rich cream moisturizer,retinol serum,spf50,calming treatment,skincare_datasets.xlsx::Recommendations|skincare_recommendations_dataset.csv
REC0000828,normal,0,1,3,0,salicylic acid cleanser,ceramide moisturizer,centella serum,spf50,chemical exfoliation,skincare_datasets.xlsx::Recommendations|skincare_recommendations_dataset.csv
REC0000829,normal,0,2,0,5,salicylic acid cleanser,rich cream moisturizer,retinol serum,spf50 matte,retinol treatment,skincare_datasets.xlsx::Recommendations|skincare_recommendations_dataset.csv
REC0000830,normal,0,2,1,0,gentle foam cleanser,soothing moisturizer,peptide serum,spf50,hydrating mask,skincare_datasets.xlsx::Recommendations|skincare_recommendations_dataset.csv
REC0000831,normal,0,2,2,0,milk cleanser,rich cream moisturizer,peptide serum,spf50 matte,chemical exfoliation,skincare_datasets.xlsx::Recommendations|skincare_recommendations_dataset.csv
REC0000832,normal,0,2,2,3,gentle foam cleanser,light lotion moisturizer,hyaluronic acid serum,spf30,chemical exfoliation,skincare_datasets.xlsx::Recommendations|skincare_recommendations_dataset.csv
REC0000833,normal,0,2,2,4,hydrating cleanser,oil free gel moisturizer,hyaluronic acid serum,spf30,calming treatment,skincare_datasets.xlsx::Recommendations|skincare_recommendations_dataset.csv
REC0000834,normal,0,2,2,5,acne control cleanser,oil free gel moisturizer,retinol serum,spf50,retinol treatment,skincare_datasets.xlsx::Recommendations|skincare_recommendations_dataset.csv
REC0000835,normal,0,2,2,5,hydrating cleanser,oil free gel moisturizer,vitamin c serum,mineral spf50,anti aging routine,skincare_datasets.xlsx::Recommendations|skincare_recommendations_dataset.csv
REC0000836,normal,0,2,3,1,hydrating cleanser,oil free gel moisturizer,hyaluronic acid serum,spf50,chemical exfoliation,skincare_datasets.xlsx::Recommendations|skincare_recommendations_dataset.csv
REC0000837,normal,0,2,3,3,acne control cleanser,oil free gel moisturizer,peptide serum,spf30,retinol treatment,skincare_datasets.xlsx::Recommendations|skincare_recommendations_dataset.csv
REC0000838,normal,0,2,4,1,gentle foam cleanser,rich cream moisturizer,retinol serum,mineral spf50,hydrating mask,skincare_datasets.xlsx::Recommendations|skincare_recommendations_dataset.csv
REC0000839,normal,0,2,4,3,acne control cleanser,rich cream moisturizer,vitamin c serum,mineral spf50,benzoyl peroxide,skincare_datasets.xlsx::Recommendations|skincare_recommendations_dataset.csv
REC0000840,normal,0,2,4,5,gentle foam cleanser,soothing moisturizer,peptide serum,spf50,benzoyl peroxide,skincare_datasets.xlsx::Recommendations|skincare_recommendations_dataset.csv
REC0000841,normal,0,2,5,0,milk cleanser,soothing moisturizer,peptide serum,spf50,calming treatment,skincare_datasets.xlsx::Recommendations|skincare_recommendations_dataset.csv
REC0000842,normal,0,2,5,1,hydrating cleanser,oil free gel moisturizer,centella serum,spf30,benzoyl peroxide,skincare_datasets.xlsx::Recommendations|skincare_recommendations_dataset.csv
REC0000843,normal,0,2,5,3,acne control cleanser,soothing moisturizer,vitamin c serum,spf30,anti aging routine,skincare_datasets.xlsx::Recommendations|skincare_recommendations_dataset.csv
REC0000844,normal,0,2,5,5,milk cleanser,rich cream moisturizer,retinol serum,mineral spf50,hydrating mask,skincare_datasets.xlsx::Recommendations|skincare_recommendations_dataset.csv
REC0000845,normal,0,3,0,4,ultra gentle cleanser,soothing moisturizer,retinol serum,mineral spf50,barrier repair,skincare_datasets.xlsx::Recommendations|skincare_recommendations_dataset.csv
REC0000846,normal,0,3,3,0,ultra gentle cleanser,light lotion moisturizer,niacinamide serum,spf30,barrier repair,skincare_datasets.xlsx::Recommendations|skincare_recommendations_dataset.csv
REC0000847,normal,0,3,3,1,milk cleanser,light lotion moisturizer,retinol serum,spf50 matte,benzoyl peroxide,skincare_datasets.xlsx::Recommendations|skincare_recommendations_dataset.csv
REC0000848,normal,0,3,3,5,gentle foam cleanser,ceramide moisturizer,peptide serum,spf50,hydrating mask,skincare_datasets.xlsx::Recommendations|skincare_recommendations_dataset.csv
REC0000849,normal,0,3,3,5,salicylic acid cleanser,light lotion moisturizer,niacinamide serum,mineral spf50,chemical exfoliation,skincare_datasets.xlsx::Recommendations|skincare_recommendations_dataset.csv
REC0000850,normal,0,3,4,3,gentle foam cleanser,light lotion moisturizer,centella serum,spf50,anti aging routine,skincare_datasets.xlsx::Recommendations|skincare_recommendations_dataset.csv
REC0000851,normal,0,3,5,4,gentle foam cleanser,rich cream moisturizer,vitamin c serum,mineral spf50,hydrating mask,skincare_datasets.xlsx::Recommendations|skincare_recommendations_dataset.csv
REC0000852,normal,0,4,0,0,hydrating cleanser,soothing moisturizer,hyaluronic acid serum,spf50 matte,calming treatment,skincare_datasets.xlsx::Recommendations|skincare_recommendations_dataset.csv
REC0000853,normal,0,4,0,0,ultra gentle cleanser,soothing moisturizer,retinol serum,mineral spf50,barrier repair,skincare_datasets.xlsx::Recommendations|skincare_recommendations_dataset.csv
REC0000854,normal,0,4,0,3,ultra gentle cleanser,soothing moisturizer,hyaluronic acid serum,spf30,benzoyl peroxide,skincare_datasets.xlsx::Recommendations|skincare_recommendations_dataset.csv
REC0000855,normal,0,4,0,4,milk cleanser,light lotion moisturizer,peptide serum,spf50 matte,barrier repair,skincare_datasets.xlsx::Recommendations|skincare_recommendations_dataset.csv
REC0000856,normal,0,4,1,0,hydrating cleanser,light lotion moisturizer,centella serum,spf50 matte,hydrating mask,skincare_datasets.xlsx::Recommendations|skincare_recommendations_dataset.csv
REC0000857,normal,0,4,1,3,gentle foam cleanser,light lotion moisturizer,vitamin c serum,spf50 matte,anti aging routine,skincare_datasets.xlsx::Recommendations|skincare_recommendations_dataset.csv
REC0000858,normal,0,4,2,1,gentle foam cleanser,light lotion moisturizer,vitamin c serum,spf30,chemical exfoliation,skincare_datasets.xlsx::Recommendations|skincare_recommendations_dataset.csv
REC0000859,normal,0,4,3,0,milk cleanser,oil free gel moisturizer,retinol serum,mineral spf50,barrier repair,skincare_datasets.xlsx::Recommendations|skincare_recommendations_dataset.csv
REC0000860,normal,0,4,3,1,ultra gentle cleanser,soothing moisturizer,niacinamide serum,spf50,anti aging routine,skincare_datasets.xlsx::Recommendations|skincare_recommendations_dataset.csv
REC0000861,normal,0,4,3,3,hydrating cleanser,ceramide moisturizer,vitamin c serum,mineral spf50,benzoyl peroxide,skincare_datasets.xlsx::Recommendations|skincare_recommendations_dataset.csv
REC0000862,normal,0,4,3,5,acne control cleanser,soothing moisturizer,centella serum,spf50 matte,anti aging routine,skincare_datasets.xlsx::Recommendations|skincare_recommendations_dataset.csv
REC0000863,normal,0,4,4,0,acne control cleanser,soothing moisturizer,niacinamide serum,spf50,calming treatment,skincare_datasets.xlsx::Recommendations|skincare_recommendations_dataset.csv
REC0000864,normal,0,5,0,1,gentle foam cleanser,oil free gel moisturizer,retinol serum,spf30,chemical exfoliation,skincare_datasets.xlsx::Recommendations|skincare_recommendations_dataset.csv
REC0000865,normal,0,5,0,1,milk cleanser,soothing moisturizer,hyaluronic acid serum,mineral spf50,calming treatment,skincare_datasets.xlsx::Recommendations|skincare_recommendations_dataset.csv
REC0000866,normal,0,5,1,0,milk cleanser,oil free gel moisturizer,retinol serum,spf30,calming treatment,skincare_datasets.xlsx::Recommendations|skincare_recommendations_dataset.csv
REC0000867,normal,0,5,2,4,salicylic acid cleanser,oil free gel moisturizer,vitamin c serum,mineral spf50,anti aging routine,skincare_datasets.xlsx::Recommendations|skincare_recommendations_dataset.csv
REC0000868,normal,0,5,2,4,ultra gentle cleanser,light lotion moisturizer,centella serum,spf50 matte,hydrating mask,skincare_datasets.xlsx::Recommendations|skincare_recommendations_dataset.csv
REC0000869,normal,0,5,3,5,gentle foam cleanser,oil free gel moisturizer,centella serum,spf50 matte,chemical exfoliation,skincare_datasets.xlsx::Recommendations|skincare_recommendations_dataset.csv
REC0000870,normal,0,5,4,0,gentle foam cleanser,light lotion moisturizer,centella serum,spf30,calming treatment,skincare_datasets.xlsx::Recommendations|skincare_recommendations_dataset.csv
REC0000871,normal,0,5,5,0,gentle foam cleanser,rich cream moisturizer,vitamin c serum,spf50,calming treatment,skincare_datasets.xlsx::Recommendations|skincare_recommendations_dataset.csv
REC0000872,normal,0,5,5,3,hydrating cleanser,soothing moisturizer,peptide serum,mineral spf50,calming treatment,skincare_datasets.xlsx::Recommendations|skincare_recommendations_dataset.csv
REC0000873,normal,1,0,0,4,milk cleanser,ceramide moisturizer,niacinamide serum,mineral spf50,benzoyl peroxide,skincare_datasets.xlsx::Recommendations|skincare_recommendations_dataset.csv
REC0000874,normal,1,0,1,0,milk cleanser,oil free gel moisturizer,vitamin c serum,spf30,chemical exfoliation,skincare_datasets.xlsx::Recommendations|skincare_recommendations_dataset.csv
REC0000875,normal,1,0,1,0,salicylic acid cleanser,rich cream moisturizer,peptide serum,spf50 matte,retinol treatment,skincare_datasets.xlsx::Recommendations|skincare_recommendations_dataset.csv
REC0000876,normal,1,0,3,2,acne control cleanser,soothing moisturizer,peptide serum,spf30,calming treatment,skincare_datasets.xlsx::Recommendations|skincare_recommendations_dataset.csv
REC0000877,normal,1,0,3,2,salicylic acid cleanser,oil free gel moisturizer,centella serum,spf30,calming treatment,skincare_datasets.xlsx::Recommendations|skincare_recommendations_dataset.csv
REC0000878,normal,1,0,5,3,acne control cleanser,soothing moisturizer,centella serum,spf50 matte,retinol treatment,skincare_datasets.xlsx::Recommendations|skincare_recommendations_dataset.csv
REC0000879,normal,1,1,0,3,salicylic acid cleanser,rich cream moisturizer,centella serum,spf50 matte,hydrating mask,skincare_datasets.xlsx::Recommendations|skincare_recommendations_dataset.csv
REC0000880,normal,1,1,0,4,hydrating cleanser,soothing moisturizer,vitamin c serum,mineral spf50,barrier repair,skincare_datasets.xlsx::Recommendations|skincare_recommendations_dataset.csv
REC0000881,normal,1,1,1,1,gentle foam cleanser,rich cream moisturizer,hyaluronic acid serum,mineral spf50,calming treatment,skincare_datasets.xlsx::Recommendations|skincare_recommendations_dataset.csv
REC0000882,normal,1,1,2,2,ultra gentle cleanser,soothing moisturizer,retinol serum,mineral spf50,anti aging routine,skincare_datasets.xlsx::Recommendations|skincare_recommendations_dataset.csv
REC0000883,normal,1,1,3,1,salicylic acid cleanser,rich cream moisturizer,centella serum,mineral spf50,barrier repair,skincare_datasets.xlsx::Recommendations|skincare_recommendations_dataset.csv
REC0000884,normal,1,1,4,1,salicylic acid cleanser,light lotion moisturizer,niacinamide serum,spf50 matte,barrier repair,skincare_datasets.xlsx::Recommendations|skincare_recommendations_dataset.csv
REC0000885,normal,1,1,4,2,milk cleanser,soothing moisturizer,centella serum,mineral spf50,hydrating mask,skincare_datasets.xlsx::Recommendations|skincare_recommendations_dataset.csv
REC0000886,normal,1,1,5,4,hydrating cleanser,ceramide moisturizer,vitamin c serum,spf50 matte,anti aging routine,skincare_datasets.xlsx::Recommendations|skincare_recommendations_dataset.csv
REC0000887,normal,1,1,5,5,gentle foam cleanser,soothing moisturizer,centella serum,spf30,retinol treatment,skincare_datasets.xlsx::Recommendations|skincare_recommendations_dataset.csv
REC0000888,normal,1,2,0,1,hydrating cleanser,oil free gel moisturizer,retinol serum,spf50 matte,hydrating mask,skincare_datasets.xlsx::Recommendations|skincare_recommendations_dataset.csv
REC0000889,normal,1,2,0,1,ultra gentle cleanser,rich cream moisturizer,vitamin c serum,spf30,chemical exfoliation,skincare_datasets.xlsx::Recommendations|skincare_recommendations_dataset.csv
REC0000890,normal,1,2,1,4,milk cleanser,rich cream moisturizer,peptide serum,mineral spf50,retinol treatment,skincare_datasets.xlsx::Recommendations|skincare_recommendations_dataset.csv
REC0000891,normal,1,2,1,5,gentle foam cleanser,ceramide moisturizer,niacinamide serum,mineral spf50,calming treatment,skincare_datasets.xlsx::Recommendations|skincare_recommendations_dataset.csv
REC0000892,normal,1,2,2,0,milk cleanser,soothing moisturizer,retinol serum,spf50,calming treatment,skincare_datasets.xlsx::Recommendations|skincare_recommendations_dataset.csv
REC0000893,normal,1,2,2,1,milk cleanser,light lotion moisturizer,retinol serum,spf30,benzoyl peroxide,skincare_datasets.xlsx::Recommendations|skincare_recommendations_dataset.csv
REC0000894,normal,1,2,2,5,acne control cleanser,soothing moisturizer,niacinamide serum,mineral spf50,chemical exfoliation,skincare_datasets.xlsx::Recommendations|skincare_recommendations_dataset.csv
REC0000895,normal,1,2,3,1,hydrating cleanser,rich cream moisturizer,hyaluronic acid serum,spf30,retinol treatment,skincare_datasets.xlsx::Recommendations|skincare_recommendations_dataset.csv
REC0000896,normal,1,2,3,2,salicylic acid cleanser,ceramide moisturizer,retinol serum,spf50,anti aging routine,skincare_datasets.xlsx::Recommendations|skincare_recommendations_dataset.csv
REC0000897,normal,1,3,0,2,hydrating cleanser,ceramide moisturizer,niacinamide serum,spf50 matte,barrier repair,skincare_datasets.xlsx::Recommendations|skincare_recommendations_dataset.csv
REC0000898,normal,1,3,0,5,salicylic acid cleanser,rich cream moisturizer,vitamin c serum,mineral spf50,hydrating mask,skincare_datasets.xlsx::Recommendations|skincare_recommendations_dataset.csv
REC0000899,normal,1,3,1,1,gentle foam cleanser,soothing moisturizer,hyaluronic acid serum,mineral spf50,retinol treatment,skincare_datasets.xlsx::Recommendations|skincare_recommendations_dataset.csv
REC0000900,normal,1,3,2,4,ultra gentle cleanser,rich cream moisturizer,peptide serum,spf50,barrier repair,skincare_datasets.xlsx::Recommendations|skincare_recommendations_dataset.csv
REC0000901,normal,1,3,4,4,acne control cleanser,oil free gel moisturizer,peptide serum,spf30,retinol treatment,skincare_datasets.xlsx::Recommendations|skincare_recommendations_dataset.csv
REC0000902,normal,1,3,4,4,salicylic acid cleanser,ceramide moisturizer,hyaluronic acid serum,spf50,benzoyl peroxide,skincare_datasets.xlsx::Recommendations|skincare_recommendations_dataset.csv
REC0000903,normal,1,3,5,1,acne control cleanser,oil free gel moisturizer,niacinamide serum,spf30,barrier repair,skincare_datasets.xlsx::Recommendations|skincare_recommendations_dataset.csv
REC0000904,normal,1,3,5,1,milk cleanser,soothing moisturizer,centella serum,spf30,barrier repair,skincare_datasets.xlsx::Recommendations|skincare_recommendations_dataset.csv
REC0000905,normal,1,4,0,0,ultra gentle cleanser,oil free gel moisturizer,centella serum,mineral spf50,hydrating mask,skincare_datasets.xlsx::Recommendations|skincare_recommendations_dataset.csv
REC0000906,normal,1,4,0,5,acne control cleanser,soothing moisturizer,peptide serum,spf50,benzoyl peroxide,skincare_datasets.xlsx::Recommendations|skincare_recommendations_dataset.csv
REC0000907,normal,1,4,1,1,milk cleanser,light lotion moisturizer,hyaluronic acid serum,spf30,anti aging routine,skincare_datasets.xlsx::Recommendations|skincare_recommendations_dataset.csv
REC0000908,normal,1,4,1,5,gentle foam cleanser,light lotion moisturizer,retinol serum,spf50 matte,barrier repair,skincare_datasets.xlsx::Recommendations|skincare_recommendations_dataset.csv
REC0000909,normal,1,4,2,4,ultra gentle cleanser,oil free gel moisturizer,vitamin c serum,spf30,retinol treatment,skincare_datasets.xlsx::Recommendations|skincare_recommendations_dataset.csv
REC0000910,normal,1,4,2,5,gentle foam cleanser,light lotion moisturizer,niacinamide serum,mineral spf50,barrier repair,skincare_datasets.xlsx::Recommendations|skincare_recommendations_dataset.csv
REC0000911,normal,1,4,3,0,ultra gentle cleanser,light lotion moisturizer,centella serum,spf50,barrier repair,skincare_datasets.xlsx::Recommendations|skincare_recommendations_dataset.csv
REC0000912,normal,1,4,3,3,ultra gentle cleanser,soothing moisturizer,niacinamide serum,spf50,chemical exfoliation,skincare_datasets.xlsx::Recommendations|skincare_recommendations_dataset.csv
REC0000913,normal,1,4,4,2,milk cleanser,oil free gel moisturizer,niacinamide serum,spf50 matte,calming treatment,skincare_datasets.xlsx::Recommendations|skincare_recommendations_dataset.csv
REC0000914,normal,1,4,4,2,ultra gentle cleanser,light lotion moisturizer,centella serum,spf50 matte,chemical exfoliation,skincare_datasets.xlsx::Recommendations|skincare_recommendations_dataset.csv
REC0000915,normal,1,4,4,4,milk cleanser,light lotion moisturizer,centella serum,spf30,calming treatment,skincare_datasets.xlsx::Recommendations|skincare_recommendations_dataset.csv
REC0000916,normal,1,4,5,0,hydrating cleanser,light lotion moisturizer,centella serum,spf50,calming treatment,skincare_datasets.xlsx::Recommendations|skincare_recommendations_dataset.csv
REC0000917,normal,1,4,5,1,acne control cleanser,soothing moisturizer,centella serum,spf50 matte,hydrating mask,skincare_datasets.xlsx::Recommendations|skincare_recommendations_dataset.csv
REC0000918,normal,1,4,5,3,acne control cleanser,rich cream moisturizer,hyaluronic acid serum,spf50,hydrating mask,skincare_datasets.xlsx::Recommendations|skincare_recommendations_dataset.csv
REC0000919,normal,1,5,0,0,milk cleanser,ceramide moisturizer,vitamin c serum,spf30,benzoyl peroxide,skincare_datasets.xlsx::Recommendations|skincare_recommendations_dataset.csv
REC0000920,normal,1,5,0,3,gentle foam cleanser,rich cream moisturizer,peptide serum,mineral spf50,hydrating mask,skincare_datasets.xlsx::Recommendations|skincare_recommendations_dataset.csv
REC0000921,normal,1,5,0,3,salicylic acid cleanser,soothing moisturizer,peptide serum,spf50,anti aging routine,skincare_datasets.xlsx::Recommendations|skincare_recommendations_dataset.csv
REC0000922,normal,1,5,1,1,acne control cleanser,light lotion moisturizer,centella serum,spf30,benzoyl peroxide,skincare_datasets.xlsx::Recommendations|skincare_recommendations_dataset.csv
REC0000923,normal,1,5,1,3,ultra gentle cleanser,light lotion moisturizer,vitamin c serum,spf50 matte,retinol treatment,skincare_datasets.xlsx::Recommendations|skincare_recommendations_dataset.csv
REC0000924,normal,1,5,1,5,acne control cleanser,rich cream moisturizer,hyaluronic acid serum,spf50 matte,anti aging routine,skincare_datasets.xlsx::Recommendations|skincare_recommendations_dataset.csv
REC0000925,normal,1,5,2,0,acne control cleanser,ceramide moisturizer,peptide serum,spf30,chemical exfoliation,skincare_datasets.xlsx::Recommendations|skincare_recommendations_dataset.csv
REC0000926,normal,1,5,2,0,hydrating cleanser,soothing moisturizer,hyaluronic acid serum,spf30,benzoyl peroxide,skincare_datasets.xlsx::Recommendations|skincare_recommendations_dataset.csv
REC0000927,normal,1,5,2,1,hydrating cleanser,rich cream moisturizer,vitamin c serum,spf50 matte,anti aging routine,skincare_datasets.xlsx::Recommendations|skincare_recommendations_dataset.csv
REC0000928,normal,1,5,2,3,salicylic acid cleanser,rich cream moisturizer,vitamin c serum,spf50 matte,calming treatment,skincare_datasets.xlsx::Recommendations|skincare_recommendations_dataset.csv
REC0000929,normal,1,5,3,4,gentle foam cleanser,ceramide moisturizer,vitamin c serum,mineral spf50,benzoyl peroxide,skincare_datasets.xlsx::Recommendations|skincare_recommendations_dataset.csv
REC0000930,normal,1,5,5,0,salicylic acid cleanser,soothing moisturizer,centella serum,mineral spf50,chemical exfoliation,skincare_datasets.xlsx::Recommendations|skincare_recommendations_dataset.csv
REC0000931,normal,1,5,5,2,gentle foam cleanser,soothing moisturizer,vitamin c serum,spf30,chemical exfoliation,skincare_datasets.xlsx::Recommendations|skincare_recommendations_dataset.csv
REC0000932,normal,2,0,0,2,salicylic acid cleanser,oil free gel moisturizer,peptide serum,mineral spf50,barrier repair,skincare_datasets.xlsx::Recommendations|skincare_recommendations_dataset.csv
REC0000933,normal,2,0,0,3,milk cleanser,light lotion moisturizer,peptide serum,mineral spf50,anti aging routine,skincare_datasets.xlsx::Recommendations|skincare_recommendations_dataset.csv
REC0000934,normal,2,0,1,5,ultra gentle cleanser,soothing moisturizer,hyaluronic acid serum,spf50,calming treatment,skincare_datasets.xlsx::Recommendations|skincare_recommendations_dataset.csv
REC0000935,normal,2,0,2,5,milk cleanser,soothing moisturizer,niacinamide serum,spf50 matte,retinol treatment,skincare_datasets.xlsx::Recommendations|skincare_recommendations_dataset.csv
REC0000936,normal,2,0,2,5,salicylic acid cleanser,oil free gel moisturizer,hyaluronic acid serum,spf30,retinol treatment,skincare_datasets.xlsx::Recommendations|skincare_recommendations_dataset.csv
REC0000937,normal,2,0,2,5,ultra gentle cleanser,light lotion moisturizer,vitamin c serum,spf50,retinol treatment,skincare_datasets.xlsx::Recommendations|skincare_recommendations_dataset.csv
REC0000938,normal,2,0,4,1,hydrating cleanser,rich cream moisturizer,centella serum,spf50 matte,calming treatment,skincare_datasets.xlsx::Recommendations|skincare_recommendations_dataset.csv
REC0000939,normal,2,0,4,1,ultra gentle cleanser,ceramide moisturizer,peptide serum,spf50,calming treatment,skincare_datasets.xlsx::Recommendations|skincare_recommendations_dataset.csv
REC0000940,normal,2,0,5,2,milk cleanser,rich cream moisturizer,vitamin c serum,spf50,calming treatment,skincare_datasets.xlsx::Recommendations|skincare_recommendations_dataset.csv
REC0000941,normal,2,1,0,3,milk cleanser,light lotion moisturizer,hyaluronic acid serum,mineral spf50,chemical exfoliation,skincare_datasets.xlsx::Recommendations|skincare_recommendations_dataset.csv
REC0000942,normal,2,1,0,4,ultra gentle cleanser,ceramide moisturizer,peptide serum,spf50 matte,benzoyl peroxide,skincare_datasets.xlsx::Recommendations|skincare_recommendations_dataset.csv
REC0000943,normal,2,1,1,2,acne control cleanser,soothing moisturizer,niacinamide serum,spf30,retinol treatment,skincare_datasets.xlsx::Recommendations|skincare_recommendations_dataset.csv
REC0000944,normal,2,1,1,2,gentle foam cleanser,rich cream moisturizer,hyaluronic acid serum,spf30,benzoyl peroxide,skincare_datasets.xlsx::Recommendations|skincare_recommendations_dataset.csv
REC0000945,normal,2,1,1,3,milk cleanser,ceramide moisturizer,centella serum,spf50,barrier repair,skincare_datasets.xlsx::Recommendations|skincare_recommendations_dataset.csv
REC0000946,normal,2,1,1,3,ultra gentle cleanser,soothing moisturizer,vitamin c serum,spf50 matte,retinol treatment,skincare_datasets.xlsx::Recommendations|skincare_recommendations_dataset.csv
REC0000947,normal,2,1,1,4,milk cleanser,rich cream moisturizer,niacinamide serum,spf50,calming treatment,skincare_datasets.xlsx::Recommendations|skincare_recommendations_dataset.csv
REC0000948,normal,2,1,2,2,acne control cleanser,light lotion moisturizer,peptide serum,mineral spf50,anti aging routine,skincare_datasets.xlsx::Recommendations|skincare_recommendations_dataset.csv
REC0000949,normal,2,1,2,2,acne control cleanser,rich cream moisturizer,niacinamide serum,spf50,benzoyl peroxide,skincare_datasets.xlsx::Recommendations|skincare_recommendations_dataset.csv
REC0000950,normal,2,1,2,3,acne control cleanser,light lotion moisturizer,centella serum,spf50,calming treatment,skincare_datasets.xlsx::Recommendations|skincare_recommendations_dataset.csv
REC0000951,normal,2,1,2,4,hydrating cleanser,ceramide moisturizer,niacinamide serum,mineral spf50,anti aging routine,skincare_datasets.xlsx::Recommendations|skincare_recommendations_dataset.csv
REC0000952,normal,2,1,3,2,milk cleanser,soothing moisturizer,hyaluronic acid serum,spf30,hydrating mask,skincare_datasets.xlsx::Recommendations|skincare_recommendations_dataset.csv
REC0000953,normal,2,1,3,4,milk cleanser,rich cream moisturizer,retinol serum,spf50,barrier repair,skincare_datasets.xlsx::Recommendations|skincare_recommendations_dataset.csv
REC0000954,normal,2,1,5,3,acne control cleanser,ceramide moisturizer,niacinamide serum,mineral spf50,retinol treatment,skincare_datasets.xlsx::Recommendations|skincare_recommendations_dataset.csv
REC0000955,normal,2,1,5,5,ultra gentle cleanser,soothing moisturizer,centella serum,spf50 matte,anti aging routine,skincare_datasets.xlsx::Recommendations|skincare_recommendations_dataset.csv
REC0000956,normal,2,2,0,0,hydrating cleanser,light lotion moisturizer,hyaluronic acid serum,spf50,chemical exfoliation,skincare_datasets.xlsx::Recommendations|skincare_recommendations_dataset.csv
REC0000957,normal,2,2,0,3,ultra gentle cleanser,light lotion moisturizer,hyaluronic acid serum,spf50 matte,chemical exfoliation,skincare_datasets.xlsx::Recommendations|skincare_recommendations_dataset.csv
REC0000958,normal,2,2,0,4,milk cleanser,rich cream moisturizer,peptide serum,spf50,hydrating mask,skincare_datasets.xlsx::Recommendations|skincare_recommendations_dataset.csv
REC0000959,normal,2,2,1,0,hydrating cleanser,light lotion moisturizer,peptide serum,spf30,benzoyl peroxide,skincare_datasets.xlsx::Recommendations|skincare_recommendations_dataset.csv
REC0000960,normal,2,2,1,2,milk cleanser,light lotion moisturizer,niacinamide serum,spf50,barrier repair,skincare_datasets.xlsx::Recommendations|skincare_recommendations_dataset.csv
REC0000961,normal,2,2,1,5,ultra gentle cleanser,ceramide moisturizer,retinol serum,mineral spf50,hydrating mask,skincare_datasets.xlsx::Recommendations|skincare_recommendations_dataset.csv
REC0000962,normal,2,2,3,0,hydrating cleanser,rich cream moisturizer,peptide serum,spf50 matte,benzoyl peroxide,skincare_datasets.xlsx::Recommendations|skincare_recommendations_dataset.csv
REC0000963,normal,2,2,3,1,hydrating cleanser,rich cream moisturizer,centella serum,mineral spf50,retinol treatment,skincare_datasets.xlsx::Recommendations|skincare_recommendations_dataset.csv
REC0000964,normal,2,2,3,3,milk cleanser,light lotion moisturizer,hyaluronic acid serum,mineral spf50,calming treatment,skincare_datasets.xlsx::Recommendations|skincare_recommendations_dataset.csv
REC0000965,normal,2,2,5,3,ultra gentle cleanser,ceramide moisturizer,retinol serum,spf30,anti aging routine,skincare_datasets.xlsx::Recommendations|skincare_recommendations_dataset.csv
REC0000966,normal,2,2,5,5,salicylic acid cleanser,soothing moisturizer,retinol serum,spf50 matte,barrier repair,skincare_datasets.xlsx::Recommendations|skincare_recommendations_dataset.csv
REC0000967,normal,2,3,0,1,gentle foam cleanser,ceramide moisturizer,vitamin c serum,mineral spf50,retinol treatment,skincare_datasets.xlsx::Recommendations|skincare_recommendations_dataset.csv
REC0000968,normal,2,3,0,3,hydrating cleanser,oil free gel moisturizer,niacinamide serum,spf30,benzoyl peroxide,skincare_datasets.xlsx::Recommendations|skincare_recommendations_dataset.csv
REC0000969,normal,2,3,0,5,gentle foam cleanser,soothing moisturizer,hyaluronic acid serum,spf50 matte,hydrating mask,skincare_datasets.xlsx::Recommendations|skincare_recommendations_dataset.csv
REC0000970,normal,2,3,1,0,ultra gentle cleanser,soothing moisturizer,hyaluronic acid serum,spf50 matte,benzoyl peroxide,skincare_datasets.xlsx::Recommendations|skincare_recommendations_dataset.csv
REC0000971,normal,2,3,1,3,gentle foam cleanser,oil free gel moisturizer,peptide serum,mineral spf50,calming treatment,skincare_datasets.xlsx::Recommendations|skincare_recommendations_dataset.csv
REC0000972,normal,2,3,1,4,salicylic acid cleanser,rich cream moisturizer,vitamin c serum,mineral spf50,anti aging routine,skincare_datasets.xlsx::Recommendations|skincare_recommendations_dataset.csv
REC0000973,normal,2,3,2,1,hydrating cleanser,ceramide moisturizer,niacinamide serum,spf30,hydrating mask,skincare_datasets.xlsx::Recommendations|skincare_recommendations_dataset.csv
REC0000974,normal,2,3,4,5,milk cleanser,soothing moisturizer,hyaluronic acid serum,spf50 matte,chemical exfoliation,skincare_datasets.xlsx::Recommendations|skincare_recommendations_dataset.csv
REC0000975,normal,2,4,0,3,salicylic acid cleanser,rich cream moisturizer,niacinamide serum,mineral spf50,barrier repair,skincare_datasets.xlsx::Recommendations|skincare_recommendations_dataset.csv
REC0000976,normal,2,4,1,1,acne control cleanser,ceramide moisturizer,niacinamide serum,spf30,anti aging routine,skincare_datasets.xlsx::Recommendations|skincare_recommendations_dataset.csv
REC0000977,normal,2,4,1,2,gentle foam cleanser,oil free gel moisturizer,peptide serum,mineral spf50,anti aging routine,skincare_datasets.xlsx::Recommendations|skincare_recommendations_dataset.csv
REC0000978,normal,2,4,1,4,hydrating cleanser,light lotion moisturizer,vitamin c serum,spf50 matte,benzoyl peroxide,skincare_datasets.xlsx::Recommendations|skincare_recommendations_dataset.csv
REC0000979,normal,2,4,1,4,milk cleanser,ceramide moisturizer,retinol serum,spf50 matte,hydrating mask,skincare_datasets.xlsx::Recommendations|skincare_recommendations_dataset.csv
REC0000980,normal,2,4,2,0,acne control cleanser,light lotion moisturizer,retinol serum,spf50 matte,barrier repair,skincare_datasets.xlsx::Recommendations|skincare_recommendations_dataset.csv
REC0000981,normal,2,4,2,5,hydrating cleanser,ceramide moisturizer,centella serum,spf30,barrier repair,skincare_datasets.xlsx::Recommendations|skincare_recommendations_dataset.csv
REC0000982,normal,2,4,4,3,milk cleanser,oil free gel moisturizer,peptide serum,spf50 matte,retinol treatment,skincare_datasets.xlsx::Recommendations|skincare_recommendations_dataset.csv
REC0000983,normal,2,4,5,0,acne control cleanser,ceramide moisturizer,peptide serum,spf30,retinol treatment,skincare_datasets.xlsx::Recommendations|skincare_recommendations_dataset.csv
REC0000984,normal,2,4,5,0,milk cleanser,light lotion moisturizer,hyaluronic acid serum,spf50 matte,calming treatment,skincare_datasets.xlsx::Recommendations|skincare_recommendations_dataset.csv
REC0000985,normal,2,4,5,0,salicylic acid cleanser,rich cream moisturizer,retinol serum,spf50 matte,retinol treatment,skincare_datasets.xlsx::Recommendations|skincare_recommendations_dataset.csv
REC0000986,normal,2,4,5,4,milk cleanser,light lotion moisturizer,vitamin c serum,spf30,retinol treatment,skincare_datasets.xlsx::Recommendations|skincare_recommendations_dataset.csv
REC0000987,normal,2,4,5,4,milk cleanser,soothing moisturizer,retinol serum,spf30,barrier repair,skincare_datasets.xlsx::Recommendations|skincare_recommendations_dataset.csv
REC0000988,normal,2,5,0,0,hydrating cleanser,oil free gel moisturizer,peptide serum,mineral spf50,barrier repair,skincare_datasets.xlsx::Recommendations|skincare_recommendations_dataset.csv
REC0000989,normal,2,5,0,1,ultra gentle cleanser,soothing moisturizer,vitamin c serum,spf50,chemical exfoliation,skincare_datasets.xlsx::Recommendations|skincare_recommendations_dataset.csv
REC0000990,normal,2,5,1,3,milk cleanser,soothing moisturizer,peptide serum,spf30,benzoyl peroxide,skincare_datasets.xlsx::Recommendations|skincare_recommendations_dataset.csv
REC0000991,normal,2,5,2,0,ultra gentle cleanser,oil free gel moisturizer,centella serum,spf30,benzoyl peroxide,skincare_datasets.xlsx::Recommendations|skincare_recommendations_dataset.csv
REC0000992,normal,2,5,2,1,milk cleanser,soothing moisturizer,retinol serum,spf50,anti aging routine,skincare_datasets.xlsx::Recommendations|skincare_recommendations_dataset.csv
REC0000993,normal,2,5,3,0,hydrating cleanser,rich cream moisturizer,centella serum,spf50,hydrating mask,skincare_datasets.xlsx::Recommendations|skincare_recommendations_dataset.csv
REC0000994,normal,2,5,3,5,milk cleanser,rich cream moisturizer,vitamin c serum,spf30,chemical exfoliation,skincare_datasets.xlsx::Recommendations|skincare_recommendations_dataset.csv
REC0000995,normal,2,5,4,1,ultra gentle cleanser,soothing moisturizer,hyaluronic acid serum,spf30,hydrating mask,skincare_datasets.xlsx::Recommendations|skincare_recommendations_dataset.csv
REC0000996,normal,2,5,5,1,milk cleanser,oil free gel moisturizer,peptide serum,spf50,chemical exfoliation,skincare_datasets.xlsx::Recommendations|skincare_recommendations_dataset.csv
REC0000997,normal,2,5,5,2,ultra gentle cleanser,light lotion moisturizer,niacinamide serum,spf50 matte,benzoyl peroxide,skincare_datasets.xlsx::Recommendations|skincare_recommendations_dataset.csv
REC0000998,normal,2,5,5,4,gentle foam cleanser,oil free gel moisturizer,centella serum,mineral spf50,benzoyl peroxide,skincare_datasets.xlsx::Recommendations|skincare_recommendations_dataset.csv
REC0000999,normal,3,0,0,1,gentle foam cleanser,ceramide moisturizer,centella serum,spf30,calming treatment,skincare_datasets.xlsx::Recommendations|skincare_recommendations_dataset.csv
REC0001000,normal,3,0,0,1,milk cleanser,soothing moisturizer,vitamin c serum,spf50,anti aging routine,skincare_datasets.xlsx::Recommendations|skincare_recommendations_dataset.csv
REC0001001,normal,3,0,0,3,gentle foam cleanser,ceramide moisturizer,hyaluronic acid serum,spf50 matte,hydrating mask,skincare_datasets.xlsx::Recommendations|skincare_recommendations_dataset.csv
REC0001002,normal,3,0,0,5,hydrating cleanser,soothing moisturizer,niacinamide serum,spf50 matte,hydrating mask,skincare_datasets.xlsx::Recommendations|skincare_recommendations_dataset.csv
REC0001003,normal,3,0,1,1,hydrating cleanser,light lotion moisturizer,retinol serum,spf50 matte,calming treatment,skincare_datasets.xlsx::Recommendations|skincare_recommendations_dataset.csv
REC0001004,normal,3,0,1,4,gentle foam cleanser,light lotion moisturizer,centella serum,spf30,calming treatment,skincare_datasets.xlsx::Recommendations|skincare_recommendations_dataset.csv
REC0001005,normal,3,0,3,0,gentle foam cleanser,soothing moisturizer,vitamin c serum,spf30,chemical exfoliation,skincare_datasets.xlsx::Recommendations|skincare_recommendations_dataset.csv
REC0001006,normal,3,0,3,1,hydrating cleanser,oil free gel moisturizer,vitamin c serum,spf30,barrier repair,skincare_datasets.xlsx::Recommendations|skincare_recommendations_dataset.csv
REC0001007,normal,3,0,3,5,milk cleanser,soothing moisturizer,centella serum,mineral spf50,anti aging routine,skincare_datasets.xlsx::Recommendations|skincare_recommendations_dataset.csv
REC0001008,normal,3,0,4,0,milk cleanser,light lotion moisturizer,hyaluronic acid serum,spf50 matte,benzoyl peroxide,skincare_datasets.xlsx::Recommendations|skincare_recommendations_dataset.csv
REC0001009,normal,3,0,4,5,acne control cleanser,oil free gel moisturizer,hyaluronic acid serum,spf30,anti aging routine,skincare_datasets.xlsx::Recommendations|skincare_recommendations_dataset.csv
REC0001010,normal,3,0,5,0,salicylic acid cleanser,oil free gel moisturizer,peptide serum,spf50 matte,anti aging routine,skincare_datasets.xlsx::Recommendations|skincare_recommendations_dataset.csv
REC0001011,normal,3,0,5,4,acne control cleanser,rich cream moisturizer,niacinamide serum,spf50,chemical exfoliation,skincare_datasets.xlsx::Recommendations|skincare_recommendations_dataset.csv
REC0001012,normal,3,0,5,5,gentle foam cleanser,oil free gel moisturizer,peptide serum,mineral spf50,benzoyl peroxide,skincare_datasets.xlsx::Recommendations|skincare_recommendations_dataset.csv
REC0001013,normal,3,1,0,1,salicylic acid cleanser,rich cream moisturizer,niacinamide serum,spf30,chemical exfoliation,skincare_datasets.xlsx::Recommendations|skincare_recommendations_dataset.csv
REC0001014,normal,3,1,0,1,salicylic acid cleanser,soothing moisturizer,peptide serum,spf30,chemical exfoliation,skincare_datasets.xlsx::Recommendations|skincare_recommendations_dataset.csv
REC0001015,normal,3,1,0,2,acne control cleanser,rich cream moisturizer,hyaluronic acid serum,spf50,benzoyl peroxide,skincare_datasets.xlsx::Recommendations|skincare_recommendations_dataset.csv
REC0001016,normal,3,1,0,2,hydrating cleanser,light lotion moisturizer,peptide serum,spf50,benzoyl peroxide,skincare_datasets.xlsx::Recommendations|skincare_recommendations_dataset.csv
REC0001017,normal,3,1,0,4,gentle foam cleanser,oil free gel moisturizer,niacinamide serum,spf30,calming treatment,skincare_datasets.xlsx::Recommendations|skincare_recommendations_dataset.csv
REC0001018,normal,3,1,1,3,salicylic acid cleanser,oil free gel moisturizer,peptide serum,spf50,calming treatment,skincare_datasets.xlsx::Recommendations|skincare_recommendations_dataset.csv
REC0001019,normal,3,1,1,3,ultra gentle cleanser,soothing moisturizer,centella serum,spf50 matte,hydrating mask,skincare_datasets.xlsx::Recommendations|skincare_recommendations_dataset.csv
REC0001020,normal,3,1,2,2,hydrating cleanser,light lotion moisturizer,niacinamide serum,mineral spf50,barrier repair,skincare_datasets.xlsx::Recommendations|skincare_recommendations_dataset.csv
REC0001021,normal,3,1,2,5,salicylic acid cleanser,ceramide moisturizer,vitamin c serum,mineral spf50,hydrating mask,skincare_datasets.xlsx::Recommendations|skincare_recommendations_dataset.csv
REC0001022,normal,3,1,3,1,milk cleanser,rich cream moisturizer,niacinamide serum,mineral spf50,benzoyl peroxide,skincare_datasets.xlsx::Recommendations|skincare_recommendations_dataset.csv
REC0001023,normal,3,1,3,2,milk cleanser,soothing moisturizer,vitamin c serum,spf30,calming treatment,skincare_datasets.xlsx::Recommendations|skincare_recommendations_dataset.csv
REC0001024,normal,3,1,4,2,gentle foam cleanser,ceramide moisturizer,niacinamide serum,spf30,anti aging routine,skincare_datasets.xlsx::Recommendations|skincare_recommendations_dataset.csv
REC0001025,normal,3,1,4,3,ultra gentle cleanser,ceramide moisturizer,hyaluronic acid serum,spf30,anti aging routine,skincare_datasets.xlsx::Recommendations|skincare_recommendations_dataset.csv
REC0001026,normal,3,1,4,4,acne control cleanser,oil free gel moisturizer,retinol serum,mineral spf50,retinol treatment,skincare_datasets.xlsx::Recommendations|skincare_recommendations_dataset.csv
REC0001027,normal,3,2,0,1,gentle foam cleanser,oil free gel moisturizer,hyaluronic acid serum,spf30,benzoyl peroxide,skincare_datasets.xlsx::Recommendations|skincare_recommendations_dataset.csv
REC0001028,normal,3,2,1,3,salicylic acid cleanser,light lotion moisturizer,vitamin c serum,spf50,chemical exfoliation,skincare_datasets.xlsx::Recommendations|skincare_recommendations_dataset.csv
REC0001029,normal,3,2,3,2,hydrating cleanser,ceramide moisturizer,peptide serum,spf50,hydrating mask,skincare_datasets.xlsx::Recommendations|skincare_recommendations_dataset.csv
REC0001030,normal,3,2,3,3,gentle foam cleanser,ceramide moisturizer,centella serum,spf30,retinol treatment,skincare_datasets.xlsx::Recommendations|skincare_recommendations_dataset.csv
REC0001031,normal,3,2,5,0,gentle foam cleanser,soothing moisturizer,hyaluronic acid serum,spf50,chemical exfoliation,skincare_datasets.xlsx::Recommendations|skincare_recommendations_dataset.csv
REC0001032,normal,3,3,0,0,hydrating cleanser,rich cream moisturizer,hyaluronic acid serum,spf50,retinol treatment,skincare_datasets.xlsx::Recommendations|skincare_recommendations_dataset.csv
REC0001033,normal,3,3,0,0,salicylic acid cleanser,rich cream moisturizer,hyaluronic acid serum,spf30,retinol treatment,skincare_datasets.xlsx::Recommendations|skincare_recommendations_dataset.csv
REC0001034,normal,3,3,0,5,gentle foam cleanser,ceramide moisturizer,retinol serum,spf50,chemical exfoliation,skincare_datasets.xlsx::Recommendations|skincare_recommendations_dataset.csv
REC0001035,normal,3,3,1,1,salicylic acid cleanser,light lotion moisturizer,retinol serum,spf50 matte,barrier repair,skincare_datasets.xlsx::Recommendations|skincare_recommendations_dataset.csv
REC0001036,normal,3,3,1,1,salicylic acid cleanser,light lotion moisturizer,vitamin c serum,spf30,calming treatment,skincare_datasets.xlsx::Recommendations|skincare_recommendations_dataset.csv
REC0001037,normal,3,3,3,4,acne control cleanser,soothing moisturizer,hyaluronic acid serum,spf50,anti aging routine,skincare_datasets.xlsx::Recommendations|skincare_recommendations_dataset.csv
REC0001038,normal,3,3,3,5,ultra gentle cleanser,soothing moisturizer,centella serum,spf50 matte,hydrating mask,skincare_datasets.xlsx::Recommendations|skincare_recommendations_dataset.csv
REC0001039,normal,3,3,4,0,gentle foam cleanser,soothing moisturizer,hyaluronic acid serum,spf50,retinol treatment,skincare_datasets.xlsx::Recommendations|skincare_recommendations_dataset.csv
REC0001040,normal,3,3,4,1,milk cleanser,ceramide moisturizer,centella serum,spf30,barrier repair,skincare_datasets.xlsx::Recommendations|skincare_recommendations_dataset.csv
REC0001041,normal,3,3,4,4,ultra gentle cleanser,ceramide moisturizer,vitamin c serum,spf30,calming treatment,skincare_datasets.xlsx::Recommendations|skincare_recommendations_dataset.csv
REC0001042,normal,3,3,5,0,gentle foam cleanser,oil free gel moisturizer,niacinamide serum,spf30,anti aging routine,skincare_datasets.xlsx::Recommendations|skincare_recommendations_dataset.csv
REC0001043,normal,3,3,5,1,acne control cleanser,soothing moisturizer,niacinamide serum,spf50 matte,retinol treatment,skincare_datasets.xlsx::Recommendations|skincare_recommendations_dataset.csv
REC0001044,normal,3,3,5,2,ultra gentle cleanser,ceramide moisturizer,peptide serum,spf50 matte,benzoyl peroxide,skincare_datasets.xlsx::Recommendations|skincare_recommendations_dataset.csv
REC0001045,normal,3,3,5,3,acne control cleanser,light lotion moisturizer,niacinamide serum,spf50 matte,calming treatment,skincare_datasets.xlsx::Recommendations|skincare_recommendations_dataset.csv
REC0001046,normal,3,4,0,0,hydrating cleanser,soothing moisturizer,hyaluronic acid serum,spf50 matte,chemical exfoliation,skincare_datasets.xlsx::Recommendations|skincare_recommendations_dataset.csv
REC0001047,normal,3,4,0,0,ultra gentle cleanser,soothing moisturizer,hyaluronic acid serum,mineral spf50,barrier repair,skincare_datasets.xlsx::Recommendations|skincare_recommendations_dataset.csv
REC0001048,normal,3,4,1,2,gentle foam cleanser,light lotion moisturizer,retinol serum,spf30,retinol treatment,skincare_datasets.xlsx::Recommendations|skincare_recommendations_dataset.csv
REC0001049,normal,3,4,2,5,milk cleanser,light lotion moisturizer,retinol serum,spf50 matte,hydrating mask,skincare_datasets.xlsx::Recommendations|skincare_recommendations_dataset.csv
REC0001050,normal,3,4,4,0,ultra gentle cleanser,light lotion moisturizer,niacinamide serum,mineral spf50,anti aging routine,skincare_datasets.xlsx::Recommendations|skincare_recommendations_dataset.csv
REC0001051,normal,3,5,0,4,acne control cleanser,rich cream moisturizer,peptide serum,spf50,retinol treatment,skincare_datasets.xlsx::Recommendations|skincare_recommendations_dataset.csv
REC0001052,normal,3,5,1,1,salicylic acid cleanser,oil free gel moisturizer,vitamin c serum,spf50 matte,calming treatment,skincare_datasets.xlsx::Recommendations|skincare_recommendations_dataset.csv
REC0001053,normal,3,5,1,2,ultra gentle cleanser,soothing moisturizer,centella serum,spf50 matte,calming treatment,skincare_datasets.xlsx::Recommendations|skincare_recommendations_dataset.csv
REC0001054,normal,4,0,0,3,gentle foam cleanser,soothing moisturizer,retinol serum,spf50,barrier repair,skincare_datasets.xlsx::Recommendations|skincare_recommendations_dataset.csv
REC0001055,normal,4,0,0,5,acne control cleanser,soothing moisturizer,hyaluronic acid serum,spf50,benzoyl peroxide,skincare_datasets.xlsx::Recommendations|skincare_recommendations_dataset.csv
REC0001056,normal,4,0,1,0,hydrating cleanser,oil free gel moisturizer,niacinamide serum,mineral spf50,benzoyl peroxide,skincare_datasets.xlsx::Recommendations|skincare_recommendations_dataset.csv
REC0001057,normal,4,0,1,2,hydrating cleanser,soothing moisturizer,niacinamide serum,spf50,chemical exfoliation,skincare_datasets.xlsx::Recommendations|skincare_recommendations_dataset.csv
REC0001058,normal,4,0,2,1,hydrating cleanser,oil free gel moisturizer,centella serum,spf50 matte,calming treatment,skincare_datasets.xlsx::Recommendations|skincare_recommendations_dataset.csv
REC0001059,normal,4,0,2,3,salicylic acid cleanser,oil free gel moisturizer,niacinamide serum,spf50,chemical exfoliation,skincare_datasets.xlsx::Recommendations|skincare_recommendations_dataset.csv
REC0001060,normal,4,0,2,5,gentle foam cleanser,soothing moisturizer,hyaluronic acid serum,mineral spf50,calming treatment,skincare_datasets.xlsx::Recommendations|skincare_recommendations_dataset.csv
REC0001061,normal,4,0,3,1,salicylic acid cleanser,light lotion moisturizer,vitamin c serum,spf50,chemical exfoliation,skincare_datasets.xlsx::Recommendations|skincare_recommendations_dataset.csv
REC0001062,normal,4,0,3,2,gentle foam cleanser,rich cream moisturizer,vitamin c serum,spf50,benzoyl peroxide,skincare_datasets.xlsx::Recommendations|skincare_recommendations_dataset.csv
REC0001063,normal,4,0,3,4,milk cleanser,rich cream moisturizer,niacinamide serum,spf50 matte,retinol treatment,skincare_datasets.xlsx::Recommendations|skincare_recommendations_dataset.csv
REC0001064,normal,4,0,3,4,ultra gentle cleanser,oil free gel moisturizer,retinol serum,spf50,calming treatment,skincare_datasets.xlsx::Recommendations|skincare_recommendations_dataset.csv
REC0001065,normal,4,0,4,1,gentle foam cleanser,light lotion moisturizer,centella serum,spf50,calming treatment,skincare_datasets.xlsx::Recommendations|skincare_recommendations_dataset.csv
REC0001066,normal,4,0,4,2,hydrating cleanser,rich cream moisturizer,centella serum,spf30,anti aging routine,skincare_datasets.xlsx::Recommendations|skincare_recommendations_dataset.csv
REC0001067,normal,4,0,4,5,milk cleanser,light lotion moisturizer,peptide serum,mineral spf50,anti aging routine,skincare_datasets.xlsx::Recommendations|skincare_recommendations_dataset.csv
REC0001068,normal,4,0,4,5,milk cleanser,light lotion moisturizer,vitamin c serum,spf50 matte,chemical exfoliation,skincare_datasets.xlsx::Recommendations|skincare_recommendations_dataset.csv
REC0001069,normal,4,0,5,0,hydrating cleanser,soothing moisturizer,centella serum,mineral spf50,hydrating mask,skincare_datasets.xlsx::Recommendations|skincare_recommendations_dataset.csv
REC0001070,normal,4,1,0,0,gentle foam cleanser,light lotion moisturizer,hyaluronic acid serum,spf30,hydrating mask,skincare_datasets.xlsx::Recommendations|skincare_recommendations_dataset.csv
REC0001071,normal,4,1,0,3,gentle foam cleanser,rich cream moisturizer,hyaluronic acid serum,spf50,barrier repair,skincare_datasets.xlsx::Recommendations|skincare_recommendations_dataset.csv
REC0001072,normal,4,1,0,3,milk cleanser,oil free gel moisturizer,vitamin c serum,spf30,calming treatment,skincare_datasets.xlsx::Recommendations|skincare_recommendations_dataset.csv
REC0001073,normal,4,1,1,2,milk cleanser,rich cream moisturizer,centella serum,mineral spf50,hydrating mask,skincare_datasets.xlsx::Recommendations|skincare_recommendations_dataset.csv
REC0001074,normal,4,1,1,4,gentle foam cleanser,rich cream moisturizer,niacinamide serum,spf50 matte,retinol treatment,skincare_datasets.xlsx::Recommendations|skincare_recommendations_dataset.csv
REC0001075,normal,4,1,2,0,acne control cleanser,ceramide moisturizer,vitamin c serum,spf50,benzoyl peroxide,skincare_datasets.xlsx::Recommendations|skincare_recommendations_dataset.csv
REC0001076,normal,4,1,2,0,hydrating cleanser,oil free gel moisturizer,niacinamide serum,spf50,anti aging routine,skincare_datasets.xlsx::Recommendations|skincare_recommendations_dataset.csv
REC0001077,normal,4,1,2,4,milk cleanser,light lotion moisturizer,retinol serum,spf50 matte,retinol treatment,skincare_datasets.xlsx::Recommendations|skincare_recommendations_dataset.csv
REC0001078,normal,4,1,2,5,acne control cleanser,ceramide moisturizer,niacinamide serum,mineral spf50,benzoyl peroxide,skincare_datasets.xlsx::Recommendations|skincare_recommendations_dataset.csv
REC0001079,normal,4,1,3,1,ultra gentle cleanser,oil free gel moisturizer,hyaluronic acid serum,mineral spf50,retinol treatment,skincare_datasets.xlsx::Recommendations|skincare_recommendations_dataset.csv
REC0001080,normal,4,1,4,0,milk cleanser,ceramide moisturizer,retinol serum,spf50,retinol treatment,skincare_datasets.xlsx::Recommendations|skincare_recommendations_dataset.csv
REC0001081,normal,4,1,5,2,ultra gentle cleanser,oil free gel moisturizer,hyaluronic acid serum,spf30,chemical exfoliation,skincare_datasets.xlsx::Recommendations|skincare_recommendations_dataset.csv
REC0001082,normal,4,2,0,0,acne control cleanser,ceramide moisturizer,vitamin c serum,spf50,barrier repair,skincare_datasets.xlsx::Recommendations|skincare_recommendations_dataset.csv
REC0001083,normal,4,2,2,0,hydrating cleanser,oil free gel moisturizer,vitamin c serum,mineral spf50,anti aging routine,skincare_datasets.xlsx::Recommendations|skincare_recommendations_dataset.csv
REC0001084,normal,4,2,2,3,ultra gentle cleanser,rich cream moisturizer,vitamin c serum,spf50,barrier repair,skincare_datasets.xlsx::Recommendations|skincare_recommendations_dataset.csv
REC0001085,normal,4,2,2,5,hydrating cleanser,oil free gel moisturizer,niacinamide serum,spf30,retinol treatment,skincare_datasets.xlsx::Recommendations|skincare_recommendations_dataset.csv
REC0001086,normal,4,2,3,2,hydrating cleanser,rich cream moisturizer,peptide serum,spf50 matte,barrier repair,skincare_datasets.xlsx::Recommendations|skincare_recommendations_dataset.csv
REC0001087,normal,4,2,4,0,ultra gentle cleanser,oil free gel moisturizer,vitamin c serum,mineral spf50,retinol treatment,skincare_datasets.xlsx::Recommendations|skincare_recommendations_dataset.csv
REC0001088,normal,4,2,4,1,gentle foam cleanser,light lotion moisturizer,retinol serum,spf30,calming treatment,skincare_datasets.xlsx::Recommendations|skincare_recommendations_dataset.csv
REC0001089,normal,4,2,4,3,hydrating cleanser,oil free gel moisturizer,niacinamide serum,mineral spf50,hydrating mask,skincare_datasets.xlsx::Recommendations|skincare_recommendations_dataset.csv
REC0001090,normal,4,2,4,4,salicylic acid cleanser,soothing moisturizer,vitamin c serum,spf30,chemical exfoliation,skincare_datasets.xlsx::Recommendations|skincare_recommendations_dataset.csv
REC0001091,normal,4,2,5,1,salicylic acid cleanser,soothing moisturizer,peptide serum,spf50 matte,chemical exfoliation,skincare_datasets.xlsx::Recommendations|skincare_recommendations_dataset.csv
REC0001092,normal,4,2,5,5,acne control cleanser,soothing moisturizer,hyaluronic acid serum,mineral spf50,retinol treatment,skincare_datasets.xlsx::Recommendations|skincare_recommendations_dataset.csv
REC0001093,normal,4,2,5,5,milk cleanser,ceramide moisturizer,peptide serum,spf50,retinol treatment,skincare_datasets.xlsx::Recommendations|skincare_recommendations_dataset.csv
REC0001094,normal,4,2,5,5,milk cleanser,soothing moisturizer,retinol serum,spf50,chemical exfoliation,skincare_datasets.xlsx::Recommendations|skincare_recommendations_dataset.csv
REC0001095,normal,4,3,0,1,acne control cleanser,rich cream moisturizer,retinol serum,spf50,chemical exfoliation,skincare_datasets.xlsx::Recommendations|skincare_recommendations_dataset.csv
REC0001096,normal,4,3,0,1,salicylic acid cleanser,soothing moisturizer,niacinamide serum,mineral spf50,benzoyl peroxide,skincare_datasets.xlsx::Recommendations|skincare_recommendations_dataset.csv
REC0001097,normal,4,3,0,4,milk cleanser,soothing moisturizer,centella serum,spf50,barrier repair,skincare_datasets.xlsx::Recommendations|skincare_recommendations_dataset.csv
REC0001098,normal,4,3,1,4,hydrating cleanser,soothing moisturizer,hyaluronic acid serum,spf50 matte,retinol treatment,skincare_datasets.xlsx::Recommendations|skincare_recommendations_dataset.csv
REC0001099,normal,4,3,1,5,milk cleanser,rich cream moisturizer,centella serum,mineral spf50,barrier repair,skincare_datasets.xlsx::Recommendations|skincare_recommendations_dataset.csv
REC0001100,normal,4,3,2,4,hydrating cleanser,ceramide moisturizer,centella serum,spf30,barrier repair,skincare_datasets.xlsx::Recommendations|skincare_recommendations_dataset.csv
REC0001101,normal,4,3,2,5,hydrating cleanser,light lotion moisturizer,vitamin c serum,spf50,hydrating mask,skincare_datasets.xlsx::Recommendations|skincare_recommendations_dataset.csv
REC0001102,normal,4,3,2,5,milk cleanser,light lotion moisturizer,peptide serum,spf50,retinol treatment,skincare_datasets.xlsx::Recommendations|skincare_recommendations_dataset.csv
REC0001103,normal,4,3,3,4,milk cleanser,light lotion moisturizer,peptide serum,mineral spf50,retinol treatment,skincare_datasets.xlsx::Recommendations|skincare_recommendations_dataset.csv
REC0001104,normal,4,3,4,1,milk cleanser,light lotion moisturizer,hyaluronic acid serum,mineral spf50,chemical exfoliation,skincare_datasets.xlsx::Recommendations|skincare_recommendations_dataset.csv
REC0001105,normal,4,3,4,5,hydrating cleanser,oil free gel moisturizer,retinol serum,mineral spf50,barrier repair,skincare_datasets.xlsx::Recommendations|skincare_recommendations_dataset.csv
REC0001106,normal,4,3,4,5,salicylic acid cleanser,rich cream moisturizer,retinol serum,mineral spf50,hydrating mask,skincare_datasets.xlsx::Recommendations|skincare_recommendations_dataset.csv
REC0001107,normal,4,3,4,5,ultra gentle cleanser,oil free gel moisturizer,niacinamide serum,spf50 matte,hydrating mask,skincare_datasets.xlsx::Recommendations|skincare_recommendations_dataset.csv
REC0001108,normal,4,3,5,0,hydrating cleanser,rich cream moisturizer,peptide serum,spf50,hydrating mask,skincare_datasets.xlsx::Recommendations|skincare_recommendations_dataset.csv
REC0001109,normal,4,3,5,0,hydrating cleanser,rich cream moisturizer,vitamin c serum,spf50 matte,anti aging routine,skincare_datasets.xlsx::Recommendations|skincare_recommendations_dataset.csv
REC0001110,normal,4,3,5,0,milk cleanser,light lotion moisturizer,hyaluronic acid serum,spf50 matte,benzoyl peroxide,skincare_datasets.xlsx::Recommendations|skincare_recommendations_dataset.csv
REC0001111,normal,4,3,5,3,acne control cleanser,light lotion moisturizer,peptide serum,spf50,calming treatment,skincare_datasets.xlsx::Recommendations|skincare_recommendations_dataset.csv
REC0001112,normal,4,4,0,4,milk cleanser,light lotion moisturizer,vitamin c serum,spf50,calming treatment,skincare_datasets.xlsx::Recommendations|skincare_recommendations_dataset.csv
REC0001113,normal,4,4,1,1,salicylic acid cleanser,ceramide moisturizer,vitamin c serum,spf50 matte,hydrating mask,skincare_datasets.xlsx::Recommendations|skincare_recommendations_dataset.csv
REC0001114,normal,4,4,1,4,gentle foam cleanser,oil free gel moisturizer,niacinamide serum,mineral spf50,benzoyl peroxide,skincare_datasets.xlsx::Recommendations|skincare_recommendations_dataset.csv
REC0001115,normal,4,4,1,5,ultra gentle cleanser,oil free gel moisturizer,niacinamide serum,spf50 matte,anti aging routine,skincare_datasets.xlsx::Recommendations|skincare_recommendations_dataset.csv
REC0001116,normal,4,4,2,3,ultra gentle cleanser,ceramide moisturizer,peptide serum,spf50,chemical exfoliation,skincare_datasets.xlsx::Recommendations|skincare_recommendations_dataset.csv
REC0001117,normal,4,4,2,5,hydrating cleanser,oil free gel moisturizer,hyaluronic acid serum,spf30,chemical exfoliation,skincare_datasets.xlsx::Recommendations|skincare_recommendations_dataset.csv
REC0001118,normal,4,4,3,4,salicylic acid cleanser,rich cream moisturizer,centella serum,spf50,chemical exfoliation,skincare_datasets.xlsx::Recommendations|skincare_recommendations_dataset.csv
REC0001119,normal,4,4,4,4,gentle foam cleanser,ceramide moisturizer,retinol serum,spf30,calming treatment,skincare_datasets.xlsx::Recommendations|skincare_recommendations_dataset.csv
REC0001120,normal,4,4,5,0,salicylic acid cleanser,light lotion moisturizer,hyaluronic acid serum,spf50 matte,anti aging routine,skincare_datasets.xlsx::Recommendations|skincare_recommendations_dataset.csv
REC0001121,normal,4,4,5,4,milk cleanser,light lotion moisturizer,peptide serum,spf50 matte,chemical exfoliation,skincare_datasets.xlsx::Recommendations|skincare_recommendations_dataset.csv
REC0001122,normal,4,5,1,1,milk cleanser,ceramide moisturizer,hyaluronic acid serum,spf30,calming treatment,skincare_datasets.xlsx::Recommendations|skincare_recommendations_dataset.csv
REC0001123,normal,4,5,1,2,milk cleanser,ceramide moisturizer,retinol serum,spf30,barrier repair,skincare_datasets.xlsx::Recommendations|skincare_recommendations_dataset.csv
REC0001124,normal,4,5,2,0,acne control cleanser,soothing moisturizer,peptide serum,mineral spf50,calming treatment,skincare_datasets.xlsx::Recommendations|skincare_recommendations_dataset.csv
REC0001125,normal,4,5,2,1,acne control cleanser,ceramide moisturizer,retinol serum,spf30,calming treatment,skincare_datasets.xlsx::Recommendations|skincare_recommendations_dataset.csv
REC0001126,normal,4,5,2,3,gentle foam cleanser,ceramide moisturizer,vitamin c serum,spf50,barrier repair,skincare_datasets.xlsx::Recommendations|skincare_recommendations_dataset.csv
REC0001127,normal,4,5,2,4,hydrating cleanser,soothing moisturizer,peptide serum,spf50 matte,retinol treatment,skincare_datasets.xlsx::Recommendations|skincare_recommendations_dataset.csv
REC0001128,normal,4,5,3,0,gentle foam cleanser,rich cream moisturizer,peptide serum,spf50 matte,benzoyl peroxide,skincare_datasets.xlsx::Recommendations|skincare_recommendations_dataset.csv
REC0001129,normal,4,5,3,0,hydrating cleanser,light lotion moisturizer,hyaluronic acid serum,spf30,barrier repair,skincare_datasets.xlsx::Recommendations|skincare_recommendations_dataset.csv
REC0001130,normal,4,5,3,2,salicylic acid cleanser,light lotion moisturizer,centella serum,spf30,calming treatment,skincare_datasets.xlsx::Recommendations|skincare_recommendations_dataset.csv
REC0001131,normal,4,5,3,5,hydrating cleanser,light lotion moisturizer,vitamin c serum,spf50,calming treatment,skincare_datasets.xlsx::Recommendations|skincare_recommendations_dataset.csv
REC0001132,normal,4,5,4,2,gentle foam cleanser,light lotion moisturizer,hyaluronic acid serum,mineral spf50,calming treatment,skincare_datasets.xlsx::Recommendations|skincare_recommendations_dataset.csv
REC0001133,normal,4,5,4,5,gentle foam cleanser,light lotion moisturizer,retinol serum,spf30,benzoyl peroxide,skincare_datasets.xlsx::Recommendations|skincare_recommendations_dataset.csv
REC0001134,normal,4,5,5,0,gentle foam cleanser,light lotion moisturizer,retinol serum,spf50,retinol treatment,skincare_datasets.xlsx::Recommendations|skincare_recommendations_dataset.csv
REC0001135,normal,4,5,5,0,hydrating cleanser,soothing moisturizer,centella serum,spf50,anti aging routine,skincare_datasets.xlsx::Recommendations|skincare_recommendations_dataset.csv
REC0001136,normal,4,5,5,2,ultra gentle cleanser,rich cream moisturizer,retinol serum,spf30,anti aging routine,skincare_datasets.xlsx::Recommendations|skincare_recommendations_dataset.csv
REC0001137,normal,4,5,5,4,ultra gentle cleanser,light lotion moisturizer,centella serum,spf30,hydrating mask,skincare_datasets.xlsx::Recommendations|skincare_recommendations_dataset.csv
REC0001138,normal,4,5,5,5,acne control cleanser,oil free gel moisturizer,hyaluronic acid serum,spf50,retinol treatment,skincare_datasets.xlsx::Recommendations|skincare_recommendations_dataset.csv
REC0001139,normal,5,0,0,0,milk cleanser,ceramide moisturizer,peptide serum,spf50,retinol treatment,skincare_datasets.xlsx::Recommendations|skincare_recommendations_dataset.csv
REC0001140,normal,5,0,0,2,salicylic acid cleanser,rich cream moisturizer,peptide serum,spf50,calming treatment,skincare_datasets.xlsx::Recommendations|skincare_recommendations_dataset.csv
REC0001141,normal,5,0,1,3,hydrating cleanser,ceramide moisturizer,niacinamide serum,spf50 matte,hydrating mask,skincare_datasets.xlsx::Recommendations|skincare_recommendations_dataset.csv
REC0001142,normal,5,0,1,4,gentle foam cleanser,oil free gel moisturizer,hyaluronic acid serum,spf50,calming treatment,skincare_datasets.xlsx::Recommendations|skincare_recommendations_dataset.csv
REC0001143,normal,5,0,1,4,ultra gentle cleanser,light lotion moisturizer,hyaluronic acid serum,spf50,retinol treatment,skincare_datasets.xlsx::Recommendations|skincare_recommendations_dataset.csv
REC0001144,normal,5,0,2,1,hydrating cleanser,soothing moisturizer,niacinamide serum,mineral spf50,calming treatment,skincare_datasets.xlsx::Recommendations|skincare_recommendations_dataset.csv
REC0001145,normal,5,0,4,1,hydrating cleanser,soothing moisturizer,niacinamide serum,spf50 matte,barrier repair,skincare_datasets.xlsx::Recommendations|skincare_recommendations_dataset.csv
REC0001146,normal,5,0,5,2,acne control cleanser,rich cream moisturizer,centella serum,spf30,retinol treatment,skincare_datasets.xlsx::Recommendations|skincare_recommendations_dataset.csv
REC0001147,normal,5,1,0,0,ultra gentle cleanser,rich cream moisturizer,centella serum,spf50,benzoyl peroxide,skincare_datasets.xlsx::Recommendations|skincare_recommendations_dataset.csv
REC0001148,normal,5,1,0,1,hydrating cleanser,oil free gel moisturizer,hyaluronic acid serum,spf30,benzoyl peroxide,skincare_datasets.xlsx::Recommendations|skincare_recommendations_dataset.csv
REC0001149,normal,5,1,1,1,hydrating cleanser,ceramide moisturizer,peptide serum,mineral spf50,retinol treatment,skincare_datasets.xlsx::Recommendations|skincare_recommendations_dataset.csv
REC0001150,normal,5,1,2,0,gentle foam cleanser,rich cream moisturizer,centella serum,spf50 matte,benzoyl peroxide,skincare_datasets.xlsx::Recommendations|skincare_recommendations_dataset.csv
REC0001151,normal,5,1,2,5,gentle foam cleanser,rich cream moisturizer,retinol serum,spf50 matte,retinol treatment,skincare_datasets.xlsx::Recommendations|skincare_recommendations_dataset.csv
REC0001152,normal,5,1,3,3,hydrating cleanser,ceramide moisturizer,peptide serum,spf50 matte,chemical exfoliation,skincare_datasets.xlsx::Recommendations|skincare_recommendations_dataset.csv
REC0001153,normal,5,1,4,0,acne control cleanser,ceramide moisturizer,peptide serum,spf30,hydrating mask,skincare_datasets.xlsx::Recommendations|skincare_recommendations_dataset.csv
REC0001154,normal,5,1,4,0,ultra gentle cleanser,oil free gel moisturizer,centella serum,mineral spf50,retinol treatment,skincare_datasets.xlsx::Recommendations|skincare_recommendations_dataset.csv
REC0001155,normal,5,1,4,1,milk cleanser,soothing moisturizer,retinol serum,spf50 matte,barrier repair,skincare_datasets.xlsx::Recommendations|skincare_recommendations_dataset.csv
REC0001156,normal,5,1,5,3,salicylic acid cleanser,soothing moisturizer,retinol serum,spf30,chemical exfoliation,skincare_datasets.xlsx::Recommendations|skincare_recommendations_dataset.csv
REC0001157,normal,5,2,0,5,acne control cleanser,light lotion moisturizer,retinol serum,spf50,anti aging routine,skincare_datasets.xlsx::Recommendations|skincare_recommendations_dataset.csv
REC0001158,normal,5,2,1,2,gentle foam cleanser,rich cream moisturizer,peptide serum,spf50,chemical exfoliation,skincare_datasets.xlsx::Recommendations|skincare_recommendations_dataset.csv
REC0001159,normal,5,2,2,0,gentle foam cleanser,light lotion moisturizer,centella serum,mineral spf50,retinol treatment,skincare_datasets.xlsx::Recommendations|skincare_recommendations_dataset.csv
REC0001160,normal,5,2,2,3,salicylic acid cleanser,light lotion moisturizer,centella serum,spf30,barrier repair,skincare_datasets.xlsx::Recommendations|skincare_recommendations_dataset.csv
REC0001161,normal,5,2,2,5,salicylic acid cleanser,soothing moisturizer,retinol serum,mineral spf50,hydrating mask,skincare_datasets.xlsx::Recommendations|skincare_recommendations_dataset.csv
REC0001162,normal,5,2,3,3,hydrating cleanser,light lotion moisturizer,hyaluronic acid serum,spf50,chemical exfoliation,skincare_datasets.xlsx::Recommendations|skincare_recommendations_dataset.csv
REC0001163,normal,5,2,4,4,milk cleanser,light lotion moisturizer,centella serum,spf30,benzoyl peroxide,skincare_datasets.xlsx::Recommendations|skincare_recommendations_dataset.csv
REC0001164,normal,5,2,4,5,acne control cleanser,light lotion moisturizer,peptide serum,spf30,barrier repair,skincare_datasets.xlsx::Recommendations|skincare_recommendations_dataset.csv
REC0001165,normal,5,2,4,5,milk cleanser,soothing moisturizer,hyaluronic acid serum,spf30,retinol treatment,skincare_datasets.xlsx::Recommendations|skincare_recommendations_dataset.csv
REC0001166,normal,5,3,0,5,hydrating cleanser,oil free gel moisturizer,peptide serum,spf30,retinol treatment,skincare_datasets.xlsx::Recommendations|skincare_recommendations_dataset.csv
REC0001167,normal,5,3,0,5,ultra gentle cleanser,oil free gel moisturizer,niacinamide serum,spf30,barrier repair,skincare_datasets.xlsx::Recommendations|skincare_recommendations_dataset.csv
REC0001168,normal,5,3,1,0,acne control cleanser,oil free gel moisturizer,hyaluronic acid serum,spf50,barrier repair,skincare_datasets.xlsx::Recommendations|skincare_recommendations_dataset.csv
REC0001169,normal,5,3,1,4,acne control cleanser,light lotion moisturizer,peptide serum,mineral spf50,retinol treatment,skincare_datasets.xlsx::Recommendations|skincare_recommendations_dataset.csv
REC0001170,normal,5,3,4,2,acne control cleanser,light lotion moisturizer,niacinamide serum,spf50 matte,hydrating mask,skincare_datasets.xlsx::Recommendations|skincare_recommendations_dataset.csv
REC0001171,normal,5,3,4,2,hydrating cleanser,soothing moisturizer,retinol serum,mineral spf50,retinol treatment,skincare_datasets.xlsx::Recommendations|skincare_recommendations_dataset.csv
REC0001172,normal,5,3,4,4,ultra gentle cleanser,oil free gel moisturizer,peptide serum,spf30,benzoyl peroxide,skincare_datasets.xlsx::Recommendations|skincare_recommendations_dataset.csv
REC0001173,normal,5,3,5,0,salicylic acid cleanser,light lotion moisturizer,vitamin c serum,spf50,chemical exfoliation,skincare_datasets.xlsx::Recommendations|skincare_recommendations_dataset.csv
REC0001174,normal,5,3,5,4,ultra gentle cleanser,rich cream moisturizer,hyaluronic acid serum,spf50 matte,benzoyl peroxide,skincare_datasets.xlsx::Recommendations|skincare_recommendations_dataset.csv
REC0001175,normal,5,4,0,5,gentle foam cleanser,light lotion moisturizer,centella serum,spf50 matte,hydrating mask,skincare_datasets.xlsx::Recommendations|skincare_recommendations_dataset.csv
REC0001176,normal,5,4,0,5,ultra gentle cleanser,rich cream moisturizer,niacinamide serum,mineral spf50,hydrating mask,skincare_datasets.xlsx::Recommendations|skincare_recommendations_dataset.csv
REC0001177,normal,5,4,1,3,ultra gentle cleanser,oil free gel moisturizer,hyaluronic acid serum,spf50,benzoyl peroxide,skincare_datasets.xlsx::Recommendations|skincare_recommendations_dataset.csv
REC0001178,normal,5,4,4,3,hydrating cleanser,rich cream moisturizer,niacinamide serum,spf50,barrier repair,skincare_datasets.xlsx::Recommendations|skincare_recommendations_dataset.csv
REC0001179,normal,5,4,4,5,gentle foam cleanser,oil free gel moisturizer,vitamin c serum,spf50 matte,benzoyl peroxide,skincare_datasets.xlsx::Recommendations|skincare_recommendations_dataset.csv
REC0001180,normal,5,4,5,2,gentle foam cleanser,oil free gel moisturizer,vitamin c serum,mineral spf50,retinol treatment,skincare_datasets.xlsx::Recommendations|skincare_recommendations_dataset.csv
REC0001181,normal,5,4,5,5,acne control cleanser,oil free gel moisturizer,retinol serum,spf50,barrier repair,skincare_datasets.xlsx::Recommendations|skincare_recommendations_dataset.csv
REC0001182,normal,5,5,0,1,milk cleanser,oil free gel moisturizer,retinol serum,spf50,calming treatment,skincare_datasets.xlsx::Recommendations|skincare_recommendations_dataset.csv
REC0001183,normal,5,5,0,3,gentle foam cleanser,ceramide moisturizer,retinol serum,spf30,calming treatment,skincare_datasets.xlsx::Recommendations|skincare_recommendations_dataset.csv
REC0001184,normal,5,5,0,4,ultra gentle cleanser,soothing moisturizer,niacinamide serum,spf50,barrier repair,skincare_datasets.xlsx::Recommendations|skincare_recommendations_dataset.csv
REC0001185,normal,5,5,1,2,acne control cleanser,ceramide moisturizer,vitamin c serum,spf50,anti aging routine,skincare_datasets.xlsx::Recommendations|skincare_recommendations_dataset.csv
REC0001186,normal,5,5,1,2,acne control cleanser,oil free gel moisturizer,hyaluronic acid serum,mineral spf50,retinol treatment,skincare_datasets.xlsx::Recommendations|skincare_recommendations_dataset.csv
REC0001187,normal,5,5,1,3,milk cleanser,light lotion moisturizer,peptide serum,spf50,anti aging routine,skincare_datasets.xlsx::Recommendations|skincare_recommendations_dataset.csv
REC0001188,normal,5,5,1,4,ultra gentle cleanser,soothing moisturizer,vitamin c serum,spf30,retinol treatment,skincare_datasets.xlsx::Recommendations|skincare_recommendations_dataset.csv
REC0001189,normal,5,5,2,0,hydrating cleanser,rich cream moisturizer,niacinamide serum,spf50 matte,anti aging routine,skincare_datasets.xlsx::Recommendations|skincare_recommendations_dataset.csv
REC0001190,normal,5,5,2,3,acne control cleanser,light lotion moisturizer,centella serum,spf50,calming treatment,skincare_datasets.xlsx::Recommendations|skincare_recommendations_dataset.csv
REC0001191,normal,5,5,3,2,ultra gentle cleanser,soothing moisturizer,vitamin c serum,spf30,chemical exfoliation,skincare_datasets.xlsx::Recommendations|skincare_recommendations_dataset.csv
REC0001192,normal,5,5,3,3,hydrating cleanser,oil free gel moisturizer,peptide serum,spf50,anti aging routine,skincare_datasets.xlsx::Recommendations|skincare_recommendations_dataset.csv
REC0001193,normal,5,5,3,3,hydrating cleanser,soothing moisturizer,hyaluronic acid serum,mineral spf50,retinol treatment,skincare_datasets.xlsx::Recommendations|skincare_recommendations_dataset.csv
REC0001194,normal,5,5,4,2,hydrating cleanser,rich cream moisturizer,peptide serum,spf50 matte,chemical exfoliation,skincare_datasets.xlsx::Recommendations|skincare_recommendations_dataset.csv
REC0001195,normal,5,5,5,1,acne control cleanser,oil free gel moisturizer,hyaluronic acid serum,spf30,benzoyl peroxide,skincare_datasets.xlsx::Recommendations|skincare_recommendations_dataset.csv
REC0001196,normal,5,5,5,1,acne control cleanser,soothing moisturizer,retinol serum,spf50,calming treatment,skincare_datasets.xlsx::Recommendations|skincare_recommendations_dataset.csv
REC0001197,normal,5,5,5,2,acne control cleanser,oil free gel moisturizer,vitamin c serum,spf30,retinol treatment,skincare_datasets.xlsx::Recommendations|skincare_recommendations_dataset.csv
REC0001198,oily,0,0,0,0,milk cleanser,oil free gel moisturizer,retinol serum,spf50,retinol treatment,skincare_datasets.xlsx::Recommendations|skincare_recommendations_dataset.csv
REC0001199,oily,0,0,0,2,hydrating cleanser,light lotion moisturizer,centella serum,spf50,barrier repair,skincare_datasets.xlsx::Recommendations|skincare_recommendations_dataset.csv
REC0001200,oily,0,0,3,0,gentle foam cleanser,rich cream moisturizer,niacinamide serum,spf30,anti aging routine,skincare_datasets.xlsx::Recommendations|skincare_recommendations_dataset.csv
REC0001201,oily,0,0,3,5,acne control cleanser,ceramide moisturizer,hyaluronic acid serum,mineral spf50,hydrating mask,skincare_datasets.xlsx::Recommendations|skincare_recommendations_dataset.csv
REC0001202,oily,0,0,4,1,gentle foam cleanser,ceramide moisturizer,hyaluronic acid serum,spf50,barrier repair,skincare_datasets.xlsx::Recommendations|skincare_recommendations_dataset.csv
REC0001203,oily,0,0,4,2,gentle foam cleanser,rich cream moisturizer,peptide serum,spf30,benzoyl peroxide,skincare_datasets.xlsx::Recommendations|skincare_recommendations_dataset.csv
REC0001204,oily,0,0,4,3,gentle foam cleanser,oil free gel moisturizer,peptide serum,mineral spf50,calming treatment,skincare_datasets.xlsx::Recommendations|skincare_recommendations_dataset.csv
REC0001205,oily,0,0,4,4,milk cleanser,light lotion moisturizer,peptide serum,spf30,anti aging routine,skincare_datasets.xlsx::Recommendations|skincare_recommendations_dataset.csv
REC0001206,oily,0,0,5,0,gentle foam cleanser,oil free gel moisturizer,hyaluronic acid serum,spf50 matte,chemical exfoliation,skincare_datasets.xlsx::Recommendations|skincare_recommendations_dataset.csv
REC0001207,oily,0,0,5,0,milk cleanser,light lotion moisturizer,retinol serum,spf50 matte,calming treatment,skincare_datasets.xlsx::Recommendations|skincare_recommendations_dataset.csv
REC0001208,oily,0,0,5,1,hydrating cleanser,light lotion moisturizer,niacinamide serum,spf50,barrier repair,skincare_datasets.xlsx::Recommendations|skincare_recommendations_dataset.csv
REC0001209,oily,0,1,0,1,hydrating cleanser,light lotion moisturizer,peptide serum,spf50 matte,retinol treatment,skincare_datasets.xlsx::Recommendations|skincare_recommendations_dataset.csv
REC0001210,oily,0,1,0,3,acne control cleanser,rich cream moisturizer,vitamin c serum,mineral spf50,chemical exfoliation,skincare_datasets.xlsx::Recommendations|skincare_recommendations_dataset.csv
REC0001211,oily,0,1,0,4,acne control cleanser,rich cream moisturizer,vitamin c serum,spf50,barrier repair,skincare_datasets.xlsx::Recommendations|skincare_recommendations_dataset.csv
REC0001212,oily,0,1,3,0,hydrating cleanser,rich cream moisturizer,hyaluronic acid serum,spf30,retinol treatment,skincare_datasets.xlsx::Recommendations|skincare_recommendations_dataset.csv
REC0001213,oily,0,1,3,1,milk cleanser,light lotion moisturizer,vitamin c serum,spf50,barrier repair,skincare_datasets.xlsx::Recommendations|skincare_recommendations_dataset.csv
REC0001214,oily,0,1,3,3,ultra gentle cleanser,ceramide moisturizer,hyaluronic acid serum,spf50 matte,anti aging routine,skincare_datasets.xlsx::Recommendations|skincare_recommendations_dataset.csv
REC0001215,oily,0,1,3,3,ultra gentle cleanser,rich cream moisturizer,niacinamide serum,spf50 matte,calming treatment,skincare_datasets.xlsx::Recommendations|skincare_recommendations_dataset.csv
REC0001216,oily,0,1,4,2,milk cleanser,soothing moisturizer,retinol serum,spf30,hydrating mask,skincare_datasets.xlsx::Recommendations|skincare_recommendations_dataset.csv
REC0001217,oily,0,1,5,3,milk cleanser,oil free gel moisturizer,vitamin c serum,spf30,chemical exfoliation,skincare_datasets.xlsx::Recommendations|skincare_recommendations_dataset.csv
REC0001218,oily,0,2,0,5,ultra gentle cleanser,ceramide moisturizer,niacinamide serum,spf50 matte,barrier repair,skincare_datasets.xlsx::Recommendations|skincare_recommendations_dataset.csv
REC0001219,oily,0,2,1,1,hydrating cleanser,soothing moisturizer,niacinamide serum,spf50 matte,chemical exfoliation,skincare_datasets.xlsx::Recommendations|skincare_recommendations_dataset.csv
REC0001220,oily,0,2,1,4,gentle foam cleanser,oil free gel moisturizer,retinol serum,spf50 matte,anti aging routine,skincare_datasets.xlsx::Recommendations|skincare_recommendations_dataset.csv
REC0001221,oily,0,2,3,4,hydrating cleanser,soothing moisturizer,peptide serum,spf50 matte,anti aging routine,skincare_datasets.xlsx::Recommendations|skincare_recommendations_dataset.csv
REC0001222,oily,0,2,4,0,acne control cleanser,rich cream moisturizer,retinol serum,spf30,hydrating mask,skincare_datasets.xlsx::Recommendations|skincare_recommendations_dataset.csv
REC0001223,oily,0,2,4,1,milk cleanser,light lotion moisturizer,vitamin c serum,spf50 matte,benzoyl peroxide,skincare_datasets.xlsx::Recommendations|skincare_recommendations_dataset.csv
REC0001224,oily,0,2,5,4,milk cleanser,oil free gel moisturizer,vitamin c serum,spf30,anti aging routine,skincare_datasets.xlsx::Recommendations|skincare_recommendations_dataset.csv
REC0001225,oily,0,2,5,5,acne control cleanser,rich cream moisturizer,hyaluronic acid serum,spf50 matte,hydrating mask,skincare_datasets.xlsx::Recommendations|skincare_recommendations_dataset.csv
REC0001226,oily,0,3,0,4,salicylic acid cleanser,oil free gel moisturizer,niacinamide serum,spf50 matte,hydrating mask,skincare_datasets.xlsx::Recommendations|skincare_recommendations_dataset.csv
REC0001227,oily,0,3,1,0,hydrating cleanser,ceramide moisturizer,hyaluronic acid serum,spf50,retinol treatment,skincare_datasets.xlsx::Recommendations|skincare_recommendations_dataset.csv
REC0001228,oily,0,3,1,5,salicylic acid cleanser,light lotion moisturizer,retinol serum,spf50 matte,barrier repair,skincare_datasets.xlsx::Recommendations|skincare_recommendations_dataset.csv
REC0001229,oily,0,3,2,0,gentle foam cleanser,rich cream moisturizer,peptide serum,spf30,anti aging routine,skincare_datasets.xlsx::Recommendations|skincare_recommendations_dataset.csv
REC0001230,oily,0,3,2,3,gentle foam cleanser,ceramide moisturizer,niacinamide serum,mineral spf50,chemical exfoliation,skincare_datasets.xlsx::Recommendations|skincare_recommendations_dataset.csv
REC0001231,oily,0,3,3,1,salicylic acid cleanser,oil free gel moisturizer,vitamin c serum,spf50,retinol treatment,skincare_datasets.xlsx::Recommendations|skincare_recommendations_dataset.csv
REC0001232,oily,0,3,3,5,acne control cleanser,oil free gel moisturizer,vitamin c serum,spf50,barrier repair,skincare_datasets.xlsx::Recommendations|skincare_recommendations_dataset.csv
REC0001233,oily,0,3,4,1,acne control cleanser,ceramide moisturizer,vitamin c serum,spf30,chemical exfoliation,skincare_datasets.xlsx::Recommendations|skincare_recommendations_dataset.csv
REC0001234,oily,0,3,4,2,ultra gentle cleanser,light lotion moisturizer,niacinamide serum,spf30,hydrating mask,skincare_datasets.xlsx::Recommendations|skincare_recommendations_dataset.csv
REC0001235,oily,0,3,4,4,acne control cleanser,light lotion moisturizer,peptide serum,spf50 matte,calming treatment,skincare_datasets.xlsx::Recommendations|skincare_recommendations_dataset.csv
REC0001236,oily,0,4,0,4,hydrating cleanser,rich cream moisturizer,centella serum,spf50 matte,benzoyl peroxide,skincare_datasets.xlsx::Recommendations|skincare_recommendations_dataset.csv
REC0001237,oily,0,4,0,5,acne control cleanser,rich cream moisturizer,hyaluronic acid serum,mineral spf50,hydrating mask,skincare_datasets.xlsx::Recommendations|skincare_recommendations_dataset.csv
REC0001238,oily,0,4,0,5,acne control cleanser,rich cream moisturizer,peptide serum,spf30,hydrating mask,skincare_datasets.xlsx::Recommendations|skincare_recommendations_dataset.csv
REC0001239,oily,0,4,1,0,hydrating cleanser,oil free gel moisturizer,retinol serum,mineral spf50,chemical exfoliation,skincare_datasets.xlsx::Recommendations|skincare_recommendations_dataset.csv
REC0001240,oily,0,4,1,2,gentle foam cleanser,ceramide moisturizer,peptide serum,mineral spf50,barrier repair,skincare_datasets.xlsx::Recommendations|skincare_recommendations_dataset.csv
REC0001241,oily,0,4,1,3,acne control cleanser,oil free gel moisturizer,centella serum,spf50,benzoyl peroxide,skincare_datasets.xlsx::Recommendations|skincare_recommendations_dataset.csv
REC0001242,oily,0,4,1,4,salicylic acid cleanser,rich cream moisturizer,niacinamide serum,spf50,barrier repair,skincare_datasets.xlsx::Recommendations|skincare_recommendations_dataset.csv
REC0001243,oily,0,4,1,5,ultra gentle cleanser,ceramide moisturizer,hyaluronic acid serum,spf30,barrier repair,skincare_datasets.xlsx::Recommendations|skincare_recommendations_dataset.csv
REC0001244,oily,0,4,3,2,gentle foam cleanser,rich cream moisturizer,niacinamide serum,spf50,hydrating mask,skincare_datasets.xlsx::Recommendations|skincare_recommendations_dataset.csv
REC0001245,oily,0,4,3,4,ultra gentle cleanser,ceramide moisturizer,niacinamide serum,mineral spf50,anti aging routine,skincare_datasets.xlsx::Recommendations|skincare_recommendations_dataset.csv
REC0001246,oily,0,4,3,5,gentle foam cleanser,soothing moisturizer,vitamin c serum,spf50,retinol treatment,skincare_datasets.xlsx::Recommendations|skincare_recommendations_dataset.csv
REC0001247,oily,0,4,4,5,acne control cleanser,oil free gel moisturizer,vitamin c serum,spf30,retinol treatment,skincare_datasets.xlsx::Recommendations|skincare_recommendations_dataset.csv
REC0001248,oily,0,4,5,1,acne control cleanser,oil free gel moisturizer,vitamin c serum,spf50 matte,anti aging routine,skincare_datasets.xlsx::Recommendations|skincare_recommendations_dataset.csv
REC0001249,oily,0,4,5,1,gentle foam cleanser,rich cream moisturizer,peptide serum,spf30,hydrating mask,skincare_datasets.xlsx::Recommendations|skincare_recommendations_dataset.csv
REC0001250,oily,0,4,5,2,gentle foam cleanser,oil free gel moisturizer,peptide serum,spf50,chemical exfoliation,skincare_datasets.xlsx::Recommendations|skincare_recommendations_dataset.csv
REC0001251,oily,0,4,5,3,ultra gentle cleanser,rich cream moisturizer,peptide serum,mineral spf50,barrier repair,skincare_datasets.xlsx::Recommendations|skincare_recommendations_dataset.csv
REC0001252,oily,0,5,0,5,ultra gentle cleanser,soothing moisturizer,hyaluronic acid serum,mineral spf50,anti aging routine,skincare_datasets.xlsx::Recommendations|skincare_recommendations_dataset.csv
REC0001253,oily,0,5,1,0,milk cleanser,soothing moisturizer,vitamin c serum,spf50,barrier repair,skincare_datasets.xlsx::Recommendations|skincare_recommendations_dataset.csv
REC0001254,oily,0,5,2,5,gentle foam cleanser,light lotion moisturizer,hyaluronic acid serum,mineral spf50,barrier repair,skincare_datasets.xlsx::Recommendations|skincare_recommendations_dataset.csv
REC0001255,oily,0,5,3,0,ultra gentle cleanser,ceramide moisturizer,retinol serum,spf50 matte,chemical exfoliation,skincare_datasets.xlsx::Recommendations|skincare_recommendations_dataset.csv
REC0001256,oily,0,5,3,3,acne control cleanser,rich cream moisturizer,centella serum,spf50 matte,anti aging routine,skincare_datasets.xlsx::Recommendations|skincare_recommendations_dataset.csv
REC0001257,oily,0,5,4,2,ultra gentle cleanser,ceramide moisturizer,hyaluronic acid serum,spf50,calming treatment,skincare_datasets.xlsx::Recommendations|skincare_recommendations_dataset.csv
REC0001258,oily,1,0,2,1,milk cleanser,soothing moisturizer,hyaluronic acid serum,spf50,anti aging routine,skincare_datasets.xlsx::Recommendations|skincare_recommendations_dataset.csv
REC0001259,oily,1,0,2,4,hydrating cleanser,oil free gel moisturizer,hyaluronic acid serum,spf50,chemical exfoliation,skincare_datasets.xlsx::Recommendations|skincare_recommendations_dataset.csv
REC0001260,oily,1,0,4,3,ultra gentle cleanser,light lotion moisturizer,retinol serum,spf30,barrier repair,skincare_datasets.xlsx::Recommendations|skincare_recommendations_dataset.csv
REC0001261,oily,1,0,4,5,hydrating cleanser,light lotion moisturizer,vitamin c serum,spf30,anti aging routine,skincare_datasets.xlsx::Recommendations|skincare_recommendations_dataset.csv
REC0001262,oily,1,0,5,0,milk cleanser,ceramide moisturizer,retinol serum,spf30,anti aging routine,skincare_datasets.xlsx::Recommendations|skincare_recommendations_dataset.csv
REC0001263,oily,1,1,0,3,hydrating cleanser,oil free gel moisturizer,peptide serum,spf50 matte,chemical exfoliation,skincare_datasets.xlsx::Recommendations|skincare_recommendations_dataset.csv
REC0001264,oily,1,1,0,5,gentle foam cleanser,soothing moisturizer,hyaluronic acid serum,spf50 matte,benzoyl peroxide,skincare_datasets.xlsx::Recommendations|skincare_recommendations_dataset.csv
REC0001265,oily,1,1,1,1,gentle foam cleanser,ceramide moisturizer,centella serum,mineral spf50,anti aging routine,skincare_datasets.xlsx::Recommendations|skincare_recommendations_dataset.csv
REC0001266,oily,1,1,1,2,gentle foam cleanser,soothing moisturizer,vitamin c serum,spf30,retinol treatment,skincare_datasets.xlsx::Recommendations|skincare_recommendations_dataset.csv
REC0001267,oily,1,1,1,5,hydrating cleanser,soothing moisturizer,peptide serum,spf30,hydrating mask,skincare_datasets.xlsx::Recommendations|skincare_recommendations_dataset.csv
REC0001268,oily,1,1,1,5,milk cleanser,light lotion moisturizer,retinol serum,spf50 matte,chemical exfoliation,skincare_datasets.xlsx::Recommendations|skincare_recommendations_dataset.csv
REC0001269,oily,1,1,2,2,hydrating cleanser,ceramide moisturizer,hyaluronic acid serum,spf50,chemical exfoliation,skincare_datasets.xlsx::Recommendations|skincare_recommendations_dataset.csv
REC0001270,oily,1,1,3,0,ultra gentle cleanser,light lotion moisturizer,centella serum,spf50 matte,barrier repair,skincare_datasets.xlsx::Recommendations|skincare_recommendations_dataset.csv
REC0001271,oily,1,1,3,3,acne control cleanser,soothing moisturizer,niacinamide serum,spf50 matte,retinol treatment,skincare_datasets.xlsx::Recommendations|skincare_recommendations_dataset.csv
REC0001272,oily,1,1,3,3,gentle foam cleanser,light lotion moisturizer,retinol serum,spf50,barrier repair,skincare_datasets.xlsx::Recommendations|skincare_recommendations_dataset.csv
REC0001273,oily,1,1,5,3,gentle foam cleanser,soothing moisturizer,vitamin c serum,mineral spf50,hydrating mask,skincare_datasets.xlsx::Recommendations|skincare_recommendations_dataset.csv
REC0001274,oily,1,2,0,0,gentle foam cleanser,light lotion moisturizer,centella serum,spf50 matte,barrier repair,skincare_datasets.xlsx::Recommendations|skincare_recommendations_dataset.csv
REC0001275,oily,1,2,0,1,salicylic acid cleanser,ceramide moisturizer,niacinamide serum,spf50,chemical exfoliation,skincare_datasets.xlsx::Recommendations|skincare_recommendations_dataset.csv
REC0001276,oily,1,2,1,1,ultra gentle cleanser,light lotion moisturizer,niacinamide serum,mineral spf50,barrier repair,skincare_datasets.xlsx::Recommendations|skincare_recommendations_dataset.csv
REC0001277,oily,1,2,3,2,ultra gentle cleanser,ceramide moisturizer,hyaluronic acid serum,spf50,chemical exfoliation,skincare_datasets.xlsx::Recommendations|skincare_recommendations_dataset.csv
REC0001278,oily,1,2,3,4,gentle foam cleanser,rich cream moisturizer,centella serum,spf50,chemical exfoliation,skincare_datasets.xlsx::Recommendations|skincare_recommendations_dataset.csv
REC0001279,oily,1,2,3,5,gentle foam cleanser,ceramide moisturizer,niacinamide serum,spf50,retinol treatment,skincare_datasets.xlsx::Recommendations|skincare_recommendations_dataset.csv
REC0001280,oily,1,2,4,0,ultra gentle cleanser,ceramide moisturizer,peptide serum,spf50,benzoyl peroxide,skincare_datasets.xlsx::Recommendations|skincare_recommendations_dataset.csv
REC0001281,oily,1,3,0,2,ultra gentle cleanser,ceramide moisturizer,hyaluronic acid serum,spf50 matte,hydrating mask,skincare_datasets.xlsx::Recommendations|skincare_recommendations_dataset.csv
REC0001282,oily,1,3,1,1,gentle foam cleanser,ceramide moisturizer,centella serum,spf30,retinol treatment,skincare_datasets.xlsx::Recommendations|skincare_recommendations_dataset.csv
REC0001283,oily,1,3,2,0,acne control cleanser,soothing moisturizer,vitamin c serum,spf50 matte,benzoyl peroxide,skincare_datasets.xlsx::Recommendations|skincare_recommendations_dataset.csv
REC0001284,oily,1,3,2,5,acne control cleanser,light lotion moisturizer,centella serum,mineral spf50,benzoyl peroxide,skincare_datasets.xlsx::Recommendations|skincare_recommendations_dataset.csv
REC0001285,oily,1,3,2,5,hydrating cleanser,soothing moisturizer,hyaluronic acid serum,spf50 matte,hydrating mask,skincare_datasets.xlsx::Recommendations|skincare_recommendations_dataset.csv
REC0001286,oily,1,3,3,0,gentle foam cleanser,rich cream moisturizer,vitamin c serum,mineral spf50,retinol treatment,skincare_datasets.xlsx::Recommendations|skincare_recommendations_dataset.csv
REC0001287,oily,1,3,3,2,salicylic acid cleanser,light lotion moisturizer,vitamin c serum,mineral spf50,retinol treatment,skincare_datasets.xlsx::Recommendations|skincare_recommendations_dataset.csv
REC0001288,oily,1,3,4,1,acne control cleanser,oil free gel moisturizer,niacinamide serum,spf50,hydrating mask,skincare_datasets.xlsx::Recommendations|skincare_recommendations_dataset.csv
REC0001289,oily,1,3,4,3,salicylic acid cleanser,oil free gel moisturizer,retinol serum,spf30,anti aging routine,skincare_datasets.xlsx::Recommendations|skincare_recommendations_dataset.csv
REC0001290,oily,1,3,4,5,acne control cleanser,light lotion moisturizer,centella serum,spf50 matte,retinol treatment,skincare_datasets.xlsx::Recommendations|skincare_recommendations_dataset.csv
REC0001291,oily,1,3,5,3,salicylic acid cleanser,ceramide moisturizer,peptide serum,mineral spf50,retinol treatment,skincare_datasets.xlsx::Recommendations|skincare_recommendations_dataset.csv
REC0001292,oily,1,4,0,0,ultra gentle cleanser,light lotion moisturizer,niacinamide serum,spf50,hydrating mask,skincare_datasets.xlsx::Recommendations|skincare_recommendations_dataset.csv
REC0001293,oily,1,4,0,5,acne control cleanser,light lotion moisturizer,centella serum,spf30,chemical exfoliation,skincare_datasets.xlsx::Recommendations|skincare_recommendations_dataset.csv
REC0001294,oily,1,4,1,2,gentle foam cleanser,ceramide moisturizer,centella serum,spf30,benzoyl peroxide,skincare_datasets.xlsx::Recommendations|skincare_recommendations_dataset.csv
REC0001295,oily,1,4,1,3,gentle foam cleanser,light lotion moisturizer,vitamin c serum,spf50 matte,anti aging routine,skincare_datasets.xlsx::Recommendations|skincare_recommendations_dataset.csv
REC0001296,oily,1,4,3,1,gentle foam cleanser,ceramide moisturizer,centella serum,spf30,benzoyl peroxide,skincare_datasets.xlsx::Recommendations|skincare_recommendations_dataset.csv
REC0001297,oily,1,4,4,3,gentle foam cleanser,ceramide moisturizer,hyaluronic acid serum,mineral spf50,retinol treatment,skincare_datasets.xlsx::Recommendations|skincare_recommendations_dataset.csv
REC0001298,oily,1,4,4,4,gentle foam cleanser,oil free gel moisturizer,peptide serum,mineral spf50,retinol treatment,skincare_datasets.xlsx::Recommendations|skincare_recommendations_dataset.csv
REC0001299,oily,1,4,4,4,milk cleanser,light lotion moisturizer,peptide serum,spf50,chemical exfoliation,skincare_datasets.xlsx::Recommendations|skincare_recommendations_dataset.csv
REC0001300,oily,1,4,5,4,hydrating cleanser,rich cream moisturizer,centella serum,spf50 matte,anti aging routine,skincare_datasets.xlsx::Recommendations|skincare_recommendations_dataset.csv
REC0001301,oily,1,5,0,0,hydrating cleanser,oil free gel moisturizer,vitamin c serum,spf50 matte,retinol treatment,skincare_datasets.xlsx::Recommendations|skincare_recommendations_dataset.csv
REC0001302,oily,1,5,0,3,hydrating cleanser,soothing moisturizer,hyaluronic acid serum,spf50,benzoyl peroxide,skincare_datasets.xlsx::Recommendations|skincare_recommendations_dataset.csv
REC0001303,oily,1,5,0,3,salicylic acid cleanser,oil free gel moisturizer,vitamin c serum,spf30,barrier repair,skincare_datasets.xlsx::Recommendations|skincare_recommendations_dataset.csv
REC0001304,oily,1,5,1,0,acne control cleanser,oil free gel moisturizer,peptide serum,spf50,barrier repair,skincare_datasets.xlsx::Recommendations|skincare_recommendations_dataset.csv
REC0001305,oily,1,5,1,3,milk cleanser,rich cream moisturizer,hyaluronic acid serum,spf50,chemical exfoliation,skincare_datasets.xlsx::Recommendations|skincare_recommendations_dataset.csv
REC0001306,oily,1,5,2,5,salicylic acid cleanser,soothing moisturizer,niacinamide serum,spf50 matte,anti aging routine,skincare_datasets.xlsx::Recommendations|skincare_recommendations_dataset.csv
REC0001307,oily,1,5,3,1,gentle foam cleanser,oil free gel moisturizer,retinol serum,mineral spf50,chemical exfoliation,skincare_datasets.xlsx::Recommendations|skincare_recommendations_dataset.csv
REC0001308,oily,1,5,3,3,hydrating cleanser,rich cream moisturizer,niacinamide serum,spf50 matte,chemical exfoliation,skincare_datasets.xlsx::Recommendations|skincare_recommendations_dataset.csv
REC0001309,oily,1,5,4,2,gentle foam cleanser,oil free gel moisturizer,centella serum,spf50 matte,barrier repair,skincare_datasets.xlsx::Recommendations|skincare_recommendations_dataset.csv
REC0001310,oily,1,5,4,3,hydrating cleanser,ceramide moisturizer,hyaluronic acid serum,mineral spf50,calming treatment,skincare_datasets.xlsx::Recommendations|skincare_recommendations_dataset.csv
REC0001311,oily,1,5,4,4,acne control cleanser,oil free gel moisturizer,niacinamide serum,spf50,chemical exfoliation,skincare_datasets.xlsx::Recommendations|skincare_recommendations_dataset.csv
REC0001312,oily,1,5,4,5,acne control cleanser,oil free gel moisturizer,retinol serum,spf50,retinol treatment,skincare_datasets.xlsx::Recommendations|skincare_recommendations_dataset.csv
REC0001313,oily,1,5,5,4,gentle foam cleanser,rich cream moisturizer,centella serum,spf50,retinol treatment,skincare_datasets.xlsx::Recommendations|skincare_recommendations_dataset.csv
REC0001314,oily,2,0,0,1,ultra gentle cleanser,soothing moisturizer,peptide serum,spf30,hydrating mask,skincare_datasets.xlsx::Recommendations|skincare_recommendations_dataset.csv
REC0001315,oily,2,0,0,2,ultra gentle cleanser,light lotion moisturizer,niacinamide serum,spf50,retinol treatment,skincare_datasets.xlsx::Recommendations|skincare_recommendations_dataset.csv
REC0001316,oily,2,0,0,4,milk cleanser,oil free gel moisturizer,hyaluronic acid serum,spf30,calming treatment,skincare_datasets.xlsx::Recommendations|skincare_recommendations_dataset.csv
REC0001317,oily,2,0,1,3,ultra gentle cleanser,light lotion moisturizer,centella serum,mineral spf50,benzoyl peroxide,skincare_datasets.xlsx::Recommendations|skincare_recommendations_dataset.csv
REC0001318,oily,2,0,2,3,gentle foam cleanser,oil free gel moisturizer,niacinamide serum,spf30,anti aging routine,skincare_datasets.xlsx::Recommendations|skincare_recommendations_dataset.csv
REC0001319,oily,2,0,2,4,milk cleanser,oil free gel moisturizer,retinol serum,mineral spf50,barrier repair,skincare_datasets.xlsx::Recommendations|skincare_recommendations_dataset.csv
REC0001320,oily,2,0,2,4,ultra gentle cleanser,rich cream moisturizer,retinol serum,spf50 matte,benzoyl peroxide,skincare_datasets.xlsx::Recommendations|skincare_recommendations_dataset.csv
REC0001321,oily,2,0,4,0,ultra gentle cleanser,soothing moisturizer,centella serum,spf50 matte,benzoyl peroxide,skincare_datasets.xlsx::Recommendations|skincare_recommendations_dataset.csv
REC0001322,oily,2,0,5,0,hydrating cleanser,light lotion moisturizer,niacinamide serum,spf30,barrier repair,skincare_datasets.xlsx::Recommendations|skincare_recommendations_dataset.csv
REC0001323,oily,2,0,5,5,gentle foam cleanser,rich cream moisturizer,peptide serum,mineral spf50,benzoyl peroxide,skincare_datasets.xlsx::Recommendations|skincare_recommendations_dataset.csv
REC0001324,oily,2,1,0,0,milk cleanser,soothing moisturizer,retinol serum,mineral spf50,barrier repair,skincare_datasets.xlsx::Recommendations|skincare_recommendations_dataset.csv
REC0001325,oily,2,1,0,4,gentle foam cleanser,oil free gel moisturizer,hyaluronic acid serum,spf30,chemical exfoliation,skincare_datasets.xlsx::Recommendations|skincare_recommendations_dataset.csv
REC0001326,oily,2,1,1,0,milk cleanser,oil free gel moisturizer,hyaluronic acid serum,mineral spf50,hydrating mask,skincare_datasets.xlsx::Recommendations|skincare_recommendations_dataset.csv
REC0001327,oily,2,1,1,1,hydrating cleanser,rich cream moisturizer,vitamin c serum,spf50,calming treatment,skincare_datasets.xlsx::Recommendations|skincare_recommendations_dataset.csv
REC0001328,oily,2,1,1,1,salicylic acid cleanser,rich cream moisturizer,vitamin c serum,spf50,benzoyl peroxide,skincare_datasets.xlsx::Recommendations|skincare_recommendations_dataset.csv
REC0001329,oily,2,1,1,3,salicylic acid cleanser,oil free gel moisturizer,vitamin c serum,spf50,barrier repair,skincare_datasets.xlsx::Recommendations|skincare_recommendations_dataset.csv
REC0001330,oily,2,1,1,5,ultra gentle cleanser,rich cream moisturizer,niacinamide serum,mineral spf50,benzoyl peroxide,skincare_datasets.xlsx::Recommendations|skincare_recommendations_dataset.csv
REC0001331,oily,2,1,2,0,hydrating cleanser,ceramide moisturizer,peptide serum,spf50,anti aging routine,skincare_datasets.xlsx::Recommendations|skincare_recommendations_dataset.csv
REC0001332,oily,2,1,3,3,salicylic acid cleanser,light lotion moisturizer,retinol serum,spf50 matte,anti aging routine,skincare_datasets.xlsx::Recommendations|skincare_recommendations_dataset.csv
REC0001333,oily,2,1,4,0,hydrating cleanser,rich cream moisturizer,hyaluronic acid serum,spf50,chemical exfoliation,skincare_datasets.xlsx::Recommendations|skincare_recommendations_dataset.csv
REC0001334,oily,2,1,4,1,ultra gentle cleanser,ceramide moisturizer,hyaluronic acid serum,spf30,calming treatment,skincare_datasets.xlsx::Recommendations|skincare_recommendations_dataset.csv
REC0001335,oily,2,1,4,2,hydrating cleanser,ceramide moisturizer,retinol serum,spf30,barrier repair,skincare_datasets.xlsx::Recommendations|skincare_recommendations_dataset.csv
REC0001336,oily,2,1,4,2,milk cleanser,ceramide moisturizer,peptide serum,spf30,anti aging routine,skincare_datasets.xlsx::Recommendations|skincare_recommendations_dataset.csv
REC0001337,oily,2,1,4,3,milk cleanser,light lotion moisturizer,centella serum,spf30,benzoyl peroxide,skincare_datasets.xlsx::Recommendations|skincare_recommendations_dataset.csv
REC0001338,oily,2,1,5,0,gentle foam cleanser,soothing moisturizer,hyaluronic acid serum,spf30,hydrating mask,skincare_datasets.xlsx::Recommendations|skincare_recommendations_dataset.csv
REC0001339,oily,2,1,5,1,acne control cleanser,rich cream moisturizer,centella serum,spf50,chemical exfoliation,skincare_datasets.xlsx::Recommendations|skincare_recommendations_dataset.csv
REC0001340,oily,2,1,5,1,gentle foam cleanser,soothing moisturizer,niacinamide serum,spf50,benzoyl peroxide,skincare_datasets.xlsx::Recommendations|skincare_recommendations_dataset.csv
REC0001341,oily,2,1,5,5,milk cleanser,oil free gel moisturizer,niacinamide serum,spf50,retinol treatment,skincare_datasets.xlsx::Recommendations|skincare_recommendations_dataset.csv
REC0001342,oily,2,2,0,1,ultra gentle cleanser,oil free gel moisturizer,vitamin c serum,spf50 matte,hydrating mask,skincare_datasets.xlsx::Recommendations|skincare_recommendations_dataset.csv
REC0001343,oily,2,2,1,4,milk cleanser,light lotion moisturizer,niacinamide serum,mineral spf50,chemical exfoliation,skincare_datasets.xlsx::Recommendations|skincare_recommendations_dataset.csv
REC0001344,oily,2,2,2,2,hydrating cleanser,soothing moisturizer,hyaluronic acid serum,mineral spf50,barrier repair,skincare_datasets.xlsx::Recommendations|skincare_recommendations_dataset.csv
REC0001345,oily,2,2,2,5,gentle foam cleanser,oil free gel moisturizer,niacinamide serum,spf50,barrier repair,skincare_datasets.xlsx::Recommendations|skincare_recommendations_dataset.csv
REC0001346,oily,2,2,2,5,hydrating cleanser,light lotion moisturizer,hyaluronic acid serum,mineral spf50,benzoyl peroxide,skincare_datasets.xlsx::Recommendations|skincare_recommendations_dataset.csv
REC0001347,oily,2,2,3,0,acne control cleanser,light lotion moisturizer,niacinamide serum,spf50 matte,hydrating mask,skincare_datasets.xlsx::Recommendations|skincare_recommendations_dataset.csv
REC0001348,oily,2,2,3,2,acne control cleanser,oil free gel moisturizer,vitamin c serum,spf50,barrier repair,skincare_datasets.xlsx::Recommendations|skincare_recommendations_dataset.csv
REC0001349,oily,2,2,3,2,hydrating cleanser,light lotion moisturizer,centella serum,spf30,anti aging routine,skincare_datasets.xlsx::Recommendations|skincare_recommendations_dataset.csv
REC0001350,oily,2,2,3,2,salicylic acid cleanser,soothing moisturizer,hyaluronic acid serum,spf50,retinol treatment,skincare_datasets.xlsx::Recommendations|skincare_recommendations_dataset.csv
REC0001351,oily,2,2,5,4,hydrating cleanser,soothing moisturizer,hyaluronic acid serum,mineral spf50,barrier repair,skincare_datasets.xlsx::Recommendations|skincare_recommendations_dataset.csv
REC0001352,oily,2,3,0,2,salicylic acid cleanser,soothing moisturizer,vitamin c serum,spf30,hydrating mask,skincare_datasets.xlsx::Recommendations|skincare_recommendations_dataset.csv
REC0001353,oily,2,3,1,0,gentle foam cleanser,rich cream moisturizer,vitamin c serum,mineral spf50,benzoyl peroxide,skincare_datasets.xlsx::Recommendations|skincare_recommendations_dataset.csv
REC0001354,oily,2,3,2,1,acne control cleanser,soothing moisturizer,centella serum,spf50 matte,barrier repair,skincare_datasets.xlsx::Recommendations|skincare_recommendations_dataset.csv
REC0001355,oily,2,3,2,1,ultra gentle cleanser,soothing moisturizer,centella serum,spf30,anti aging routine,skincare_datasets.xlsx::Recommendations|skincare_recommendations_dataset.csv
REC0001356,oily,2,3,2,3,acne control cleanser,ceramide moisturizer,peptide serum,spf30,anti aging routine,skincare_datasets.xlsx::Recommendations|skincare_recommendations_dataset.csv
REC0001357,oily,2,3,2,4,ultra gentle cleanser,rich cream moisturizer,peptide serum,spf50,chemical exfoliation,skincare_datasets.xlsx::Recommendations|skincare_recommendations_dataset.csv
REC0001358,oily,2,3,3,1,milk cleanser,light lotion moisturizer,hyaluronic acid serum,spf50,calming treatment,skincare_datasets.xlsx::Recommendations|skincare_recommendations_dataset.csv
REC0001359,oily,2,3,4,5,gentle foam cleanser,light lotion moisturizer,retinol serum,spf30,benzoyl peroxide,skincare_datasets.xlsx::Recommendations|skincare_recommendations_dataset.csv
REC0001360,oily,2,3,5,3,ultra gentle cleanser,soothing moisturizer,niacinamide serum,spf30,barrier repair,skincare_datasets.xlsx::Recommendations|skincare_recommendations_dataset.csv
REC0001361,oily,2,4,0,2,hydrating cleanser,ceramide moisturizer,retinol serum,spf30,calming treatment,skincare_datasets.xlsx::Recommendations|skincare_recommendations_dataset.csv
REC0001362,oily,2,4,0,2,salicylic acid cleanser,soothing moisturizer,peptide serum,spf50 matte,calming treatment,skincare_datasets.xlsx::Recommendations|skincare_recommendations_dataset.csv
REC0001363,oily,2,4,1,2,salicylic acid cleanser,rich cream moisturizer,niacinamide serum,spf50,anti aging routine,skincare_datasets.xlsx::Recommendations|skincare_recommendations_dataset.csv
REC0001364,oily,2,4,1,4,milk cleanser,oil free gel moisturizer,retinol serum,spf50,barrier repair,skincare_datasets.xlsx::Recommendations|skincare_recommendations_dataset.csv
REC0001365,oily,2,4,4,0,milk cleanser,soothing moisturizer,retinol serum,spf50,hydrating mask,skincare_datasets.xlsx::Recommendations|skincare_recommendations_dataset.csv
REC0001366,oily,2,4,4,1,acne control cleanser,light lotion moisturizer,hyaluronic acid serum,spf50,retinol treatment,skincare_datasets.xlsx::Recommendations|skincare_recommendations_dataset.csv
REC0001367,oily,2,4,4,1,gentle foam cleanser,oil free gel moisturizer,peptide serum,spf50,calming treatment,skincare_datasets.xlsx::Recommendations|skincare_recommendations_dataset.csv
REC0001368,oily,2,4,4,3,milk cleanser,ceramide moisturizer,niacinamide serum,spf50 matte,calming treatment,skincare_datasets.xlsx::Recommendations|skincare_recommendations_dataset.csv
REC0001369,oily,2,4,4,4,hydrating cleanser,oil free gel moisturizer,centella serum,mineral spf50,calming treatment,skincare_datasets.xlsx::Recommendations|skincare_recommendations_dataset.csv
REC0001370,oily,2,4,5,1,acne control cleanser,light lotion moisturizer,hyaluronic acid serum,mineral spf50,calming treatment,skincare_datasets.xlsx::Recommendations|skincare_recommendations_dataset.csv
REC0001371,oily,2,5,1,1,hydrating cleanser,oil free gel moisturizer,hyaluronic acid serum,mineral spf50,anti aging routine,skincare_datasets.xlsx::Recommendations|skincare_recommendations_dataset.csv
REC0001372,oily,2,5,1,2,gentle foam cleanser,oil free gel moisturizer,peptide serum,mineral spf50,anti aging routine,skincare_datasets.xlsx::Recommendations|skincare_recommendations_dataset.csv
REC0001373,oily,2,5,1,4,acne control cleanser,soothing moisturizer,hyaluronic acid serum,spf30,anti aging routine,skincare_datasets.xlsx::Recommendations|skincare_recommendations_dataset.csv
REC0001374,oily,2,5,2,1,gentle foam cleanser,ceramide moisturizer,niacinamide serum,spf50,barrier repair,skincare_datasets.xlsx::Recommendations|skincare_recommendations_dataset.csv
REC0001375,oily,2,5,2,1,milk cleanser,oil free gel moisturizer,centella serum,spf30,hydrating mask,skincare_datasets.xlsx::Recommendations|skincare_recommendations_dataset.csv
REC0001376,oily,2,5,3,5,hydrating cleanser,rich cream moisturizer,hyaluronic acid serum,spf50 matte,benzoyl peroxide,skincare_datasets.xlsx::Recommendations|skincare_recommendations_dataset.csv
REC0001377,oily,2,5,4,2,hydrating cleanser,light lotion moisturizer,hyaluronic acid serum,spf50,retinol treatment,skincare_datasets.xlsx::Recommendations|skincare_recommendations_dataset.csv
REC0001378,oily,2,5,4,3,milk cleanser,ceramide moisturizer,hyaluronic acid serum,spf50,benzoyl peroxide,skincare_datasets.xlsx::Recommendations|skincare_recommendations_dataset.csv
REC0001379,oily,2,5,4,4,milk cleanser,soothing moisturizer,peptide serum,mineral spf50,chemical exfoliation,skincare_datasets.xlsx::Recommendations|skincare_recommendations_dataset.csv
REC0001380,oily,2,5,5,2,hydrating cleanser,rich cream moisturizer,niacinamide serum,spf50 matte,hydrating mask,skincare_datasets.xlsx::Recommendations|skincare_recommendations_dataset.csv
REC0001381,oily,3,0,0,4,gentle foam cleanser,light lotion moisturizer,vitamin c serum,mineral spf50,anti aging routine,skincare_datasets.xlsx::Recommendations|skincare_recommendations_dataset.csv
REC0001382,oily,3,0,1,4,hydrating cleanser,rich cream moisturizer,retinol serum,spf50 matte,retinol treatment,skincare_datasets.xlsx::Recommendations|skincare_recommendations_dataset.csv
REC0001383,oily,3,0,2,1,acne control cleanser,rich cream moisturizer,retinol serum,spf50,barrier repair,skincare_datasets.xlsx::Recommendations|skincare_recommendations_dataset.csv
REC0001384,oily,3,0,2,2,gentle foam cleanser,light lotion moisturizer,peptide serum,spf30,chemical exfoliation,skincare_datasets.xlsx::Recommendations|skincare_recommendations_dataset.csv
REC0001385,oily,3,0,2,4,hydrating cleanser,rich cream moisturizer,niacinamide serum,mineral spf50,calming treatment,skincare_datasets.xlsx::Recommendations|skincare_recommendations_dataset.csv
REC0001386,oily,3,0,3,2,salicylic acid cleanser,light lotion moisturizer,hyaluronic acid serum,mineral spf50,barrier repair,skincare_datasets.xlsx::Recommendations|skincare_recommendations_dataset.csv
REC0001387,oily,3,0,4,3,gentle foam cleanser,soothing moisturizer,centella serum,spf50 matte,benzoyl peroxide,skincare_datasets.xlsx::Recommendations|skincare_recommendations_dataset.csv
REC0001388,oily,3,0,4,3,milk cleanser,ceramide moisturizer,niacinamide serum,spf50,hydrating mask,skincare_datasets.xlsx::Recommendations|skincare_recommendations_dataset.csv
REC0001389,oily,3,1,0,1,ultra gentle cleanser,rich cream moisturizer,niacinamide serum,spf30,calming treatment,skincare_datasets.xlsx::Recommendations|skincare_recommendations_dataset.csv
REC0001390,oily,3,1,0,5,hydrating cleanser,soothing moisturizer,retinol serum,spf30,chemical exfoliation,skincare_datasets.xlsx::Recommendations|skincare_recommendations_dataset.csv
REC0001391,oily,3,1,1,0,ultra gentle cleanser,ceramide moisturizer,peptide serum,spf30,benzoyl peroxide,skincare_datasets.xlsx::Recommendations|skincare_recommendations_dataset.csv
REC0001392,oily,3,1,1,3,hydrating cleanser,soothing moisturizer,vitamin c serum,spf50,anti aging routine,skincare_datasets.xlsx::Recommendations|skincare_recommendations_dataset.csv
REC0001393,oily,3,1,3,0,acne control cleanser,soothing moisturizer,retinol serum,spf30,hydrating mask,skincare_datasets.xlsx::Recommendations|skincare_recommendations_dataset.csv
REC0001394,oily,3,1,3,0,ultra gentle cleanser,rich cream moisturizer,centella serum,mineral spf50,calming treatment,skincare_datasets.xlsx::Recommendations|skincare_recommendations_dataset.csv
REC0001395,oily,3,1,3,3,gentle foam cleanser,soothing moisturizer,niacinamide serum,spf30,retinol treatment,skincare_datasets.xlsx::Recommendations|skincare_recommendations_dataset.csv
REC0001396,oily,3,1,3,5,gentle foam cleanser,light lotion moisturizer,hyaluronic acid serum,mineral spf50,chemical exfoliation,skincare_datasets.xlsx::Recommendations|skincare_recommendations_dataset.csv
REC0001397,oily,3,1,4,0,salicylic acid cleanser,oil free gel moisturizer,niacinamide serum,spf50 matte,barrier repair,skincare_datasets.xlsx::Recommendations|skincare_recommendations_dataset.csv
REC0001398,oily,3,1,5,3,acne control cleanser,oil free gel moisturizer,hyaluronic acid serum,spf50 matte,retinol treatment,skincare_datasets.xlsx::Recommendations|skincare_recommendations_dataset.csv
REC0001399,oily,3,2,0,5,gentle foam cleanser,light lotion moisturizer,centella serum,mineral spf50,calming treatment,skincare_datasets.xlsx::Recommendations|skincare_recommendations_dataset.csv
REC0001400,oily,3,2,1,1,hydrating cleanser,rich cream moisturizer,retinol serum,spf50 matte,calming treatment,skincare_datasets.xlsx::Recommendations|skincare_recommendations_dataset.csv
REC0001401,oily,3,2,1,3,ultra gentle cleanser,rich cream moisturizer,peptide serum,spf30,anti aging routine,skincare_datasets.xlsx::Recommendations|skincare_recommendations_dataset.csv
REC0001402,oily,3,2,1,4,acne control cleanser,oil free gel moisturizer,centella serum,spf50,barrier repair,skincare_datasets.xlsx::Recommendations|skincare_recommendations_dataset.csv
REC0001403,oily,3,2,2,1,gentle foam cleanser,soothing moisturizer,niacinamide serum,spf50,hydrating mask,skincare_datasets.xlsx::Recommendations|skincare_recommendations_dataset.csv
REC0001404,oily,3,2,2,3,acne control cleanser,light lotion moisturizer,niacinamide serum,spf50 matte,chemical exfoliation,skincare_datasets.xlsx::Recommendations|skincare_recommendations_dataset.csv
REC0001405,oily,3,2,3,1,ultra gentle cleanser,rich cream moisturizer,retinol serum,spf30,benzoyl peroxide,skincare_datasets.xlsx::Recommendations|skincare_recommendations_dataset.csv
REC0001406,oily,3,2,3,2,milk cleanser,rich cream moisturizer,retinol serum,spf50 matte,barrier repair,skincare_datasets.xlsx::Recommendations|skincare_recommendations_dataset.csv
REC0001407,oily,3,2,3,4,acne control cleanser,soothing moisturizer,niacinamide serum,spf50 matte,hydrating mask,skincare_datasets.xlsx::Recommendations|skincare_recommendations_dataset.csv
REC0001408,oily,3,2,3,5,gentle foam cleanser,rich cream moisturizer,vitamin c serum,spf50,retinol treatment,skincare_datasets.xlsx::Recommendations|skincare_recommendations_dataset.csv
REC0001409,oily,3,2,4,4,acne control cleanser,oil free gel moisturizer,peptide serum,spf50 matte,retinol treatment,skincare_datasets.xlsx::Recommendations|skincare_recommendations_dataset.csv
REC0001410,oily,3,2,4,5,milk cleanser,rich cream moisturizer,vitamin c serum,mineral spf50,anti aging routine,skincare_datasets.xlsx::Recommendations|skincare_recommendations_dataset.csv
REC0001411,oily,3,2,5,3,hydrating cleanser,light lotion moisturizer,hyaluronic acid serum,spf50,anti aging routine,skincare_datasets.xlsx::Recommendations|skincare_recommendations_dataset.csv
REC0001412,oily,3,2,5,4,acne control cleanser,oil free gel moisturizer,retinol serum,spf30,benzoyl peroxide,skincare_datasets.xlsx::Recommendations|skincare_recommendations_dataset.csv
REC0001413,oily,3,3,1,1,gentle foam cleanser,soothing moisturizer,retinol serum,spf50 matte,barrier repair,skincare_datasets.xlsx::Recommendations|skincare_recommendations_dataset.csv
REC0001414,oily,3,3,1,4,hydrating cleanser,soothing moisturizer,retinol serum,spf50,benzoyl peroxide,skincare_datasets.xlsx::Recommendations|skincare_recommendations_dataset.csv
REC0001415,oily,3,3,2,3,hydrating cleanser,ceramide moisturizer,niacinamide serum,spf50 matte,retinol treatment,skincare_datasets.xlsx::Recommendations|skincare_recommendations_dataset.csv
REC0001416,oily,3,3,3,5,milk cleanser,ceramide moisturizer,peptide serum,spf30,retinol treatment,skincare_datasets.xlsx::Recommendations|skincare_recommendations_dataset.csv
REC0001417,oily,3,3,4,2,salicylic acid cleanser,oil free gel moisturizer,niacinamide serum,spf50,anti aging routine,skincare_datasets.xlsx::Recommendations|skincare_recommendations_dataset.csv
REC0001418,oily,3,3,4,3,milk cleanser,soothing moisturizer,retinol serum,spf30,benzoyl peroxide,skincare_datasets.xlsx::Recommendations|skincare_recommendations_dataset.csv
REC0001419,oily,3,3,4,5,salicylic acid cleanser,light lotion moisturizer,centella serum,mineral spf50,hydrating mask,skincare_datasets.xlsx::Recommendations|skincare_recommendations_dataset.csv
REC0001420,oily,3,3,5,0,ultra gentle cleanser,soothing moisturizer,vitamin c serum,mineral spf50,chemical exfoliation,skincare_datasets.xlsx::Recommendations|skincare_recommendations_dataset.csv
REC0001421,oily,3,4,0,1,gentle foam cleanser,soothing moisturizer,retinol serum,spf30,barrier repair,skincare_datasets.xlsx::Recommendations|skincare_recommendations_dataset.csv
REC0001422,oily,3,4,1,2,milk cleanser,ceramide moisturizer,vitamin c serum,spf30,hydrating mask,skincare_datasets.xlsx::Recommendations|skincare_recommendations_dataset.csv
REC0001423,oily,3,4,2,3,acne control cleanser,light lotion moisturizer,vitamin c serum,spf30,barrier repair,skincare_datasets.xlsx::Recommendations|skincare_recommendations_dataset.csv
REC0001424,oily,3,4,2,3,acne control cleanser,oil free gel moisturizer,centella serum,spf50,anti aging routine,skincare_datasets.xlsx::Recommendations|skincare_recommendations_dataset.csv
REC0001425,oily,3,4,2,3,ultra gentle cleanser,light lotion moisturizer,vitamin c serum,spf50,chemical exfoliation,skincare_datasets.xlsx::Recommendations|skincare_recommendations_dataset.csv
REC0001426,oily,3,4,2,4,acne control cleanser,oil free gel moisturizer,hyaluronic acid serum,spf30,chemical exfoliation,skincare_datasets.xlsx::Recommendations|skincare_recommendations_dataset.csv
REC0001427,oily,3,4,3,1,ultra gentle cleanser,rich cream moisturizer,vitamin c serum,mineral spf50,calming treatment,skincare_datasets.xlsx::Recommendations|skincare_recommendations_dataset.csv
REC0001428,oily,3,4,3,4,milk cleanser,soothing moisturizer,centella serum,spf50 matte,retinol treatment,skincare_datasets.xlsx::Recommendations|skincare_recommendations_dataset.csv
REC0001429,oily,3,4,3,5,gentle foam cleanser,light lotion moisturizer,retinol serum,mineral spf50,benzoyl peroxide,skincare_datasets.xlsx::Recommendations|skincare_recommendations_dataset.csv
REC0001430,oily,3,4,4,0,ultra gentle cleanser,ceramide moisturizer,retinol serum,mineral spf50,retinol treatment,skincare_datasets.xlsx::Recommendations|skincare_recommendations_dataset.csv
REC0001431,oily,3,4,4,1,gentle foam cleanser,light lotion moisturizer,retinol serum,mineral spf50,benzoyl peroxide,skincare_datasets.xlsx::Recommendations|skincare_recommendations_dataset.csv
REC0001432,oily,3,4,4,5,ultra gentle cleanser,ceramide moisturizer,centella serum,mineral spf50,barrier repair,skincare_datasets.xlsx::Recommendations|skincare_recommendations_dataset.csv
REC0001433,oily,3,4,5,3,acne control cleanser,ceramide moisturizer,hyaluronic acid serum,spf50 matte,barrier repair,skincare_datasets.xlsx::Recommendations|skincare_recommendations_dataset.csv
REC0001434,oily,3,4,5,3,salicylic acid cleanser,ceramide moisturizer,hyaluronic acid serum,spf50 matte,anti aging routine,skincare_datasets.xlsx::Recommendations|skincare_recommendations_dataset.csv
REC0001435,oily,3,5,0,0,milk cleanser,soothing moisturizer,hyaluronic acid serum,spf50,retinol treatment,skincare_datasets.xlsx::Recommendations|skincare_recommendations_dataset.csv
REC0001436,oily,3,5,0,1,acne control cleanser,light lotion moisturizer,peptide serum,spf50 matte,hydrating mask,skincare_datasets.xlsx::Recommendations|skincare_recommendations_dataset.csv
REC0001437,oily,3,5,0,3,hydrating cleanser,ceramide moisturizer,hyaluronic acid serum,spf50,barrier repair,skincare_datasets.xlsx::Recommendations|skincare_recommendations_dataset.csv
REC0001438,oily,3,5,0,5,gentle foam cleanser,ceramide moisturizer,centella serum,spf30,hydrating mask,skincare_datasets.xlsx::Recommendations|skincare_recommendations_dataset.csv
REC0001439,oily,3,5,1,1,acne control cleanser,ceramide moisturizer,hyaluronic acid serum,mineral spf50,benzoyl peroxide,skincare_datasets.xlsx::Recommendations|skincare_recommendations_dataset.csv
REC0001440,oily,3,5,1,5,milk cleanser,oil free gel moisturizer,niacinamide serum,mineral spf50,barrier repair,skincare_datasets.xlsx::Recommendations|skincare_recommendations_dataset.csv
REC0001441,oily,3,5,2,0,gentle foam cleanser,light lotion moisturizer,hyaluronic acid serum,mineral spf50,retinol treatment,skincare_datasets.xlsx::Recommendations|skincare_recommendations_dataset.csv
REC0001442,oily,3,5,2,3,acne control cleanser,soothing moisturizer,niacinamide serum,mineral spf50,barrier repair,skincare_datasets.xlsx::Recommendations|skincare_recommendations_dataset.csv
REC0001443,oily,3,5,3,4,acne control cleanser,soothing moisturizer,vitamin c serum,spf50,retinol treatment,skincare_datasets.xlsx::Recommendations|skincare_recommendations_dataset.csv
REC0001444,oily,3,5,3,4,milk cleanser,soothing moisturizer,centella serum,spf50,retinol treatment,skincare_datasets.xlsx::Recommendations|skincare_recommendations_dataset.csv
REC0001445,oily,3,5,4,0,milk cleanser,oil free gel moisturizer,retinol serum,spf50,benzoyl peroxide,skincare_datasets.xlsx::Recommendations|skincare_recommendations_dataset.csv
REC0001446,oily,3,5,4,1,milk cleanser,oil free gel moisturizer,peptide serum,spf50 matte,calming treatment,skincare_datasets.xlsx::Recommendations|skincare_recommendations_dataset.csv
REC0001447,oily,3,5,4,5,ultra gentle cleanser,rich cream moisturizer,hyaluronic acid serum,mineral spf50,anti aging routine,skincare_datasets.xlsx::Recommendations|skincare_recommendations_dataset.csv
REC0001448,oily,4,0,0,2,salicylic acid cleanser,light lotion moisturizer,retinol serum,spf30,chemical exfoliation,skincare_datasets.xlsx::Recommendations|skincare_recommendations_dataset.csv
REC0001449,oily,4,0,0,4,ultra gentle cleanser,soothing moisturizer,niacinamide serum,spf30,retinol treatment,skincare_datasets.xlsx::Recommendations|skincare_recommendations_dataset.csv
REC0001450,oily,4,0,1,5,ultra gentle cleanser,light lotion moisturizer,centella serum,spf30,chemical exfoliation,skincare_datasets.xlsx::Recommendations|skincare_recommendations_dataset.csv
REC0001451,oily,4,0,3,2,ultra gentle cleanser,soothing moisturizer,retinol serum,spf30,calming treatment,skincare_datasets.xlsx::Recommendations|skincare_recommendations_dataset.csv
REC0001452,oily,4,0,3,5,ultra gentle cleanser,oil free gel moisturizer,centella serum,spf50,hydrating mask,skincare_datasets.xlsx::Recommendations|skincare_recommendations_dataset.csv
REC0001453,oily,4,0,4,3,milk cleanser,light lotion moisturizer,centella serum,spf50,calming treatment,skincare_datasets.xlsx::Recommendations|skincare_recommendations_dataset.csv
REC0001454,oily,4,1,0,0,acne control cleanser,rich cream moisturizer,centella serum,spf50 matte,chemical exfoliation,skincare_datasets.xlsx::Recommendations|skincare_recommendations_dataset.csv
REC0001455,oily,4,1,0,4,acne control cleanser,ceramide moisturizer,hyaluronic acid serum,spf30,chemical exfoliation,skincare_datasets.xlsx::Recommendations|skincare_recommendations_dataset.csv
REC0001456,oily,4,1,0,4,acne control cleanser,soothing moisturizer,niacinamide serum,spf30,anti aging routine,skincare_datasets.xlsx::Recommendations|skincare_recommendations_dataset.csv
REC0001457,oily,4,1,0,5,gentle foam cleanser,light lotion moisturizer,vitamin c serum,spf50 matte,calming treatment,skincare_datasets.xlsx::Recommendations|skincare_recommendations_dataset.csv
REC0001458,oily,4,1,0,5,gentle foam cleanser,rich cream moisturizer,hyaluronic acid serum,spf50,retinol treatment,skincare_datasets.xlsx::Recommendations|skincare_recommendations_dataset.csv
REC0001459,oily,4,1,1,1,salicylic acid cleanser,oil free gel moisturizer,retinol serum,mineral spf50,retinol treatment,skincare_datasets.xlsx::Recommendations|skincare_recommendations_dataset.csv
REC0001460,oily,4,1,1,3,acne control cleanser,rich cream moisturizer,vitamin c serum,spf50,retinol treatment,skincare_datasets.xlsx::Recommendations|skincare_recommendations_dataset.csv
REC0001461,oily,4,1,1,4,hydrating cleanser,oil free gel moisturizer,vitamin c serum,spf30,calming treatment,skincare_datasets.xlsx::Recommendations|skincare_recommendations_dataset.csv
REC0001462,oily,4,1,1,5,milk cleanser,rich cream moisturizer,peptide serum,spf30,retinol treatment,skincare_datasets.xlsx::Recommendations|skincare_recommendations_dataset.csv
REC0001463,oily,4,1,2,3,salicylic acid cleanser,soothing moisturizer,hyaluronic acid serum,mineral spf50,retinol treatment,skincare_datasets.xlsx::Recommendations|skincare_recommendations_dataset.csv
REC0001464,oily,4,1,3,4,salicylic acid cleanser,ceramide moisturizer,niacinamide serum,spf50,chemical exfoliation,skincare_datasets.xlsx::Recommendations|skincare_recommendations_dataset.csv
REC0001465,oily,4,1,3,4,salicylic acid cleanser,soothing moisturizer,retinol serum,mineral spf50,hydrating mask,skincare_datasets.xlsx::Recommendations|skincare_recommendations_dataset.csv
REC0001466,oily,4,1,4,0,acne control cleanser,ceramide moisturizer,hyaluronic acid serum,spf50 matte,barrier repair,skincare_datasets.xlsx::Recommendations|skincare_recommendations_dataset.csv
REC0001467,oily,4,1,4,2,milk cleanser,soothing moisturizer,vitamin c serum,spf50,retinol treatment,skincare_datasets.xlsx::Recommendations|skincare_recommendations_dataset.csv
REC0001468,oily,4,1,4,3,ultra gentle cleanser,light lotion moisturizer,centella serum,spf50,chemical exfoliation,skincare_datasets.xlsx::Recommendations|skincare_recommendations_dataset.csv
REC0001469,oily,4,1,5,4,salicylic acid cleanser,ceramide moisturizer,hyaluronic acid serum,spf30,anti aging routine,skincare_datasets.xlsx::Recommendations|skincare_recommendations_dataset.csv
REC0001470,oily,4,2,0,1,salicylic acid cleanser,ceramide moisturizer,niacinamide serum,mineral spf50,barrier repair,skincare_datasets.xlsx::Recommendations|skincare_recommendations_dataset.csv
REC0001471,oily,4,2,0,2,milk cleanser,ceramide moisturizer,niacinamide serum,spf50 matte,calming treatment,skincare_datasets.xlsx::Recommendations|skincare_recommendations_dataset.csv
REC0001472,oily,4,2,1,0,milk cleanser,ceramide moisturizer,hyaluronic acid serum,spf50,benzoyl peroxide,skincare_datasets.xlsx::Recommendations|skincare_recommendations_dataset.csv
REC0001473,oily,4,2,1,2,salicylic acid cleanser,rich cream moisturizer,retinol serum,mineral spf50,anti aging routine,skincare_datasets.xlsx::Recommendations|skincare_recommendations_dataset.csv
REC0001474,oily,4,2,2,0,hydrating cleanser,oil free gel moisturizer,retinol serum,mineral spf50,anti aging routine,skincare_datasets.xlsx::Recommendations|skincare_recommendations_dataset.csv
REC0001475,oily,4,2,3,0,hydrating cleanser,rich cream moisturizer,niacinamide serum,spf50,benzoyl peroxide,skincare_datasets.xlsx::Recommendations|skincare_recommendations_dataset.csv
REC0001476,oily,4,2,3,2,salicylic acid cleanser,soothing moisturizer,centella serum,spf50 matte,hydrating mask,skincare_datasets.xlsx::Recommendations|skincare_recommendations_dataset.csv
REC0001477,oily,4,3,0,5,ultra gentle cleanser,oil free gel moisturizer,centella serum,spf30,hydrating mask,skincare_datasets.xlsx::Recommendations|skincare_recommendations_dataset.csv
REC0001478,oily,4,3,1,4,gentle foam cleanser,rich cream moisturizer,peptide serum,spf50 matte,anti aging routine,skincare_datasets.xlsx::Recommendations|skincare_recommendations_dataset.csv
REC0001479,oily,4,3,1,5,gentle foam cleanser,oil free gel moisturizer,peptide serum,spf30,benzoyl peroxide,skincare_datasets.xlsx::Recommendations|skincare_recommendations_dataset.csv
REC0001480,oily,4,3,3,0,hydrating cleanser,light lotion moisturizer,centella serum,spf50 matte,benzoyl peroxide,skincare_datasets.xlsx::Recommendations|skincare_recommendations_dataset.csv
REC0001481,oily,4,3,3,5,hydrating cleanser,rich cream moisturizer,peptide serum,spf50 matte,hydrating mask,skincare_datasets.xlsx::Recommendations|skincare_recommendations_dataset.csv
REC0001482,oily,4,3,4,0,acne control cleanser,soothing moisturizer,vitamin c serum,spf50,hydrating mask,skincare_datasets.xlsx::Recommendations|skincare_recommendations_dataset.csv
REC0001483,oily,4,3,4,3,milk cleanser,ceramide moisturizer,niacinamide serum,mineral spf50,retinol treatment,skincare_datasets.xlsx::Recommendations|skincare_recommendations_dataset.csv
REC0001484,oily,4,3,5,0,acne control cleanser,light lotion moisturizer,niacinamide serum,mineral spf50,retinol treatment,skincare_datasets.xlsx::Recommendations|skincare_recommendations_dataset.csv
REC0001485,oily,4,3,5,2,acne control cleanser,rich cream moisturizer,retinol serum,spf50,retinol treatment,skincare_datasets.xlsx::Recommendations|skincare_recommendations_dataset.csv
REC0001486,oily,4,3,5,3,salicylic acid cleanser,soothing moisturizer,vitamin c serum,spf30,barrier repair,skincare_datasets.xlsx::Recommendations|skincare_recommendations_dataset.csv
REC0001487,oily,4,4,0,3,salicylic acid cleanser,soothing moisturizer,retinol serum,spf50,barrier repair,skincare_datasets.xlsx::Recommendations|skincare_recommendations_dataset.csv
REC0001488,oily,4,4,0,4,acne control cleanser,ceramide moisturizer,hyaluronic acid serum,spf30,retinol treatment,skincare_datasets.xlsx::Recommendations|skincare_recommendations_dataset.csv
REC0001489,oily,4,4,0,5,salicylic acid cleanser,ceramide moisturizer,centella serum,mineral spf50,chemical exfoliation,skincare_datasets.xlsx::Recommendations|skincare_recommendations_dataset.csv
REC0001490,oily,4,4,1,1,hydrating cleanser,light lotion moisturizer,hyaluronic acid serum,spf50 matte,chemical exfoliation,skincare_datasets.xlsx::Recommendations|skincare_recommendations_dataset.csv
REC0001491,oily,4,4,2,4,salicylic acid cleanser,ceramide moisturizer,niacinamide serum,spf50 matte,hydrating mask,skincare_datasets.xlsx::Recommendations|skincare_recommendations_dataset.csv
REC0001492,oily,4,4,2,5,hydrating cleanser,rich cream moisturizer,vitamin c serum,spf50 matte,benzoyl peroxide,skincare_datasets.xlsx::Recommendations|skincare_recommendations_dataset.csv
REC0001493,oily,4,4,3,0,gentle foam cleanser,ceramide moisturizer,centella serum,spf50,retinol treatment,skincare_datasets.xlsx::Recommendations|skincare_recommendations_dataset.csv
REC0001494,oily,4,4,4,1,salicylic acid cleanser,rich cream moisturizer,centella serum,spf30,hydrating mask,skincare_datasets.xlsx::Recommendations|skincare_recommendations_dataset.csv
REC0001495,oily,4,4,4,3,acne control cleanser,ceramide moisturizer,retinol serum,mineral spf50,chemical exfoliation,skincare_datasets.xlsx::Recommendations|skincare_recommendations_dataset.csv
REC0001496,oily,4,4,4,3,acne control cleanser,soothing moisturizer,centella serum,spf30,barrier repair,skincare_datasets.xlsx::Recommendations|skincare_recommendations_dataset.csv
REC0001497,oily,4,4,5,3,milk cleanser,light lotion moisturizer,centella serum,spf50 matte,calming treatment,skincare_datasets.xlsx::Recommendations|skincare_recommendations_dataset.csv
REC0001498,oily,4,4,5,4,milk cleanser,ceramide moisturizer,centella serum,spf50 matte,benzoyl peroxide,skincare_datasets.xlsx::Recommendations|skincare_recommendations_dataset.csv
REC0001499,oily,4,5,0,1,gentle foam cleanser,soothing moisturizer,niacinamide serum,spf50,chemical exfoliation,skincare_datasets.xlsx::Recommendations|skincare_recommendations_dataset.csv
REC0001500,oily,4,5,0,1,hydrating cleanser,ceramide moisturizer,niacinamide serum,spf50,anti aging routine,skincare_datasets.xlsx::Recommendations|skincare_recommendations_dataset.csv
REC0001501,oily,4,5,0,2,salicylic acid cleanser,oil free gel moisturizer,vitamin c serum,mineral spf50,retinol treatment,skincare_datasets.xlsx::Recommendations|skincare_recommendations_dataset.csv
REC0001502,oily,4,5,0,3,gentle foam cleanser,rich cream moisturizer,vitamin c serum,spf30,barrier repair,skincare_datasets.xlsx::Recommendations|skincare_recommendations_dataset.csv
REC0001503,oily,4,5,0,3,hydrating cleanser,ceramide moisturizer,retinol serum,spf30,benzoyl peroxide,skincare_datasets.xlsx::Recommendations|skincare_recommendations_dataset.csv
REC0001504,oily,4,5,0,4,gentle foam cleanser,ceramide moisturizer,hyaluronic acid serum,spf50 matte,hydrating mask,skincare_datasets.xlsx::Recommendations|skincare_recommendations_dataset.csv
REC0001505,oily,4,5,1,1,hydrating cleanser,oil free gel moisturizer,peptide serum,spf50,anti aging routine,skincare_datasets.xlsx::Recommendations|skincare_recommendations_dataset.csv
REC0001506,oily,4,5,1,2,acne control cleanser,oil free gel moisturizer,retinol serum,mineral spf50,chemical exfoliation,skincare_datasets.xlsx::Recommendations|skincare_recommendations_dataset.csv
REC0001507,oily,4,5,3,0,acne control cleanser,soothing moisturizer,retinol serum,spf50 matte,calming treatment,skincare_datasets.xlsx::Recommendations|skincare_recommendations_dataset.csv
REC0001508,oily,4,5,3,0,hydrating cleanser,rich cream moisturizer,vitamin c serum,spf50,benzoyl peroxide,skincare_datasets.xlsx::Recommendations|skincare_recommendations_dataset.csv
REC0001509,oily,4,5,3,4,milk cleanser,rich cream moisturizer,centella serum,spf50 matte,hydrating mask,skincare_datasets.xlsx::Recommendations|skincare_recommendations_dataset.csv
REC0001510,oily,4,5,4,0,acne control cleanser,light lotion moisturizer,niacinamide serum,mineral spf50,hydrating mask,skincare_datasets.xlsx::Recommendations|skincare_recommendations_dataset.csv
REC0001511,oily,4,5,4,0,gentle foam cleanser,soothing moisturizer,centella serum,spf50,chemical exfoliation,skincare_datasets.xlsx::Recommendations|skincare_recommendations_dataset.csv
REC0001512,oily,4,5,5,2,acne control cleanser,rich cream moisturizer,centella serum,spf30,chemical exfoliation,skincare_datasets.xlsx::Recommendations|skincare_recommendations_dataset.csv
REC0001513,oily,5,0,0,1,acne control cleanser,light lotion moisturizer,retinol serum,spf50 matte,retinol treatment,skincare_datasets.xlsx::Recommendations|skincare_recommendations_dataset.csv
REC0001514,oily,5,0,0,1,salicylic acid cleanser,light lotion moisturizer,retinol serum,spf50 matte,retinol treatment,skincare_datasets.xlsx::Recommendations|skincare_recommendations_dataset.csv
REC0001515,oily,5,0,0,3,gentle foam cleanser,soothing moisturizer,centella serum,mineral spf50,calming treatment,skincare_datasets.xlsx::Recommendations|skincare_recommendations_dataset.csv
REC0001516,oily,5,0,1,0,hydrating cleanser,rich cream moisturizer,vitamin c serum,spf50 matte,chemical exfoliation,skincare_datasets.xlsx::Recommendations|skincare_recommendations_dataset.csv
REC0001517,oily,5,0,1,0,milk cleanser,ceramide moisturizer,niacinamide serum,spf30,chemical exfoliation,skincare_datasets.xlsx::Recommendations|skincare_recommendations_dataset.csv
REC0001518,oily,5,0,1,1,milk cleanser,ceramide moisturizer,retinol serum,spf50,benzoyl peroxide,skincare_datasets.xlsx::Recommendations|skincare_recommendations_dataset.csv
REC0001519,oily,5,0,2,2,hydrating cleanser,light lotion moisturizer,centella serum,spf50,retinol treatment,skincare_datasets.xlsx::Recommendations|skincare_recommendations_dataset.csv
REC0001520,oily,5,0,4,2,ultra gentle cleanser,oil free gel moisturizer,niacinamide serum,spf30,anti aging routine,skincare_datasets.xlsx::Recommendations|skincare_recommendations_dataset.csv
REC0001521,oily,5,1,0,1,acne control cleanser,light lotion moisturizer,peptide serum,spf50 matte,barrier repair,skincare_datasets.xlsx::Recommendations|skincare_recommendations_dataset.csv
REC0001522,oily,5,1,0,1,acne control cleanser,soothing moisturizer,retinol serum,spf50 matte,benzoyl peroxide,skincare_datasets.xlsx::Recommendations|skincare_recommendations_dataset.csv
REC0001523,oily,5,1,0,3,hydrating cleanser,rich cream moisturizer,niacinamide serum,mineral spf50,chemical exfoliation,skincare_datasets.xlsx::Recommendations|skincare_recommendations_dataset.csv
REC0001524,oily,5,1,1,0,salicylic acid cleanser,soothing moisturizer,retinol serum,mineral spf50,anti aging routine,skincare_datasets.xlsx::Recommendations|skincare_recommendations_dataset.csv
REC0001525,oily,5,1,1,1,salicylic acid cleanser,rich cream moisturizer,niacinamide serum,spf30,anti aging routine,skincare_datasets.xlsx::Recommendations|skincare_recommendations_dataset.csv
REC0001526,oily,5,1,1,3,hydrating cleanser,ceramide moisturizer,retinol serum,spf30,benzoyl peroxide,skincare_datasets.xlsx::Recommendations|skincare_recommendations_dataset.csv
REC0001527,oily,5,1,2,4,ultra gentle cleanser,oil free gel moisturizer,centella serum,spf50 matte,chemical exfoliation,skincare_datasets.xlsx::Recommendations|skincare_recommendations_dataset.csv
REC0001528,oily,5,1,3,2,gentle foam cleanser,rich cream moisturizer,vitamin c serum,spf50,calming treatment,skincare_datasets.xlsx::Recommendations|skincare_recommendations_dataset.csv
REC0001529,oily,5,1,3,2,salicylic acid cleanser,oil free gel moisturizer,peptide serum,spf50 matte,benzoyl peroxide,skincare_datasets.xlsx::Recommendations|skincare_recommendations_dataset.csv
REC0001530,oily,5,1,3,5,acne control cleanser,rich cream moisturizer,hyaluronic acid serum,spf50 matte,hydrating mask,skincare_datasets.xlsx::Recommendations|skincare_recommendations_dataset.csv
REC0001531,oily,5,1,4,0,hydrating cleanser,oil free gel moisturizer,retinol serum,spf50,anti aging routine,skincare_datasets.xlsx::Recommendations|skincare_recommendations_dataset.csv
REC0001532,oily,5,1,5,0,ultra gentle cleanser,light lotion moisturizer,peptide serum,spf30,barrier repair,skincare_datasets.xlsx::Recommendations|skincare_recommendations_dataset.csv
REC0001533,oily,5,1,5,1,acne control cleanser,light lotion moisturizer,hyaluronic acid serum,spf30,hydrating mask,skincare_datasets.xlsx::Recommendations|skincare_recommendations_dataset.csv
REC0001534,oily,5,1,5,1,salicylic acid cleanser,rich cream moisturizer,niacinamide serum,spf30,hydrating mask,skincare_datasets.xlsx::Recommendations|skincare_recommendations_dataset.csv
REC0001535,oily,5,1,5,4,acne control cleanser,light lotion moisturizer,hyaluronic acid serum,spf50 matte,hydrating mask,skincare_datasets.xlsx::Recommendations|skincare_recommendations_dataset.csv
REC0001536,oily,5,1,5,4,ultra gentle cleanser,ceramide moisturizer,hyaluronic acid serum,spf50 matte,chemical exfoliation,skincare_datasets.xlsx::Recommendations|skincare_recommendations_dataset.csv
REC0001537,oily,5,1,5,5,milk cleanser,ceramide moisturizer,niacinamide serum,spf30,anti aging routine,skincare_datasets.xlsx::Recommendations|skincare_recommendations_dataset.csv
REC0001538,oily,5,2,1,4,ultra gentle cleanser,rich cream moisturizer,vitamin c serum,spf50,chemical exfoliation,skincare_datasets.xlsx::Recommendations|skincare_recommendations_dataset.csv
REC0001539,oily,5,2,2,2,hydrating cleanser,oil free gel moisturizer,centella serum,spf50 matte,calming treatment,skincare_datasets.xlsx::Recommendations|skincare_recommendations_dataset.csv
REC0001540,oily,5,2,2,4,ultra gentle cleanser,oil free gel moisturizer,niacinamide serum,spf50,retinol treatment,skincare_datasets.xlsx::Recommendations|skincare_recommendations_dataset.csv
REC0001541,oily,5,2,3,4,milk cleanser,soothing moisturizer,vitamin c serum,spf50 matte,benzoyl peroxide,skincare_datasets.xlsx::Recommendations|skincare_recommendations_dataset.csv
REC0001542,oily,5,2,3,4,salicylic acid cleanser,soothing moisturizer,centella serum,spf50 matte,hydrating mask,skincare_datasets.xlsx::Recommendations|skincare_recommendations_dataset.csv
REC0001543,oily,5,2,5,2,hydrating cleanser,oil free gel moisturizer,peptide serum,mineral spf50,retinol treatment,skincare_datasets.xlsx::Recommendations|skincare_recommendations_dataset.csv
REC0001544,oily,5,3,0,0,ultra gentle cleanser,ceramide moisturizer,hyaluronic acid serum,spf30,retinol treatment,skincare_datasets.xlsx::Recommendations|skincare_recommendations_dataset.csv
REC0001545,oily,5,3,0,4,hydrating cleanser,ceramide moisturizer,vitamin c serum,spf50 matte,retinol treatment,skincare_datasets.xlsx::Recommendations|skincare_recommendations_dataset.csv
REC0001546,oily,5,3,2,1,milk cleanser,light lotion moisturizer,vitamin c serum,spf30,barrier repair,skincare_datasets.xlsx::Recommendations|skincare_recommendations_dataset.csv
REC0001547,oily,5,3,2,5,milk cleanser,ceramide moisturizer,peptide serum,spf50 matte,chemical exfoliation,skincare_datasets.xlsx::Recommendations|skincare_recommendations_dataset.csv
REC0001548,oily,5,3,3,0,ultra gentle cleanser,oil free gel moisturizer,retinol serum,mineral spf50,retinol treatment,skincare_datasets.xlsx::Recommendations|skincare_recommendations_dataset.csv
REC0001549,oily,5,3,3,2,ultra gentle cleanser,light lotion moisturizer,peptide serum,spf50 matte,barrier repair,skincare_datasets.xlsx::Recommendations|skincare_recommendations_dataset.csv
REC0001550,oily,5,3,3,3,salicylic acid cleanser,oil free gel moisturizer,peptide serum,spf50,retinol treatment,skincare_datasets.xlsx::Recommendations|skincare_recommendations_dataset.csv
REC0001551,oily,5,3,4,5,hydrating cleanser,light lotion moisturizer,centella serum,spf50,benzoyl peroxide,skincare_datasets.xlsx::Recommendations|skincare_recommendations_dataset.csv
REC0001552,oily,5,3,5,0,hydrating cleanser,ceramide moisturizer,centella serum,spf50 matte,hydrating mask,skincare_datasets.xlsx::Recommendations|skincare_recommendations_dataset.csv
REC0001553,oily,5,3,5,2,ultra gentle cleanser,oil free gel moisturizer,centella serum,spf50,barrier repair,skincare_datasets.xlsx::Recommendations|skincare_recommendations_dataset.csv
REC0001554,oily,5,4,0,1,ultra gentle cleanser,soothing moisturizer,hyaluronic acid serum,mineral spf50,chemical exfoliation,skincare_datasets.xlsx::Recommendations|skincare_recommendations_dataset.csv
REC0001555,oily,5,4,1,1,hydrating cleanser,ceramide moisturizer,peptide serum,spf50 matte,anti aging routine,skincare_datasets.xlsx::Recommendations|skincare_recommendations_dataset.csv
REC0001556,oily,5,4,1,2,gentle foam cleanser,light lotion moisturizer,retinol serum,spf30,barrier repair,skincare_datasets.xlsx::Recommendations|skincare_recommendations_dataset.csv
REC0001557,oily,5,4,1,3,hydrating cleanser,ceramide moisturizer,niacinamide serum,spf50,hydrating mask,skincare_datasets.xlsx::Recommendations|skincare_recommendations_dataset.csv
REC0001558,oily,5,4,1,4,hydrating cleanser,ceramide moisturizer,niacinamide serum,spf30,benzoyl peroxide,skincare_datasets.xlsx::Recommendations|skincare_recommendations_dataset.csv
REC0001559,oily,5,4,2,2,hydrating cleanser,rich cream moisturizer,retinol serum,mineral spf50,calming treatment,skincare_datasets.xlsx::Recommendations|skincare_recommendations_dataset.csv
REC0001560,oily,5,4,2,3,gentle foam cleanser,oil free gel moisturizer,peptide serum,mineral spf50,hydrating mask,skincare_datasets.xlsx::Recommendations|skincare_recommendations_dataset.csv
REC0001561,oily,5,4,2,3,gentle foam cleanser,soothing moisturizer,hyaluronic acid serum,mineral spf50,barrier repair,skincare_datasets.xlsx::Recommendations|skincare_recommendations_dataset.csv
REC0001562,oily,5,4,2,3,ultra gentle cleanser,light lotion moisturizer,hyaluronic acid serum,spf50,barrier repair,skincare_datasets.xlsx::Recommendations|skincare_recommendations_dataset.csv
REC0001563,oily,5,4,4,3,gentle foam cleanser,oil free gel moisturizer,centella serum,spf50,hydrating mask,skincare_datasets.xlsx::Recommendations|skincare_recommendations_dataset.csv
REC0001564,oily,5,4,4,3,ultra gentle cleanser,soothing moisturizer,hyaluronic acid serum,spf50 matte,retinol treatment,skincare_datasets.xlsx::Recommendations|skincare_recommendations_dataset.csv
REC0001565,oily,5,4,5,5,milk cleanser,light lotion moisturizer,peptide serum,spf50 matte,hydrating mask,skincare_datasets.xlsx::Recommendations|skincare_recommendations_dataset.csv
REC0001566,oily,5,5,0,1,gentle foam cleanser,light lotion moisturizer,niacinamide serum,spf30,retinol treatment,skincare_datasets.xlsx::Recommendations|skincare_recommendations_dataset.csv
REC0001567,oily,5,5,0,4,acne control cleanser,light lotion moisturizer,vitamin c serum,spf50 matte,retinol treatment,skincare_datasets.xlsx::Recommendations|skincare_recommendations_dataset.csv
REC0001568,oily,5,5,1,0,hydrating cleanser,soothing moisturizer,retinol serum,spf50,benzoyl peroxide,skincare_datasets.xlsx::Recommendations|skincare_recommendations_dataset.csv
REC0001569,oily,5,5,1,2,salicylic acid cleanser,oil free gel moisturizer,peptide serum,mineral spf50,benzoyl peroxide,skincare_datasets.xlsx::Recommendations|skincare_recommendations_dataset.csv
REC0001570,oily,5,5,1,4,milk cleanser,oil free gel moisturizer,centella serum,mineral spf50,hydrating mask,skincare_datasets.xlsx::Recommendations|skincare_recommendations_dataset.csv
REC0001571,oily,5,5,2,0,ultra gentle cleanser,rich cream moisturizer,niacinamide serum,spf30,benzoyl peroxide,skincare_datasets.xlsx::Recommendations|skincare_recommendations_dataset.csv
REC0001572,oily,5,5,2,2,hydrating cleanser,rich cream moisturizer,vitamin c serum,spf50,chemical exfoliation,skincare_datasets.xlsx::Recommendations|skincare_recommendations_dataset.csv
REC0001573,oily,5,5,2,5,gentle foam cleanser,soothing moisturizer,peptide serum,spf50,anti aging routine,skincare_datasets.xlsx::Recommendations|skincare_recommendations_dataset.csv
REC0001574,oily,5,5,3,2,salicylic acid cleanser,ceramide moisturizer,niacinamide serum,mineral spf50,calming treatment,skincare_datasets.xlsx::Recommendations|skincare_recommendations_dataset.csv
REC0001575,oily,5,5,4,3,gentle foam cleanser,rich cream moisturizer,centella serum,mineral spf50,barrier repair,skincare_datasets.xlsx::Recommendations|skincare_recommendations_dataset.csv
REC0001576,oily,5,5,4,3,milk cleanser,light lotion moisturizer,hyaluronic acid serum,mineral spf50,chemical exfoliation,skincare_datasets.xlsx::Recommendations|skincare_recommendations_dataset.csv
REC0001577,sensitive,0,0,0,1,ultra gentle cleanser,ceramide moisturizer,vitamin c serum,spf50,retinol treatment,skincare_datasets.xlsx::Recommendations|skincare_recommendations_dataset.csv
REC0001578,sensitive,0,0,0,3,hydrating cleanser,soothing moisturizer,retinol serum,spf50 matte,barrier repair,skincare_datasets.xlsx::Recommendations|skincare_recommendations_dataset.csv
REC0001579,sensitive,0,0,1,4,milk cleanser,soothing moisturizer,niacinamide serum,spf30,calming treatment,skincare_datasets.xlsx::Recommendations|skincare_recommendations_dataset.csv
REC0001580,sensitive,0,0,3,0,salicylic acid cleanser,ceramide moisturizer,peptide serum,spf50 matte,anti aging routine,skincare_datasets.xlsx::Recommendations|skincare_recommendations_dataset.csv
REC0001581,sensitive,0,0,3,2,acne control cleanser,rich cream moisturizer,retinol serum,spf30,barrier repair,skincare_datasets.xlsx::Recommendations|skincare_recommendations_dataset.csv
REC0001582,sensitive,0,0,3,3,milk cleanser,ceramide moisturizer,hyaluronic acid serum,spf50,retinol treatment,skincare_datasets.xlsx::Recommendations|skincare_recommendations_dataset.csv
REC0001583,sensitive,0,0,3,4,ultra gentle cleanser,rich cream moisturizer,hyaluronic acid serum,mineral spf50,anti aging routine,skincare_datasets.xlsx::Recommendations|skincare_recommendations_dataset.csv
REC0001584,sensitive,0,0,3,5,acne control cleanser,oil free gel moisturizer,niacinamide serum,spf50 matte,anti aging routine,skincare_datasets.xlsx::Recommendations|skincare_recommendations_dataset.csv
REC0001585,sensitive,0,0,4,5,ultra gentle cleanser,oil free gel moisturizer,niacinamide serum,spf50 matte,calming treatment,skincare_datasets.xlsx::Recommendations|skincare_recommendations_dataset.csv
REC0001586,sensitive,0,0,5,1,acne control cleanser,ceramide moisturizer,centella serum,spf50,anti aging routine,skincare_datasets.xlsx::Recommendations|skincare_recommendations_dataset.csv
REC0001587,sensitive,0,1,0,0,gentle foam cleanser,light lotion moisturizer,peptide serum,mineral spf50,calming treatment,skincare_datasets.xlsx::Recommendations|skincare_recommendations_dataset.csv
REC0001588,sensitive,0,1,0,2,ultra gentle cleanser,rich cream moisturizer,centella serum,spf30,benzoyl peroxide,skincare_datasets.xlsx::Recommendations|skincare_recommendations_dataset.csv
REC0001589,sensitive,0,1,0,3,salicylic acid cleanser,soothing moisturizer,retinol serum,spf50,hydrating mask,skincare_datasets.xlsx::Recommendations|skincare_recommendations_dataset.csv
REC0001590,sensitive,0,1,0,4,acne control cleanser,light lotion moisturizer,retinol serum,spf30,calming treatment,skincare_datasets.xlsx::Recommendations|skincare_recommendations_dataset.csv
REC0001591,sensitive,0,1,0,4,gentle foam cleanser,oil free gel moisturizer,niacinamide serum,mineral spf50,chemical exfoliation,skincare_datasets.xlsx::Recommendations|skincare_recommendations_dataset.csv
REC0001592,sensitive,0,1,1,5,ultra gentle cleanser,light lotion moisturizer,hyaluronic acid serum,spf30,retinol treatment,skincare_datasets.xlsx::Recommendations|skincare_recommendations_dataset.csv
REC0001593,sensitive,0,1,4,3,gentle foam cleanser,oil free gel moisturizer,hyaluronic acid serum,spf30,anti aging routine,skincare_datasets.xlsx::Recommendations|skincare_recommendations_dataset.csv
REC0001594,sensitive,0,1,5,0,acne control cleanser,oil free gel moisturizer,vitamin c serum,spf50 matte,retinol treatment,skincare_datasets.xlsx::Recommendations|skincare_recommendations_dataset.csv
REC0001595,sensitive,0,1,5,5,gentle foam cleanser,rich cream moisturizer,vitamin c serum,mineral spf50,anti aging routine,skincare_datasets.xlsx::Recommendations|skincare_recommendations_dataset.csv
REC0001596,sensitive,0,2,0,0,acne control cleanser,oil free gel moisturizer,hyaluronic acid serum,spf50,retinol treatment,skincare_datasets.xlsx::Recommendations|skincare_recommendations_dataset.csv
REC0001597,sensitive,0,2,0,1,milk cleanser,rich cream moisturizer,retinol serum,spf30,retinol treatment,skincare_datasets.xlsx::Recommendations|skincare_recommendations_dataset.csv
REC0001598,sensitive,0,2,0,4,milk cleanser,light lotion moisturizer,vitamin c serum,spf50 matte,barrier repair,skincare_datasets.xlsx::Recommendations|skincare_recommendations_dataset.csv
REC0001599,sensitive,0,2,1,1,salicylic acid cleanser,rich cream moisturizer,hyaluronic acid serum,spf50 matte,retinol treatment,skincare_datasets.xlsx::Recommendations|skincare_recommendations_dataset.csv
REC0001600,sensitive,0,2,1,5,gentle foam cleanser,rich cream moisturizer,hyaluronic acid serum,spf50,benzoyl peroxide,skincare_datasets.xlsx::Recommendations|skincare_recommendations_dataset.csv
REC0001601,sensitive,0,2,1,5,salicylic acid cleanser,light lotion moisturizer,vitamin c serum,spf50 matte,benzoyl peroxide,skincare_datasets.xlsx::Recommendations|skincare_recommendations_dataset.csv
REC0001602,sensitive,0,2,3,0,milk cleanser,oil free gel moisturizer,peptide serum,spf30,chemical exfoliation,skincare_datasets.xlsx::Recommendations|skincare_recommendations_dataset.csv
REC0001603,sensitive,0,2,4,5,salicylic acid cleanser,light lotion moisturizer,centella serum,spf30,barrier repair,skincare_datasets.xlsx::Recommendations|skincare_recommendations_dataset.csv
REC0001604,sensitive,0,2,5,2,ultra gentle cleanser,ceramide moisturizer,vitamin c serum,mineral spf50,benzoyl peroxide,skincare_datasets.xlsx::Recommendations|skincare_recommendations_dataset.csv
REC0001605,sensitive,0,3,0,2,gentle foam cleanser,rich cream moisturizer,vitamin c serum,spf50,hydrating mask,skincare_datasets.xlsx::Recommendations|skincare_recommendations_dataset.csv
REC0001606,sensitive,0,3,0,2,ultra gentle cleanser,ceramide moisturizer,centella serum,spf30,hydrating mask,skincare_datasets.xlsx::Recommendations|skincare_recommendations_dataset.csv
REC0001607,sensitive,0,3,1,1,acne control cleanser,soothing moisturizer,centella serum,spf50,hydrating mask,skincare_datasets.xlsx::Recommendations|skincare_recommendations_dataset.csv
REC0001608,sensitive,0,3,1,1,gentle foam cleanser,light lotion moisturizer,centella serum,spf50 matte,chemical exfoliation,skincare_datasets.xlsx::Recommendations|skincare_recommendations_dataset.csv
REC0001609,sensitive,0,3,1,1,hydrating cleanser,oil free gel moisturizer,centella serum,spf50,hydrating mask,skincare_datasets.xlsx::Recommendations|skincare_recommendations_dataset.csv
REC0001610,sensitive,0,3,1,2,salicylic acid cleanser,light lotion moisturizer,hyaluronic acid serum,mineral spf50,retinol treatment,skincare_datasets.xlsx::Recommendations|skincare_recommendations_dataset.csv
REC0001611,sensitive,0,3,2,2,salicylic acid cleanser,oil free gel moisturizer,centella serum,mineral spf50,retinol treatment,skincare_datasets.xlsx::Recommendations|skincare_recommendations_dataset.csv
REC0001612,sensitive,0,3,2,2,ultra gentle cleanser,oil free gel moisturizer,peptide serum,spf50,barrier repair,skincare_datasets.xlsx::Recommendations|skincare_recommendations_dataset.csv
REC0001613,sensitive,0,3,2,3,acne control cleanser,oil free gel moisturizer,hyaluronic acid serum,mineral spf50,chemical exfoliation,skincare_datasets.xlsx::Recommendations|skincare_recommendations_dataset.csv
REC0001614,sensitive,0,3,2,5,milk cleanser,light lotion moisturizer,hyaluronic acid serum,spf50,calming treatment,skincare_datasets.xlsx::Recommendations|skincare_recommendations_dataset.csv
REC0001615,sensitive,0,3,2,5,ultra gentle cleanser,oil free gel moisturizer,peptide serum,spf30,benzoyl peroxide,skincare_datasets.xlsx::Recommendations|skincare_recommendations_dataset.csv
REC0001616,sensitive,0,3,3,3,ultra gentle cleanser,ceramide moisturizer,vitamin c serum,spf50 matte,anti aging routine,skincare_datasets.xlsx::Recommendations|skincare_recommendations_dataset.csv
REC0001617,sensitive,0,3,4,1,acne control cleanser,light lotion moisturizer,retinol serum,mineral spf50,barrier repair,skincare_datasets.xlsx::Recommendations|skincare_recommendations_dataset.csv
REC0001618,sensitive,0,3,5,3,milk cleanser,soothing moisturizer,centella serum,spf30,barrier repair,skincare_datasets.xlsx::Recommendations|skincare_recommendations_dataset.csv
REC0001619,sensitive,0,4,0,3,acne control cleanser,soothing moisturizer,centella serum,spf30,barrier repair,skincare_datasets.xlsx::Recommendations|skincare_recommendations_dataset.csv
REC0001620,sensitive,0,4,1,0,acne control cleanser,oil free gel moisturizer,hyaluronic acid serum,mineral spf50,chemical exfoliation,skincare_datasets.xlsx::Recommendations|skincare_recommendations_dataset.csv
REC0001621,sensitive,0,4,1,0,milk cleanser,light lotion moisturizer,centella serum,spf50 matte,benzoyl peroxide,skincare_datasets.xlsx::Recommendations|skincare_recommendations_dataset.csv
REC0001622,sensitive,0,4,1,1,acne control cleanser,soothing moisturizer,peptide serum,spf50,hydrating mask,skincare_datasets.xlsx::Recommendations|skincare_recommendations_dataset.csv
REC0001623,sensitive,0,4,1,2,milk cleanser,light lotion moisturizer,hyaluronic acid serum,spf50 matte,barrier repair,skincare_datasets.xlsx::Recommendations|skincare_recommendations_dataset.csv
REC0001624,sensitive,0,4,5,3,acne control cleanser,light lotion moisturizer,retinol serum,mineral spf50,calming treatment,skincare_datasets.xlsx::Recommendations|skincare_recommendations_dataset.csv
REC0001625,sensitive,0,4,5,4,acne control cleanser,rich cream moisturizer,centella serum,mineral spf50,retinol treatment,skincare_datasets.xlsx::Recommendations|skincare_recommendations_dataset.csv
REC0001626,sensitive,0,4,5,5,acne control cleanser,oil free gel moisturizer,peptide serum,mineral spf50,anti aging routine,skincare_datasets.xlsx::Recommendations|skincare_recommendations_dataset.csv
REC0001627,sensitive,0,5,1,2,salicylic acid cleanser,oil free gel moisturizer,vitamin c serum,spf30,chemical exfoliation,skincare_datasets.xlsx::Recommendations|skincare_recommendations_dataset.csv
REC0001628,sensitive,0,5,1,2,salicylic acid cleanser,soothing moisturizer,niacinamide serum,spf50 matte,calming treatment,skincare_datasets.xlsx::Recommendations|skincare_recommendations_dataset.csv
REC0001629,sensitive,0,5,1,2,ultra gentle cleanser,rich cream moisturizer,vitamin c serum,mineral spf50,hydrating mask,skincare_datasets.xlsx::Recommendations|skincare_recommendations_dataset.csv
REC0001630,sensitive,0,5,1,5,hydrating cleanser,ceramide moisturizer,centella serum,spf50 matte,barrier repair,skincare_datasets.xlsx::Recommendations|skincare_recommendations_dataset.csv
REC0001631,sensitive,0,5,1,5,milk cleanser,rich cream moisturizer,peptide serum,spf50,benzoyl peroxide,skincare_datasets.xlsx::Recommendations|skincare_recommendations_dataset.csv
REC0001632,sensitive,0,5,2,0,milk cleanser,rich cream moisturizer,retinol serum,spf30,barrier repair,skincare_datasets.xlsx::Recommendations|skincare_recommendations_dataset.csv
REC0001633,sensitive,0,5,2,3,gentle foam cleanser,ceramide moisturizer,centella serum,mineral spf50,barrier repair,skincare_datasets.xlsx::Recommendations|skincare_recommendations_dataset.csv
REC0001634,sensitive,0,5,2,4,acne control cleanser,ceramide moisturizer,niacinamide serum,mineral spf50,hydrating mask,skincare_datasets.xlsx::Recommendations|skincare_recommendations_dataset.csv
REC0001635,sensitive,0,5,2,4,gentle foam cleanser,ceramide moisturizer,vitamin c serum,spf30,chemical exfoliation,skincare_datasets.xlsx::Recommendations|skincare_recommendations_dataset.csv
REC0001636,sensitive,0,5,3,3,acne control cleanser,soothing moisturizer,vitamin c serum,spf50,chemical exfoliation,skincare_datasets.xlsx::Recommendations|skincare_recommendations_dataset.csv
REC0001637,sensitive,0,5,3,5,acne control cleanser,oil free gel moisturizer,niacinamide serum,mineral spf50,anti aging routine,skincare_datasets.xlsx::Recommendations|skincare_recommendations_dataset.csv
REC0001638,sensitive,0,5,4,0,acne control cleanser,oil free gel moisturizer,centella serum,spf50 matte,anti aging routine,skincare_datasets.xlsx::Recommendations|skincare_recommendations_dataset.csv
REC0001639,sensitive,0,5,5,2,salicylic acid cleanser,oil free gel moisturizer,centella serum,spf50 matte,benzoyl peroxide,skincare_datasets.xlsx::Recommendations|skincare_recommendations_dataset.csv
REC0001640,sensitive,0,5,5,4,salicylic acid cleanser,oil free gel moisturizer,hyaluronic acid serum,mineral spf50,calming treatment,skincare_datasets.xlsx::Recommendations|skincare_recommendations_dataset.csv
REC0001641,sensitive,1,0,0,2,gentle foam cleanser,soothing moisturizer,vitamin c serum,mineral spf50,barrier repair,skincare_datasets.xlsx::Recommendations|skincare_recommendations_dataset.csv
REC0001642,sensitive,1,0,0,4,gentle foam cleanser,soothing moisturizer,vitamin c serum,spf50 matte,calming treatment,skincare_datasets.xlsx::Recommendations|skincare_recommendations_dataset.csv
REC0001643,sensitive,1,0,0,5,hydrating cleanser,rich cream moisturizer,vitamin c serum,spf30,retinol treatment,skincare_datasets.xlsx::Recommendations|skincare_recommendations_dataset.csv
REC0001644,sensitive,1,0,1,5,gentle foam cleanser,oil free gel moisturizer,peptide serum,spf50 matte,calming treatment,skincare_datasets.xlsx::Recommendations|skincare_recommendations_dataset.csv
REC0001645,sensitive,1,0,2,0,milk cleanser,light lotion moisturizer,niacinamide serum,spf30,anti aging routine,skincare_datasets.xlsx::Recommendations|skincare_recommendations_dataset.csv
REC0001646,sensitive,1,0,2,2,gentle foam cleanser,soothing moisturizer,niacinamide serum,spf30,chemical exfoliation,skincare_datasets.xlsx::Recommendations|skincare_recommendations_dataset.csv
REC0001647,sensitive,1,0,2,5,milk cleanser,soothing moisturizer,retinol serum,spf50,retinol treatment,skincare_datasets.xlsx::Recommendations|skincare_recommendations_dataset.csv
REC0001648,sensitive,1,0,3,5,hydrating cleanser,soothing moisturizer,centella serum,mineral spf50,chemical exfoliation,skincare_datasets.xlsx::Recommendations|skincare_recommendations_dataset.csv
REC0001649,sensitive,1,0,4,1,ultra gentle cleanser,light lotion moisturizer,centella serum,mineral spf50,anti aging routine,skincare_datasets.xlsx::Recommendations|skincare_recommendations_dataset.csv
REC0001650,sensitive,1,1,0,2,salicylic acid cleanser,ceramide moisturizer,retinol serum,spf30,calming treatment,skincare_datasets.xlsx::Recommendations|skincare_recommendations_dataset.csv
REC0001651,sensitive,1,1,1,2,acne control cleanser,oil free gel moisturizer,centella serum,spf30,anti aging routine,skincare_datasets.xlsx::Recommendations|skincare_recommendations_dataset.csv
REC0001652,sensitive,1,1,2,3,hydrating cleanser,ceramide moisturizer,niacinamide serum,mineral spf50,barrier repair,skincare_datasets.xlsx::Recommendations|skincare_recommendations_dataset.csv
REC0001653,sensitive,1,1,2,4,ultra gentle cleanser,oil free gel moisturizer,vitamin c serum,spf30,hydrating mask,skincare_datasets.xlsx::Recommendations|skincare_recommendations_dataset.csv
REC0001654,sensitive,1,1,3,0,hydrating cleanser,rich cream moisturizer,retinol serum,spf30,chemical exfoliation,skincare_datasets.xlsx::Recommendations|skincare_recommendations_dataset.csv
REC0001655,sensitive,1,1,3,1,hydrating cleanser,soothing moisturizer,vitamin c serum,mineral spf50,barrier repair,skincare_datasets.xlsx::Recommendations|skincare_recommendations_dataset.csv
REC0001656,sensitive,1,1,3,1,milk cleanser,rich cream moisturizer,vitamin c serum,spf50,barrier repair,skincare_datasets.xlsx::Recommendations|skincare_recommendations_dataset.csv
REC0001657,sensitive,1,1,3,2,hydrating cleanser,soothing moisturizer,vitamin c serum,spf50,retinol treatment,skincare_datasets.xlsx::Recommendations|skincare_recommendations_dataset.csv
REC0001658,sensitive,1,1,4,0,salicylic acid cleanser,oil free gel moisturizer,peptide serum,spf50 matte,hydrating mask,skincare_datasets.xlsx::Recommendations|skincare_recommendations_dataset.csv
REC0001659,sensitive,1,1,4,3,gentle foam cleanser,rich cream moisturizer,vitamin c serum,mineral spf50,anti aging routine,skincare_datasets.xlsx::Recommendations|skincare_recommendations_dataset.csv
REC0001660,sensitive,1,1,4,3,hydrating cleanser,soothing moisturizer,vitamin c serum,mineral spf50,barrier repair,skincare_datasets.xlsx::Recommendations|skincare_recommendations_dataset.csv
REC0001661,sensitive,1,1,5,1,acne control cleanser,oil free gel moisturizer,centella serum,spf30,barrier repair,skincare_datasets.xlsx::Recommendations|skincare_recommendations_dataset.csv
REC0001662,sensitive,1,2,0,1,milk cleanser,rich cream moisturizer,vitamin c serum,spf50,calming treatment,skincare_datasets.xlsx::Recommendations|skincare_recommendations_dataset.csv
REC0001663,sensitive,1,2,0,2,acne control cleanser,ceramide moisturizer,peptide serum,spf30,hydrating mask,skincare_datasets.xlsx::Recommendations|skincare_recommendations_dataset.csv
REC0001664,sensitive,1,2,0,2,salicylic acid cleanser,oil free gel moisturizer,peptide serum,mineral spf50,retinol treatment,skincare_datasets.xlsx::Recommendations|skincare_recommendations_dataset.csv
REC0001665,sensitive,1,2,0,2,ultra gentle cleanser,oil free gel moisturizer,retinol serum,spf50 matte,barrier repair,skincare_datasets.xlsx::Recommendations|skincare_recommendations_dataset.csv
REC0001666,sensitive,1,2,0,4,gentle foam cleanser,ceramide moisturizer,vitamin c serum,mineral spf50,hydrating mask,skincare_datasets.xlsx::Recommendations|skincare_recommendations_dataset.csv
REC0001667,sensitive,1,2,1,0,ultra gentle cleanser,soothing moisturizer,vitamin c serum,spf30,anti aging routine,skincare_datasets.xlsx::Recommendations|skincare_recommendations_dataset.csv
REC0001668,sensitive,1,2,1,1,milk cleanser,light lotion moisturizer,peptide serum,spf50,hydrating mask,skincare_datasets.xlsx::Recommendations|skincare_recommendations_dataset.csv
REC0001669,sensitive,1,2,1,2,salicylic acid cleanser,soothing moisturizer,retinol serum,spf50,chemical exfoliation,skincare_datasets.xlsx::Recommendations|skincare_recommendations_dataset.csv
REC0001670,sensitive,1,2,2,4,gentle foam cleanser,rich cream moisturizer,niacinamide serum,spf50 matte,hydrating mask,skincare_datasets.xlsx::Recommendations|skincare_recommendations_dataset.csv
REC0001671,sensitive,1,2,3,0,acne control cleanser,rich cream moisturizer,hyaluronic acid serum,spf30,anti aging routine,skincare_datasets.xlsx::Recommendations|skincare_recommendations_dataset.csv
REC0001672,sensitive,1,2,3,3,salicylic acid cleanser,oil free gel moisturizer,niacinamide serum,spf30,calming treatment,skincare_datasets.xlsx::Recommendations|skincare_recommendations_dataset.csv
REC0001673,sensitive,1,2,4,2,hydrating cleanser,rich cream moisturizer,niacinamide serum,spf30,calming treatment,skincare_datasets.xlsx::Recommendations|skincare_recommendations_dataset.csv
REC0001674,sensitive,1,2,4,2,salicylic acid cleanser,oil free gel moisturizer,peptide serum,spf30,barrier repair,skincare_datasets.xlsx::Recommendations|skincare_recommendations_dataset.csv
REC0001675,sensitive,1,2,4,4,gentle foam cleanser,soothing moisturizer,centella serum,spf30,hydrating mask,skincare_datasets.xlsx::Recommendations|skincare_recommendations_dataset.csv
REC0001676,sensitive,1,2,5,4,hydrating cleanser,light lotion moisturizer,vitamin c serum,mineral spf50,calming treatment,skincare_datasets.xlsx::Recommendations|skincare_recommendations_dataset.csv
REC0001677,sensitive,1,2,5,5,salicylic acid cleanser,soothing moisturizer,centella serum,spf50 matte,barrier repair,skincare_datasets.xlsx::Recommendations|skincare_recommendations_dataset.csv
REC0001678,sensitive,1,2,5,5,ultra gentle cleanser,soothing moisturizer,retinol serum,spf50,benzoyl peroxide,skincare_datasets.xlsx::Recommendations|skincare_recommendations_dataset.csv
REC0001679,sensitive,1,3,0,0,hydrating cleanser,soothing moisturizer,niacinamide serum,spf30,hydrating mask,skincare_datasets.xlsx::Recommendations|skincare_recommendations_dataset.csv
REC0001680,sensitive,1,3,0,2,ultra gentle cleanser,soothing moisturizer,niacinamide serum,spf30,chemical exfoliation,skincare_datasets.xlsx::Recommendations|skincare_recommendations_dataset.csv
REC0001681,sensitive,1,3,0,5,ultra gentle cleanser,light lotion moisturizer,centella serum,spf50 matte,retinol treatment,skincare_datasets.xlsx::Recommendations|skincare_recommendations_dataset.csv
REC0001682,sensitive,1,3,1,1,acne control cleanser,rich cream moisturizer,niacinamide serum,spf50,anti aging routine,skincare_datasets.xlsx::Recommendations|skincare_recommendations_dataset.csv
REC0001683,sensitive,1,3,2,1,acne control cleanser,oil free gel moisturizer,niacinamide serum,spf50 matte,retinol treatment,skincare_datasets.xlsx::Recommendations|skincare_recommendations_dataset.csv
REC0001684,sensitive,1,3,2,3,gentle foam cleanser,rich cream moisturizer,hyaluronic acid serum,mineral spf50,barrier repair,skincare_datasets.xlsx::Recommendations|skincare_recommendations_dataset.csv
REC0001685,sensitive,1,3,2,5,salicylic acid cleanser,light lotion moisturizer,peptide serum,spf50,retinol treatment,skincare_datasets.xlsx::Recommendations|skincare_recommendations_dataset.csv
REC0001686,sensitive,1,3,2,5,ultra gentle cleanser,light lotion moisturizer,hyaluronic acid serum,mineral spf50,retinol treatment,skincare_datasets.xlsx::Recommendations|skincare_recommendations_dataset.csv
REC0001687,sensitive,1,3,2,5,ultra gentle cleanser,light lotion moisturizer,niacinamide serum,spf50 matte,chemical exfoliation,skincare_datasets.xlsx::Recommendations|skincare_recommendations_dataset.csv
REC0001688,sensitive,1,3,3,1,hydrating cleanser,rich cream moisturizer,hyaluronic acid serum,spf50,chemical exfoliation,skincare_datasets.xlsx::Recommendations|skincare_recommendations_dataset.csv
REC0001689,sensitive,1,3,5,3,hydrating cleanser,rich cream moisturizer,peptide serum,mineral spf50,benzoyl peroxide,skincare_datasets.xlsx::Recommendations|skincare_recommendations_dataset.csv
REC0001690,sensitive,1,4,0,0,ultra gentle cleanser,ceramide moisturizer,hyaluronic acid serum,spf50 matte,barrier repair,skincare_datasets.xlsx::Recommendations|skincare_recommendations_dataset.csv
REC0001691,sensitive,1,4,0,2,hydrating cleanser,oil free gel moisturizer,centella serum,spf30,calming treatment,skincare_datasets.xlsx::Recommendations|skincare_recommendations_dataset.csv
REC0001692,sensitive,1,4,0,3,ultra gentle cleanser,oil free gel moisturizer,centella serum,mineral spf50,hydrating mask,skincare_datasets.xlsx::Recommendations|skincare_recommendations_dataset.csv
REC0001693,sensitive,1,4,1,4,hydrating cleanser,light lotion moisturizer,vitamin c serum,spf30,barrier repair,skincare_datasets.xlsx::Recommendations|skincare_recommendations_dataset.csv
REC0001694,sensitive,1,4,2,3,gentle foam cleanser,oil free gel moisturizer,hyaluronic acid serum,spf50,anti aging routine,skincare_datasets.xlsx::Recommendations|skincare_recommendations_dataset.csv
REC0001695,sensitive,1,4,2,5,salicylic acid cleanser,oil free gel moisturizer,peptide serum,spf50 matte,chemical exfoliation,skincare_datasets.xlsx::Recommendations|skincare_recommendations_dataset.csv
REC0001696,sensitive,1,4,4,4,hydrating cleanser,soothing moisturizer,retinol serum,spf50,hydrating mask,skincare_datasets.xlsx::Recommendations|skincare_recommendations_dataset.csv
REC0001697,sensitive,1,5,2,0,ultra gentle cleanser,ceramide moisturizer,centella serum,spf50 matte,calming treatment,skincare_datasets.xlsx::Recommendations|skincare_recommendations_dataset.csv
REC0001698,sensitive,1,5,2,1,gentle foam cleanser,rich cream moisturizer,hyaluronic acid serum,mineral spf50,calming treatment,skincare_datasets.xlsx::Recommendations|skincare_recommendations_dataset.csv
REC0001699,sensitive,1,5,2,2,ultra gentle cleanser,light lotion moisturizer,vitamin c serum,spf50,hydrating mask,skincare_datasets.xlsx::Recommendations|skincare_recommendations_dataset.csv
REC0001700,sensitive,1,5,2,4,gentle foam cleanser,rich cream moisturizer,vitamin c serum,spf30,benzoyl peroxide,skincare_datasets.xlsx::Recommendations|skincare_recommendations_dataset.csv
REC0001701,sensitive,1,5,3,2,hydrating cleanser,rich cream moisturizer,vitamin c serum,mineral spf50,benzoyl peroxide,skincare_datasets.xlsx::Recommendations|skincare_recommendations_dataset.csv
REC0001702,sensitive,1,5,3,2,ultra gentle cleanser,rich cream moisturizer,centella serum,spf50 matte,barrier repair,skincare_datasets.xlsx::Recommendations|skincare_recommendations_dataset.csv
REC0001703,sensitive,1,5,4,0,gentle foam cleanser,oil free gel moisturizer,retinol serum,spf50,hydrating mask,skincare_datasets.xlsx::Recommendations|skincare_recommendations_dataset.csv
REC0001704,sensitive,1,5,4,0,salicylic acid cleanser,oil free gel moisturizer,hyaluronic acid serum,spf50,hydrating mask,skincare_datasets.xlsx::Recommendations|skincare_recommendations_dataset.csv
REC0001705,sensitive,1,5,4,0,ultra gentle cleanser,ceramide moisturizer,niacinamide serum,spf50,anti aging routine,skincare_datasets.xlsx::Recommendations|skincare_recommendations_dataset.csv
REC0001706,sensitive,1,5,4,2,gentle foam cleanser,light lotion moisturizer,retinol serum,spf50 matte,calming treatment,skincare_datasets.xlsx::Recommendations|skincare_recommendations_dataset.csv
REC0001707,sensitive,1,5,4,2,milk cleanser,ceramide moisturizer,retinol serum,mineral spf50,calming treatment,skincare_datasets.xlsx::Recommendations|skincare_recommendations_dataset.csv
REC0001708,sensitive,1,5,4,5,salicylic acid cleanser,rich cream moisturizer,retinol serum,spf50,calming treatment,skincare_datasets.xlsx::Recommendations|skincare_recommendations_dataset.csv
REC0001709,sensitive,1,5,5,0,salicylic acid cleanser,light lotion moisturizer,retinol serum,spf50,retinol treatment,skincare_datasets.xlsx::Recommendations|skincare_recommendations_dataset.csv
REC0001710,sensitive,1,5,5,5,hydrating cleanser,light lotion moisturizer,peptide serum,spf50,hydrating mask,skincare_datasets.xlsx::Recommendations|skincare_recommendations_dataset.csv
REC0001711,sensitive,2,0,0,4,salicylic acid cleanser,oil free gel moisturizer,niacinamide serum,spf50,retinol treatment,skincare_datasets.xlsx::Recommendations|skincare_recommendations_dataset.csv
REC0001712,sensitive,2,0,1,4,hydrating cleanser,soothing moisturizer,vitamin c serum,spf50 matte,benzoyl peroxide,skincare_datasets.xlsx::Recommendations|skincare_recommendations_dataset.csv
REC0001713,sensitive,2,0,1,5,acne control cleanser,soothing moisturizer,hyaluronic acid serum,spf50 matte,calming treatment,skincare_datasets.xlsx::Recommendations|skincare_recommendations_dataset.csv
REC0001714,sensitive,2,0,2,2,hydrating cleanser,soothing moisturizer,hyaluronic acid serum,mineral spf50,retinol treatment,skincare_datasets.xlsx::Recommendations|skincare_recommendations_dataset.csv
REC0001715,sensitive,2,0,2,4,hydrating cleanser,oil free gel moisturizer,retinol serum,spf50 matte,barrier repair,skincare_datasets.xlsx::Recommendations|skincare_recommendations_dataset.csv
REC0001716,sensitive,2,0,3,0,acne control cleanser,light lotion moisturizer,centella serum,spf50 matte,hydrating mask,skincare_datasets.xlsx::Recommendations|skincare_recommendations_dataset.csv
REC0001717,sensitive,2,0,4,5,milk cleanser,oil free gel moisturizer,vitamin c serum,spf50,hydrating mask,skincare_datasets.xlsx::Recommendations|skincare_recommendations_dataset.csv
REC0001718,sensitive,2,0,5,0,hydrating cleanser,rich cream moisturizer,centella serum,spf30,barrier repair,skincare_datasets.xlsx::Recommendations|skincare_recommendations_dataset.csv
REC0001719,sensitive,2,0,5,2,hydrating cleanser,ceramide moisturizer,hyaluronic acid serum,spf30,barrier repair,skincare_datasets.xlsx::Recommendations|skincare_recommendations_dataset.csv
REC0001720,sensitive,2,0,5,5,salicylic acid cleanser,rich cream moisturizer,hyaluronic acid serum,mineral spf50,calming treatment,skincare_datasets.xlsx::Recommendations|skincare_recommendations_dataset.csv
REC0001721,sensitive,2,1,0,0,ultra gentle cleanser,soothing moisturizer,hyaluronic acid serum,spf50 matte,anti aging routine,skincare_datasets.xlsx::Recommendations|skincare_recommendations_dataset.csv
REC0001722,sensitive,2,1,0,2,gentle foam cleanser,ceramide moisturizer,centella serum,spf50,barrier repair,skincare_datasets.xlsx::Recommendations|skincare_recommendations_dataset.csv
REC0001723,sensitive,2,1,0,4,milk cleanser,light lotion moisturizer,hyaluronic acid serum,spf50,retinol treatment,skincare_datasets.xlsx::Recommendations|skincare_recommendations_dataset.csv
REC0001724,sensitive,2,1,1,0,ultra gentle cleanser,oil free gel moisturizer,peptide serum,spf50 matte,chemical exfoliation,skincare_datasets.xlsx::Recommendations|skincare_recommendations_dataset.csv
REC0001725,sensitive,2,1,1,1,gentle foam cleanser,oil free gel moisturizer,centella serum,spf50,chemical exfoliation,skincare_datasets.xlsx::Recommendations|skincare_recommendations_dataset.csv
REC0001726,sensitive,2,1,1,2,acne control cleanser,rich cream moisturizer,hyaluronic acid serum,spf50,retinol treatment,skincare_datasets.xlsx::Recommendations|skincare_recommendations_dataset.csv
REC0001727,sensitive,2,1,1,4,gentle foam cleanser,rich cream moisturizer,vitamin c serum,spf30,calming treatment,skincare_datasets.xlsx::Recommendations|skincare_recommendations_dataset.csv
REC0001728,sensitive,2,1,1,4,gentle foam cleanser,soothing moisturizer,niacinamide serum,spf50 matte,barrier repair,skincare_datasets.xlsx::Recommendations|skincare_recommendations_dataset.csv
REC0001729,sensitive,2,1,2,2,hydrating cleanser,soothing moisturizer,niacinamide serum,spf50,chemical exfoliation,skincare_datasets.xlsx::Recommendations|skincare_recommendations_dataset.csv
REC0001730,sensitive,2,1,2,3,milk cleanser,soothing moisturizer,hyaluronic acid serum,spf50 matte,anti aging routine,skincare_datasets.xlsx::Recommendations|skincare_recommendations_dataset.csv
REC0001731,sensitive,2,1,2,4,ultra gentle cleanser,ceramide moisturizer,retinol serum,spf50,hydrating mask,skincare_datasets.xlsx::Recommendations|skincare_recommendations_dataset.csv
REC0001732,sensitive,2,1,3,1,acne control cleanser,oil free gel moisturizer,niacinamide serum,mineral spf50,benzoyl peroxide,skincare_datasets.xlsx::Recommendations|skincare_recommendations_dataset.csv
REC0001733,sensitive,2,1,3,4,salicylic acid cleanser,ceramide moisturizer,peptide serum,spf30,retinol treatment,skincare_datasets.xlsx::Recommendations|skincare_recommendations_dataset.csv
REC0001734,sensitive,2,1,4,4,milk cleanser,soothing moisturizer,niacinamide serum,spf30,benzoyl peroxide,skincare_datasets.xlsx::Recommendations|skincare_recommendations_dataset.csv
REC0001735,sensitive,2,1,5,0,salicylic acid cleanser,soothing moisturizer,hyaluronic acid serum,mineral spf50,benzoyl peroxide,skincare_datasets.xlsx::Recommendations|skincare_recommendations_dataset.csv
REC0001736,sensitive,2,1,5,2,salicylic acid cleanser,light lotion moisturizer,vitamin c serum,spf50,hydrating mask,skincare_datasets.xlsx::Recommendations|skincare_recommendations_dataset.csv
REC0001737,sensitive,2,1,5,3,ultra gentle cleanser,oil free gel moisturizer,hyaluronic acid serum,mineral spf50,chemical exfoliation,skincare_datasets.xlsx::Recommendations|skincare_recommendations_dataset.csv
REC0001738,sensitive,2,1,5,4,salicylic acid cleanser,oil free gel moisturizer,centella serum,mineral spf50,retinol treatment,skincare_datasets.xlsx::Recommendations|skincare_recommendations_dataset.csv
REC0001739,sensitive,2,1,5,4,ultra gentle cleanser,soothing moisturizer,peptide serum,spf50,chemical exfoliation,skincare_datasets.xlsx::Recommendations|skincare_recommendations_dataset.csv
REC0001740,sensitive,2,2,1,3,hydrating cleanser,oil free gel moisturizer,hyaluronic acid serum,spf50 matte,retinol treatment,skincare_datasets.xlsx::Recommendations|skincare_recommendations_dataset.csv
REC0001741,sensitive,2,2,2,1,salicylic acid cleanser,ceramide moisturizer,retinol serum,spf50,benzoyl peroxide,skincare_datasets.xlsx::Recommendations|skincare_recommendations_dataset.csv
REC0001742,sensitive,2,2,3,2,gentle foam cleanser,soothing moisturizer,peptide serum,spf50 matte,retinol treatment,skincare_datasets.xlsx::Recommendations|skincare_recommendations_dataset.csv
REC0001743,sensitive,2,2,3,5,acne control cleanser,oil free gel moisturizer,vitamin c serum,spf50,retinol treatment,skincare_datasets.xlsx::Recommendations|skincare_recommendations_dataset.csv
REC0001744,sensitive,2,2,4,0,ultra gentle cleanser,soothing moisturizer,peptide serum,spf30,chemical exfoliation,skincare_datasets.xlsx::Recommendations|skincare_recommendations_dataset.csv
REC0001745,sensitive,2,2,4,2,salicylic acid cleanser,light lotion moisturizer,niacinamide serum,spf30,chemical exfoliation,skincare_datasets.xlsx::Recommendations|skincare_recommendations_dataset.csv
REC0001746,sensitive,2,2,4,3,gentle foam cleanser,soothing moisturizer,vitamin c serum,mineral spf50,hydrating mask,skincare_datasets.xlsx::Recommendations|skincare_recommendations_dataset.csv
REC0001747,sensitive,2,2,4,3,salicylic acid cleanser,soothing moisturizer,centella serum,spf50,benzoyl peroxide,skincare_datasets.xlsx::Recommendations|skincare_recommendations_dataset.csv
REC0001748,sensitive,2,2,5,3,hydrating cleanser,soothing moisturizer,niacinamide serum,mineral spf50,chemical exfoliation,skincare_datasets.xlsx::Recommendations|skincare_recommendations_dataset.csv
REC0001749,sensitive,2,3,0,1,gentle foam cleanser,oil free gel moisturizer,niacinamide serum,mineral spf50,hydrating mask,skincare_datasets.xlsx::Recommendations|skincare_recommendations_dataset.csv
REC0001750,sensitive,2,3,0,2,ultra gentle cleanser,ceramide moisturizer,hyaluronic acid serum,spf30,chemical exfoliation,skincare_datasets.xlsx::Recommendations|skincare_recommendations_dataset.csv
REC0001751,sensitive,2,3,1,1,hydrating cleanser,ceramide moisturizer,niacinamide serum,spf50 matte,anti aging routine,skincare_datasets.xlsx::Recommendations|skincare_recommendations_dataset.csv
REC0001752,sensitive,2,3,1,1,salicylic acid cleanser,oil free gel moisturizer,niacinamide serum,spf30,retinol treatment,skincare_datasets.xlsx::Recommendations|skincare_recommendations_dataset.csv
REC0001753,sensitive,2,3,1,2,salicylic acid cleanser,oil free gel moisturizer,hyaluronic acid serum,spf50 matte,chemical exfoliation,skincare_datasets.xlsx::Recommendations|skincare_recommendations_dataset.csv
REC0001754,sensitive,2,3,2,4,hydrating cleanser,soothing moisturizer,niacinamide serum,spf30,calming treatment,skincare_datasets.xlsx::Recommendations|skincare_recommendations_dataset.csv
REC0001755,sensitive,2,3,2,4,salicylic acid cleanser,rich cream moisturizer,niacinamide serum,spf50,barrier repair,skincare_datasets.xlsx::Recommendations|skincare_recommendations_dataset.csv
REC0001756,sensitive,2,3,3,2,gentle foam cleanser,ceramide moisturizer,retinol serum,spf50,calming treatment,skincare_datasets.xlsx::Recommendations|skincare_recommendations_dataset.csv
REC0001757,sensitive,2,3,3,5,hydrating cleanser,ceramide moisturizer,niacinamide serum,spf30,chemical exfoliation,skincare_datasets.xlsx::Recommendations|skincare_recommendations_dataset.csv
REC0001758,sensitive,2,3,3,5,hydrating cleanser,soothing moisturizer,peptide serum,spf50 matte,hydrating mask,skincare_datasets.xlsx::Recommendations|skincare_recommendations_dataset.csv
REC0001759,sensitive,2,3,4,1,hydrating cleanser,rich cream moisturizer,niacinamide serum,spf50,anti aging routine,skincare_datasets.xlsx::Recommendations|skincare_recommendations_dataset.csv
REC0001760,sensitive,2,3,5,2,acne control cleanser,ceramide moisturizer,vitamin c serum,mineral spf50,barrier repair,skincare_datasets.xlsx::Recommendations|skincare_recommendations_dataset.csv
REC0001761,sensitive,2,4,0,3,gentle foam cleanser,oil free gel moisturizer,hyaluronic acid serum,spf50 matte,barrier repair,skincare_datasets.xlsx::Recommendations|skincare_recommendations_dataset.csv
REC0001762,sensitive,2,4,0,4,milk cleanser,ceramide moisturizer,centella serum,spf50 matte,retinol treatment,skincare_datasets.xlsx::Recommendations|skincare_recommendations_dataset.csv
REC0001763,sensitive,2,4,1,2,milk cleanser,soothing moisturizer,hyaluronic acid serum,mineral spf50,benzoyl peroxide,skincare_datasets.xlsx::Recommendations|skincare_recommendations_dataset.csv
REC0001764,sensitive,2,4,1,4,milk cleanser,oil free gel moisturizer,peptide serum,spf30,calming treatment,skincare_datasets.xlsx::Recommendations|skincare_recommendations_dataset.csv
REC0001765,sensitive,2,4,2,4,salicylic acid cleanser,oil free gel moisturizer,hyaluronic acid serum,spf50 matte,calming treatment,skincare_datasets.xlsx::Recommendations|skincare_recommendations_dataset.csv
REC0001766,sensitive,2,4,4,1,salicylic acid cleanser,oil free gel moisturizer,hyaluronic acid serum,spf50 matte,hydrating mask,skincare_datasets.xlsx::Recommendations|skincare_recommendations_dataset.csv
REC0001767,sensitive,2,4,4,2,gentle foam cleanser,soothing moisturizer,niacinamide serum,spf50,anti aging routine,skincare_datasets.xlsx::Recommendations|skincare_recommendations_dataset.csv
REC0001768,sensitive,2,4,4,4,hydrating cleanser,rich cream moisturizer,peptide serum,spf50 matte,anti aging routine,skincare_datasets.xlsx::Recommendations|skincare_recommendations_dataset.csv
REC0001769,sensitive,2,4,5,1,ultra gentle cleanser,ceramide moisturizer,retinol serum,spf50 matte,anti aging routine,skincare_datasets.xlsx::Recommendations|skincare_recommendations_dataset.csv
REC0001770,sensitive,2,4,5,2,hydrating cleanser,ceramide moisturizer,peptide serum,mineral spf50,calming treatment,skincare_datasets.xlsx::Recommendations|skincare_recommendations_dataset.csv
REC0001771,sensitive,2,4,5,5,acne control cleanser,oil free gel moisturizer,peptide serum,spf30,anti aging routine,skincare_datasets.xlsx::Recommendations|skincare_recommendations_dataset.csv
REC0001772,sensitive,2,4,5,5,milk cleanser,ceramide moisturizer,peptide serum,spf30,hydrating mask,skincare_datasets.xlsx::Recommendations|skincare_recommendations_dataset.csv
REC0001773,sensitive,2,5,0,5,acne control cleanser,light lotion moisturizer,peptide serum,spf30,retinol treatment,skincare_datasets.xlsx::Recommendations|skincare_recommendations_dataset.csv
REC0001774,sensitive,2,5,1,1,milk cleanser,ceramide moisturizer,niacinamide serum,spf50 matte,anti aging routine,skincare_datasets.xlsx::Recommendations|skincare_recommendations_dataset.csv
REC0001775,sensitive,2,5,1,3,salicylic acid cleanser,soothing moisturizer,vitamin c serum,spf30,retinol treatment,skincare_datasets.xlsx::Recommendations|skincare_recommendations_dataset.csv
REC0001776,sensitive,2,5,1,5,gentle foam cleanser,soothing moisturizer,vitamin c serum,spf50 matte,chemical exfoliation,skincare_datasets.xlsx::Recommendations|skincare_recommendations_dataset.csv
REC0001777,sensitive,2,5,2,0,hydrating cleanser,rich cream moisturizer,centella serum,spf50,hydrating mask,skincare_datasets.xlsx::Recommendations|skincare_recommendations_dataset.csv
REC0001778,sensitive,2,5,2,0,salicylic acid cleanser,soothing moisturizer,centella serum,spf30,barrier repair,skincare_datasets.xlsx::Recommendations|skincare_recommendations_dataset.csv
REC0001779,sensitive,2,5,2,3,hydrating cleanser,light lotion moisturizer,peptide serum,spf50 matte,chemical exfoliation,skincare_datasets.xlsx::Recommendations|skincare_recommendations_dataset.csv
REC0001780,sensitive,2,5,2,3,ultra gentle cleanser,oil free gel moisturizer,niacinamide serum,mineral spf50,retinol treatment,skincare_datasets.xlsx::Recommendations|skincare_recommendations_dataset.csv
REC0001781,sensitive,2,5,3,4,milk cleanser,rich cream moisturizer,peptide serum,mineral spf50,barrier repair,skincare_datasets.xlsx::Recommendations|skincare_recommendations_dataset.csv
REC0001782,sensitive,2,5,3,4,salicylic acid cleanser,ceramide moisturizer,hyaluronic acid serum,spf50,hydrating mask,skincare_datasets.xlsx::Recommendations|skincare_recommendations_dataset.csv
REC0001783,sensitive,2,5,3,5,hydrating cleanser,ceramide moisturizer,retinol serum,spf30,barrier repair,skincare_datasets.xlsx::Recommendations|skincare_recommendations_dataset.csv
REC0001784,sensitive,2,5,4,2,salicylic acid cleanser,soothing moisturizer,hyaluronic acid serum,spf30,benzoyl peroxide,skincare_datasets.xlsx::Recommendations|skincare_recommendations_dataset.csv
REC0001785,sensitive,2,5,4,3,milk cleanser,oil free gel moisturizer,retinol serum,spf50 matte,calming treatment,skincare_datasets.xlsx::Recommendations|skincare_recommendations_dataset.csv
REC0001786,sensitive,2,5,5,3,salicylic acid cleanser,oil free gel moisturizer,vitamin c serum,spf50,hydrating mask,skincare_datasets.xlsx::Recommendations|skincare_recommendations_dataset.csv
REC0001787,sensitive,2,5,5,5,acne control cleanser,ceramide moisturizer,retinol serum,mineral spf50,chemical exfoliation,skincare_datasets.xlsx::Recommendations|skincare_recommendations_dataset.csv
REC0001788,sensitive,3,0,0,2,acne control cleanser,soothing moisturizer,vitamin c serum,spf50 matte,hydrating mask,skincare_datasets.xlsx::Recommendations|skincare_recommendations_dataset.csv
REC0001789,sensitive,3,0,0,3,gentle foam cleanser,soothing moisturizer,niacinamide serum,spf30,anti aging routine,skincare_datasets.xlsx::Recommendations|skincare_recommendations_dataset.csv
REC0001790,sensitive,3,0,1,4,acne control cleanser,oil free gel moisturizer,peptide serum,spf50 matte,barrier repair,skincare_datasets.xlsx::Recommendations|skincare_recommendations_dataset.csv
REC0001791,sensitive,3,0,2,4,salicylic acid cleanser,oil free gel moisturizer,peptide serum,mineral spf50,retinol treatment,skincare_datasets.xlsx::Recommendations|skincare_recommendations_dataset.csv
REC0001792,sensitive,3,0,5,2,gentle foam cleanser,oil free gel moisturizer,hyaluronic acid serum,mineral spf50,hydrating mask,skincare_datasets.xlsx::Recommendations|skincare_recommendations_dataset.csv
REC0001793,sensitive,3,0,5,2,salicylic acid cleanser,oil free gel moisturizer,vitamin c serum,spf30,chemical exfoliation,skincare_datasets.xlsx::Recommendations|skincare_recommendations_dataset.csv
REC0001794,sensitive,3,0,5,3,acne control cleanser,light lotion moisturizer,peptide serum,mineral spf50,calming treatment,skincare_datasets.xlsx::Recommendations|skincare_recommendations_dataset.csv
REC0001795,sensitive,3,0,5,3,salicylic acid cleanser,light lotion moisturizer,peptide serum,spf30,benzoyl peroxide,skincare_datasets.xlsx::Recommendations|skincare_recommendations_dataset.csv
REC0001796,sensitive,3,1,0,0,gentle foam cleanser,rich cream moisturizer,vitamin c serum,mineral spf50,chemical exfoliation,skincare_datasets.xlsx::Recommendations|skincare_recommendations_dataset.csv
REC0001797,sensitive,3,1,1,3,acne control cleanser,ceramide moisturizer,retinol serum,spf30,hydrating mask,skincare_datasets.xlsx::Recommendations|skincare_recommendations_dataset.csv
REC0001798,sensitive,3,1,1,4,gentle foam cleanser,ceramide moisturizer,centella serum,spf50 matte,benzoyl peroxide,skincare_datasets.xlsx::Recommendations|skincare_recommendations_dataset.csv
REC0001799,sensitive,3,1,1,4,ultra gentle cleanser,oil free gel moisturizer,peptide serum,spf30,calming treatment,skincare_datasets.xlsx::Recommendations|skincare_recommendations_dataset.csv
REC0001800,sensitive,3,1,1,5,salicylic acid cleanser,light lotion moisturizer,hyaluronic acid serum,spf30,benzoyl peroxide,skincare_datasets.xlsx::Recommendations|skincare_recommendations_dataset.csv
REC0001801,sensitive,3,1,2,4,acne control cleanser,oil free gel moisturizer,centella serum,spf30,anti aging routine,skincare_datasets.xlsx::Recommendations|skincare_recommendations_dataset.csv
REC0001802,sensitive,3,1,2,4,salicylic acid cleanser,ceramide moisturizer,vitamin c serum,spf30,barrier repair,skincare_datasets.xlsx::Recommendations|skincare_recommendations_dataset.csv
REC0001803,sensitive,3,1,3,0,acne control cleanser,soothing moisturizer,niacinamide serum,spf50 matte,benzoyl peroxide,skincare_datasets.xlsx::Recommendations|skincare_recommendations_dataset.csv
REC0001804,sensitive,3,1,3,0,milk cleanser,ceramide moisturizer,vitamin c serum,spf50,hydrating mask,skincare_datasets.xlsx::Recommendations|skincare_recommendations_dataset.csv
REC0001805,sensitive,3,1,3,4,acne control cleanser,soothing moisturizer,niacinamide serum,spf50 matte,retinol treatment,skincare_datasets.xlsx::Recommendations|skincare_recommendations_dataset.csv
REC0001806,sensitive,3,1,3,5,ultra gentle cleanser,light lotion moisturizer,vitamin c serum,mineral spf50,benzoyl peroxide,skincare_datasets.xlsx::Recommendations|skincare_recommendations_dataset.csv
REC0001807,sensitive,3,1,4,0,hydrating cleanser,ceramide moisturizer,centella serum,spf50,chemical exfoliation,skincare_datasets.xlsx::Recommendations|skincare_recommendations_dataset.csv
REC0001808,sensitive,3,1,4,1,hydrating cleanser,oil free gel moisturizer,retinol serum,mineral spf50,hydrating mask,skincare_datasets.xlsx::Recommendations|skincare_recommendations_dataset.csv
REC0001809,sensitive,3,1,5,2,gentle foam cleanser,ceramide moisturizer,hyaluronic acid serum,spf50,anti aging routine,skincare_datasets.xlsx::Recommendations|skincare_recommendations_dataset.csv
REC0001810,sensitive,3,2,0,0,milk cleanser,soothing moisturizer,hyaluronic acid serum,mineral spf50,barrier repair,skincare_datasets.xlsx::Recommendations|skincare_recommendations_dataset.csv
REC0001811,sensitive,3,2,0,4,salicylic acid cleanser,oil free gel moisturizer,vitamin c serum,spf50,anti aging routine,skincare_datasets.xlsx::Recommendations|skincare_recommendations_dataset.csv
REC0001812,sensitive,3,2,0,4,ultra gentle cleanser,light lotion moisturizer,vitamin c serum,mineral spf50,chemical exfoliation,skincare_datasets.xlsx::Recommendations|skincare_recommendations_dataset.csv
REC0001813,sensitive,3,2,0,5,milk cleanser,soothing moisturizer,vitamin c serum,mineral spf50,calming treatment,skincare_datasets.xlsx::Recommendations|skincare_recommendations_dataset.csv
REC0001814,sensitive,3,2,1,0,milk cleanser,soothing moisturizer,vitamin c serum,spf50 matte,hydrating mask,skincare_datasets.xlsx::Recommendations|skincare_recommendations_dataset.csv
REC0001815,sensitive,3,2,1,5,ultra gentle cleanser,rich cream moisturizer,niacinamide serum,mineral spf50,retinol treatment,skincare_datasets.xlsx::Recommendations|skincare_recommendations_dataset.csv
REC0001816,sensitive,3,2,2,2,acne control cleanser,ceramide moisturizer,retinol serum,mineral spf50,retinol treatment,skincare_datasets.xlsx::Recommendations|skincare_recommendations_dataset.csv
REC0001817,sensitive,3,2,2,4,gentle foam cleanser,rich cream moisturizer,niacinamide serum,spf50 matte,anti aging routine,skincare_datasets.xlsx::Recommendations|skincare_recommendations_dataset.csv
REC0001818,sensitive,3,2,2,4,salicylic acid cleanser,soothing moisturizer,niacinamide serum,spf50,calming treatment,skincare_datasets.xlsx::Recommendations|skincare_recommendations_dataset.csv
REC0001819,sensitive,3,2,4,5,gentle foam cleanser,light lotion moisturizer,retinol serum,spf50,barrier repair,skincare_datasets.xlsx::Recommendations|skincare_recommendations_dataset.csv
REC0001820,sensitive,3,2,5,5,salicylic acid cleanser,soothing moisturizer,vitamin c serum,spf30,calming treatment,skincare_datasets.xlsx::Recommendations|skincare_recommendations_dataset.csv
REC0001821,sensitive,3,3,0,3,gentle foam cleanser,light lotion moisturizer,hyaluronic acid serum,spf50 matte,hydrating mask,skincare_datasets.xlsx::Recommendations|skincare_recommendations_dataset.csv
REC0001822,sensitive,3,3,0,4,milk cleanser,light lotion moisturizer,vitamin c serum,mineral spf50,hydrating mask,skincare_datasets.xlsx::Recommendations|skincare_recommendations_dataset.csv
REC0001823,sensitive,3,3,0,4,ultra gentle cleanser,ceramide moisturizer,retinol serum,spf30,anti aging routine,skincare_datasets.xlsx::Recommendations|skincare_recommendations_dataset.csv
REC0001824,sensitive,3,3,1,1,salicylic acid cleanser,light lotion moisturizer,retinol serum,spf30,hydrating mask,skincare_datasets.xlsx::Recommendations|skincare_recommendations_dataset.csv
REC0001825,sensitive,3,3,1,3,salicylic acid cleanser,rich cream moisturizer,niacinamide serum,spf50,hydrating mask,skincare_datasets.xlsx::Recommendations|skincare_recommendations_dataset.csv
REC0001826,sensitive,3,3,2,0,ultra gentle cleanser,light lotion moisturizer,peptide serum,mineral spf50,hydrating mask,skincare_datasets.xlsx::Recommendations|skincare_recommendations_dataset.csv
REC0001827,sensitive,3,3,2,1,milk cleanser,ceramide moisturizer,retinol serum,spf50,benzoyl peroxide,skincare_datasets.xlsx::Recommendations|skincare_recommendations_dataset.csv
REC0001828,sensitive,3,3,2,4,hydrating cleanser,light lotion moisturizer,hyaluronic acid serum,mineral spf50,retinol treatment,skincare_datasets.xlsx::Recommendations|skincare_recommendations_dataset.csv
REC0001829,sensitive,3,3,3,0,milk cleanser,light lotion moisturizer,retinol serum,spf30,calming treatment,skincare_datasets.xlsx::Recommendations|skincare_recommendations_dataset.csv
REC0001830,sensitive,3,3,4,3,acne control cleanser,ceramide moisturizer,niacinamide serum,spf30,retinol treatment,skincare_datasets.xlsx::Recommendations|skincare_recommendations_dataset.csv
REC0001831,sensitive,3,3,4,3,acne control cleanser,light lotion moisturizer,centella serum,spf50,retinol treatment,skincare_datasets.xlsx::Recommendations|skincare_recommendations_dataset.csv
REC0001832,sensitive,3,3,5,1,acne control cleanser,soothing moisturizer,centella serum,spf50 matte,barrier repair,skincare_datasets.xlsx::Recommendations|skincare_recommendations_dataset.csv
REC0001833,sensitive,3,3,5,5,hydrating cleanser,oil free gel moisturizer,hyaluronic acid serum,spf50 matte,retinol treatment,skincare_datasets.xlsx::Recommendations|skincare_recommendations_dataset.csv
REC0001834,sensitive,3,4,0,2,acne control cleanser,oil free gel moisturizer,hyaluronic acid serum,spf50 matte,anti aging routine,skincare_datasets.xlsx::Recommendations|skincare_recommendations_dataset.csv
REC0001835,sensitive,3,4,0,2,hydrating cleanser,light lotion moisturizer,peptide serum,spf50,barrier repair,skincare_datasets.xlsx::Recommendations|skincare_recommendations_dataset.csv
REC0001836,sensitive,3,4,0,3,acne control cleanser,ceramide moisturizer,peptide serum,mineral spf50,calming treatment,skincare_datasets.xlsx::Recommendations|skincare_recommendations_dataset.csv
REC0001837,sensitive,3,4,1,0,hydrating cleanser,rich cream moisturizer,retinol serum,spf30,hydrating mask,skincare_datasets.xlsx::Recommendations|skincare_recommendations_dataset.csv
REC0001838,sensitive,3,4,1,1,ultra gentle cleanser,ceramide moisturizer,peptide serum,spf30,anti aging routine,skincare_datasets.xlsx::Recommendations|skincare_recommendations_dataset.csv
REC0001839,sensitive,3,4,1,3,gentle foam cleanser,rich cream moisturizer,vitamin c serum,spf50,retinol treatment,skincare_datasets.xlsx::Recommendations|skincare_recommendations_dataset.csv
REC0001840,sensitive,3,4,1,5,ultra gentle cleanser,rich cream moisturizer,peptide serum,spf30,calming treatment,skincare_datasets.xlsx::Recommendations|skincare_recommendations_dataset.csv
REC0001841,sensitive,3,4,2,0,salicylic acid cleanser,light lotion moisturizer,retinol serum,spf50 matte,barrier repair,skincare_datasets.xlsx::Recommendations|skincare_recommendations_dataset.csv
REC0001842,sensitive,3,4,2,1,acne control cleanser,rich cream moisturizer,hyaluronic acid serum,spf50,retinol treatment,skincare_datasets.xlsx::Recommendations|skincare_recommendations_dataset.csv
REC0001843,sensitive,3,4,2,4,salicylic acid cleanser,ceramide moisturizer,niacinamide serum,spf50,retinol treatment,skincare_datasets.xlsx::Recommendations|skincare_recommendations_dataset.csv
REC0001844,sensitive,3,4,3,4,gentle foam cleanser,soothing moisturizer,peptide serum,spf30,calming treatment,skincare_datasets.xlsx::Recommendations|skincare_recommendations_dataset.csv
REC0001845,sensitive,3,4,4,2,milk cleanser,soothing moisturizer,retinol serum,mineral spf50,hydrating mask,skincare_datasets.xlsx::Recommendations|skincare_recommendations_dataset.csv
REC0001846,sensitive,3,5,0,0,hydrating cleanser,soothing moisturizer,retinol serum,mineral spf50,barrier repair,skincare_datasets.xlsx::Recommendations|skincare_recommendations_dataset.csv
REC0001847,sensitive,3,5,0,1,hydrating cleanser,soothing moisturizer,vitamin c serum,spf50 matte,retinol treatment,skincare_datasets.xlsx::Recommendations|skincare_recommendations_dataset.csv
REC0001848,sensitive,3,5,0,2,salicylic acid cleanser,light lotion moisturizer,peptide serum,mineral spf50,chemical exfoliation,skincare_datasets.xlsx::Recommendations|skincare_recommendations_dataset.csv
REC0001849,sensitive,3,5,1,0,acne control cleanser,ceramide moisturizer,hyaluronic acid serum,spf30,retinol treatment,skincare_datasets.xlsx::Recommendations|skincare_recommendations_dataset.csv
REC0001850,sensitive,3,5,1,1,acne control cleanser,soothing moisturizer,peptide serum,spf50 matte,chemical exfoliation,skincare_datasets.xlsx::Recommendations|skincare_recommendations_dataset.csv
REC0001851,sensitive,3,5,1,2,acne control cleanser,light lotion moisturizer,vitamin c serum,spf30,retinol treatment,skincare_datasets.xlsx::Recommendations|skincare_recommendations_dataset.csv
REC0001852,sensitive,3,5,1,4,acne control cleanser,rich cream moisturizer,centella serum,mineral spf50,hydrating mask,skincare_datasets.xlsx::Recommendations|skincare_recommendations_dataset.csv
REC0001853,sensitive,3,5,3,1,milk cleanser,oil free gel moisturizer,centella serum,mineral spf50,hydrating mask,skincare_datasets.xlsx::Recommendations|skincare_recommendations_dataset.csv
REC0001854,sensitive,3,5,3,1,ultra gentle cleanser,ceramide moisturizer,retinol serum,mineral spf50,benzoyl peroxide,skincare_datasets.xlsx::Recommendations|skincare_recommendations_dataset.csv
REC0001855,sensitive,3,5,5,4,gentle foam cleanser,rich cream moisturizer,peptide serum,spf30,benzoyl peroxide,skincare_datasets.xlsx::Recommendations|skincare_recommendations_dataset.csv
REC0001856,sensitive,4,0,0,5,salicylic acid cleanser,oil free gel moisturizer,centella serum,spf50,anti aging routine,skincare_datasets.xlsx::Recommendations|skincare_recommendations_dataset.csv
REC0001857,sensitive,4,0,1,1,ultra gentle cleanser,oil free gel moisturizer,retinol serum,spf50,benzoyl peroxide,skincare_datasets.xlsx::Recommendations|skincare_recommendations_dataset.csv
REC0001858,sensitive,4,0,1,1,ultra gentle cleanser,oil free gel moisturizer,vitamin c serum,spf50 matte,barrier repair,skincare_datasets.xlsx::Recommendations|skincare_recommendations_dataset.csv
REC0001859,sensitive,4,0,2,1,ultra gentle cleanser,rich cream moisturizer,hyaluronic acid serum,spf50 matte,hydrating mask,skincare_datasets.xlsx::Recommendations|skincare_recommendations_dataset.csv
REC0001860,sensitive,4,0,3,2,acne control cleanser,oil free gel moisturizer,centella serum,mineral spf50,anti aging routine,skincare_datasets.xlsx::Recommendations|skincare_recommendations_dataset.csv
REC0001861,sensitive,4,0,3,5,salicylic acid cleanser,ceramide moisturizer,vitamin c serum,mineral spf50,benzoyl peroxide,skincare_datasets.xlsx::Recommendations|skincare_recommendations_dataset.csv
REC0001862,sensitive,4,0,4,2,hydrating cleanser,soothing moisturizer,centella serum,spf50,chemical exfoliation,skincare_datasets.xlsx::Recommendations|skincare_recommendations_dataset.csv
REC0001863,sensitive,4,0,4,3,ultra gentle cleanser,rich cream moisturizer,vitamin c serum,spf30,benzoyl peroxide,skincare_datasets.xlsx::Recommendations|skincare_recommendations_dataset.csv
REC0001864,sensitive,4,1,0,5,milk cleanser,light lotion moisturizer,peptide serum,mineral spf50,hydrating mask,skincare_datasets.xlsx::Recommendations|skincare_recommendations_dataset.csv
REC0001865,sensitive,4,1,1,0,milk cleanser,oil free gel moisturizer,niacinamide serum,spf50 matte,calming treatment,skincare_datasets.xlsx::Recommendations|skincare_recommendations_dataset.csv
REC0001866,sensitive,4,1,1,1,acne control cleanser,rich cream moisturizer,niacinamide serum,spf50,hydrating mask,skincare_datasets.xlsx::Recommendations|skincare_recommendations_dataset.csv
REC0001867,sensitive,4,1,1,4,acne control cleanser,light lotion moisturizer,peptide serum,spf50,barrier repair,skincare_datasets.xlsx::Recommendations|skincare_recommendations_dataset.csv
REC0001868,sensitive,4,1,2,1,gentle foam cleanser,soothing moisturizer,vitamin c serum,spf50,hydrating mask,skincare_datasets.xlsx::Recommendations|skincare_recommendations_dataset.csv
REC0001869,sensitive,4,1,2,3,milk cleanser,soothing moisturizer,peptide serum,spf50 matte,barrier repair,skincare_datasets.xlsx::Recommendations|skincare_recommendations_dataset.csv
REC0001870,sensitive,4,1,2,5,ultra gentle cleanser,ceramide moisturizer,retinol serum,mineral spf50,barrier repair,skincare_datasets.xlsx::Recommendations|skincare_recommendations_dataset.csv
REC0001871,sensitive,4,1,3,3,gentle foam cleanser,oil free gel moisturizer,hyaluronic acid serum,mineral spf50,anti aging routine,skincare_datasets.xlsx::Recommendations|skincare_recommendations_dataset.csv
REC0001872,sensitive,4,1,4,1,acne control cleanser,ceramide moisturizer,centella serum,mineral spf50,barrier repair,skincare_datasets.xlsx::Recommendations|skincare_recommendations_dataset.csv
REC0001873,sensitive,4,1,4,1,salicylic acid cleanser,rich cream moisturizer,hyaluronic acid serum,spf50 matte,hydrating mask,skincare_datasets.xlsx::Recommendations|skincare_recommendations_dataset.csv
REC0001874,sensitive,4,1,4,2,ultra gentle cleanser,oil free gel moisturizer,vitamin c serum,mineral spf50,barrier repair,skincare_datasets.xlsx::Recommendations|skincare_recommendations_dataset.csv
REC0001875,sensitive,4,1,4,4,gentle foam cleanser,light lotion moisturizer,hyaluronic acid serum,spf50,barrier repair,skincare_datasets.xlsx::Recommendations|skincare_recommendations_dataset.csv
REC0001876,sensitive,4,1,5,0,ultra gentle cleanser,oil free gel moisturizer,centella serum,spf50,anti aging routine,skincare_datasets.xlsx::Recommendations|skincare_recommendations_dataset.csv
REC0001877,sensitive,4,1,5,2,hydrating cleanser,oil free gel moisturizer,niacinamide serum,spf50,hydrating mask,skincare_datasets.xlsx::Recommendations|skincare_recommendations_dataset.csv
REC0001878,sensitive,4,1,5,4,gentle foam cleanser,rich cream moisturizer,niacinamide serum,spf30,retinol treatment,skincare_datasets.xlsx::Recommendations|skincare_recommendations_dataset.csv
REC0001879,sensitive,4,2,0,1,acne control cleanser,soothing moisturizer,peptide serum,spf50 matte,barrier repair,skincare_datasets.xlsx::Recommendations|skincare_recommendations_dataset.csv
REC0001880,sensitive,4,2,0,5,hydrating cleanser,soothing moisturizer,hyaluronic acid serum,spf50 matte,anti aging routine,skincare_datasets.xlsx::Recommendations|skincare_recommendations_dataset.csv
REC0001881,sensitive,4,2,2,0,ultra gentle cleanser,ceramide moisturizer,niacinamide serum,spf50 matte,calming treatment,skincare_datasets.xlsx::Recommendations|skincare_recommendations_dataset.csv
REC0001882,sensitive,4,2,3,0,milk cleanser,oil free gel moisturizer,vitamin c serum,spf50,retinol treatment,skincare_datasets.xlsx::Recommendations|skincare_recommendations_dataset.csv
REC0001883,sensitive,4,2,3,0,salicylic acid cleanser,rich cream moisturizer,niacinamide serum,spf50,chemical exfoliation,skincare_datasets.xlsx::Recommendations|skincare_recommendations_dataset.csv
REC0001884,sensitive,4,2,3,1,acne control cleanser,rich cream moisturizer,vitamin c serum,mineral spf50,calming treatment,skincare_datasets.xlsx::Recommendations|skincare_recommendations_dataset.csv
REC0001885,sensitive,4,2,3,5,ultra gentle cleanser,light lotion moisturizer,niacinamide serum,spf30,chemical exfoliation,skincare_datasets.xlsx::Recommendations|skincare_recommendations_dataset.csv
REC0001886,sensitive,4,2,4,4,acne control cleanser,ceramide moisturizer,niacinamide serum,spf50 matte,benzoyl peroxide,skincare_datasets.xlsx::Recommendations|skincare_recommendations_dataset.csv
REC0001887,sensitive,4,2,5,0,salicylic acid cleanser,soothing moisturizer,niacinamide serum,spf50 matte,calming treatment,skincare_datasets.xlsx::Recommendations|skincare_recommendations_dataset.csv
REC0001888,sensitive,4,2,5,1,acne control cleanser,ceramide moisturizer,peptide serum,spf50,chemical exfoliation,skincare_datasets.xlsx::Recommendations|skincare_recommendations_dataset.csv
REC0001889,sensitive,4,2,5,3,milk cleanser,soothing moisturizer,retinol serum,spf50 matte,hydrating mask,skincare_datasets.xlsx::Recommendations|skincare_recommendations_dataset.csv
REC0001890,sensitive,4,3,0,0,milk cleanser,light lotion moisturizer,peptide serum,spf50,retinol treatment,skincare_datasets.xlsx::Recommendations|skincare_recommendations_dataset.csv
REC0001891,sensitive,4,3,1,0,salicylic acid cleanser,oil free gel moisturizer,centella serum,spf30,benzoyl peroxide,skincare_datasets.xlsx::Recommendations|skincare_recommendations_dataset.csv
REC0001892,sensitive,4,3,2,1,salicylic acid cleanser,rich cream moisturizer,peptide serum,mineral spf50,barrier repair,skincare_datasets.xlsx::Recommendations|skincare_recommendations_dataset.csv
REC0001893,sensitive,4,3,2,3,salicylic acid cleanser,ceramide moisturizer,niacinamide serum,spf50 matte,benzoyl peroxide,skincare_datasets.xlsx::Recommendations|skincare_recommendations_dataset.csv
REC0001894,sensitive,4,3,3,2,acne control cleanser,oil free gel moisturizer,vitamin c serum,spf30,calming treatment,skincare_datasets.xlsx::Recommendations|skincare_recommendations_dataset.csv
REC0001895,sensitive,4,3,4,0,ultra gentle cleanser,rich cream moisturizer,niacinamide serum,spf50 matte,calming treatment,skincare_datasets.xlsx::Recommendations|skincare_recommendations_dataset.csv
REC0001896,sensitive,4,3,4,1,gentle foam cleanser,light lotion moisturizer,retinol serum,mineral spf50,retinol treatment,skincare_datasets.xlsx::Recommendations|skincare_recommendations_dataset.csv
REC0001897,sensitive,4,3,4,1,hydrating cleanser,ceramide moisturizer,niacinamide serum,spf50 matte,hydrating mask,skincare_datasets.xlsx::Recommendations|skincare_recommendations_dataset.csv
REC0001898,sensitive,4,3,4,1,milk cleanser,light lotion moisturizer,vitamin c serum,spf50,benzoyl peroxide,skincare_datasets.xlsx::Recommendations|skincare_recommendations_dataset.csv
REC0001899,sensitive,4,3,4,4,milk cleanser,rich cream moisturizer,peptide serum,spf30,hydrating mask,skincare_datasets.xlsx::Recommendations|skincare_recommendations_dataset.csv
REC0001900,sensitive,4,3,4,4,salicylic acid cleanser,ceramide moisturizer,centella serum,spf50 matte,anti aging routine,skincare_datasets.xlsx::Recommendations|skincare_recommendations_dataset.csv
REC0001901,sensitive,4,4,0,0,acne control cleanser,rich cream moisturizer,retinol serum,spf30,hydrating mask,skincare_datasets.xlsx::Recommendations|skincare_recommendations_dataset.csv
REC0001902,sensitive,4,4,0,5,ultra gentle cleanser,light lotion moisturizer,hyaluronic acid serum,spf50,barrier repair,skincare_datasets.xlsx::Recommendations|skincare_recommendations_dataset.csv
REC0001903,sensitive,4,4,1,2,salicylic acid cleanser,oil free gel moisturizer,retinol serum,spf30,benzoyl peroxide,skincare_datasets.xlsx::Recommendations|skincare_recommendations_dataset.csv
REC0001904,sensitive,4,4,1,4,ultra gentle cleanser,oil free gel moisturizer,centella serum,spf50,anti aging routine,skincare_datasets.xlsx::Recommendations|skincare_recommendations_dataset.csv
REC0001905,sensitive,4,4,3,0,ultra gentle cleanser,light lotion moisturizer,niacinamide serum,mineral spf50,hydrating mask,skincare_datasets.xlsx::Recommendations|skincare_recommendations_dataset.csv
REC0001906,sensitive,4,4,4,0,acne control cleanser,soothing moisturizer,peptide serum,spf30,hydrating mask,skincare_datasets.xlsx::Recommendations|skincare_recommendations_dataset.csv
REC0001907,sensitive,4,4,4,2,gentle foam cleanser,ceramide moisturizer,hyaluronic acid serum,spf50 matte,calming treatment,skincare_datasets.xlsx::Recommendations|skincare_recommendations_dataset.csv
REC0001908,sensitive,4,4,5,5,salicylic acid cleanser,ceramide moisturizer,peptide serum,spf50 matte,chemical exfoliation,skincare_datasets.xlsx::Recommendations|skincare_recommendations_dataset.csv
REC0001909,sensitive,4,5,1,2,hydrating cleanser,ceramide moisturizer,niacinamide serum,spf50 matte,retinol treatment,skincare_datasets.xlsx::Recommendations|skincare_recommendations_dataset.csv
REC0001910,sensitive,4,5,3,5,hydrating cleanser,oil free gel moisturizer,vitamin c serum,spf50,chemical exfoliation,skincare_datasets.xlsx::Recommendations|skincare_recommendations_dataset.csv
REC0001911,sensitive,4,5,3,5,salicylic acid cleanser,oil free gel moisturizer,retinol serum,mineral spf50,retinol treatment,skincare_datasets.xlsx::Recommendations|skincare_recommendations_dataset.csv
REC0001912,sensitive,4,5,3,5,salicylic acid cleanser,oil free gel moisturizer,retinol serum,spf30,benzoyl peroxide,skincare_datasets.xlsx::Recommendations|skincare_recommendations_dataset.csv
REC0001913,sensitive,4,5,4,1,ultra gentle cleanser,ceramide moisturizer,retinol serum,spf50,hydrating mask,skincare_datasets.xlsx::Recommendations|skincare_recommendations_dataset.csv
REC0001914,sensitive,4,5,5,0,ultra gentle cleanser,ceramide moisturizer,retinol serum,spf50 matte,anti aging routine,skincare_datasets.xlsx::Recommendations|skincare_recommendations_dataset.csv
REC0001915,sensitive,4,5,5,5,gentle foam cleanser,ceramide moisturizer,hyaluronic acid serum,spf30,chemical exfoliation,skincare_datasets.xlsx::Recommendations|skincare_recommendations_dataset.csv
REC0001916,sensitive,5,0,1,2,hydrating cleanser,soothing moisturizer,centella serum,spf50,calming treatment,skincare_datasets.xlsx::Recommendations|skincare_recommendations_dataset.csv
REC0001917,sensitive,5,0,1,3,salicylic acid cleanser,oil free gel moisturizer,vitamin c serum,spf50 matte,chemical exfoliation,skincare_datasets.xlsx::Recommendations|skincare_recommendations_dataset.csv
REC0001918,sensitive,5,0,1,5,gentle foam cleanser,soothing moisturizer,niacinamide serum,mineral spf50,chemical exfoliation,skincare_datasets.xlsx::Recommendations|skincare_recommendations_dataset.csv
REC0001919,sensitive,5,0,2,2,hydrating cleanser,rich cream moisturizer,hyaluronic acid serum,spf50 matte,anti aging routine,skincare_datasets.xlsx::Recommendations|skincare_recommendations_dataset.csv
REC0001920,sensitive,5,0,2,5,gentle foam cleanser,soothing moisturizer,peptide serum,mineral spf50,anti aging routine,skincare_datasets.xlsx::Recommendations|skincare_recommendations_dataset.csv
REC0001921,sensitive,5,0,4,0,ultra gentle cleanser,soothing moisturizer,vitamin c serum,spf50 matte,anti aging routine,skincare_datasets.xlsx::Recommendations|skincare_recommendations_dataset.csv
REC0001922,sensitive,5,0,4,1,gentle foam cleanser,oil free gel moisturizer,hyaluronic acid serum,spf50,chemical exfoliation,skincare_datasets.xlsx::Recommendations|skincare_recommendations_dataset.csv
REC0001923,sensitive,5,0,4,4,salicylic acid cleanser,light lotion moisturizer,peptide serum,spf30,retinol treatment,skincare_datasets.xlsx::Recommendations|skincare_recommendations_dataset.csv
REC0001924,sensitive,5,0,5,0,milk cleanser,soothing moisturizer,peptide serum,spf30,chemical exfoliation,skincare_datasets.xlsx::Recommendations|skincare_recommendations_dataset.csv
REC0001925,sensitive,5,0,5,0,ultra gentle cleanser,light lotion moisturizer,hyaluronic acid serum,spf50 matte,anti aging routine,skincare_datasets.xlsx::Recommendations|skincare_recommendations_dataset.csv
REC0001926,sensitive,5,0,5,4,milk cleanser,rich cream moisturizer,retinol serum,spf30,anti aging routine,skincare_datasets.xlsx::Recommendations|skincare_recommendations_dataset.csv
REC0001927,sensitive,5,0,5,5,milk cleanser,ceramide moisturizer,centella serum,spf50 matte,barrier repair,skincare_datasets.xlsx::Recommendations|skincare_recommendations_dataset.csv
REC0001928,sensitive,5,1,0,0,ultra gentle cleanser,rich cream moisturizer,vitamin c serum,spf30,anti aging routine,skincare_datasets.xlsx::Recommendations|skincare_recommendations_dataset.csv
REC0001929,sensitive,5,1,0,4,salicylic acid cleanser,soothing moisturizer,centella serum,mineral spf50,anti aging routine,skincare_datasets.xlsx::Recommendations|skincare_recommendations_dataset.csv
REC0001930,sensitive,5,1,0,5,ultra gentle cleanser,ceramide moisturizer,centella serum,spf50,calming treatment,skincare_datasets.xlsx::Recommendations|skincare_recommendations_dataset.csv
REC0001931,sensitive,5,1,1,0,acne control cleanser,soothing moisturizer,peptide serum,spf30,hydrating mask,skincare_datasets.xlsx::Recommendations|skincare_recommendations_dataset.csv
REC0001932,sensitive,5,1,1,4,salicylic acid cleanser,ceramide moisturizer,centella serum,spf50 matte,hydrating mask,skincare_datasets.xlsx::Recommendations|skincare_recommendations_dataset.csv
REC0001933,sensitive,5,1,2,3,gentle foam cleanser,soothing moisturizer,peptide serum,mineral spf50,benzoyl peroxide,skincare_datasets.xlsx::Recommendations|skincare_recommendations_dataset.csv
REC0001934,sensitive,5,1,3,0,acne control cleanser,rich cream moisturizer,niacinamide serum,mineral spf50,hydrating mask,skincare_datasets.xlsx::Recommendations|skincare_recommendations_dataset.csv
REC0001935,sensitive,5,1,3,0,hydrating cleanser,light lotion moisturizer,niacinamide serum,spf50 matte,chemical exfoliation,skincare_datasets.xlsx::Recommendations|skincare_recommendations_dataset.csv
REC0001936,sensitive,5,1,3,1,acne control cleanser,soothing moisturizer,peptide serum,mineral spf50,retinol treatment,skincare_datasets.xlsx::Recommendations|skincare_recommendations_dataset.csv
REC0001937,sensitive,5,1,3,3,ultra gentle cleanser,ceramide moisturizer,vitamin c serum,mineral spf50,barrier repair,skincare_datasets.xlsx::Recommendations|skincare_recommendations_dataset.csv
REC0001938,sensitive,5,1,3,4,milk cleanser,light lotion moisturizer,retinol serum,spf30,barrier repair,skincare_datasets.xlsx::Recommendations|skincare_recommendations_dataset.csv
REC0001939,sensitive,5,1,4,0,ultra gentle cleanser,oil free gel moisturizer,retinol serum,spf30,anti aging routine,skincare_datasets.xlsx::Recommendations|skincare_recommendations_dataset.csv
REC0001940,sensitive,5,1,4,3,ultra gentle cleanser,light lotion moisturizer,retinol serum,spf30,anti aging routine,skincare_datasets.xlsx::Recommendations|skincare_recommendations_dataset.csv
REC0001941,sensitive,5,1,5,2,hydrating cleanser,light lotion moisturizer,niacinamide serum,spf50 matte,hydrating mask,skincare_datasets.xlsx::Recommendations|skincare_recommendations_dataset.csv
REC0001942,sensitive,5,1,5,2,salicylic acid cleanser,oil free gel moisturizer,niacinamide serum,spf50,calming treatment,skincare_datasets.xlsx::Recommendations|skincare_recommendations_dataset.csv
REC0001943,sensitive,5,1,5,4,hydrating cleanser,oil free gel moisturizer,peptide serum,mineral spf50,retinol treatment,skincare_datasets.xlsx::Recommendations|skincare_recommendations_dataset.csv
REC0001944,sensitive,5,2,0,3,milk cleanser,oil free gel moisturizer,peptide serum,spf30,barrier repair,skincare_datasets.xlsx::Recommendations|skincare_recommendations_dataset.csv
REC0001945,sensitive,5,2,0,3,salicylic acid cleanser,ceramide moisturizer,vitamin c serum,spf50,benzoyl peroxide,skincare_datasets.xlsx::Recommendations|skincare_recommendations_dataset.csv
REC0001946,sensitive,5,2,1,1,ultra gentle cleanser,light lotion moisturizer,niacinamide serum,spf50,retinol treatment,skincare_datasets.xlsx::Recommendations|skincare_recommendations_dataset.csv
REC0001947,sensitive,5,2,1,2,acne control cleanser,soothing moisturizer,centella serum,spf30,barrier repair,skincare_datasets.xlsx::Recommendations|skincare_recommendations_dataset.csv
REC0001948,sensitive,5,2,1,3,milk cleanser,rich cream moisturizer,centella serum,spf30,hydrating mask,skincare_datasets.xlsx::Recommendations|skincare_recommendations_dataset.csv
REC0001949,sensitive,5,2,1,3,milk cleanser,soothing moisturizer,retinol serum,spf50 matte,hydrating mask,skincare_datasets.xlsx::Recommendations|skincare_recommendations_dataset.csv
REC0001950,sensitive,5,2,2,3,acne control cleanser,oil free gel moisturizer,vitamin c serum,spf50 matte,calming treatment,skincare_datasets.xlsx::Recommendations|skincare_recommendations_dataset.csv
REC0001951,sensitive,5,2,3,3,ultra gentle cleanser,rich cream moisturizer,niacinamide serum,spf30,benzoyl peroxide,skincare_datasets.xlsx::Recommendations|skincare_recommendations_dataset.csv
REC0001952,sensitive,5,2,4,0,hydrating cleanser,soothing moisturizer,vitamin c serum,spf50,retinol treatment,skincare_datasets.xlsx::Recommendations|skincare_recommendations_dataset.csv
REC0001953,sensitive,5,2,4,5,gentle foam cleanser,ceramide moisturizer,hyaluronic acid serum,spf30,anti aging routine,skincare_datasets.xlsx::Recommendations|skincare_recommendations_dataset.csv
REC0001954,sensitive,5,2,5,0,gentle foam cleanser,light lotion moisturizer,hyaluronic acid serum,spf50 matte,chemical exfoliation,skincare_datasets.xlsx::Recommendations|skincare_recommendations_dataset.csv
REC0001955,sensitive,5,2,5,2,hydrating cleanser,ceramide moisturizer,vitamin c serum,spf30,anti aging routine,skincare_datasets.xlsx::Recommendations|skincare_recommendations_dataset.csv
REC0001956,sensitive,5,2,5,4,acne control cleanser,ceramide moisturizer,vitamin c serum,spf30,benzoyl peroxide,skincare_datasets.xlsx::Recommendations|skincare_recommendations_dataset.csv
REC0001957,sensitive,5,2,5,4,ultra gentle cleanser,oil free gel moisturizer,centella serum,spf50 matte,benzoyl peroxide,skincare_datasets.xlsx::Recommendations|skincare_recommendations_dataset.csv
REC0001958,sensitive,5,2,5,5,milk cleanser,ceramide moisturizer,hyaluronic acid serum,spf50 matte,retinol treatment,skincare_datasets.xlsx::Recommendations|skincare_recommendations_dataset.csv
REC0001959,sensitive,5,3,0,3,acne control cleanser,oil free gel moisturizer,hyaluronic acid serum,spf50,barrier repair,skincare_datasets.xlsx::Recommendations|skincare_recommendations_dataset.csv
REC0001960,sensitive,5,3,0,4,acne control cleanser,ceramide moisturizer,hyaluronic acid serum,spf30,barrier repair,skincare_datasets.xlsx::Recommendations|skincare_recommendations_dataset.csv
REC0001961,sensitive,5,3,1,4,gentle foam cleanser,oil free gel moisturizer,niacinamide serum,spf50,barrier repair,skincare_datasets.xlsx::Recommendations|skincare_recommendations_dataset.csv
REC0001962,sensitive,5,3,2,5,gentle foam cleanser,ceramide moisturizer,niacinamide serum,mineral spf50,chemical exfoliation,skincare_datasets.xlsx::Recommendations|skincare_recommendations_dataset.csv
REC0001963,sensitive,5,3,3,5,acne control cleanser,ceramide moisturizer,centella serum,spf50 matte,benzoyl peroxide,skincare_datasets.xlsx::Recommendations|skincare_recommendations_dataset.csv
REC0001964,sensitive,5,3,4,1,milk cleanser,ceramide moisturizer,hyaluronic acid serum,spf30,anti aging routine,skincare_datasets.xlsx::Recommendations|skincare_recommendations_dataset.csv
REC0001965,sensitive,5,3,4,1,milk cleanser,soothing moisturizer,niacinamide serum,spf30,benzoyl peroxide,skincare_datasets.xlsx::Recommendations|skincare_recommendations_dataset.csv
REC0001966,sensitive,5,3,4,3,salicylic acid cleanser,soothing moisturizer,niacinamide serum,spf30,anti aging routine,skincare_datasets.xlsx::Recommendations|skincare_recommendations_dataset.csv
REC0001967,sensitive,5,3,5,0,acne control cleanser,soothing moisturizer,retinol serum,spf50 matte,barrier repair,skincare_datasets.xlsx::Recommendations|skincare_recommendations_dataset.csv
REC0001968,sensitive,5,3,5,3,acne control cleanser,ceramide moisturizer,retinol serum,spf50 matte,barrier repair,skincare_datasets.xlsx::Recommendations|skincare_recommendations_dataset.csv
REC0001969,sensitive,5,3,5,4,milk cleanser,soothing moisturizer,centella serum,mineral spf50,hydrating mask,skincare_datasets.xlsx::Recommendations|skincare_recommendations_dataset.csv
REC0001970,sensitive,5,3,5,5,hydrating cleanser,light lotion moisturizer,vitamin c serum,spf50,calming treatment,skincare_datasets.xlsx::Recommendations|skincare_recommendations_dataset.csv
REC0001971,sensitive,5,3,5,5,salicylic acid cleanser,ceramide moisturizer,centella serum,spf50 matte,calming treatment,skincare_datasets.xlsx::Recommendations|skincare_recommendations_dataset.csv
REC0001972,sensitive,5,4,0,0,ultra gentle cleanser,oil free gel moisturizer,vitamin c serum,mineral spf50,retinol treatment,skincare_datasets.xlsx::Recommendations|skincare_recommendations_dataset.csv
REC0001973,sensitive,5,4,0,2,ultra gentle cleanser,ceramide moisturizer,vitamin c serum,spf50 matte,benzoyl peroxide,skincare_datasets.xlsx::Recommendations|skincare_recommendations_dataset.csv
REC0001974,sensitive,5,4,1,1,hydrating cleanser,light lotion moisturizer,vitamin c serum,spf50 matte,retinol treatment,skincare_datasets.xlsx::Recommendations|skincare_recommendations_dataset.csv
REC0001975,sensitive,5,4,2,0,milk cleanser,soothing moisturizer,retinol serum,spf50,calming treatment,skincare_datasets.xlsx::Recommendations|skincare_recommendations_dataset.csv
REC0001976,sensitive,5,4,2,1,milk cleanser,soothing moisturizer,peptide serum,spf50 matte,anti aging routine,skincare_datasets.xlsx::Recommendations|skincare_recommendations_dataset.csv
REC0001977,sensitive,5,4,2,1,salicylic acid cleanser,ceramide moisturizer,vitamin c serum,spf50 matte,anti aging routine,skincare_datasets.xlsx::Recommendations|skincare_recommendations_dataset.csv
REC0001978,sensitive,5,4,2,3,gentle foam cleanser,ceramide moisturizer,retinol serum,spf50 matte,barrier repair,skincare_datasets.xlsx::Recommendations|skincare_recommendations_dataset.csv
REC0001979,sensitive,5,4,3,1,ultra gentle cleanser,rich cream moisturizer,niacinamide serum,mineral spf50,chemical exfoliation,skincare_datasets.xlsx::Recommendations|skincare_recommendations_dataset.csv
REC0001980,sensitive,5,4,4,0,milk cleanser,ceramide moisturizer,niacinamide serum,mineral spf50,retinol treatment,skincare_datasets.xlsx::Recommendations|skincare_recommendations_dataset.csv
REC0001981,sensitive,5,4,4,2,milk cleanser,ceramide moisturizer,vitamin c serum,spf30,anti aging routine,skincare_datasets.xlsx::Recommendations|skincare_recommendations_dataset.csv
REC0001982,sensitive,5,4,4,3,gentle foam cleanser,oil free gel moisturizer,vitamin c serum,spf50,chemical exfoliation,skincare_datasets.xlsx::Recommendations|skincare_recommendations_dataset.csv
REC0001983,sensitive,5,4,5,1,salicylic acid cleanser,light lotion moisturizer,retinol serum,spf50,chemical exfoliation,skincare_datasets.xlsx::Recommendations|skincare_recommendations_dataset.csv
REC0001984,sensitive,5,4,5,5,salicylic acid cleanser,oil free gel moisturizer,niacinamide serum,spf50 matte,barrier repair,skincare_datasets.xlsx::Recommendations|skincare_recommendations_dataset.csv
REC0001985,sensitive,5,5,0,1,acne control cleanser,ceramide moisturizer,niacinamide serum,spf50 matte,benzoyl peroxide,skincare_datasets.xlsx::Recommendations|skincare_recommendations_dataset.csv
REC0001986,sensitive,5,5,0,1,gentle foam cleanser,light lotion moisturizer,retinol serum,mineral spf50,benzoyl peroxide,skincare_datasets.xlsx::Recommendations|skincare_recommendations_dataset.csv
REC0001987,sensitive,5,5,0,2,acne control cleanser,rich cream moisturizer,hyaluronic acid serum,mineral spf50,calming treatment,skincare_datasets.xlsx::Recommendations|skincare_recommendations_dataset.csv
REC0001988,sensitive,5,5,0,3,gentle foam cleanser,oil free gel moisturizer,retinol serum,mineral spf50,chemical exfoliation,skincare_datasets.xlsx::Recommendations|skincare_recommendations_dataset.csv
REC0001989,sensitive,5,5,1,2,salicylic acid cleanser,oil free gel moisturizer,niacinamide serum,spf50 matte,hydrating mask,skincare_datasets.xlsx::Recommendations|skincare_recommendations_dataset.csv
REC0001990,sensitive,5,5,2,1,hydrating cleanser,light lotion moisturizer,vitamin c serum,mineral spf50,anti aging routine,skincare_datasets.xlsx::Recommendations|skincare_recommendations_dataset.csv
REC0001991,sensitive,5,5,2,2,acne control cleanser,oil free gel moisturizer,retinol serum,spf30,calming treatment,skincare_datasets.xlsx::Recommendations|skincare_recommendations_dataset.csv
REC0001992,sensitive,5,5,2,5,ultra gentle cleanser,oil free gel moisturizer,centella serum,spf30,retinol treatment,skincare_datasets.xlsx::Recommendations|skincare_recommendations_dataset.csv
REC0001993,sensitive,5,5,3,0,hydrating cleanser,rich cream moisturizer,niacinamide serum,spf50 matte,calming treatment,skincare_datasets.xlsx::Recommendations|skincare_recommendations_dataset.csv
REC0001994,sensitive,5,5,3,1,gentle foam cleanser,light lotion moisturizer,centella serum,mineral spf50,hydrating mask,skincare_datasets.xlsx::Recommendations|skincare_recommendations_dataset.csv
REC0001995,sensitive,5,5,4,1,salicylic acid cleanser,rich cream moisturizer,centella serum,spf50 matte,barrier repair,skincare_datasets.xlsx::Recommendations|skincare_recommendations_dataset.csv
REC0001996,sensitive,5,5,4,5,gentle foam cleanser,rich cream moisturizer,hyaluronic acid serum,spf50 matte,anti aging routine,skincare_datasets.xlsx::Recommendations|skincare_recommendations_dataset.csv
REC0001997,sensitive,5,5,5,0,acne control cleanser,rich cream moisturizer,hyaluronic acid serum,spf50 matte,chemical exfoliation,skincare_datasets.xlsx::Recommendations|skincare_recommendations_dataset.csv
REC0001998,sensitive,5,5,5,0,ultra gentle cleanser,soothing moisturizer,retinol serum,spf30,benzoyl peroxide,skincare_datasets.xlsx::Recommendations|skincare_recommendations_dataset.csv
REC0001999,sensitive,5,5,5,3,milk cleanser,oil free gel moisturizer,vitamin c serum,mineral spf50,retinol treatment,skincare_datasets.xlsx::Recommendations|skincare_recommendations_dataset.csv
REC0002000,sensitive,5,5,5,4,gentle foam cleanser,light lotion moisturizer,hyaluronic acid serum,mineral spf50,chemical exfoliation,skincare_datasets.xlsx::Recommendations|skincare_recommendations_dataset.csv
