routine_id,recommendation_rule_id,skin_type,acne_level_0_5,dryness_level_0_5,oiliness_level_0_5,sensitivity_level_0_5,recommended_cleanser,recommended_moisturizer,recommended_serum,recommended_spf,recommended_treatment,source_datasets,am_routine,pm_routine
RTN0000001,REC0000001,combination,0,0,0,0,ultra gentle cleanser,rich cream moisturizer,vitamin c serum,spf50 matte,benzoyl peroxide,skincare_datasets.xlsx::Recommendations|skincare_recommendations_dataset.csv,1) Cleanser: ultra gentle cleanser | 2) Serum: vitamin c serum | 3) Moisturizer: rich cream moisturizer | 4) SPF: spf50 matte,1) Cleanser: ultra gentle cleanser | 2) Treatment: benzoyl peroxide | 3) Moisturizer: rich cream moisturizer
RTN0000002,REC0000002,combination,0,0,0,2,milk cleanser,soothing moisturizer,centella serum,spf50,benzoyl peroxide,skincare_datasets.xlsx::Recommendations|skincare_recommendations_dataset.csv,1) Cleanser: milk cleanser | 2) Serum: centella serum | 3) Moisturizer: soothing moisturizer | 4) SPF: spf50,1) Cleanser: milk cleanser | 2) Treatment: benzoyl peroxide | 3) Moisturizer: soothing moisturizer
RTN0000003,REC0000003,combination,0,0,0,5,salicylic acid cleanser,soothing moisturizer,centella serum,spf50,benzoyl peroxide,skincare_datasets.xlsx::Recommendations|skincare_recommendations_dataset.csv,1) Cleanser: salicylic acid cleanser | 2) Serum: centella serum | 3) Moisturizer: soothing moisturizer | 4) SPF: spf50,1) Cleanser: salicylic acid cleanser | 2) Treatment: benzoyl peroxide | 3) Moisturizer: soothing moisturizer
RTN0000004,REC0000004,combination,0,0,1,5,hydrating cleanser,ceramide moisturizer,retinol serum,spf50,benzoyl peroxide,skincare_datasets.xlsx::Recommendations|skincare_recommendations_dataset.csv,1) Cleanser: hydrating cleanser | 2) Serum: retinol serum | 3) Moisturizer: ceramide moisturizer | 4) SPF: spf50,1) Cleanser: hydrating cleanser | 2) Treatment: benzoyl peroxide | 3) Moisturizer: ceramide moisturizer
RTN0000005,REC0000005,combination,0,0,2,5,milk cleanser,ceramide moisturizer,vitamin c serum,spf50,anti aging routine,skincare_datasets.xlsx::Recommendations|skincare_recommendations_dataset.csv,1) Cleanser: milk cleanser | 2) Serum: vitamin c serum | 3) Moisturizer: ceramide moisturizer | 4) SPF: spf50,1) Cleanser: milk cleanser | 2) Treatment: anti aging routine | 3) Moisturizer: ceramide moisturizer
RTN0000006,REC0000006,combination,0,0,3,4,acne control cleanser,oil free gel moisturizer,niacinamide serum,spf50 matte,anti aging routine,skincare_datasets.xlsx::Recommendations|skincare_recommendations_dataset.csv,1) Cleanser: acne control cleanser | 2) Serum: niacinamide serum | 3) Moisturizer: oil free gel moisturizer | 4) SPF: spf50 matte,1) Cleanser: acne control cleanser | 2) Treatment: anti aging routine | 3) Moisturizer: oil free gel moisturizer
RTN0000007,REC0000007,combination,0,0,3,5,hydrating cleanser,rich cream moisturizer,retinol serum,spf30,benzoyl peroxide,skincare_datasets.xlsx::Recommendations|skincare_recommendations_dataset.csv,1) Cleanser: hydrating cleanser | 2) Serum: retinol serum | 3) Moisturizer: rich cream moisturizer | 4) SPF: spf30,1) Cleanser: hydrating cleanser | 2) Treatment: benzoyl peroxide | 3) Moisturizer: rich cream moisturizer
RTN0000008,REC0000008,combination,0,0,4,0,acne control cleanser,ceramide moisturizer,peptide serum,spf50,calming treatment,skincare_datasets.xlsx::Recommendations|skincare_recommendations_dataset.csv,1) Cleanser: acne control cleanser | 2) Serum: peptide serum | 3) Moisturizer: ceramide moisturizer | 4) SPF: spf50,1) Cleanser: acne control cleanser | 2) Treatment: calming treatment | 3) Moisturizer: ceramide moisturizer
RTN0000009,REC0000009,combination,0,0,4,3,acne control cleanser,rich cream moisturizer,centella serum,spf50 matte,benzoyl peroxide,skincare_datasets.xlsx::Recommendations|skincare_recommendations_dataset.csv,1) Cleanser: acne control cleanser | 2) Serum: centella serum | 3) Moisturizer: rich cream moisturizer | 4) SPF: spf50 matte,1) Cleanser: acne control cleanser | 2) Treatment: benzoyl peroxide | 3) Moisturizer: rich cream moisturizer
RTN0000010,REC0000010,combination,0,0,4,5,ultra gentle cleanser,light lotion moisturizer,niacinamide serum,mineral spf50,retinol treatment,skincare_datasets.xlsx::Recommendations|skincare_recommendations_dataset.csv,1) Cleanser: ultra gentle cleanser | 2) Serum: niacinamide serum | 3) Moisturizer: light lotion moisturizer | 4) SPF: mineral spf50,1) Cleanser: ultra gentle cleanser | 2) Treatment: retinol treatment | 3) Moisturizer: light lotion moisturizer
RTN0000011,REC0000011,combination,0,0,5,2,hydrating cleanser,rich cream moisturizer,niacinamide serum,spf50,benzoyl peroxide,skincare_datasets.xlsx::Recommendations|skincare_recommendations_dataset.csv,1) Cleanser: hydrating cleanser | 2) Serum: niacinamide serum | 3) Moisturizer: rich cream moisturizer | 4) SPF: spf50,1) Cleanser: hydrating cleanser | 2) Treatment: benzoyl peroxide | 3) Moisturizer: rich cream moisturizer
RTN0000012,REC0000012,combination,0,0,5,2,milk cleanser,soothing moisturizer,hyaluronic acid serum,mineral spf50,barrier repair,skincare_datasets.xlsx::Recommendations|skincare_recommendations_dataset.csv,1) Cleanser: milk cleanser | 2) Serum: hyaluronic acid serum | 3) Moisturizer: soothing moisturizer | 4) SPF: mineral spf50,1) Cleanser: milk cleanser | 2) Treatment: barrier repair | 3) Moisturizer: soothing moisturizer
RTN0000013,REC0000013,combination,0,1,0,4,acne control cleanser,oil free gel moisturizer,hyaluronic acid serum,mineral spf50,anti aging routine,skincare_datasets.xlsx::Recommendations|skincare_recommendations_dataset.csv,1) Cleanser: acne control cleanser | 2) Serum: hyaluronic acid serum | 3) Moisturizer: oil free gel moisturizer | 4) SPF: mineral spf50,1) Cleanser: acne control cleanser | 2) Treatment: anti aging routine | 3) Moisturizer: oil free gel moisturizer
RTN0000014,REC0000014,combination,0,1,2,5,acne control cleanser,light lotion moisturizer,niacinamide serum,mineral spf50,calming treatment,skincare_datasets.xlsx::Recommendations|skincare_recommendations_dataset.csv,1) Cleanser: acne control cleanser | 2) Serum: niacinamide serum | 3) Moisturizer: light lotion moisturizer | 4) SPF: mineral spf50,1) Cleanser: acne control cleanser | 2) Treatment: calming treatment | 3) Moisturizer: light lotion moisturizer
RTN0000015,REC0000015,combination,0,1,3,0,milk cleanser,light lotion moisturizer,hyaluronic acid serum,mineral spf50,anti aging routine,skincare_datasets.xlsx::Recommendations|skincare_recommendations_dataset.csv,1) Cleanser: milk cleanser | 2) Serum: hyaluronic acid serum | 3) Moisturizer: light lotion moisturizer | 4) SPF: mineral spf50,1) Cleanser: milk cleanser | 2) Treatment: anti aging routine | 3) Moisturizer: light lotion moisturizer
RTN0000016,REC0000016,combination,0,1,3,1,salicylic acid cleanser,light lotion moisturizer,retinol serum,mineral spf50,calming treatment,skincare_datasets.xlsx::Recommendations|skincare_recommendations_dataset.csv,1) Cleanser: salicylic acid cleanser | 2) Serum: retinol serum | 3) Moisturizer: light lotion moisturizer | 4) SPF: mineral spf50,1) Cleanser: salicylic acid cleanser | 2) Treatment: calming treatment | 3) Moisturizer: light lotion moisturizer
RTN0000017,REC0000017,combination,0,1,3,2,acne control cleanser,oil free gel moisturizer,retinol serum,spf50,chemical exfoliation,skincare_datasets.xlsx::Recommendations|skincare_recommendations_dataset.csv,1) Cleanser: acne control cleanser | 2) Serum: retinol serum | 3) Moisturizer: oil free gel moisturizer | 4) SPF: spf50,1) Cleanser: acne control cleanser | 2) Treatment: chemical exfoliation | 3) Moisturizer: oil free gel moisturizer
RTN0000018,REC0000018,combination,0,1,3,4,milk cleanser,light lotion moisturizer,peptide serum,spf30,hydrating mask,skincare_datasets.xlsx::Recommendations|skincare_recommendations_dataset.csv,1) Cleanser: milk cleanser | 2) Serum: peptide serum | 3) Moisturizer: light lotion moisturizer | 4) SPF: spf30,1) Cleanser: milk cleanser | 2) Treatment: hydrating mask | 3) Moisturizer: light lotion moisturizer
RTN0000019,REC0000019,combination,0,1,3,5,acne control cleanser,oil free gel moisturizer,niacinamide serum,spf50,barrier repair,skincare_datasets.xlsx::Recommendations|skincare_recommendations_dataset.csv,1) Cleanser: acne control cleanser | 2) Serum: niacinamide serum | 3) Moisturizer: oil free gel moisturizer | 4) SPF: spf50,1) Cleanser: acne control cleanser | 2) Treatment: barrier repair | 3) Moisturizer: oil free gel moisturizer
RTN0000020,REC0000020,combination,0,1,3,5,hydrating cleanser,rich cream moisturizer,niacinamide serum,spf50,retinol treatment,skincare_datasets.xlsx::Recommendations|skincare_recommendations_dataset.csv,1) Cleanser: hydrating cleanser | 2) Serum: niacinamide serum | 3) Moisturizer: rich cream moisturizer | 4) SPF: spf50,1) Cleanser: hydrating cleanser | 2) Treatment: retinol treatment | 3) Moisturizer: rich cream moisturizer
RTN0000021,REC0000021,combination,0,1,3,5,milk cleanser,soothing moisturizer,hyaluronic acid serum,mineral spf50,retinol treatment,skincare_datasets.xlsx::Recommendations|skincare_recommendations_dataset.csv,1) Cleanser: milk cleanser | 2) Serum: hyaluronic acid serum | 3) Moisturizer: soothing moisturizer | 4) SPF: mineral spf50,1) Cleanser: milk cleanser | 2) Treatment: retinol treatment | 3) Moisturizer: soothing moisturizer
RTN0000022,REC0000022,combination,0,1,5,0,gentle foam cleanser,ceramide moisturizer,niacinamide serum,mineral spf50,hydrating mask,skincare_datasets.xlsx::Recommendations|skincare_recommendations_dataset.csv,1) Cleanser: gentle foam cleanser | 2) Serum: niacinamide serum | 3) Moisturizer: ceramide moisturizer | 4) SPF: mineral spf50,1) Cleanser: gentle foam cleanser | 2) Treatment: hydrating mask | 3) Moisturizer: ceramide moisturizer
RTN0000023,REC0000023,combination,0,2,0,1,acne control cleanser,ceramide moisturizer,peptide serum,mineral spf50,retinol treatment,skincare_datasets.xlsx::Recommendations|skincare_recommendations_dataset.csv,1) Cleanser: acne control cleanser | 2) Serum: peptide serum | 3) Moisturizer: ceramide moisturizer | 4) SPF: mineral spf50,1) Cleanser: acne control cleanser | 2) Treatment: retinol treatment | 3) Moisturizer: ceramide moisturizer
RTN0000024,REC0000024,combination,0,2,0,1,ultra gentle cleanser,oil free gel moisturizer,peptide serum,spf50,anti aging routine,skincare_datasets.xlsx::Recommendations|skincare_recommendations_dataset.csv,1) Cleanser: ultra gentle cleanser | 2) Serum: peptide serum | 3) Moisturizer: oil free gel moisturizer | 4) SPF: spf50,1) Cleanser: ultra gentle cleanser | 2) Treatment: anti aging routine | 3) Moisturizer: oil free gel moisturizer
RTN0000025,REC0000025,combination,0,2,0,5,gentle foam cleanser,soothing moisturizer,vitamin c serum,spf50,anti aging routine,skincare_datasets.xlsx::Recommendations|skincare_recommendations_dataset.csv,1) Cleanser: gentle foam cleanser | 2) Serum: vitamin c serum | 3) Moisturizer: soothing moisturizer | 4) SPF: spf50,1) Cleanser: gentle foam cleanser | 2) Treatment: anti aging routine | 3) Moisturizer: soothing moisturizer
RTN0000026,REC0000026,combination,0,2,0,5,salicylic acid cleanser,soothing moisturizer,hyaluronic acid serum,mineral spf50,anti aging routine,skincare_datasets.xlsx::Recommendations|skincare_recommendations_dataset.csv,1) Cleanser: salicylic acid cleanser | 2) Serum: hyaluronic acid serum | 3) Moisturizer: soothing moisturizer | 4) SPF: mineral spf50,1) Cleanser: salicylic acid cleanser | 2) Treatment: anti aging routine | 3) Moisturizer: soothing moisturizer
RTN0000027,REC0000027,combination,0,2,1,1,salicylic acid cleanser,ceramide moisturizer,hyaluronic acid serum,spf30,barrier repair,skincare_datasets.xlsx::Recommendations|skincare_recommendations_dataset.csv,1) Cleanser: salicylic acid cleanser | 2) Serum: hyaluronic acid serum | 3) Moisturizer: ceramide moisturizer | 4) SPF: spf30,1) Cleanser: salicylic acid cleanser | 2) Treatment: barrier repair | 3) Moisturizer: ceramide moisturizer
RTN0000028,REC0000028,combination,0,2,1,2,acne control cleanser,light lotion moisturizer,retinol serum,spf50,benzoyl peroxide,skincare_datasets.xlsx::Recommendations|skincare_recommendations_dataset.csv,1) Cleanser: acne control cleanser | 2) Serum: retinol serum | 3) Moisturizer: light lotion moisturizer | 4) SPF: spf50,1) Cleanser: acne control cleanser | 2) Treatment: benzoyl peroxide | 3) Moisturizer: light lotion moisturizer
RTN0000029,REC0000029,combination,0,2,1,3,milk cleanser,oil free gel moisturizer,peptide serum,spf30,anti aging routine,skincare_datasets.xlsx::Recommendations|skincare_recommendations_dataset.csv,1) Cleanser: milk cleanser | 2) Serum: peptide serum | 3) Moisturizer: oil free gel moisturizer | 4) SPF: spf30,1) Cleanser: milk cleanser | 2) Treatment: anti aging routine | 3) Moisturizer: oil free gel moisturizer
RTN0000030,REC0000030,combination,0,2,2,5,ultra gentle cleanser,light lotion moisturizer,vitamin c serum,spf50,anti aging routine,skincare_datasets.xlsx::Recommendations|skincare_recommendations_dataset.csv,1) Cleanser: ultra gentle cleanser | 2) Serum: vitamin c serum | 3) Moisturizer: light lotion moisturizer | 4) SPF: spf50,1) Cleanser: ultra gentle cleanser | 2) Treatment: anti aging routine | 3) Moisturizer: light lotion moisturizer
RTN0000031,REC0000031,combination,0,2,2,5,ultra gentle cleanser,oil free gel moisturizer,centella serum,mineral spf50,retinol treatment,skincare_datasets.xlsx::Recommendations|skincare_recommendations_dataset.csv,1) Cleanser: ultra gentle cleanser | 2) Serum: centella serum | 3) Moisturizer: oil free gel moisturizer | 4) SPF: mineral spf50,1) Cleanser: ultra gentle cleanser | 2) Treatment: retinol treatment | 3) Moisturizer: oil free gel moisturizer
RTN0000032,REC0000032,combination,0,2,3,2,ultra gentle cleanser,ceramide moisturizer,niacinamide serum,spf30,retinol treatment,skincare_datasets.xlsx::Recommendations|skincare_recommendations_dataset.csv,1) Cleanser: ultra gentle cleanser | 2) Serum: niacinamide serum | 3) Moisturizer: ceramide moisturizer | 4) SPF: spf30,1) Cleanser: ultra gentle cleanser | 2) Treatment: retinol treatment | 3) Moisturizer: ceramide moisturizer
RTN0000033,REC0000033,combination,0,2,3,4,salicylic acid cleanser,rich cream moisturizer,hyaluronic acid serum,mineral spf50,retinol treatment,skincare_datasets.xlsx::Recommendations|skincare_recommendations_dataset.csv,1) Cleanser: salicylic acid cleanser | 2) Serum: hyaluronic acid serum | 3) Moisturizer: rich cream moisturizer | 4) SPF: mineral spf50,1) Cleanser: salicylic acid cleanser | 2) Treatment: retinol treatment | 3) Moisturizer: rich cream moisturizer
RTN0000034,REC0000034,combination,0,2,4,0,hydrating cleanser,soothing moisturizer,retinol serum,spf50,barrier repair,skincare_datasets.xlsx::Recommendations|skincare_recommendations_dataset.csv,1) Cleanser: hydrating cleanser | 2) Serum: retinol serum | 3) Moisturizer: soothing moisturizer | 4) SPF: spf50,1) Cleanser: hydrating cleanser | 2) Treatment: barrier repair | 3) Moisturizer: soothing moisturizer
RTN0000035,REC0000035,combination,0,2,4,0,ultra gentle cleanser,light lotion moisturizer,hyaluronic acid serum,spf30,anti aging routine,skincare_datasets.xlsx::Recommendations|skincare_recommendations_dataset.csv,1) Cleanser: ultra gentle cleanser | 2) Serum: hyaluronic acid serum | 3) Moisturizer: light lotion moisturizer | 4) SPF: spf30,1) Cleanser: ultra gentle cleanser | 2) Treatment: anti aging routine | 3) Moisturizer: light lotion moisturizer
RTN0000036,REC0000036,combination,0,2,4,5,milk cleanser,light lotion moisturizer,hyaluronic acid serum,spf50,barrier repair,skincare_datasets.xlsx::Recommendations|skincare_recommendations_dataset.csv,1) Cleanser: milk cleanser | 2) Serum: hyaluronic acid serum | 3) Moisturizer: light lotion moisturizer | 4) SPF: spf50,1) Cleanser: milk cleanser | 2) Treatment: barrier repair | 3) Moisturizer: light lotion moisturizer
RTN0000037,REC0000037,combination,0,2,5,0,gentle foam cleanser,soothing moisturizer,centella serum,spf50 matte,hydrating mask,skincare_datasets.xlsx::Recommendations|skincare_recommendations_dataset.csv,1) Cleanser: gentle foam cleanser | 2) Serum: centella serum | 3) Moisturizer: soothing moisturizer | 4) SPF: spf50 matte,1) Cleanser: gentle foam cleanser | 2) Treatment: hydrating mask | 3) Moisturizer: soothing moisturizer
RTN0000038,REC0000038,combination,0,2,5,4,acne control cleanser,soothing moisturizer,peptide serum,spf50,anti aging routine,skincare_datasets.xlsx::Recommendations|skincare_recommendations_dataset.csv,1) Cleanser: acne control cleanser | 2) Serum: peptide serum | 3) Moisturizer: soothing moisturizer | 4) SPF: spf50,1) Cleanser: acne control cleanser | 2) Treatment: anti aging routine | 3) Moisturizer: soothing moisturizer
RTN0000039,REC0000039,combination,0,3,0,5,gentle foam cleanser,light lotion moisturizer,hyaluronic acid serum,spf30,retinol treatment,skincare_datasets.xlsx::Recommendations|skincare_recommendations_dataset.csv,1) Cleanser: gentle foam cleanser | 2) Serum: hyaluronic acid serum | 3) Moisturizer: light lotion moisturizer | 4) SPF: spf30,1) Cleanser: gentle foam cleanser | 2) Treatment: retinol treatment | 3) Moisturizer: light lotion moisturizer
RTN0000040,REC0000040,combination,0,3,1,3,ultra gentle cleanser,rich cream moisturizer,centella serum,spf50,calming treatment,skincare_datasets.xlsx::Recommendations|skincare_recommendations_dataset.csv,1) Cleanser: ultra gentle cleanser | 2) Serum: centella serum | 3) Moisturizer: rich cream moisturizer | 4) SPF: spf50,1) Cleanser: ultra gentle cleanser | 2) Treatment: calming treatment | 3) Moisturizer: rich cream moisturizer
RTN0000041,REC0000041,combination,0,3,1,4,milk cleanser,soothing moisturizer,niacinamide serum,spf50,anti aging routine,skincare_datasets.xlsx::Recommendations|skincare_recommendations_dataset.csv,1) Cleanser: milk cleanser | 2) Serum: niacinamide serum | 3) Moisturizer: soothing moisturizer | 4) SPF: spf50,1) Cleanser: milk cleanser | 2) Treatment: anti aging routine | 3) Moisturizer: soothing moisturizer
RTN0000042,REC0000042,combination,0,3,2,2,salicylic acid cleanser,ceramide moisturizer,centella serum,spf50 matte,chemical exfoliation,skincare_datasets.xlsx::Recommendations|skincare_recommendations_dataset.csv,1) Cleanser: salicylic acid cleanser | 2) Serum: centella serum | 3) Moisturizer: ceramide moisturizer | 4) SPF: spf50 matte,1) Cleanser: salicylic acid cleanser | 2) Treatment: chemical exfoliation | 3) Moisturizer: ceramide moisturizer
RTN0000043,REC0000043,combination,0,3,4,1,acne control cleanser,light lotion moisturizer,peptide serum,mineral spf50,chemical exfoliation,skincare_datasets.xlsx::Recommendations|skincare_recommendations_dataset.csv,1) Cleanser: acne control cleanser | 2) Serum: peptide serum | 3) Moisturizer: light lotion moisturizer | 4) SPF: mineral spf50,1) Cleanser: acne control cleanser | 2) Treatment: chemical exfoliation | 3) Moisturizer: light lotion moisturizer
RTN0000044,REC0000044,combination,0,3,4,1,ultra gentle cleanser,ceramide moisturizer,hyaluronic acid serum,mineral spf50,retinol treatment,skincare_datasets.xlsx::Recommendations|skincare_recommendations_dataset.csv,1) Cleanser: ultra gentle cleanser | 2) Serum: hyaluronic acid serum | 3) Moisturizer: ceramide moisturizer | 4) SPF: mineral spf50,1) Cleanser: ultra gentle cleanser | 2) Treatment: retinol treatment | 3) Moisturizer: ceramide moisturizer
RTN0000045,REC0000045,combination,0,3,4,2,milk cleanser,ceramide moisturizer,centella serum,spf50 matte,retinol treatment,skincare_datasets.xlsx::Recommendations|skincare_recommendations_dataset.csv,1) Cleanser: milk cleanser | 2) Serum: centella serum | 3) Moisturizer: ceramide moisturizer | 4) SPF: spf50 matte,1) Cleanser: milk cleanser | 2) Treatment: retinol treatment | 3) Moisturizer: ceramide moisturizer
RTN0000046,REC0000046,combination,0,3,4,4,gentle foam cleanser,rich cream moisturizer,niacinamide serum,spf30,chemical exfoliation,skincare_datasets.xlsx::Recommendations|skincare_recommendations_dataset.csv,1) Cleanser: gentle foam cleanser | 2) Serum: niacinamide serum | 3) Moisturizer: rich cream moisturizer | 4) SPF: spf30,1) Cleanser: gentle foam cleanser | 2) Treatment: chemical exfoliation | 3) Moisturizer: rich cream moisturizer
RTN0000047,REC0000047,combination,0,3,5,0,gentle foam cleanser,rich cream moisturizer,retinol serum,spf50,barrier repair,skincare_datasets.xlsx::Recommendations|skincare_recommendations_dataset.csv,1) Cleanser: gentle foam cleanser | 2) Serum: retinol serum | 3) Moisturizer: rich cream moisturizer | 4) SPF: spf50,1) Cleanser: gentle foam cleanser | 2) Treatment: barrier repair | 3) Moisturizer: rich cream moisturizer
RTN0000048,REC0000048,combination,0,3,5,1,ultra gentle cleanser,oil free gel moisturizer,peptide serum,spf30,barrier repair,skincare_datasets.xlsx::Recommendations|skincare_recommendations_dataset.csv,1) Cleanser: ultra gentle cleanser | 2) Serum: peptide serum | 3) Moisturizer: oil free gel moisturizer | 4) SPF: spf30,1) Cleanser: ultra gentle cleanser | 2) Treatment: barrier repair | 3) Moisturizer: oil free gel moisturizer
RTN0000049,REC0000049,combination,0,4,0,1,milk cleanser,soothing moisturizer,vitamin c serum,spf50,retinol treatment,skincare_datasets.xlsx::Recommendations|skincare_recommendations_dataset.csv,1) Cleanser: milk cleanser | 2) Serum: vitamin c serum | 3) Moisturizer: soothing moisturizer | 4) SPF: spf50,1) Cleanser: milk cleanser | 2) Treatment: retinol treatment | 3) Moisturizer: soothing moisturizer
RTN0000050,REC0000050,combination,0,4,3,2,acne control cleanser,rich cream moisturizer,hyaluronic acid serum,mineral spf50,calming treatment,skincare_datasets.xlsx::Recommendations|skincare_recommendations_dataset.csv,1) Cleanser: acne control cleanser | 2) Serum: hyaluronic acid serum | 3) Moisturizer: rich cream moisturizer | 4) SPF: mineral spf50,1) Cleanser: acne control cleanser | 2) Treatment: calming treatment | 3) Moisturizer: rich cream moisturizer
RTN0000051,REC0000051,combination,0,4,5,4,acne control cleanser,oil free gel moisturizer,retinol serum,spf50 matte,benzoyl peroxide,skincare_datasets.xlsx::Recommendations|skincare_recommendations_dataset.csv,1) Cleanser: acne control cleanser | 2) Serum: retinol serum | 3) Moisturizer: oil free gel moisturizer | 4) SPF: spf50 matte,1) Cleanser: acne control cleanser | 2) Treatment: benzoyl peroxide | 3) Moisturizer: oil free gel moisturizer
RTN0000052,REC0000052,combination,0,5,0,2,milk cleanser,soothing moisturizer,peptide serum,spf50,benzoyl peroxide,skincare_datasets.xlsx::Recommendations|skincare_recommendations_dataset.csv,1) Cleanser: milk cleanser | 2) Serum: peptide serum | 3) Moisturizer: soothing moisturizer | 4) SPF: spf50,1) Cleanser: milk cleanser | 2) Treatment: benzoyl peroxide | 3) Moisturizer: soothing moisturizer
RTN0000053,REC0000053,combination,0,5,0,3,milk cleanser,light lotion moisturizer,centella serum,spf30,barrier repair,skincare_datasets.xlsx::Recommendations|skincare_recommendations_dataset.csv,1) Cleanser: milk cleanser | 2) Serum: centella serum | 3) Moisturizer: light lotion moisturizer | 4) SPF: spf30,1) Cleanser: milk cleanser | 2) Treatment: barrier repair | 3) Moisturizer: light lotion moisturizer
RTN0000054,REC0000054,combination,0,5,1,4,salicylic acid cleanser,rich cream moisturizer,peptide serum,spf50,chemical exfoliation,skincare_datasets.xlsx::Recommendations|skincare_recommendations_dataset.csv,1) Cleanser: salicylic acid cleanser | 2) Serum: peptide serum | 3) Moisturizer: rich cream moisturizer | 4) SPF: spf50,1) Cleanser: salicylic acid cleanser | 2) Treatment: chemical exfoliation | 3) Moisturizer: rich cream moisturizer
RTN0000055,REC0000055,combination,0,5,2,0,acne control cleanser,light lotion moisturizer,peptide serum,mineral spf50,hydrating mask,skincare_datasets.xlsx::Recommendations|skincare_recommendations_dataset.csv,1) Cleanser: acne control cleanser | 2) Serum: peptide serum | 3) Moisturizer: light lotion moisturizer | 4) SPF: mineral spf50,1) Cleanser: acne control cleanser | 2) Treatment: hydrating mask | 3) Moisturizer: light lotion moisturizer
RTN0000056,REC0000056,combination,0,5,2,0,acne control cleanser,rich cream moisturizer,hyaluronic acid serum,mineral spf50,retinol treatment,skincare_datasets.xlsx::Recommendations|skincare_recommendations_dataset.csv,1) Cleanser: acne control cleanser | 2) Serum: hyaluronic acid serum | 3) Moisturizer: rich cream moisturizer | 4) SPF: mineral spf50,1) Cleanser: acne control cleanser | 2) Treatment: retinol treatment | 3) Moisturizer: rich cream moisturizer
RTN0000057,REC0000057,combination,0,5,2,2,ultra gentle cleanser,oil free gel moisturizer,peptide serum,spf50,barrier repair,skincare_datasets.xlsx::Recommendations|skincare_recommendations_dataset.csv,1) Cleanser: ultra gentle cleanser | 2) Serum: peptide serum | 3) Moisturizer: oil free gel moisturizer | 4) SPF: spf50,1) Cleanser: ultra gentle cleanser | 2) Treatment: barrier repair | 3) Moisturizer: oil free gel moisturizer
RTN0000058,REC0000058,combination,0,5,2,3,ultra gentle cleanser,rich cream moisturizer,peptide serum,spf50,anti aging routine,skincare_datasets.xlsx::Recommendations|skincare_recommendations_dataset.csv,1) Cleanser: ultra gentle cleanser | 2) Serum: peptide serum | 3) Moisturizer: rich cream moisturizer | 4) SPF: spf50,1) Cleanser: ultra gentle cleanser | 2) Treatment: anti aging routine | 3) Moisturizer: rich cream moisturizer
RTN0000059,REC0000059,combination,0,5,3,1,milk cleanser,rich cream moisturizer,vitamin c serum,spf50 matte,retinol treatment,skincare_datasets.xlsx::Recommendations|skincare_recommendations_dataset.csv,1) Cleanser: milk cleanser | 2) Serum: vitamin c serum | 3) Moisturizer: rich cream moisturizer | 4) SPF: spf50 matte,1) Cleanser: milk cleanser | 2) Treatment: retinol treatment | 3) Moisturizer: rich cream moisturizer
RTN0000060,REC0000060,combination,1,0,0,1,milk cleanser,oil free gel moisturizer,hyaluronic acid serum,spf30,anti aging routine,skincare_datasets.xlsx::Recommendations|skincare_recommendations_dataset.csv,1) Cleanser: milk cleanser | 2) Serum: hyaluronic acid serum | 3) Moisturizer: oil free gel moisturizer | 4) SPF: spf30,1) Cleanser: milk cleanser | 2) Treatment: anti aging routine | 3) Moisturizer: oil free gel moisturizer
RTN0000061,REC0000061,combination,1,0,0,1,milk cleanser,rich cream moisturizer,niacinamide serum,spf50,chemical exfoliation,skincare_datasets.xlsx::Recommendations|skincare_recommendations_dataset.csv,1) Cleanser: milk cleanser | 2) Serum: niacinamide serum | 3) Moisturizer: rich cream moisturizer | 4) SPF: spf50,1) Cleanser: milk cleanser | 2) Treatment: chemical exfoliation | 3) Moisturizer: rich cream moisturizer
RTN0000062,REC0000062,combination,1,0,0,3,ultra gentle cleanser,soothing moisturizer,hyaluronic acid serum,mineral spf50,retinol treatment,skincare_datasets.xlsx::Recommendations|skincare_recommendations_dataset.csv,1) Cleanser: ultra gentle cleanser | 2) Serum: hyaluronic acid serum | 3) Moisturizer: soothing moisturizer | 4) SPF: mineral spf50,1) Cleanser: ultra gentle cleanser | 2) Treatment: retinol treatment | 3) Moisturizer: soothing moisturizer
RTN0000063,REC0000063,combination,1,0,1,0,hydrating cleanser,oil free gel moisturizer,peptide serum,mineral spf50,hydrating mask,skincare_datasets.xlsx::Recommendations|skincare_recommendations_dataset.csv,1) Cleanser: hydrating cleanser | 2) Serum: peptide serum | 3) Moisturizer: oil free gel moisturizer | 4) SPF: mineral spf50,1) Cleanser: hydrating cleanser | 2) Treatment: hydrating mask | 3) Moisturizer: oil free gel moisturizer
RTN0000064,REC0000064,combination,1,0,1,1,hydrating cleanser,rich cream moisturizer,niacinamide serum,spf30,anti aging routine,skincare_datasets.xlsx::Recommendations|skincare_recommendations_dataset.csv,1) Cleanser: hydrating cleanser | 2) Serum: niacinamide serum | 3) Moisturizer: rich cream moisturizer | 4) SPF: spf30,1) Cleanser: hydrating cleanser | 2) Treatment: anti aging routine | 3) Moisturizer: rich cream moisturizer
RTN0000065,REC0000065,combination,1,0,1,4,acne control cleanser,soothing moisturizer,niacinamide serum,mineral spf50,benzoyl peroxide,skincare_datasets.xlsx::Recommendations|skincare_recommendations_dataset.csv,1) Cleanser: acne control cleanser | 2) Serum: niacinamide serum | 3) Moisturizer: soothing moisturizer | 4) SPF: mineral spf50,1) Cleanser: acne control cleanser | 2) Treatment: benzoyl peroxide | 3) Moisturizer: soothing moisturizer
RTN0000066,REC0000066,combination,1,0,1,5,salicylic acid cleanser,light lotion moisturizer,centella serum,spf30,calming treatment,skincare_datasets.xlsx::Recommendations|skincare_recommendations_dataset.csv,1) Cleanser: salicylic acid cleanser | 2) Serum: centella serum | 3) Moisturizer: light lotion moisturizer | 4) SPF: spf30,1) Cleanser: salicylic acid cleanser | 2) Treatment: calming treatment | 3) Moisturizer: light lotion moisturizer
RTN0000067,REC0000067,combination,1,0,2,3,ultra gentle cleanser,light lotion moisturizer,niacinamide serum,spf50,calming treatment,skincare_datasets.xlsx::Recommendations|skincare_recommendations_dataset.csv,1) Cleanser: ultra gentle cleanser | 2) Serum: niacinamide serum | 3) Moisturizer: light lotion moisturizer | 4) SPF: spf50,1) Cleanser: ultra gentle cleanser | 2) Treatment: calming treatment | 3) Moisturizer: light lotion moisturizer
RTN0000068,REC0000068,combination,1,0,2,3,ultra gentle cleanser,soothing moisturizer,niacinamide serum,mineral spf50,calming treatment,skincare_datasets.xlsx::Recommendations|skincare_recommendations_dataset.csv,1) Cleanser: ultra gentle cleanser | 2) Serum: niacinamide serum | 3) Moisturizer: soothing moisturizer | 4) SPF: mineral spf50,1) Cleanser: ultra gentle cleanser | 2) Treatment: calming treatment | 3) Moisturizer: soothing moisturizer
RTN0000069,REC0000069,combination,1,0,2,4,ultra gentle cleanser,ceramide moisturizer,hyaluronic acid serum,spf50 matte,anti aging routine,skincare_datasets.xlsx::Recommendations|skincare_recommendations_dataset.csv,1) Cleanser: ultra gentle cleanser | 2) Serum: hyaluronic acid serum | 3) Moisturizer: ceramide moisturizer | 4) SPF: spf50 matte,1) Cleanser: ultra gentle cleanser | 2) Treatment: anti aging routine | 3) Moisturizer: ceramide moisturizer
RTN0000070,REC0000070,combination,1,0,2,5,hydrating cleanser,light lotion moisturizer,retinol serum,spf50,retinol treatment,skincare_datasets.xlsx::Recommendations|skincare_recommendations_dataset.csv,1) Cleanser: hydrating cleanser | 2) Serum: retinol serum | 3) Moisturizer: light lotion moisturizer | 4) SPF: spf50,1) Cleanser: hydrating cleanser | 2) Treatment: retinol treatment | 3) Moisturizer: light lotion moisturizer
RTN0000071,REC0000071,combination,1,0,3,1,ultra gentle cleanser,ceramide moisturizer,vitamin c serum,spf50 matte,calming treatment,skincare_datasets.xlsx::Recommendations|skincare_recommendations_dataset.csv,1) Cleanser: ultra gentle cleanser | 2) Serum: vitamin c serum | 3) Moisturizer: ceramide moisturizer | 4) SPF: spf50 matte,1) Cleanser: ultra gentle cleanser | 2) Treatment: calming treatment | 3) Moisturizer: ceramide moisturizer
RTN0000072,REC0000072,combination,1,0,3,3,milk cleanser,soothing moisturizer,vitamin c serum,spf50,barrier repair,skincare_datasets.xlsx::Recommendations|skincare_recommendations_dataset.csv,1) Cleanser: milk cleanser | 2) Serum: vitamin c serum | 3) Moisturizer: soothing moisturizer | 4) SPF: spf50,1) Cleanser: milk cleanser | 2) Treatment: barrier repair | 3) Moisturizer: soothing moisturizer
RTN0000073,REC0000073,combination,1,0,3,5,ultra gentle cleanser,rich cream moisturizer,hyaluronic acid serum,mineral spf50,calming treatment,skincare_datasets.xlsx::Recommendations|skincare_recommendations_dataset.csv,1) Cleanser: ultra gentle cleanser | 2) Serum: hyaluronic acid serum | 3) Moisturizer: rich cream moisturizer | 4) SPF: mineral spf50,1) Cleanser: ultra gentle cleanser | 2) Treatment: calming treatment | 3) Moisturizer: rich cream moisturizer
RTN0000074,REC0000074,combination,1,0,4,1,milk cleanser,ceramide moisturizer,niacinamide serum,mineral spf50,retinol treatment,skincare_datasets.xlsx::Recommendations|skincare_recommendations_dataset.csv,1) Cleanser: milk cleanser | 2) Serum: niacinamide serum | 3) Moisturizer: ceramide moisturizer | 4) SPF: mineral spf50,1) Cleanser: milk cleanser | 2) Treatment: retinol treatment | 3) Moisturizer: ceramide moisturizer
RTN0000075,REC0000075,combination,1,1,0,1,hydrating cleanser,light lotion moisturizer,vitamin c serum,mineral spf50,calming treatment,skincare_datasets.xlsx::Recommendations|skincare_recommendations_dataset.csv,1) Cleanser: hydrating cleanser | 2) Serum: vitamin c serum | 3) Moisturizer: light lotion moisturizer | 4) SPF: mineral spf50,1) Cleanser: hydrating cleanser | 2) Treatment: calming treatment | 3) Moisturizer: light lotion moisturizer
RTN0000076,REC0000076,combination,1,1,0,3,acne control cleanser,light lotion moisturizer,vitamin c serum,mineral spf50,barrier repair,skincare_datasets.xlsx::Recommendations|skincare_recommendations_dataset.csv,1) Cleanser: acne control cleanser | 2) Serum: vitamin c serum | 3) Moisturizer: light lotion moisturizer | 4) SPF: mineral spf50,1) Cleanser: acne control cleanser | 2) Treatment: barrier repair | 3) Moisturizer: light lotion moisturizer
RTN0000077,REC0000077,combination,1,1,1,4,gentle foam cleanser,soothing moisturizer,vitamin c serum,mineral spf50,chemical exfoliation,skincare_datasets.xlsx::Recommendations|skincare_recommendations_dataset.csv,1) Cleanser: gentle foam cleanser | 2) Serum: vitamin c serum | 3) Moisturizer: soothing moisturizer | 4) SPF: mineral spf50,1) Cleanser: gentle foam cleanser | 2) Treatment: chemical exfoliation | 3) Moisturizer: soothing moisturizer
RTN0000078,REC0000078,combination,1,1,2,2,milk cleanser,light lotion moisturizer,hyaluronic acid serum,spf30,anti aging routine,skincare_datasets.xlsx::Recommendations|skincare_recommendations_dataset.csv,1) Cleanser: milk cleanser | 2) Serum: hyaluronic acid serum | 3) Moisturizer: light lotion moisturizer | 4) SPF: spf30,1) Cleanser: milk cleanser | 2) Treatment: anti aging routine | 3) Moisturizer: light lotion moisturizer
RTN0000079,REC0000079,combination,1,1,2,5,gentle foam cleanser,oil free gel moisturizer,vitamin c serum,spf30,retinol treatment,skincare_datasets.xlsx::Recommendations|skincare_recommendations_dataset.csv,1) Cleanser: gentle foam cleanser | 2) Serum: vitamin c serum | 3) Moisturizer: oil free gel moisturizer | 4) SPF: spf30,1) Cleanser: gentle foam cleanser | 2) Treatment: retinol treatment | 3) Moisturizer: oil free gel moisturizer
RTN0000080,REC0000080,combination,1,1,3,4,gentle foam cleanser,oil free gel moisturizer,hyaluronic acid serum,mineral spf50,hydrating mask,skincare_datasets.xlsx::Recommendations|skincare_recommendations_dataset.csv,1) Cleanser: gentle foam cleanser | 2) Serum: hyaluronic acid serum | 3) Moisturizer: oil free gel moisturizer | 4) SPF: mineral spf50,1) Cleanser: gentle foam cleanser | 2) Treatment: hydrating mask | 3) Moisturizer: oil free gel moisturizer
RTN0000081,REC0000081,combination,1,1,4,3,acne control cleanser,light lotion moisturizer,centella serum,spf50,calming treatment,skincare_datasets.xlsx::Recommendations|skincare_recommendations_dataset.csv,1) Cleanser: acne control cleanser | 2) Serum: centella serum | 3) Moisturizer: light lotion moisturizer | 4) SPF: spf50,1) Cleanser: acne control cleanser | 2) Treatment: calming treatment | 3) Moisturizer: light lotion moisturizer
RTN0000082,REC0000082,combination,1,1,4,4,salicylic acid cleanser,rich cream moisturizer,hyaluronic acid serum,spf30,chemical exfoliation,skincare_datasets.xlsx::Recommendations|skincare_recommendations_dataset.csv,1) Cleanser: salicylic acid cleanser | 2) Serum: hyaluronic acid serum | 3) Moisturizer: rich cream moisturizer | 4) SPF: spf30,1) Cleanser: salicylic acid cleanser | 2) Treatment: chemical exfoliation | 3) Moisturizer: rich cream moisturizer
RTN0000083,REC0000083,combination,1,1,5,3,milk cleanser,soothing moisturizer,hyaluronic acid serum,mineral spf50,benzoyl peroxide,skincare_datasets.xlsx::Recommendations|skincare_recommendations_dataset.csv,1) Cleanser: milk cleanser | 2) Serum: hyaluronic acid serum | 3) Moisturizer: soothing moisturizer | 4) SPF: mineral spf50,1) Cleanser: milk cleanser | 2) Treatment: benzoyl peroxide | 3) Moisturizer: soothing moisturizer
RTN0000084,REC0000084,combination,1,2,0,2,hydrating cleanser,ceramide moisturizer,niacinamide serum,mineral spf50,retinol treatment,skincare_datasets.xlsx::Recommendations|skincare_recommendations_dataset.csv,1) Cleanser: hydrating cleanser | 2) Serum: niacinamide serum | 3) Moisturizer: ceramide moisturizer | 4) SPF: mineral spf50,1) Cleanser: hydrating cleanser | 2) Treatment: retinol treatment | 3) Moisturizer: ceramide moisturizer
RTN0000085,REC0000085,combination,1,2,0,3,acne control cleanser,soothing moisturizer,peptide serum,spf50 matte,chemical exfoliation,skincare_datasets.xlsx::Recommendations|skincare_recommendations_dataset.csv,1) Cleanser: acne control cleanser | 2) Serum: peptide serum | 3) Moisturizer: soothing moisturizer | 4) SPF: spf50 matte,1) Cleanser: acne control cleanser | 2) Treatment: chemical exfoliation | 3) Moisturizer: soothing moisturizer
RTN0000086,REC0000086,combination,1,2,0,3,hydrating cleanser,soothing moisturizer,retinol serum,mineral spf50,retinol treatment,skincare_datasets.xlsx::Recommendations|skincare_recommendations_dataset.csv,1) Cleanser: hydrating cleanser | 2) Serum: retinol serum | 3) Moisturizer: soothing moisturizer | 4) SPF: mineral spf50,1) Cleanser: hydrating cleanser | 2) Treatment: retinol treatment | 3) Moisturizer: soothing moisturizer
RTN0000087,REC0000087,combination,1,2,2,1,gentle foam cleanser,soothing moisturizer,centella serum,mineral spf50,retinol treatment,skincare_datasets.xlsx::Recommendations|skincare_recommendations_dataset.csv,1) Cleanser: gentle foam cleanser | 2) Serum: centella serum | 3) Moisturizer: soothing moisturizer | 4) SPF: mineral spf50,1) Cleanser: gentle foam cleanser | 2) Treatment: retinol treatment | 3) Moisturizer: soothing moisturizer
RTN0000088,REC0000088,combination,1,2,3,1,hydrating cleanser,rich cream moisturizer,niacinamide serum,mineral spf50,anti aging routine,skincare_datasets.xlsx::Recommendations|skincare_recommendations_dataset.csv,1) Cleanser: hydrating cleanser | 2) Serum: niacinamide serum | 3) Moisturizer: rich cream moisturizer | 4) SPF: mineral spf50,1) Cleanser: hydrating cleanser | 2) Treatment: anti aging routine | 3) Moisturizer: rich cream moisturizer
RTN0000089,REC0000089,combination,1,2,3,2,milk cleanser,rich cream moisturizer,hyaluronic acid serum,spf50 matte,calming treatment,skincare_datasets.xlsx::Recommendations|skincare_recommendations_dataset.csv,1) Cleanser: milk cleanser | 2) Serum: hyaluronic acid serum | 3) Moisturizer: rich cream moisturizer | 4) SPF: spf50 matte,1) Cleanser: milk cleanser | 2) Treatment: calming treatment | 3) Moisturizer: rich cream moisturizer
RTN0000090,REC0000090,combination,1,2,3,3,hydrating cleanser,soothing moisturizer,centella serum,spf30,benzoyl peroxide,skincare_datasets.xlsx::Recommendations|skincare_recommendations_dataset.csv,1) Cleanser: hydrating cleanser | 2) Serum: centella serum | 3) Moisturizer: soothing moisturizer | 4) SPF: spf30,1) Cleanser: hydrating cleanser | 2) Treatment: benzoyl peroxide | 3) Moisturizer: soothing moisturizer
RTN0000091,REC0000091,combination,1,2,3,3,milk cleanser,rich cream moisturizer,peptide serum,mineral spf50,chemical exfoliation,skincare_datasets.xlsx::Recommendations|skincare_recommendations_dataset.csv,1) Cleanser: milk cleanser | 2) Serum: peptide serum | 3) Moisturizer: rich cream moisturizer | 4) SPF: mineral spf50,1) Cleanser: milk cleanser | 2) Treatment: chemical exfoliation | 3) Moisturizer: rich cream moisturizer
RTN0000092,REC0000092,combination,1,2,4,0,gentle foam cleanser,oil free gel moisturizer,centella serum,spf50 matte,benzoyl peroxide,skincare_datasets.xlsx::Recommendations|skincare_recommendations_dataset.csv,1) Cleanser: gentle foam cleanser | 2) Serum: centella serum | 3) Moisturizer: oil free gel moisturizer | 4) SPF: spf50 matte,1) Cleanser: gentle foam cleanser | 2) Treatment: benzoyl peroxide | 3) Moisturizer: oil free gel moisturizer
RTN0000093,REC0000093,combination,1,2,5,0,gentle foam cleanser,light lotion moisturizer,niacinamide serum,spf50 matte,anti aging routine,skincare_datasets.xlsx::Recommendations|skincare_recommendations_dataset.csv,1) Cleanser: gentle foam cleanser | 2) Serum: niacinamide serum | 3) Moisturizer: light lotion moisturizer | 4) SPF: spf50 matte,1) Cleanser: gentle foam cleanser | 2) Treatment: anti aging routine | 3) Moisturizer: light lotion moisturizer
RTN0000094,REC0000094,combination,1,2,5,3,ultra gentle cleanser,soothing moisturizer,vitamin c serum,spf30,calming treatment,skincare_datasets.xlsx::Recommendations|skincare_recommendations_dataset.csv,1) Cleanser: ultra gentle cleanser | 2) Serum: vitamin c serum | 3) Moisturizer: soothing moisturizer | 4) SPF: spf30,1) Cleanser: ultra gentle cleanser | 2) Treatment: calming treatment | 3) Moisturizer: soothing moisturizer
RTN0000095,REC0000095,combination,1,3,0,1,acne control cleanser,oil free gel moisturizer,peptide serum,spf50,retinol treatment,skincare_datasets.xlsx::Recommendations|skincare_recommendations_dataset.csv,1) Cleanser: acne control cleanser | 2) Serum: peptide serum | 3) Moisturizer: oil free gel moisturizer | 4) SPF: spf50,1) Cleanser: acne control cleanser | 2) Treatment: retinol treatment | 3) Moisturizer: oil free gel moisturizer
RTN0000096,REC0000096,combination,1,3,0,2,acne control cleanser,soothing moisturizer,peptide serum,spf50,benzoyl peroxide,skincare_datasets.xlsx::Recommendations|skincare_recommendations_dataset.csv,1) Cleanser: acne control cleanser | 2) Serum: peptide serum | 3) Moisturizer: soothing moisturizer | 4) SPF: spf50,1) Cleanser: acne control cleanser | 2) Treatment: benzoyl peroxide | 3) Moisturizer: soothing moisturizer
RTN0000097,REC0000097,combination,1,3,1,4,ultra gentle cleanser,rich cream moisturizer,centella serum,mineral spf50,chemical exfoliation,skincare_datasets.xlsx::Recommendations|skincare_recommendations_dataset.csv,1) Cleanser: ultra gentle cleanser | 2) Serum: centella serum | 3) Moisturizer: rich cream moisturizer | 4) SPF: mineral spf50,1) Cleanser: ultra gentle cleanser | 2) Treatment: chemical exfoliation | 3) Moisturizer: rich cream moisturizer
RTN0000098,REC0000098,combination,1,3,2,1,acne control cleanser,rich cream moisturizer,hyaluronic acid serum,spf50 matte,chemical exfoliation,skincare_datasets.xlsx::Recommendations|skincare_recommendations_dataset.csv,1) Cleanser: acne control cleanser | 2) Serum: hyaluronic acid serum | 3) Moisturizer: rich cream moisturizer | 4) SPF: spf50 matte,1) Cleanser: acne control cleanser | 2) Treatment: chemical exfoliation | 3) Moisturizer: rich cream moisturizer
RTN0000099,REC0000099,combination,1,3,2,1,ultra gentle cleanser,rich cream moisturizer,centella serum,spf50 matte,benzoyl peroxide,skincare_datasets.xlsx::Recommendations|skincare_recommendations_dataset.csv,1) Cleanser: ultra gentle cleanser | 2) Serum: centella serum | 3) Moisturizer: rich cream moisturizer | 4) SPF: spf50 matte,1) Cleanser: ultra gentle cleanser | 2) Treatment: benzoyl peroxide | 3) Moisturizer: rich cream moisturizer
RTN0000100,REC0000100,combination,1,3,2,5,acne control cleanser,rich cream moisturizer,niacinamide serum,mineral spf50,chemical exfoliation,skincare_datasets.xlsx::Recommendations|skincare_recommendations_dataset.csv,1) Cleanser: acne control cleanser | 2) Serum: niacinamide serum | 3) Moisturizer: rich cream moisturizer | 4) SPF: mineral spf50,1) Cleanser: acne control cleanser | 2) Treatment: chemical exfoliation | 3) Moisturizer: rich cream moisturizer
RTN0000101,REC0000101,combination,1,3,2,5,gentle foam cleanser,soothing moisturizer,peptide serum,spf50 matte,chemical exfoliation,skincare_datasets.xlsx::Recommendations|skincare_recommendations_dataset.csv,1) Cleanser: gentle foam cleanser | 2) Serum: peptide serum | 3) Moisturizer: soothing moisturizer | 4) SPF: spf50 matte,1) Cleanser: gentle foam cleanser | 2) Treatment: chemical exfoliation | 3) Moisturizer: soothing moisturizer
RTN0000102,REC0000102,combination,1,3,3,1,acne control cleanser,oil free gel moisturizer,retinol serum,mineral spf50,barrier repair,skincare_datasets.xlsx::Recommendations|skincare_recommendations_dataset.csv,1) Cleanser: acne control cleanser | 2) Serum: retinol serum | 3) Moisturizer: oil free gel moisturizer | 4) SPF: mineral spf50,1) Cleanser: acne control cleanser | 2) Treatment: barrier repair | 3) Moisturizer: oil free gel moisturizer
RTN0000103,REC0000103,combination,1,3,3,1,milk cleanser,light lotion moisturizer,niacinamide serum,spf50,benzoyl peroxide,skincare_datasets.xlsx::Recommendations|skincare_recommendations_dataset.csv,1) Cleanser: milk cleanser | 2) Serum: niacinamide serum | 3) Moisturizer: light lotion moisturizer | 4) SPF: spf50,1) Cleanser: milk cleanser | 2) Treatment: benzoyl peroxide | 3) Moisturizer: light lotion moisturizer
RTN0000104,REC0000104,combination,1,3,3,5,ultra gentle cleanser,oil free gel moisturizer,retinol serum,spf50,anti aging routine,skincare_datasets.xlsx::Recommendations|skincare_recommendations_dataset.csv,1) Cleanser: ultra gentle cleanser | 2) Serum: retinol serum | 3) Moisturizer: oil free gel moisturizer | 4) SPF: spf50,1) Cleanser: ultra gentle cleanser | 2) Treatment: anti aging routine | 3) Moisturizer: oil free gel moisturizer
RTN0000105,REC0000105,combination,1,3,3,5,ultra gentle cleanser,soothing moisturizer,peptide serum,mineral spf50,retinol treatment,skincare_datasets.xlsx::Recommendations|skincare_recommendations_dataset.csv,1) Cleanser: ultra gentle cleanser | 2) Serum: peptide serum | 3) Moisturizer: soothing moisturizer | 4) SPF: mineral spf50,1) Cleanser: ultra gentle cleanser | 2) Treatment: retinol treatment | 3) Moisturizer: soothing moisturizer
RTN0000106,REC0000106,combination,1,3,4,1,milk cleanser,soothing moisturizer,vitamin c serum,spf50,barrier repair,skincare_datasets.xlsx::Recommendations|skincare_recommendations_dataset.csv,1) Cleanser: milk cleanser | 2) Serum: vitamin c serum | 3) Moisturizer: soothing moisturizer | 4) SPF: spf50,1) Cleanser: milk cleanser | 2) Treatment: barrier repair | 3) Moisturizer: soothing moisturizer
RTN0000107,REC0000107,combination,1,4,0,3,gentle foam cleanser,soothing moisturizer,centella serum,spf50,anti aging routine,skincare_datasets.xlsx::Recommendations|skincare_recommendations_dataset.csv,1) Cleanser: gentle foam cleanser | 2) Serum: centella serum | 3) Moisturizer: soothing moisturizer | 4) SPF: spf50,1) Cleanser: gentle foam cleanser | 2) Treatment: anti aging routine | 3) Moisturizer: soothing moisturizer
RTN0000108,REC0000108,combination,1,4,1,1,salicylic acid cleanser,ceramide moisturizer,niacinamide serum,spf50,benzoyl peroxide,skincare_datasets.xlsx::Recommendations|skincare_recommendations_dataset.csv,1) Cleanser: salicylic acid cleanser | 2) Serum: niacinamide serum | 3) Moisturizer: ceramide moisturizer | 4) SPF: spf50,1) Cleanser: salicylic acid cleanser | 2) Treatment: benzoyl peroxide | 3) Moisturizer: ceramide moisturizer
RTN0000109,REC0000109,combination,1,4,1,5,acne control cleanser,soothing moisturizer,retinol serum,spf50,chemical exfoliation,skincare_datasets.xlsx::Recommendations|skincare_recommendations_dataset.csv,1) Cleanser: acne control cleanser | 2) Serum: retinol serum | 3) Moisturizer: soothing moisturizer | 4) SPF: spf50,1) Cleanser: acne control cleanser | 2) Treatment: chemical exfoliation | 3) Moisturizer: soothing moisturizer
RTN0000110,REC0000110,combination,1,4,1,5,salicylic acid cleanser,soothing moisturizer,centella serum,spf50,retinol treatment,skincare_datasets.xlsx::Recommendations|skincare_recommendations_dataset.csv,1) Cleanser: salicylic acid cleanser | 2) Serum: centella serum | 3) Moisturizer: soothing moisturizer | 4) SPF: spf50,1) Cleanser: salicylic acid cleanser | 2) Treatment: retinol treatment | 3) Moisturizer: soothing moisturizer
RTN0000111,REC0000111,combination,1,4,2,0,hydrating cleanser,oil free gel moisturizer,retinol serum,spf50 matte,hydrating mask,skincare_datasets.xlsx::Recommendations|skincare_recommendations_dataset.csv,1) Cleanser: hydrating cleanser | 2) Serum: retinol serum | 3) Moisturizer: oil free gel moisturizer | 4) SPF: spf50 matte,1) Cleanser: hydrating cleanser | 2) Treatment: hydrating mask | 3) Moisturizer: oil free gel moisturizer
RTN0000112,REC0000112,combination,1,4,2,3,milk cleanser,rich cream moisturizer,retinol serum,spf50,benzoyl peroxide,skincare_datasets.xlsx::Recommendations|skincare_recommendations_dataset.csv,1) Cleanser: milk cleanser | 2) Serum: retinol serum | 3) Moisturizer: rich cream moisturizer | 4) SPF: spf50,1) Cleanser: milk cleanser | 2) Treatment: benzoyl peroxide | 3) Moisturizer: rich cream moisturizer
RTN0000113,REC0000113,combination,1,4,3,1,salicylic acid cleanser,rich cream moisturizer,retinol serum,spf50 matte,barrier repair,skincare_datasets.xlsx::Recommendations|skincare_recommendations_dataset.csv,1) Cleanser: salicylic acid cleanser | 2) Serum: retinol serum | 3) Moisturizer: rich cream moisturizer | 4) SPF: spf50 matte,1) Cleanser: salicylic acid cleanser | 2) Treatment: barrier repair | 3) Moisturizer: rich cream moisturizer
RTN0000114,REC0000114,combination,1,4,3,3,ultra gentle cleanser,light lotion moisturizer,vitamin c serum,spf50 matte,benzoyl peroxide,skincare_datasets.xlsx::Recommendations|skincare_recommendations_dataset.csv,1) Cleanser: ultra gentle cleanser | 2) Serum: vitamin c serum | 3) Moisturizer: light lotion moisturizer | 4) SPF: spf50 matte,1) Cleanser: ultra gentle cleanser | 2) Treatment: benzoyl peroxide | 3) Moisturizer: light lotion moisturizer
RTN0000115,REC0000115,combination,1,4,4,1,acne control cleanser,soothing moisturizer,retinol serum,mineral spf50,barrier repair,skincare_datasets.xlsx::Recommendations|skincare_recommendations_dataset.csv,1) Cleanser: acne control cleanser | 2) Serum: retinol serum | 3) Moisturizer: soothing moisturizer | 4) SPF: mineral spf50,1) Cleanser: acne control cleanser | 2) Treatment: barrier repair | 3) Moisturizer: soothing moisturizer
RTN0000116,REC0000116,combination,1,4,5,0,salicylic acid cleanser,soothing moisturizer,peptide serum,spf50 matte,chemical exfoliation,skincare_datasets.xlsx::Recommendations|skincare_recommendations_dataset.csv,1) Cleanser: salicylic acid cleanser | 2) Serum: peptide serum | 3) Moisturizer: soothing moisturizer | 4) SPF: spf50 matte,1) Cleanser: salicylic acid cleanser | 2) Treatment: chemical exfoliation | 3) Moisturizer: soothing moisturizer
RTN0000117,REC0000117,combination,1,4,5,2,acne control cleanser,oil free gel moisturizer,vitamin c serum,spf30,benzoyl peroxide,skincare_datasets.xlsx::Recommendations|skincare_recommendations_dataset.csv,1) Cleanser: acne control cleanser | 2) Serum: vitamin c serum | 3) Moisturizer: oil free gel moisturizer | 4) SPF: spf30,1) Cleanser: acne control cleanser | 2) Treatment: benzoyl peroxide | 3) Moisturizer: oil free gel moisturizer
RTN0000118,REC0000118,combination,1,4,5,2,milk cleanser,light lotion moisturizer,hyaluronic acid serum,mineral spf50,retinol treatment,skincare_datasets.xlsx::Recommendations|skincare_recommendations_dataset.csv,1) Cleanser: milk cleanser | 2) Serum: hyaluronic acid serum | 3) Moisturizer: light lotion moisturizer | 4) SPF: mineral spf50,1) Cleanser: milk cleanser | 2) Treatment: retinol treatment | 3) Moisturizer: light lotion moisturizer
RTN0000119,REC0000119,combination,1,4,5,3,acne control cleanser,rich cream moisturizer,peptide serum,spf30,chemical exfoliation,skincare_datasets.xlsx::Recommendations|skincare_recommendations_dataset.csv,1) Cleanser: acne control cleanser | 2) Serum: peptide serum | 3) Moisturizer: rich cream moisturizer | 4) SPF: spf30,1) Cleanser: acne control cleanser | 2) Treatment: chemical exfoliation | 3) Moisturizer: rich cream moisturizer
RTN0000120,REC0000120,combination,1,5,0,0,ultra gentle cleanser,ceramide moisturizer,hyaluronic acid serum,spf30,chemical exfoliation,skincare_datasets.xlsx::Recommendations|skincare_recommendations_dataset.csv,1) Cleanser: ultra gentle cleanser | 2) Serum: hyaluronic acid serum | 3) Moisturizer: ceramide moisturizer | 4) SPF: spf30,1) Cleanser: ultra gentle cleanser | 2) Treatment: chemical exfoliation | 3) Moisturizer: ceramide moisturizer
RTN0000121,REC0000121,combination,1,5,0,3,hydrating cleanser,rich cream moisturizer,niacinamide serum,spf50,anti aging routine,skincare_datasets.xlsx::Recommendations|skincare_recommendations_dataset.csv,1) Cleanser: hydrating cleanser | 2) Serum: niacinamide serum | 3) Moisturizer: rich cream moisturizer | 4) SPF: spf50,1) Cleanser: hydrating cleanser | 2) Treatment: anti aging routine | 3) Moisturizer: rich cream moisturizer
RTN0000122,REC0000122,combination,1,5,1,0,milk cleanser,soothing moisturizer,peptide serum,spf50,calming treatment,skincare_datasets.xlsx::Recommendations|skincare_recommendations_dataset.csv,1) Cleanser: milk cleanser | 2) Serum: peptide serum | 3) Moisturizer: soothing moisturizer | 4) SPF: spf50,1) Cleanser: milk cleanser | 2) Treatment: calming treatment | 3) Moisturizer: soothing moisturizer
RTN0000123,REC0000123,combination,1,5,1,1,acne control cleanser,oil free gel moisturizer,hyaluronic acid serum,spf50 matte,retinol treatment,skincare_datasets.xlsx::Recommendations|skincare_recommendations_dataset.csv,1) Cleanser: acne control cleanser | 2) Serum: hyaluronic acid serum | 3) Moisturizer: oil free gel moisturizer | 4) SPF: spf50 matte,1) Cleanser: acne control cleanser | 2) Treatment: retinol treatment | 3) Moisturizer: oil free gel moisturizer
RTN0000124,REC0000124,combination,1,5,2,2,hydrating cleanser,soothing moisturizer,vitamin c serum,mineral spf50,benzoyl peroxide,skincare_datasets.xlsx::Recommendations|skincare_recommendations_dataset.csv,1) Cleanser: hydrating cleanser | 2) Serum: vitamin c serum | 3) Moisturizer: soothing moisturizer | 4) SPF: mineral spf50,1) Cleanser: hydrating cleanser | 2) Treatment: benzoyl peroxide | 3) Moisturizer: soothing moisturizer
RTN0000125,REC0000125,combination,1,5,3,0,acne control cleanser,light lotion moisturizer,niacinamide serum,mineral spf50,barrier repair,skincare_datasets.xlsx::Recommendations|skincare_recommendations_dataset.csv,1) Cleanser: acne control cleanser | 2) Serum: niacinamide serum | 3) Moisturizer: light lotion moisturizer | 4) SPF: mineral spf50,1) Cleanser: acne control cleanser | 2) Treatment: barrier repair | 3) Moisturizer: light lotion moisturizer
RTN0000126,REC0000126,combination,1,5,3,1,milk cleanser,ceramide moisturizer,hyaluronic acid serum,spf30,hydrating mask,skincare_datasets.xlsx::Recommendations|skincare_recommendations_dataset.csv,1) Cleanser: milk cleanser | 2) Serum: hyaluronic acid serum | 3) Moisturizer: ceramide moisturizer | 4) SPF: spf30,1) Cleanser: milk cleanser | 2) Treatment: hydrating mask | 3) Moisturizer: ceramide moisturizer
RTN0000127,REC0000127,combination,1,5,3,3,ultra gentle cleanser,soothing moisturizer,retinol serum,spf30,benzoyl peroxide,skincare_datasets.xlsx::Recommendations|skincare_recommendations_dataset.csv,1) Cleanser: ultra gentle cleanser | 2) Serum: retinol serum | 3) Moisturizer: soothing moisturizer | 4) SPF: spf30,1) Cleanser: ultra gentle cleanser | 2) Treatment: benzoyl peroxide | 3) Moisturizer: soothing moisturizer
RTN0000128,REC0000128,combination,1,5,4,2,hydrating cleanser,soothing moisturizer,centella serum,spf50 matte,anti aging routine,skincare_datasets.xlsx::Recommendations|skincare_recommendations_dataset.csv,1) Cleanser: hydrating cleanser | 2) Serum: centella serum | 3) Moisturizer: soothing moisturizer | 4) SPF: spf50 matte,1) Cleanser: hydrating cleanser | 2) Treatment: anti aging routine | 3) Moisturizer: soothing moisturizer
RTN0000129,REC0000129,combination,1,5,4,2,milk cleanser,light lotion moisturizer,niacinamide serum,spf50 matte,retinol treatment,skincare_datasets.xlsx::Recommendations|skincare_recommendations_dataset.csv,1) Cleanser: milk cleanser | 2) Serum: niacinamide serum | 3) Moisturizer: light lotion moisturizer | 4) SPF: spf50 matte,1) Cleanser: milk cleanser | 2) Treatment: retinol treatment | 3) Moisturizer: light lotion moisturizer
RTN0000130,REC0000130,combination,1,5,4,5,acne control cleanser,ceramide moisturizer,peptide serum,spf50 matte,barrier repair,skincare_datasets.xlsx::Recommendations|skincare_recommendations_dataset.csv,1) Cleanser: acne control cleanser | 2) Serum: peptide serum | 3) Moisturizer: ceramide moisturizer | 4) SPF: spf50 matte,1) Cleanser: acne control cleanser | 2) Treatment: barrier repair | 3) Moisturizer: ceramide moisturizer
RTN0000131,REC0000131,combination,1,5,4,5,salicylic acid cleanser,light lotion moisturizer,centella serum,spf50,calming treatment,skincare_datasets.xlsx::Recommendations|skincare_recommendations_dataset.csv,1) Cleanser: salicylic acid cleanser | 2) Serum: centella serum | 3) Moisturizer: light lotion moisturizer | 4) SPF: spf50,1) Cleanser: salicylic acid cleanser | 2) Treatment: calming treatment | 3) Moisturizer: light lotion moisturizer
RTN0000132,REC0000132,combination,1,5,5,1,gentle foam cleanser,ceramide moisturizer,peptide serum,spf50,benzoyl peroxide,skincare_datasets.xlsx::Recommendations|skincare_recommendations_dataset.csv,1) Cleanser: gentle foam cleanser | 2) Serum: peptide serum | 3) Moisturizer: ceramide moisturizer | 4) SPF: spf50,1) Cleanser: gentle foam cleanser | 2) Treatment: benzoyl peroxide | 3) Moisturizer: ceramide moisturizer
RTN0000133,REC0000133,combination,2,0,0,0,milk cleanser,rich cream moisturizer,retinol serum,spf50,barrier repair,skincare_datasets.xlsx::Recommendations|skincare_recommendations_dataset.csv,1) Cleanser: milk cleanser | 2) Serum: retinol serum | 3) Moisturizer: rich cream moisturizer | 4) SPF: spf50,1) Cleanser: milk cleanser | 2) Treatment: barrier repair | 3) Moisturizer: rich cream moisturizer
RTN0000134,REC0000134,combination,2,0,0,0,ultra gentle cleanser,light lotion moisturizer,niacinamide serum,spf30,benzoyl peroxide,skincare_datasets.xlsx::Recommendations|skincare_recommendations_dataset.csv,1) Cleanser: ultra gentle cleanser | 2) Serum: niacinamide serum | 3) Moisturizer: light lotion moisturizer | 4) SPF: spf30,1) Cleanser: ultra gentle cleanser | 2) Treatment: benzoyl peroxide | 3) Moisturizer: light lotion moisturizer
RTN0000135,REC0000135,combination,2,0,0,3,milk cleanser,light lotion moisturizer,vitamin c serum,mineral spf50,hydrating mask,skincare_datasets.xlsx::Recommendations|skincare_recommendations_dataset.csv,1) Cleanser: milk cleanser | 2) Serum: vitamin c serum | 3) Moisturizer: light lotion moisturizer | 4) SPF: mineral spf50,1) Cleanser: milk cleanser | 2) Treatment: hydrating mask | 3) Moisturizer: light lotion moisturizer
RTN0000136,REC0000136,combination,2,0,0,4,gentle foam cleanser,oil free gel moisturizer,peptide serum,spf50,anti aging routine,skincare_datasets.xlsx::Recommendations|skincare_recommendations_dataset.csv,1) Cleanser: gentle foam cleanser | 2) Serum: peptide serum | 3) Moisturizer: oil free gel moisturizer | 4) SPF: spf50,1) Cleanser: gentle foam cleanser | 2) Treatment: anti aging routine | 3) Moisturizer: oil free gel moisturizer
RTN0000137,REC0000137,combination,2,0,1,1,gentle foam cleanser,oil free gel moisturizer,vitamin c serum,spf50 matte,anti aging routine,skincare_datasets.xlsx::Recommendations|skincare_recommendations_dataset.csv,1) Cleanser: gentle foam cleanser | 2) Serum: vitamin c serum | 3) Moisturizer: oil free gel moisturizer | 4) SPF: spf50 matte,1) Cleanser: gentle foam cleanser | 2) Treatment: anti aging routine | 3) Moisturizer: oil free gel moisturizer
RTN0000138,REC0000138,combination,2,0,1,5,acne control cleanser,ceramide moisturizer,peptide serum,spf30,barrier repair,skincare_datasets.xlsx::Recommendations|skincare_recommendations_dataset.csv,1) Cleanser: acne control cleanser | 2) Serum: peptide serum | 3) Moisturizer: ceramide moisturizer | 4) SPF: spf30,1) Cleanser: acne control cleanser | 2) Treatment: barrier repair | 3) Moisturizer: ceramide moisturizer
RTN0000139,REC0000139,combination,2,0,1,5,gentle foam cleanser,oil free gel moisturizer,vitamin c serum,mineral spf50,benzoyl peroxide,skincare_datasets.xlsx::Recommendations|skincare_recommendations_dataset.csv,1) Cleanser: gentle foam cleanser | 2) Serum: vitamin c serum | 3) Moisturizer: oil free gel moisturizer | 4) SPF: mineral spf50,1) Cleanser: gentle foam cleanser | 2) Treatment: benzoyl peroxide | 3) Moisturizer: oil free gel moisturizer
RTN0000140,REC0000140,combination,2,0,1,5,milk cleanser,rich cream moisturizer,peptide serum,spf50,anti aging routine,skincare_datasets.xlsx::Recommendations|skincare_recommendations_dataset.csv,1) Cleanser: milk cleanser | 2) Serum: peptide serum | 3) Moisturizer: rich cream moisturizer | 4) SPF: spf50,1) Cleanser: milk cleanser | 2) Treatment: anti aging routine | 3) Moisturizer: rich cream moisturizer
RTN0000141,REC0000141,combination,2,0,2,2,ultra gentle cleanser,soothing moisturizer,peptide serum,mineral spf50,chemical exfoliation,skincare_datasets.xlsx::Recommendations|skincare_recommendations_dataset.csv,1) Cleanser: ultra gentle cleanser | 2) Serum: peptide serum | 3) Moisturizer: soothing moisturizer | 4) SPF: mineral spf50,1) Cleanser: ultra gentle cleanser | 2) Treatment: chemical exfoliation | 3) Moisturizer: soothing moisturizer
RTN0000142,REC0000142,combination,2,0,3,1,acne control cleanser,rich cream moisturizer,niacinamide serum,spf50,anti aging routine,skincare_datasets.xlsx::Recommendations|skincare_recommendations_dataset.csv,1) Cleanser: acne control cleanser | 2) Serum: niacinamide serum | 3) Moisturizer: rich cream moisturizer | 4) SPF: spf50,1) Cleanser: acne control cleanser | 2) Treatment: anti aging routine | 3) Moisturizer: rich cream moisturizer
RTN0000143,REC0000143,combination,2,0,3,2,milk cleanser,light lotion moisturizer,centella serum,spf50,hydrating mask,skincare_datasets.xlsx::Recommendations|skincare_recommendations_dataset.csv,1) Cleanser: milk cleanser | 2) Serum: centella serum | 3) Moisturizer: light lotion moisturizer | 4) SPF: spf50,1) Cleanser: milk cleanser | 2) Treatment: hydrating mask | 3) Moisturizer: light lotion moisturizer
RTN0000144,REC0000144,combination,2,1,0,0,milk cleanser,ceramide moisturizer,centella serum,spf30,benzoyl peroxide,skincare_datasets.xlsx::Recommendations|skincare_recommendations_dataset.csv,1) Cleanser: milk cleanser | 2) Serum: centella serum | 3) Moisturizer: ceramide moisturizer | 4) SPF: spf30,1) Cleanser: milk cleanser | 2) Treatment: benzoyl peroxide | 3) Moisturizer: ceramide moisturizer
RTN0000145,REC0000145,combination,2,1,0,0,milk cleanser,oil free gel moisturizer,hyaluronic acid serum,spf50,retinol treatment,skincare_datasets.xlsx::Recommendations|skincare_recommendations_dataset.csv,1) Cleanser: milk cleanser | 2) Serum: hyaluronic acid serum | 3) Moisturizer: oil free gel moisturizer | 4) SPF: spf50,1) Cleanser: milk cleanser | 2) Treatment: retinol treatment | 3) Moisturizer: oil free gel moisturizer
RTN0000146,REC0000146,combination,2,1,0,2,salicylic acid cleanser,oil free gel moisturizer,centella serum,mineral spf50,barrier repair,skincare_datasets.xlsx::Recommendations|skincare_recommendations_dataset.csv,1) Cleanser: salicylic acid cleanser | 2) Serum: centella serum | 3) Moisturizer: oil free gel moisturizer | 4) SPF: mineral spf50,1) Cleanser: salicylic acid cleanser | 2) Treatment: barrier repair | 3) Moisturizer: oil free gel moisturizer
RTN0000147,REC0000147,combination,2,1,0,4,gentle foam cleanser,soothing moisturizer,hyaluronic acid serum,spf50,anti aging routine,skincare_datasets.xlsx::Recommendations|skincare_recommendations_dataset.csv,1) Cleanser: gentle foam cleanser | 2) Serum: hyaluronic acid serum | 3) Moisturizer: soothing moisturizer | 4) SPF: spf50,1) Cleanser: gentle foam cleanser | 2) Treatment: anti aging routine | 3) Moisturizer: soothing moisturizer
RTN0000148,REC0000148,combination,2,1,1,1,ultra gentle cleanser,oil free gel moisturizer,peptide serum,spf30,benzoyl peroxide,skincare_datasets.xlsx::Recommendations|skincare_recommendations_dataset.csv,1) Cleanser: ultra gentle cleanser | 2) Serum: peptide serum | 3) Moisturizer: oil free gel moisturizer | 4) SPF: spf30,1) Cleanser: ultra gentle cleanser | 2) Treatment: benzoyl peroxide | 3) Moisturizer: oil free gel moisturizer
RTN0000149,REC0000149,combination,2,1,1,3,acne control cleanser,oil free gel moisturizer,retinol serum,mineral spf50,anti aging routine,skincare_datasets.xlsx::Recommendations|skincare_recommendations_dataset.csv,1) Cleanser: acne control cleanser | 2) Serum: retinol serum | 3) Moisturizer: oil free gel moisturizer | 4) SPF: mineral spf50,1) Cleanser: acne control cleanser | 2) Treatment: anti aging routine | 3) Moisturizer: oil free gel moisturizer
RTN0000150,REC0000150,combination,2,1,1,3,milk cleanser,light lotion moisturizer,vitamin c serum,mineral spf50,calming treatment,skincare_datasets.xlsx::Recommendations|skincare_recommendations_dataset.csv,1) Cleanser: milk cleanser | 2) Serum: vitamin c serum | 3) Moisturizer: light lotion moisturizer | 4) SPF: mineral spf50,1) Cleanser: milk cleanser | 2) Treatment: calming treatment | 3) Moisturizer: light lotion moisturizer
RTN0000151,REC0000151,combination,2,1,2,1,hydrating cleanser,rich cream moisturizer,peptide serum,mineral spf50,calming treatment,skincare_datasets.xlsx::Recommendations|skincare_recommendations_dataset.csv,1) Cleanser: hydrating cleanser | 2) Serum: peptide serum | 3) Moisturizer: rich cream moisturizer | 4) SPF: mineral spf50,1) Cleanser: hydrating cleanser | 2) Treatment: calming treatment | 3) Moisturizer: rich cream moisturizer
RTN0000152,REC0000152,combination,2,1,2,4,milk cleanser,oil free gel moisturizer,centella serum,spf50,retinol treatment,skincare_datasets.xlsx::Recommendations|skincare_recommendations_dataset.csv,1) Cleanser: milk cleanser | 2) Serum: centella serum | 3) Moisturizer: oil free gel moisturizer | 4) SPF: spf50,1) Cleanser: milk cleanser | 2) Treatment: retinol treatment | 3) Moisturizer: oil free gel moisturizer
RTN0000153,REC0000153,combination,2,1,2,4,milk cleanser,rich cream moisturizer,centella serum,spf50 matte,retinol treatment,skincare_datasets.xlsx::Recommendations|skincare_recommendations_dataset.csv,1) Cleanser: milk cleanser | 2) Serum: centella serum | 3) Moisturizer: rich cream moisturizer | 4) SPF: spf50 matte,1) Cleanser: milk cleanser | 2) Treatment: retinol treatment | 3) Moisturizer: rich cream moisturizer
RTN0000154,REC0000154,combination,2,1,4,0,salicylic acid cleanser,light lotion moisturizer,retinol serum,mineral spf50,benzoyl peroxide,skincare_datasets.xlsx::Recommendations|skincare_recommendations_dataset.csv,1) Cleanser: salicylic acid cleanser | 2) Serum: retinol serum | 3) Moisturizer: light lotion moisturizer | 4) SPF: mineral spf50,1) Cleanser: salicylic acid cleanser | 2) Treatment: benzoyl peroxide | 3) Moisturizer: light lotion moisturizer
RTN0000155,REC0000155,combination,2,1,4,2,ultra gentle cleanser,oil free gel moisturizer,retinol serum,spf30,hydrating mask,skincare_datasets.xlsx::Recommendations|skincare_recommendations_dataset.csv,1) Cleanser: ultra gentle cleanser | 2) Serum: retinol serum | 3) Moisturizer: oil free gel moisturizer | 4) SPF: spf30,1) Cleanser: ultra gentle cleanser | 2) Treatment: hydrating mask | 3) Moisturizer: oil free gel moisturizer
RTN0000156,REC0000156,combination,2,1,5,4,hydrating cleanser,rich cream moisturizer,centella serum,spf30,benzoyl peroxide,skincare_datasets.xlsx::Recommendations|skincare_recommendations_dataset.csv,1) Cleanser: hydrating cleanser | 2) Serum: centella serum | 3) Moisturizer: rich cream moisturizer | 4) SPF: spf30,1) Cleanser: hydrating cleanser | 2) Treatment: benzoyl peroxide | 3) Moisturizer: rich cream moisturizer
RTN0000157,REC0000157,combination,2,2,0,1,milk cleanser,light lotion moisturizer,retinol serum,mineral spf50,retinol treatment,skincare_datasets.xlsx::Recommendations|skincare_recommendations_dataset.csv,1) Cleanser: milk cleanser | 2) Serum: retinol serum | 3) Moisturizer: light lotion moisturizer | 4) SPF: mineral spf50,1) Cleanser: milk cleanser | 2) Treatment: retinol treatment | 3) Moisturizer: light lotion moisturizer
RTN0000158,REC0000158,combination,2,2,0,1,milk cleanser,soothing moisturizer,peptide serum,spf50,barrier repair,skincare_datasets.xlsx::Recommendations|skincare_recommendations_dataset.csv,1) Cleanser: milk cleanser | 2) Serum: peptide serum | 3) Moisturizer: soothing moisturizer | 4) SPF: spf50,1) Cleanser: milk cleanser | 2) Treatment: barrier repair | 3) Moisturizer: soothing moisturizer
RTN0000159,REC0000159,combination,2,2,0,1,salicylic acid cleanser,rich cream moisturizer,niacinamide serum,spf50 matte,calming treatment,skincare_datasets.xlsx::Recommendations|skincare_recommendations_dataset.csv,1) Cleanser: salicylic acid cleanser | 2) Serum: niacinamide serum | 3) Moisturizer: rich cream moisturizer | 4) SPF: spf50 matte,1) Cleanser: salicylic acid cleanser | 2) Treatment: calming treatment | 3) Moisturizer: rich cream moisturizer
RTN0000160,REC0000160,combination,2,2,1,0,salicylic acid cleanser,light lotion moisturizer,retinol serum,spf50,barrier repair,skincare_datasets.xlsx::Recommendations|skincare_recommendations_dataset.csv,1) Cleanser: salicylic acid cleanser | 2) Serum: retinol serum | 3) Moisturizer: light lotion moisturizer | 4) SPF: spf50,1) Cleanser: salicylic acid cleanser | 2) Treatment: barrier repair | 3) Moisturizer: light lotion moisturizer
RTN0000161,REC0000161,combination,2,2,2,4,gentle foam cleanser,rich cream moisturizer,vitamin c serum,mineral spf50,hydrating mask,skincare_datasets.xlsx::Recommendations|skincare_recommendations_dataset.csv,1) Cleanser: gentle foam cleanser | 2) Serum: vitamin c serum | 3) Moisturizer: rich cream moisturizer | 4) SPF: mineral spf50,1) Cleanser: gentle foam cleanser | 2) Treatment: hydrating mask | 3) Moisturizer: rich cream moisturizer
RTN0000162,REC0000162,combination,2,2,3,0,milk cleanser,light lotion moisturizer,hyaluronic acid serum,mineral spf50,calming treatment,skincare_datasets.xlsx::Recommendations|skincare_recommendations_dataset.csv,1) Cleanser: milk cleanser | 2) Serum: hyaluronic acid serum | 3) Moisturizer: light lotion moisturizer | 4) SPF: mineral spf50,1) Cleanser: milk cleanser | 2) Treatment: calming treatment | 3) Moisturizer: light lotion moisturizer
RTN0000163,REC0000163,combination,2,2,3,2,ultra gentle cleanser,soothing moisturizer,retinol serum,spf30,benzoyl peroxide,skincare_datasets.xlsx::Recommendations|skincare_recommendations_dataset.csv,1) Cleanser: ultra gentle cleanser | 2) Serum: retinol serum | 3) Moisturizer: soothing moisturizer | 4) SPF: spf30,1) Cleanser: ultra gentle cleanser | 2) Treatment: benzoyl peroxide | 3) Moisturizer: soothing moisturizer
RTN0000164,REC0000164,combination,2,2,5,1,salicylic acid cleanser,rich cream moisturizer,vitamin c serum,spf30,anti aging routine,skincare_datasets.xlsx::Recommendations|skincare_recommendations_dataset.csv,1) Cleanser: salicylic acid cleanser | 2) Serum: vitamin c serum | 3) Moisturizer: rich cream moisturizer | 4) SPF: spf30,1) Cleanser: salicylic acid cleanser | 2) Treatment: anti aging routine | 3) Moisturizer: rich cream moisturizer
RTN0000165,REC0000165,combination,2,2,5,4,salicylic acid cleanser,rich cream moisturizer,hyaluronic acid serum,spf50 matte,retinol treatment,skincare_datasets.xlsx::Recommendations|skincare_recommendations_dataset.csv,1) Cleanser: salicylic acid cleanser | 2) Serum: hyaluronic acid serum | 3) Moisturizer: rich cream moisturizer | 4) SPF: spf50 matte,1) Cleanser: salicylic acid cleanser | 2) Treatment: retinol treatment | 3) Moisturizer: rich cream moisturizer
RTN0000166,REC0000166,combination,2,3,2,5,salicylic acid cleanser,oil free gel moisturizer,niacinamide serum,spf50 matte,chemical exfoliation,skincare_datasets.xlsx::Recommendations|skincare_recommendations_dataset.csv,1) Cleanser: salicylic acid cleanser | 2) Serum: niacinamide serum | 3) Moisturizer: oil free gel moisturizer | 4) SPF: spf50 matte,1) Cleanser: salicylic acid cleanser | 2) Treatment: chemical exfoliation | 3) Moisturizer: oil free gel moisturizer
RTN0000167,REC0000167,combination,2,3,3,0,milk cleanser,soothing moisturizer,retinol serum,spf50,chemical exfoliation,skincare_datasets.xlsx::Recommendations|skincare_recommendations_dataset.csv,1) Cleanser: milk cleanser | 2) Serum: retinol serum | 3) Moisturizer: soothing moisturizer | 4) SPF: spf50,1) Cleanser: milk cleanser | 2) Treatment: chemical exfoliation | 3) Moisturizer: soothing moisturizer
RTN0000168,REC0000168,combination,2,3,3,1,ultra gentle cleanser,rich cream moisturizer,centella serum,spf50 matte,benzoyl peroxide,skincare_datasets.xlsx::Recommendations|skincare_recommendations_dataset.csv,1) Cleanser: ultra gentle cleanser | 2) Serum: centella serum | 3) Moisturizer: rich cream moisturizer | 4) SPF: spf50 matte,1) Cleanser: ultra gentle cleanser | 2) Treatment: benzoyl peroxide | 3) Moisturizer: rich cream moisturizer
RTN0000169,REC0000169,combination,2,3,3,2,acne control cleanser,rich cream moisturizer,vitamin c serum,spf50 matte,benzoyl peroxide,skincare_datasets.xlsx::Recommendations|skincare_recommendations_dataset.csv,1) Cleanser: acne control cleanser | 2) Serum: vitamin c serum | 3) Moisturizer: rich cream moisturizer | 4) SPF: spf50 matte,1) Cleanser: acne control cleanser | 2) Treatment: benzoyl peroxide | 3) Moisturizer: rich cream moisturizer
RTN0000170,REC0000170,combination,2,3,3,2,milk cleanser,light lotion moisturizer,vitamin c serum,spf50,chemical exfoliation,skincare_datasets.xlsx::Recommendations|skincare_recommendations_dataset.csv,1) Cleanser: milk cleanser | 2) Serum: vitamin c serum | 3) Moisturizer: light lotion moisturizer | 4) SPF: spf50,1) Cleanser: milk cleanser | 2) Treatment: chemical exfoliation | 3) Moisturizer: light lotion moisturizer
RTN0000171,REC0000171,combination,2,3,3,3,milk cleanser,oil free gel moisturizer,centella serum,spf30,barrier repair,skincare_datasets.xlsx::Recommendations|skincare_recommendations_dataset.csv,1) Cleanser: milk cleanser | 2) Serum: centella serum | 3) Moisturizer: oil free gel moisturizer | 4) SPF: spf30,1) Cleanser: milk cleanser | 2) Treatment: barrier repair | 3) Moisturizer: oil free gel moisturizer
RTN0000172,REC0000172,combination,2,3,4,0,acne control cleanser,light lotion moisturizer,niacinamide serum,mineral spf50,barrier repair,skincare_datasets.xlsx::Recommendations|skincare_recommendations_dataset.csv,1) Cleanser: acne control cleanser | 2) Serum: niacinamide serum | 3) Moisturizer: light lotion moisturizer | 4) SPF: mineral spf50,1) Cleanser: acne control cleanser | 2) Treatment: barrier repair | 3) Moisturizer: light lotion moisturizer
RTN0000173,REC0000173,combination,2,3,4,1,milk cleanser,rich cream moisturizer,retinol serum,spf30,hydrating mask,skincare_datasets.xlsx::Recommendations|skincare_recommendations_dataset.csv,1) Cleanser: milk cleanser | 2) Serum: retinol serum | 3) Moisturizer: rich cream moisturizer | 4) SPF: spf30,1) Cleanser: milk cleanser | 2) Treatment: hydrating mask | 3) Moisturizer: rich cream moisturizer
RTN0000174,REC0000174,combination,2,3,4,1,milk cleanser,soothing moisturizer,hyaluronic acid serum,spf50,calming treatment,skincare_datasets.xlsx::Recommendations|skincare_recommendations_dataset.csv,1) Cleanser: milk cleanser | 2) Serum: hyaluronic acid serum | 3) Moisturizer: soothing moisturizer | 4) SPF: spf50,1) Cleanser: milk cleanser | 2) Treatment: calming treatment | 3) Moisturizer: soothing moisturizer
RTN0000175,REC0000175,combination,2,3,5,1,gentle foam cleanser,light lotion moisturizer,centella serum,spf30,anti aging routine,skincare_datasets.xlsx::Recommendations|skincare_recommendations_dataset.csv,1) Cleanser: gentle foam cleanser | 2) Serum: centella serum | 3) Moisturizer: light lotion moisturizer | 4) SPF: spf30,1) Cleanser: gentle foam cleanser | 2) Treatment: anti aging routine | 3) Moisturizer: light lotion moisturizer
RTN0000176,REC0000176,combination,2,4,0,5,salicylic acid cleanser,light lotion moisturizer,hyaluronic acid serum,spf50,benzoyl peroxide,skincare_datasets.xlsx::Recommendations|skincare_recommendations_dataset.csv,1) Cleanser: salicylic acid cleanser | 2) Serum: hyaluronic acid serum | 3) Moisturizer: light lotion moisturizer | 4) SPF: spf50,1) Cleanser: salicylic acid cleanser | 2) Treatment: benzoyl peroxide | 3) Moisturizer: light lotion moisturizer
RTN0000177,REC0000177,combination,2,4,1,0,hydrating cleanser,ceramide moisturizer,hyaluronic acid serum,mineral spf50,hydrating mask,skincare_datasets.xlsx::Recommendations|skincare_recommendations_dataset.csv,1) Cleanser: hydrating cleanser | 2) Serum: hyaluronic acid serum | 3) Moisturizer: ceramide moisturizer | 4) SPF: mineral spf50,1) Cleanser: hydrating cleanser | 2) Treatment: hydrating mask | 3) Moisturizer: ceramide moisturizer
RTN0000178,REC0000178,combination,2,4,1,3,gentle foam cleanser,ceramide moisturizer,peptide serum,mineral spf50,benzoyl peroxide,skincare_datasets.xlsx::Recommendations|skincare_recommendations_dataset.csv,1) Cleanser: gentle foam cleanser | 2) Serum: peptide serum | 3) Moisturizer: ceramide moisturizer | 4) SPF: mineral spf50,1) Cleanser: gentle foam cleanser | 2) Treatment: benzoyl peroxide | 3) Moisturizer: ceramide moisturizer
RTN0000179,REC0000179,combination,2,4,1,4,hydrating cleanser,rich cream moisturizer,niacinamide serum,spf50 matte,anti aging routine,skincare_datasets.xlsx::Recommendations|skincare_recommendations_dataset.csv,1) Cleanser: hydrating cleanser | 2) Serum: niacinamide serum | 3) Moisturizer: rich cream moisturizer | 4) SPF: spf50 matte,1) Cleanser: hydrating cleanser | 2) Treatment: anti aging routine | 3) Moisturizer: rich cream moisturizer
RTN0000180,REC0000180,combination,2,4,2,3,salicylic acid cleanser,oil free gel moisturizer,niacinamide serum,spf50,anti aging routine,skincare_datasets.xlsx::Recommendations|skincare_recommendations_dataset.csv,1) Cleanser: salicylic acid cleanser | 2) Serum: niacinamide serum | 3) Moisturizer: oil free gel moisturizer | 4) SPF: spf50,1) Cleanser: salicylic acid cleanser | 2) Treatment: anti aging routine | 3) Moisturizer: oil free gel moisturizer
RTN0000181,REC0000181,combination,2,4,2,5,milk cleanser,soothing moisturizer,peptide serum,spf50 matte,chemical exfoliation,skincare_datasets.xlsx::Recommendations|skincare_recommendations_dataset.csv,1) Cleanser: milk cleanser | 2) Serum: peptide serum | 3) Moisturizer: soothing moisturizer | 4) SPF: spf50 matte,1) Cleanser: milk cleanser | 2) Treatment: chemical exfoliation | 3) Moisturizer: soothing moisturizer
RTN0000182,REC0000182,combination,2,4,2,5,ultra gentle cleanser,soothing moisturizer,hyaluronic acid serum,mineral spf50,anti aging routine,skincare_datasets.xlsx::Recommendations|skincare_recommendations_dataset.csv,1) Cleanser: ultra gentle cleanser | 2) Serum: hyaluronic acid serum | 3) Moisturizer: soothing moisturizer | 4) SPF: mineral spf50,1) Cleanser: ultra gentle cleanser | 2) Treatment: anti aging routine | 3) Moisturizer: soothing moisturizer
RTN0000183,REC0000183,combination,2,4,3,3,hydrating cleanser,light lotion moisturizer,vitamin c serum,mineral spf50,chemical exfoliation,skincare_datasets.xlsx::Recommendations|skincare_recommendations_dataset.csv,1) Cleanser: hydrating cleanser | 2) Serum: vitamin c serum | 3) Moisturizer: light lotion moisturizer | 4) SPF: mineral spf50,1) Cleanser: hydrating cleanser | 2) Treatment: chemical exfoliation | 3) Moisturizer: light lotion moisturizer
RTN0000184,REC0000184,combination,2,4,4,0,salicylic acid cleanser,soothing moisturizer,retinol serum,spf30,hydrating mask,skincare_datasets.xlsx::Recommendations|skincare_recommendations_dataset.csv,1) Cleanser: salicylic acid cleanser | 2) Serum: retinol serum | 3) Moisturizer: soothing moisturizer | 4) SPF: spf30,1) Cleanser: salicylic acid cleanser | 2) Treatment: hydrating mask | 3) Moisturizer: soothing moisturizer
RTN0000185,REC0000185,combination,2,4,4,1,hydrating cleanser,soothing moisturizer,niacinamide serum,mineral spf50,anti aging routine,skincare_datasets.xlsx::Recommendations|skincare_recommendations_dataset.csv,1) Cleanser: hydrating cleanser | 2) Serum: niacinamide serum | 3) Moisturizer: soothing moisturizer | 4) SPF: mineral spf50,1) Cleanser: hydrating cleanser | 2) Treatment: anti aging routine | 3) Moisturizer: soothing moisturizer
RTN0000186,REC0000186,combination,2,4,4,4,acne control cleanser,light lotion moisturizer,centella serum,mineral spf50,barrier repair,skincare_datasets.xlsx::Recommendations|skincare_recommendations_dataset.csv,1) Cleanser: acne control cleanser | 2) Serum: centella serum | 3) Moisturizer: light lotion moisturizer | 4) SPF: mineral spf50,1) Cleanser: acne control cleanser | 2) Treatment: barrier repair | 3) Moisturizer: light lotion moisturizer
RTN0000187,REC0000187,combination,2,4,4,5,gentle foam cleanser,light lotion moisturizer,niacinamide serum,spf50 matte,calming treatment,skincare_datasets.xlsx::Recommendations|skincare_recommendations_dataset.csv,1) Cleanser: gentle foam cleanser | 2) Serum: niacinamide serum | 3) Moisturizer: light lotion moisturizer | 4) SPF: spf50 matte,1) Cleanser: gentle foam cleanser | 2) Treatment: calming treatment | 3) Moisturizer: light lotion moisturizer
RTN0000188,REC0000188,combination,2,5,0,2,salicylic acid cleanser,oil free gel moisturizer,niacinamide serum,mineral spf50,chemical exfoliation,skincare_datasets.xlsx::Recommendations|skincare_recommendations_dataset.csv,1) Cleanser: salicylic acid cleanser | 2) Serum: niacinamide serum | 3) Moisturizer: oil free gel moisturizer | 4) SPF: mineral spf50,1) Cleanser: salicylic acid cleanser | 2) Treatment: chemical exfoliation | 3) Moisturizer: oil free gel moisturizer
RTN0000189,REC0000189,combination,2,5,1,3,milk cleanser,oil free gel moisturizer,retinol serum,spf50 matte,retinol treatment,skincare_datasets.xlsx::Recommendations|skincare_recommendations_dataset.csv,1) Cleanser: milk cleanser | 2) Serum: retinol serum | 3) Moisturizer: oil free gel moisturizer | 4) SPF: spf50 matte,1) Cleanser: milk cleanser | 2) Treatment: retinol treatment | 3) Moisturizer: oil free gel moisturizer
RTN0000190,REC0000190,combination,2,5,3,3,milk cleanser,ceramide moisturizer,peptide serum,spf50 matte,retinol treatment,skincare_datasets.xlsx::Recommendations|skincare_recommendations_dataset.csv,1) Cleanser: milk cleanser | 2) Serum: peptide serum | 3) Moisturizer: ceramide moisturizer | 4) SPF: spf50 matte,1) Cleanser: milk cleanser | 2) Treatment: retinol treatment | 3) Moisturizer: ceramide moisturizer
RTN0000191,REC0000191,combination,2,5,3,3,milk cleanser,light lotion moisturizer,hyaluronic acid serum,mineral spf50,hydrating mask,skincare_datasets.xlsx::Recommendations|skincare_recommendations_dataset.csv,1) Cleanser: milk cleanser | 2) Serum: hyaluronic acid serum | 3) Moisturizer: light lotion moisturizer | 4) SPF: mineral spf50,1) Cleanser: milk cleanser | 2) Treatment: hydrating mask | 3) Moisturizer: light lotion moisturizer
RTN0000192,REC0000192,combination,2,5,3,3,ultra gentle cleanser,oil free gel moisturizer,peptide serum,spf50 matte,retinol treatment,skincare_datasets.xlsx::Recommendations|skincare_recommendations_dataset.csv,1) Cleanser: ultra gentle cleanser | 2) Serum: peptide serum | 3) Moisturizer: oil free gel moisturizer | 4) SPF: spf50 matte,1) Cleanser: ultra gentle cleanser | 2) Treatment: retinol treatment | 3) Moisturizer: oil free gel moisturizer
RTN0000193,REC0000193,combination,2,5,4,5,gentle foam cleanser,light lotion moisturizer,niacinamide serum,spf50 matte,calming treatment,skincare_datasets.xlsx::Recommendations|skincare_recommendations_dataset.csv,1) Cleanser: gentle foam cleanser | 2) Serum: niacinamide serum | 3) Moisturizer: light lotion moisturizer | 4) SPF: spf50 matte,1) Cleanser: gentle foam cleanser | 2) Treatment: calming treatment | 3) Moisturizer: light lotion moisturizer
RTN0000194,REC0000194,combination,2,5,5,0,gentle foam cleanser,oil free gel moisturizer,centella serum,mineral spf50,calming treatment,skincare_datasets.xlsx::Recommendations|skincare_recommendations_dataset.csv,1) Cleanser: gentle foam cleanser | 2) Serum: centella serum | 3) Moisturizer: oil free gel moisturizer | 4) SPF: mineral spf50,1) Cleanser: gentle foam cleanser | 2) Treatment: calming treatment | 3) Moisturizer: oil free gel moisturizer
RTN0000195,REC0000195,combination,2,5,5,2,salicylic acid cleanser,rich cream moisturizer,peptide serum,spf50,barrier repair,skincare_datasets.xlsx::Recommendations|skincare_recommendations_dataset.csv,1) Cleanser: salicylic acid cleanser | 2) Serum: peptide serum | 3) Moisturizer: rich cream moisturizer | 4) SPF: spf50,1) Cleanser: salicylic acid cleanser | 2) Treatment: barrier repair | 3) Moisturizer: rich cream moisturizer
RTN0000196,REC0000196,combination,2,5,5,3,hydrating cleanser,oil free gel moisturizer,niacinamide serum,spf50,retinol treatment,skincare_datasets.xlsx::Recommendations|skincare_recommendations_dataset.csv,1) Cleanser: hydrating cleanser | 2) Serum: niacinamide serum | 3) Moisturizer: oil free gel moisturizer | 4) SPF: spf50,1) Cleanser: hydrating cleanser | 2) Treatment: retinol treatment | 3) Moisturizer: oil free gel moisturizer
RTN0000197,REC0000197,combination,3,0,0,0,gentle foam cleanser,rich cream moisturizer,niacinamide serum,spf30,barrier repair,skincare_datasets.xlsx::Recommendations|skincare_recommendations_dataset.csv,1) Cleanser: gentle foam cleanser | 2) Serum: niacinamide serum | 3) Moisturizer: rich cream moisturizer | 4) SPF: spf30,1) Cleanser: gentle foam cleanser | 2) Treatment: barrier repair | 3) Moisturizer: rich cream moisturizer
RTN0000198,REC0000198,combination,3,0,0,0,salicylic acid cleanser,ceramide moisturizer,vitamin c serum,mineral spf50,benzoyl peroxide,skincare_datasets.xlsx::Recommendations|skincare_recommendations_dataset.csv,1) Cleanser: salicylic acid cleanser | 2) Serum: vitamin c serum | 3) Moisturizer: ceramide moisturizer | 4) SPF: mineral spf50,1) Cleanser: salicylic acid cleanser | 2) Treatment: benzoyl peroxide | 3) Moisturizer: ceramide moisturizer
RTN0000199,REC0000199,combination,3,0,0,5,gentle foam cleanser,rich cream moisturizer,hyaluronic acid serum,spf50 matte,anti aging routine,skincare_datasets.xlsx::Recommendations|skincare_recommendations_dataset.csv,1) Cleanser: gentle foam cleanser | 2) Serum: hyaluronic acid serum | 3) Moisturizer: rich cream moisturizer | 4) SPF: spf50 matte,1) Cleanser: gentle foam cleanser | 2) Treatment: anti aging routine | 3) Moisturizer: rich cream moisturizer
RTN0000200,REC0000200,combination,3,0,1,3,gentle foam cleanser,light lotion moisturizer,vitamin c serum,spf50,calming treatment,skincare_datasets.xlsx::Recommendations|skincare_recommendations_dataset.csv,1) Cleanser: gentle foam cleanser | 2) Serum: vitamin c serum | 3) Moisturizer: light lotion moisturizer | 4) SPF: spf50,1) Cleanser: gentle foam cleanser | 2) Treatment: calming treatment | 3) Moisturizer: light lotion moisturizer
RTN0000201,REC0000201,combination,3,0,1,5,acne control cleanser,light lotion moisturizer,vitamin c serum,spf30,retinol treatment,skincare_datasets.xlsx::Recommendations|skincare_recommendations_dataset.csv,1) Cleanser: acne control cleanser | 2) Serum: vitamin c serum | 3) Moisturizer: light lotion moisturizer | 4) SPF: spf30,1) Cleanser: acne control cleanser | 2) Treatment: retinol treatment | 3) Moisturizer: light lotion moisturizer
RTN0000202,REC0000202,combination,3,0,1,5,hydrating cleanser,light lotion moisturizer,hyaluronic acid serum,spf30,benzoyl peroxide,skincare_datasets.xlsx::Recommendations|skincare_recommendations_dataset.csv,1) Cleanser: hydrating cleanser | 2) Serum: hyaluronic acid serum | 3) Moisturizer: light lotion moisturizer | 4) SPF: spf30,1) Cleanser: hydrating cleanser | 2) Treatment: benzoyl peroxide | 3) Moisturizer: light lotion moisturizer
RTN0000203,REC0000203,combination,3,0,2,3,acne control cleanser,ceramide moisturizer,centella serum,spf50 matte,benzoyl peroxide,skincare_datasets.xlsx::Recommendations|skincare_recommendations_dataset.csv,1) Cleanser: acne control cleanser | 2) Serum: centella serum | 3) Moisturizer: ceramide moisturizer | 4) SPF: spf50 matte,1) Cleanser: acne control cleanser | 2) Treatment: benzoyl peroxide | 3) Moisturizer: ceramide moisturizer
RTN0000204,REC0000204,combination,3,0,2,3,hydrating cleanser,rich cream moisturizer,retinol serum,spf30,benzoyl peroxide,skincare_datasets.xlsx::Recommendations|skincare_recommendations_dataset.csv,1) Cleanser: hydrating cleanser | 2) Serum: retinol serum | 3) Moisturizer: rich cream moisturizer | 4) SPF: spf30,1) Cleanser: hydrating cleanser | 2) Treatment: benzoyl peroxide | 3) Moisturizer: rich cream moisturizer
RTN0000205,REC0000205,combination,3,0,2,4,salicylic acid cleanser,ceramide moisturizer,vitamin c serum,spf50 matte,calming treatment,skincare_datasets.xlsx::Recommendations|skincare_recommendations_dataset.csv,1) Cleanser: salicylic acid cleanser | 2) Serum: vitamin c serum | 3) Moisturizer: ceramide moisturizer | 4) SPF: spf50 matte,1) Cleanser: salicylic acid cleanser | 2) Treatment: calming treatment | 3) Moisturizer: ceramide moisturizer
RTN0000206,REC0000206,combination,3,0,3,0,salicylic acid cleanser,oil free gel moisturizer,hyaluronic acid serum,spf50 matte,anti aging routine,skincare_datasets.xlsx::Recommendations|skincare_recommendations_dataset.csv,1) Cleanser: salicylic acid cleanser | 2) Serum: hyaluronic acid serum | 3) Moisturizer: oil free gel moisturizer | 4) SPF: spf50 matte,1) Cleanser: salicylic acid cleanser | 2) Treatment: anti aging routine | 3) Moisturizer: oil free gel moisturizer
RTN0000207,REC0000207,combination,3,0,4,4,salicylic acid cleanser,rich cream moisturizer,hyaluronic acid serum,spf30,chemical exfoliation,skincare_datasets.xlsx::Recommendations|skincare_recommendations_dataset.csv,1) Cleanser: salicylic acid cleanser | 2) Serum: hyaluronic acid serum | 3) Moisturizer: rich cream moisturizer | 4) SPF: spf30,1) Cleanser: salicylic acid cleanser | 2) Treatment: chemical exfoliation | 3) Moisturizer: rich cream moisturizer
RTN0000208,REC0000208,combination,3,1,0,4,hydrating cleanser,soothing moisturizer,centella serum,mineral spf50,anti aging routine,skincare_datasets.xlsx::Recommendations|skincare_recommendations_dataset.csv,1) Cleanser: hydrating cleanser | 2) Serum: centella serum | 3) Moisturizer: soothing moisturizer | 4) SPF: mineral spf50,1) Cleanser: hydrating cleanser | 2) Treatment: anti aging routine | 3) Moisturizer: soothing moisturizer
RTN0000209,REC0000209,combination,3,1,0,4,salicylic acid cleanser,rich cream moisturizer,peptide serum,mineral spf50,chemical exfoliation,skincare_datasets.xlsx::Recommendations|skincare_recommendations_dataset.csv,1) Cleanser: salicylic acid cleanser | 2) Serum: peptide serum | 3) Moisturizer: rich cream moisturizer | 4) SPF: mineral spf50,1) Cleanser: salicylic acid cleanser | 2) Treatment: chemical exfoliation | 3) Moisturizer: rich cream moisturizer
RTN0000210,REC0000210,combination,3,1,0,5,gentle foam cleanser,oil free gel moisturizer,retinol serum,mineral spf50,retinol treatment,skincare_datasets.xlsx::Recommendations|skincare_recommendations_dataset.csv,1) Cleanser: gentle foam cleanser | 2) Serum: retinol serum | 3) Moisturizer: oil free gel moisturizer | 4) SPF: mineral spf50,1) Cleanser: gentle foam cleanser | 2) Treatment: retinol treatment | 3) Moisturizer: oil free gel moisturizer
RTN0000211,REC0000211,combination,3,1,1,3,salicylic acid cleanser,oil free gel moisturizer,hyaluronic acid serum,mineral spf50,barrier repair,skincare_datasets.xlsx::Recommendations|skincare_recommendations_dataset.csv,1) Cleanser: salicylic acid cleanser | 2) Serum: hyaluronic acid serum | 3) Moisturizer: oil free gel moisturizer | 4) SPF: mineral spf50,1) Cleanser: salicylic acid cleanser | 2) Treatment: barrier repair | 3) Moisturizer: oil free gel moisturizer
RTN0000212,REC0000212,combination,3,1,3,2,salicylic acid cleanser,ceramide moisturizer,vitamin c serum,spf50 matte,anti aging routine,skincare_datasets.xlsx::Recommendations|skincare_recommendations_dataset.csv,1) Cleanser: salicylic acid cleanser | 2) Serum: vitamin c serum | 3) Moisturizer: ceramide moisturizer | 4) SPF: spf50 matte,1) Cleanser: salicylic acid cleanser | 2) Treatment: anti aging routine | 3) Moisturizer: ceramide moisturizer
RTN0000213,REC0000213,combination,3,1,4,4,salicylic acid cleanser,ceramide moisturizer,retinol serum,spf30,barrier repair,skincare_datasets.xlsx::Recommendations|skincare_recommendations_dataset.csv,1) Cleanser: salicylic acid cleanser | 2) Serum: retinol serum | 3) Moisturizer: ceramide moisturizer | 4) SPF: spf30,1) Cleanser: salicylic acid cleanser | 2) Treatment: barrier repair | 3) Moisturizer: ceramide moisturizer
RTN0000214,REC0000214,combination,3,1,5,0,gentle foam cleanser,ceramide moisturizer,vitamin c serum,spf50,chemical exfoliation,skincare_datasets.xlsx::Recommendations|skincare_recommendations_dataset.csv,1) Cleanser: gentle foam cleanser | 2) Serum: vitamin c serum | 3) Moisturizer: ceramide moisturizer | 4) SPF: spf50,1) Cleanser: gentle foam cleanser | 2) Treatment: chemical exfoliation | 3) Moisturizer: ceramide moisturizer
RTN0000215,REC0000215,combination,3,1,5,3,hydrating cleanser,rich cream moisturizer,hyaluronic acid serum,spf30,hydrating mask,skincare_datasets.xlsx::Recommendations|skincare_recommendations_dataset.csv,1) Cleanser: hydrating cleanser | 2) Serum: hyaluronic acid serum | 3) Moisturizer: rich cream moisturizer | 4) SPF: spf30,1) Cleanser: hydrating cleanser | 2) Treatment: hydrating mask | 3) Moisturizer: rich cream moisturizer
RTN0000216,REC0000216,combination,3,2,1,2,hydrating cleanser,soothing moisturizer,niacinamide serum,spf30,chemical exfoliation,skincare_datasets.xlsx::Recommendations|skincare_recommendations_dataset.csv,1) Cleanser: hydrating cleanser | 2) Serum: niacinamide serum | 3) Moisturizer: soothing moisturizer | 4) SPF: spf30,1) Cleanser: hydrating cleanser | 2) Treatment: chemical exfoliation | 3) Moisturizer: soothing moisturizer
RTN0000217,REC0000217,combination,3,2,3,1,gentle foam cleanser,light lotion moisturizer,retinol serum,spf30,chemical exfoliation,skincare_datasets.xlsx::Recommendations|skincare_recommendations_dataset.csv,1) Cleanser: gentle foam cleanser | 2) Serum: retinol serum | 3) Moisturizer: light lotion moisturizer | 4) SPF: spf30,1) Cleanser: gentle foam cleanser | 2) Treatment: chemical exfoliation | 3) Moisturizer: light lotion moisturizer
RTN0000218,REC0000218,combination,3,2,4,1,acne control cleanser,rich cream moisturizer,peptide serum,spf50,benzoyl peroxide,skincare_datasets.xlsx::Recommendations|skincare_recommendations_dataset.csv,1) Cleanser: acne control cleanser | 2) Serum: peptide serum | 3) Moisturizer: rich cream moisturizer | 4) SPF: spf50,1) Cleanser: acne control cleanser | 2) Treatment: benzoyl peroxide | 3) Moisturizer: rich cream moisturizer
RTN0000219,REC0000219,combination,3,2,5,0,hydrating cleanser,rich cream moisturizer,retinol serum,spf30,chemical exfoliation,skincare_datasets.xlsx::Recommendations|skincare_recommendations_dataset.csv,1) Cleanser: hydrating cleanser | 2) Serum: retinol serum | 3) Moisturizer: rich cream moisturizer | 4) SPF: spf30,1) Cleanser: hydrating cleanser | 2) Treatment: chemical exfoliation | 3) Moisturizer: rich cream moisturizer
RTN0000220,REC0000220,combination,3,2,5,2,hydrating cleanser,soothing moisturizer,centella serum,spf30,anti aging routine,skincare_datasets.xlsx::Recommendations|skincare_recommendations_dataset.csv,1) Cleanser: hydrating cleanser | 2) Serum: centella serum | 3) Moisturizer: soothing moisturizer | 4) SPF: spf30,1) Cleanser: hydrating cleanser | 2) Treatment: anti aging routine | 3) Moisturizer: soothing moisturizer
RTN0000221,REC0000221,combination,3,3,0,2,milk cleanser,ceramide moisturizer,peptide serum,mineral spf50,chemical exfoliation,skincare_datasets.xlsx::Recommendations|skincare_recommendations_dataset.csv,1) Cleanser: milk cleanser | 2) Serum: peptide serum | 3) Moisturizer: ceramide moisturizer | 4) SPF: mineral spf50,1) Cleanser: milk cleanser | 2) Treatment: chemical exfoliation | 3) Moisturizer: ceramide moisturizer
RTN0000222,REC0000222,combination,3,3,0,3,milk cleanser,soothing moisturizer,retinol serum,mineral spf50,barrier repair,skincare_datasets.xlsx::Recommendations|skincare_recommendations_dataset.csv,1) Cleanser: milk cleanser | 2) Serum: retinol serum | 3) Moisturizer: soothing moisturizer | 4) SPF: mineral spf50,1) Cleanser: milk cleanser | 2) Treatment: barrier repair | 3) Moisturizer: soothing moisturizer
RTN0000223,REC0000223,combination,3,3,1,0,acne control cleanser,soothing moisturizer,peptide serum,spf50 matte,hydrating mask,skincare_datasets.xlsx::Recommendations|skincare_recommendations_dataset.csv,1) Cleanser: acne control cleanser | 2) Serum: peptide serum | 3) Moisturizer: soothing moisturizer | 4) SPF: spf50 matte,1) Cleanser: acne control cleanser | 2) Treatment: hydrating mask | 3) Moisturizer: soothing moisturizer
RTN0000224,REC0000224,combination,3,3,1,3,gentle foam cleanser,light lotion moisturizer,peptide serum,spf50,calming treatment,skincare_datasets.xlsx::Recommendations|skincare_recommendations_dataset.csv,1) Cleanser: gentle foam cleanser | 2) Serum: peptide serum | 3) Moisturizer: light lotion moisturizer | 4) SPF: spf50,1) Cleanser: gentle foam cleanser | 2) Treatment: calming treatment | 3) Moisturizer: light lotion moisturizer
RTN0000225,REC0000225,combination,3,3,1,4,acne control cleanser,oil free gel moisturizer,hyaluronic acid serum,spf30,retinol treatment,skincare_datasets.xlsx::Recommendations|skincare_recommendations_dataset.csv,1) Cleanser: acne control cleanser | 2) Serum: hyaluronic acid serum | 3) Moisturizer: oil free gel moisturizer | 4) SPF: spf30,1) Cleanser: acne control cleanser | 2) Treatment: retinol treatment | 3) Moisturizer: oil free gel moisturizer
RTN0000226,REC0000226,combination,3,3,1,4,hydrating cleanser,soothing moisturizer,vitamin c serum,mineral spf50,hydrating mask,skincare_datasets.xlsx::Recommendations|skincare_recommendations_dataset.csv,1) Cleanser: hydrating cleanser | 2) Serum: vitamin c serum | 3) Moisturizer: soothing moisturizer | 4) SPF: mineral spf50,1) Cleanser: hydrating cleanser | 2) Treatment: hydrating mask | 3) Moisturizer: soothing moisturizer
RTN0000227,REC0000227,combination,3,3,1,5,gentle foam cleanser,soothing moisturizer,niacinamide serum,spf50 matte,benzoyl peroxide,skincare_datasets.xlsx::Recommendations|skincare_recommendations_dataset.csv,1) Cleanser: gentle foam cleanser | 2) Serum: niacinamide serum | 3) Moisturizer: soothing moisturizer | 4) SPF: spf50 matte,1) Cleanser: gentle foam cleanser | 2) Treatment: benzoyl peroxide | 3) Moisturizer: soothing moisturizer
RTN0000228,REC0000228,combination,3,3,2,2,hydrating cleanser,soothing moisturizer,peptide serum,spf50 matte,anti aging routine,skincare_datasets.xlsx::Recommendations|skincare_recommendations_dataset.csv,1) Cleanser: hydrating cleanser | 2) Serum: peptide serum | 3) Moisturizer: soothing moisturizer | 4) SPF: spf50 matte,1) Cleanser: hydrating cleanser | 2) Treatment: anti aging routine | 3) Moisturizer: soothing moisturizer
RTN0000229,REC0000229,combination,3,3,2,4,ultra gentle cleanser,oil free gel moisturizer,vitamin c serum,mineral spf50,hydrating mask,skincare_datasets.xlsx::Recommendations|skincare_recommendations_dataset.csv,1) Cleanser: ultra gentle cleanser | 2) Serum: vitamin c serum | 3) Moisturizer: oil free gel moisturizer | 4) SPF: mineral spf50,1) Cleanser: ultra gentle cleanser | 2) Treatment: hydrating mask | 3) Moisturizer: oil free gel moisturizer
RTN0000230,REC0000230,combination,3,3,3,0,ultra gentle cleanser,ceramide moisturizer,centella serum,spf50,retinol treatment,skincare_datasets.xlsx::Recommendations|skincare_recommendations_dataset.csv,1) Cleanser: ultra gentle cleanser | 2) Serum: centella serum | 3) Moisturizer: ceramide moisturizer | 4) SPF: spf50,1) Cleanser: ultra gentle cleanser | 2) Treatment: retinol treatment | 3) Moisturizer: ceramide moisturizer
RTN0000231,REC0000231,combination,3,3,4,0,gentle foam cleanser,soothing moisturizer,peptide serum,mineral spf50,benzoyl peroxide,skincare_datasets.xlsx::Recommendations|skincare_recommendations_dataset.csv,1) Cleanser: gentle foam cleanser | 2) Serum: peptide serum | 3) Moisturizer: soothing moisturizer | 4) SPF: mineral spf50,1) Cleanser: gentle foam cleanser | 2) Treatment: benzoyl peroxide | 3) Moisturizer: soothing moisturizer
RTN0000232,REC0000232,combination,3,3,4,0,ultra gentle cleanser,soothing moisturizer,hyaluronic acid serum,spf50 matte,benzoyl peroxide,skincare_datasets.xlsx::Recommendations|skincare_recommendations_dataset.csv,1) Cleanser: ultra gentle cleanser | 2) Serum: hyaluronic acid serum | 3) Moisturizer: soothing moisturizer | 4) SPF: spf50 matte,1) Cleanser: ultra gentle cleanser | 2) Treatment: benzoyl peroxide | 3) Moisturizer: soothing moisturizer
RTN0000233,REC0000233,combination,3,3,4,1,acne control cleanser,oil free gel moisturizer,retinol serum,spf30,barrier repair,skincare_datasets.xlsx::Recommendations|skincare_recommendations_dataset.csv,1) Cleanser: acne control cleanser | 2) Serum: retinol serum | 3) Moisturizer: oil free gel moisturizer | 4) SPF: spf30,1) Cleanser: acne control cleanser | 2) Treatment: barrier repair | 3) Moisturizer: oil free gel moisturizer
RTN0000234,REC0000234,combination,3,3,4,1,gentle foam cleanser,ceramide moisturizer,peptide serum,spf30,calming treatment,skincare_datasets.xlsx::Recommendations|skincare_recommendations_dataset.csv,1) Cleanser: gentle foam cleanser | 2) Serum: peptide serum | 3) Moisturizer: ceramide moisturizer | 4) SPF: spf30,1) Cleanser: gentle foam cleanser | 2) Treatment: calming treatment | 3) Moisturizer: ceramide moisturizer
RTN0000235,REC0000235,combination,3,3,4,3,hydrating cleanser,soothing moisturizer,hyaluronic acid serum,mineral spf50,chemical exfoliation,skincare_datasets.xlsx::Recommendations|skincare_recommendations_dataset.csv,1) Cleanser: hydrating cleanser | 2) Serum: hyaluronic acid serum | 3) Moisturizer: soothing moisturizer | 4) SPF: mineral spf50,1) Cleanser: hydrating cleanser | 2) Treatment: chemical exfoliation | 3) Moisturizer: soothing moisturizer
RTN0000236,REC0000236,combination,3,3,4,5,salicylic acid cleanser,oil free gel moisturizer,peptide serum,mineral spf50,retinol treatment,skincare_datasets.xlsx::Recommendations|skincare_recommendations_dataset.csv,1) Cleanser: salicylic acid cleanser | 2) Serum: peptide serum | 3) Moisturizer: oil free gel moisturizer | 4) SPF: mineral spf50,1) Cleanser: salicylic acid cleanser | 2) Treatment: retinol treatment | 3) Moisturizer: oil free gel moisturizer
RTN0000237,REC0000237,combination,3,3,5,1,salicylic acid cleanser,soothing moisturizer,niacinamide serum,spf30,barrier repair,skincare_datasets.xlsx::Recommendations|skincare_recommendations_dataset.csv,1) Cleanser: salicylic acid cleanser | 2) Serum: niacinamide serum | 3) Moisturizer: soothing moisturizer | 4) SPF: spf30,1) Cleanser: salicylic acid cleanser | 2) Treatment: barrier repair | 3) Moisturizer: soothing moisturizer
RTN0000238,REC0000238,combination,3,3,5,2,milk cleanser,rich cream moisturizer,peptide serum,spf50,benzoyl peroxide,skincare_datasets.xlsx::Recommendations|skincare_recommendations_dataset.csv,1) Cleanser: milk cleanser | 2) Serum: peptide serum | 3) Moisturizer: rich cream moisturizer | 4) SPF: spf50,1) Cleanser: milk cleanser | 2) Treatment: benzoyl peroxide | 3) Moisturizer: rich cream moisturizer
RTN0000239,REC0000239,combination,3,3,5,4,acne control cleanser,light lotion moisturizer,niacinamide serum,spf30,anti aging routine,skincare_datasets.xlsx::Recommendations|skincare_recommendations_dataset.csv,1) Cleanser: acne control cleanser | 2) Serum: niacinamide serum | 3) Moisturizer: light lotion moisturizer | 4) SPF: spf30,1) Cleanser: acne control cleanser | 2) Treatment: anti aging routine | 3) Moisturizer: light lotion moisturizer
RTN0000240,REC0000240,combination,3,4,1,1,gentle foam cleanser,soothing moisturizer,niacinamide serum,spf50,calming treatment,skincare_datasets.xlsx::Recommendations|skincare_recommendations_dataset.csv,1) Cleanser: gentle foam cleanser | 2) Serum: niacinamide serum | 3) Moisturizer: soothing moisturizer | 4) SPF: spf50,1) Cleanser: gentle foam cleanser | 2) Treatment: calming treatment | 3) Moisturizer: soothing moisturizer
RTN0000241,REC0000241,combination,3,4,1,2,hydrating cleanser,light lotion moisturizer,peptide serum,mineral spf50,hydrating mask,skincare_datasets.xlsx::Recommendations|skincare_recommendations_dataset.csv,1) Cleanser: hydrating cleanser | 2) Serum: peptide serum | 3) Moisturizer: light lotion moisturizer | 4) SPF: mineral spf50,1) Cleanser: hydrating cleanser | 2) Treatment: hydrating mask | 3) Moisturizer: light lotion moisturizer
RTN0000242,REC0000242,combination,3,4,2,1,acne control cleanser,light lotion moisturizer,peptide serum,spf30,anti aging routine,skincare_datasets.xlsx::Recommendations|skincare_recommendations_dataset.csv,1) Cleanser: acne control cleanser | 2) Serum: peptide serum | 3) Moisturizer: light lotion moisturizer | 4) SPF: spf30,1) Cleanser: acne control cleanser | 2) Treatment: anti aging routine | 3) Moisturizer: light lotion moisturizer
RTN0000243,REC0000243,combination,3,4,2,2,acne control cleanser,soothing moisturizer,peptide serum,mineral spf50,benzoyl peroxide,skincare_datasets.xlsx::Recommendations|skincare_recommendations_dataset.csv,1) Cleanser: acne control cleanser | 2) Serum: peptide serum | 3) Moisturizer: soothing moisturizer | 4) SPF: mineral spf50,1) Cleanser: acne control cleanser | 2) Treatment: benzoyl peroxide | 3) Moisturizer: soothing moisturizer
RTN0000244,REC0000244,combination,3,4,2,3,salicylic acid cleanser,ceramide moisturizer,peptide serum,spf50,anti aging routine,skincare_datasets.xlsx::Recommendations|skincare_recommendations_dataset.csv,1) Cleanser: salicylic acid cleanser | 2) Serum: peptide serum | 3) Moisturizer: ceramide moisturizer | 4) SPF: spf50,1) Cleanser: salicylic acid cleanser | 2) Treatment: anti aging routine | 3) Moisturizer: ceramide moisturizer
RTN0000245,REC0000245,combination,3,4,3,3,salicylic acid cleanser,light lotion moisturizer,niacinamide serum,spf30,benzoyl peroxide,skincare_datasets.xlsx::Recommendations|skincare_recommendations_dataset.csv,1) Cleanser: salicylic acid cleanser | 2) Serum: niacinamide serum | 3) Moisturizer: light lotion moisturizer | 4) SPF: spf30,1) Cleanser: salicylic acid cleanser | 2) Treatment: benzoyl peroxide | 3) Moisturizer: light lotion moisturizer
RTN0000246,REC0000246,combination,3,4,4,0,gentle foam cleanser,soothing moisturizer,vitamin c serum,mineral spf50,hydrating mask,skincare_datasets.xlsx::Recommendations|skincare_recommendations_dataset.csv,1) Cleanser: gentle foam cleanser | 2) Serum: vitamin c serum | 3) Moisturizer: soothing moisturizer | 4) SPF: mineral spf50,1) Cleanser: gentle foam cleanser | 2) Treatment: hydrating mask | 3) Moisturizer: soothing moisturizer
RTN0000247,REC0000247,combination,3,4,4,3,milk cleanser,light lotion moisturizer,hyaluronic acid serum,spf50,benzoyl peroxide,skincare_datasets.xlsx::Recommendations|skincare_recommendations_dataset.csv,1) Cleanser: milk cleanser | 2) Serum: hyaluronic acid serum | 3) Moisturizer: light lotion moisturizer | 4) SPF: spf50,1) Cleanser: milk cleanser | 2) Treatment: benzoyl peroxide | 3) Moisturizer: light lotion moisturizer
RTN0000248,REC0000248,combination,3,4,4,4,acne control cleanser,rich cream moisturizer,centella serum,spf50 matte,benzoyl peroxide,skincare_datasets.xlsx::Recommendations|skincare_recommendations_dataset.csv,1) Cleanser: acne control cleanser | 2) Serum: centella serum | 3) Moisturizer: rich cream moisturizer | 4) SPF: spf50 matte,1) Cleanser: acne control cleanser | 2) Treatment: benzoyl peroxide | 3) Moisturizer: rich cream moisturizer
RTN0000249,REC0000249,combination,3,4,5,2,gentle foam cleanser,light lotion moisturizer,peptide serum,spf50,chemical exfoliation,skincare_datasets.xlsx::Recommendations|skincare_recommendations_dataset.csv,1) Cleanser: gentle foam cleanser | 2) Serum: peptide serum | 3) Moisturizer: light lotion moisturizer | 4) SPF: spf50,1) Cleanser: gentle foam cleanser | 2) Treatment: chemical exfoliation | 3) Moisturizer: light lotion moisturizer
RTN0000250,REC0000250,combination,3,4,5,2,milk cleanser,ceramide moisturizer,hyaluronic acid serum,spf50 matte,chemical exfoliation,skincare_datasets.xlsx::Recommendations|skincare_recommendations_dataset.csv,1) Cleanser: milk cleanser | 2) Serum: hyaluronic acid serum | 3) Moisturizer: ceramide moisturizer | 4) SPF: spf50 matte,1) Cleanser: milk cleanser | 2) Treatment: chemical exfoliation | 3) Moisturizer: ceramide moisturizer
RTN0000251,REC0000251,combination,3,5,0,4,acne control cleanser,soothing moisturizer,centella serum,spf50,barrier repair,skincare_datasets.xlsx::Recommendations|skincare_recommendations_dataset.csv,1) Cleanser: acne control cleanser | 2) Serum: centella serum | 3) Moisturizer: soothing moisturizer | 4) SPF: spf50,1) Cleanser: acne control cleanser | 2) Treatment: barrier repair | 3) Moisturizer: soothing moisturizer
RTN0000252,REC0000252,combination,3,5,1,0,ultra gentle cleanser,rich cream moisturizer,hyaluronic acid serum,spf50 matte,retinol treatment,skincare_datasets.xlsx::Recommendations|skincare_recommendations_dataset.csv,1) Cleanser: ultra gentle cleanser | 2) Serum: hyaluronic acid serum | 3) Moisturizer: rich cream moisturizer | 4) SPF: spf50 matte,1) Cleanser: ultra gentle cleanser | 2) Treatment: retinol treatment | 3) Moisturizer: rich cream moisturizer
RTN0000253,REC0000253,combination,3,5,1,2,ultra gentle cleanser,light lotion moisturizer,niacinamide serum,spf30,benzoyl peroxide,skincare_datasets.xlsx::Recommendations|skincare_recommendations_dataset.csv,1) Cleanser: ultra gentle cleanser | 2) Serum: niacinamide serum | 3) Moisturizer: light lotion moisturizer | 4) SPF: spf30,1) Cleanser: ultra gentle cleanser | 2) Treatment: benzoyl peroxide | 3) Moisturizer: light lotion moisturizer
RTN0000254,REC0000254,combination,3,5,1,3,gentle foam cleanser,light lotion moisturizer,peptide serum,spf50,barrier repair,skincare_datasets.xlsx::Recommendations|skincare_recommendations_dataset.csv,1) Cleanser: gentle foam cleanser | 2) Serum: peptide serum | 3) Moisturizer: light lotion moisturizer | 4) SPF: spf50,1) Cleanser: gentle foam cleanser | 2) Treatment: barrier repair | 3) Moisturizer: light lotion moisturizer
RTN0000255,REC0000255,combination,3,5,1,3,gentle foam cleanser,light lotion moisturizer,vitamin c serum,spf50 matte,calming treatment,skincare_datasets.xlsx::Recommendations|skincare_recommendations_dataset.csv,1) Cleanser: gentle foam cleanser | 2) Serum: vitamin c serum | 3) Moisturizer: light lotion moisturizer | 4) SPF: spf50 matte,1) Cleanser: gentle foam cleanser | 2) Treatment: calming treatment | 3) Moisturizer: light lotion moisturizer
RTN0000256,REC0000256,combination,3,5,1,4,gentle foam cleanser,light lotion moisturizer,centella serum,spf50 matte,barrier repair,skincare_datasets.xlsx::Recommendations|skincare_recommendations_dataset.csv,1) Cleanser: gentle foam cleanser | 2) Serum: centella serum | 3) Moisturizer: light lotion moisturizer | 4) SPF: spf50 matte,1) Cleanser: gentle foam cleanser | 2) Treatment: barrier repair | 3) Moisturizer: light lotion moisturizer
RTN0000257,REC0000257,combination,3,5,2,4,hydrating cleanser,light lotion moisturizer,hyaluronic acid serum,spf30,chemical exfoliation,skincare_datasets.xlsx::Recommendations|skincare_recommendations_dataset.csv,1) Cleanser: hydrating cleanser | 2) Serum: hyaluronic acid serum | 3) Moisturizer: light lotion moisturizer | 4) SPF: spf30,1) Cleanser: hydrating cleanser | 2) Treatment: chemical exfoliation | 3) Moisturizer: light lotion moisturizer
RTN0000258,REC0000258,combination,3,5,2,4,milk cleanser,oil free gel moisturizer,peptide serum,mineral spf50,calming treatment,skincare_datasets.xlsx::Recommendations|skincare_recommendations_dataset.csv,1) Cleanser: milk cleanser | 2) Serum: peptide serum | 3) Moisturizer: oil free gel moisturizer | 4) SPF: mineral spf50,1) Cleanser: milk cleanser | 2) Treatment: calming treatment | 3) Moisturizer: oil free gel moisturizer
RTN0000259,REC0000259,combination,3,5,3,2,gentle foam cleanser,rich cream moisturizer,niacinamide serum,mineral spf50,benzoyl peroxide,skincare_datasets.xlsx::Recommendations|skincare_recommendations_dataset.csv,1) Cleanser: gentle foam cleanser | 2) Serum: niacinamide serum | 3) Moisturizer: rich cream moisturizer | 4) SPF: mineral spf50,1) Cleanser: gentle foam cleanser | 2) Treatment: benzoyl peroxide | 3) Moisturizer: rich cream moisturizer
RTN0000260,REC0000260,combination,3,5,3,5,gentle foam cleanser,rich cream moisturizer,niacinamide serum,spf50,chemical exfoliation,skincare_datasets.xlsx::Recommendations|skincare_recommendations_dataset.csv,1) Cleanser: gentle foam cleanser | 2) Serum: niacinamide serum | 3) Moisturizer: rich cream moisturizer | 4) SPF: spf50,1) Cleanser: gentle foam cleanser | 2) Treatment: chemical exfoliation | 3) Moisturizer: rich cream moisturizer
RTN0000261,REC0000261,combination,3,5,4,0,salicylic acid cleanser,light lotion moisturizer,centella serum,spf50,chemical exfoliation,skincare_datasets.xlsx::Recommendations|skincare_recommendations_dataset.csv,1) Cleanser: salicylic acid cleanser | 2) Serum: centella serum | 3) Moisturizer: light lotion moisturizer | 4) SPF: spf50,1) Cleanser: salicylic acid cleanser | 2) Treatment: chemical exfoliation | 3) Moisturizer: light lotion moisturizer
RTN0000262,REC0000262,combination,3,5,4,0,ultra gentle cleanser,light lotion moisturizer,centella serum,spf30,barrier repair,skincare_datasets.xlsx::Recommendations|skincare_recommendations_dataset.csv,1) Cleanser: ultra gentle cleanser | 2) Serum: centella serum | 3) Moisturizer: light lotion moisturizer | 4) SPF: spf30,1) Cleanser: ultra gentle cleanser | 2) Treatment: barrier repair | 3) Moisturizer: light lotion moisturizer
RTN0000263,REC0000263,combination,3,5,4,5,ultra gentle cleanser,rich cream moisturizer,centella serum,mineral spf50,anti aging routine,skincare_datasets.xlsx::Recommendations|skincare_recommendations_dataset.csv,1) Cleanser: ultra gentle cleanser | 2) Serum: centella serum | 3) Moisturizer: rich cream moisturizer | 4) SPF: mineral spf50,1) Cleanser: ultra gentle cleanser | 2) Treatment: anti aging routine | 3) Moisturizer: rich cream moisturizer
RTN0000264,REC0000264,combination,3,5,5,2,acne control cleanser,soothing moisturizer,centella serum,spf50 matte,barrier repair,skincare_datasets.xlsx::Recommendations|skincare_recommendations_dataset.csv,1) Cleanser: acne control cleanser | 2) Serum: centella serum | 3) Moisturizer: soothing moisturizer | 4) SPF: spf50 matte,1) Cleanser: acne control cleanser | 2) Treatment: barrier repair | 3) Moisturizer: soothing moisturizer
RTN0000265,REC0000265,combination,4,0,0,3,gentle foam cleanser,ceramide moisturizer,vitamin c serum,spf30,chemical exfoliation,skincare_datasets.xlsx::Recommendations|skincare_recommendations_dataset.csv,1) Cleanser: gentle foam cleanser | 2) Serum: vitamin c serum | 3) Moisturizer: ceramide moisturizer | 4) SPF: spf30,1) Cleanser: gentle foam cleanser | 2) Treatment: chemical exfoliation | 3) Moisturizer: ceramide moisturizer
RTN0000266,REC0000266,combination,4,0,1,2,hydrating cleanser,soothing moisturizer,retinol serum,spf30,chemical exfoliation,skincare_datasets.xlsx::Recommendations|skincare_recommendations_dataset.csv,1) Cleanser: hydrating cleanser | 2) Serum: retinol serum | 3) Moisturizer: soothing moisturizer | 4) SPF: spf30,1) Cleanser: hydrating cleanser | 2) Treatment: chemical exfoliation | 3) Moisturizer: soothing moisturizer
RTN0000267,REC0000267,combination,4,0,1,4,acne control cleanser,light lotion moisturizer,vitamin c serum,spf50,calming treatment,skincare_datasets.xlsx::Recommendations|skincare_recommendations_dataset.csv,1) Cleanser: acne control cleanser | 2) Serum: vitamin c serum | 3) Moisturizer: light lotion moisturizer | 4) SPF: spf50,1) Cleanser: acne control cleanser | 2) Treatment: calming treatment | 3) Moisturizer: light lotion moisturizer
RTN0000268,REC0000268,combination,4,0,2,0,hydrating cleanser,rich cream moisturizer,niacinamide serum,spf50,hydrating mask,skincare_datasets.xlsx::Recommendations|skincare_recommendations_dataset.csv,1) Cleanser: hydrating cleanser | 2) Serum: niacinamide serum | 3) Moisturizer: rich cream moisturizer | 4) SPF: spf50,1) Cleanser: hydrating cleanser | 2) Treatment: hydrating mask | 3) Moisturizer: rich cream moisturizer
RTN0000269,REC0000269,combination,4,0,2,0,ultra gentle cleanser,rich cream moisturizer,centella serum,spf30,hydrating mask,skincare_datasets.xlsx::Recommendations|skincare_recommendations_dataset.csv,1) Cleanser: ultra gentle cleanser | 2) Serum: centella serum | 3) Moisturizer: rich cream moisturizer | 4) SPF: spf30,1) Cleanser: ultra gentle cleanser | 2) Treatment: hydrating mask | 3) Moisturizer: rich cream moisturizer
RTN0000270,REC0000270,combination,4,0,2,1,milk cleanser,soothing moisturizer,retinol serum,spf30,anti aging routine,skincare_datasets.xlsx::Recommendations|skincare_recommendations_dataset.csv,1) Cleanser: milk cleanser | 2) Serum: retinol serum | 3) Moisturizer: soothing moisturizer | 4) SPF: spf30,1) Cleanser: milk cleanser | 2) Treatment: anti aging routine | 3) Moisturizer: soothing moisturizer
RTN0000271,REC0000271,combination,4,0,4,4,acne control cleanser,light lotion moisturizer,retinol serum,spf30,benzoyl peroxide,skincare_datasets.xlsx::Recommendations|skincare_recommendations_dataset.csv,1) Cleanser: acne control cleanser | 2) Serum: retinol serum | 3) Moisturizer: light lotion moisturizer | 4) SPF: spf30,1) Cleanser: acne control cleanser | 2) Treatment: benzoyl peroxide | 3) Moisturizer: light lotion moisturizer
RTN0000272,REC0000272,combination,4,1,0,1,gentle foam cleanser,soothing moisturizer,peptide serum,spf30,hydrating mask,skincare_datasets.xlsx::Recommendations|skincare_recommendations_dataset.csv,1) Cleanser: gentle foam cleanser | 2) Serum: peptide serum | 3) Moisturizer: soothing moisturizer | 4) SPF: spf30,1) Cleanser: gentle foam cleanser | 2) Treatment: hydrating mask | 3) Moisturizer: soothing moisturizer
RTN0000273,REC0000273,combination,4,1,0,2,gentle foam cleanser,ceramide moisturizer,retinol serum,spf30,chemical exfoliation,skincare_datasets.xlsx::Recommendations|skincare_recommendations_dataset.csv,1) Cleanser: gentle foam cleanser | 2) Serum: retinol serum | 3) Moisturizer: ceramide moisturizer | 4) SPF: spf30,1) Cleanser: gentle foam cleanser | 2) Treatment: chemical exfoliation | 3) Moisturizer: ceramide moisturizer
RTN0000274,REC0000274,combination,4,1,0,4,salicylic acid cleanser,oil free gel moisturizer,hyaluronic acid serum,spf30,anti aging routine,skincare_datasets.xlsx::Recommendations|skincare_recommendations_dataset.csv,1) Cleanser: salicylic acid cleanser | 2) Serum: hyaluronic acid serum | 3) Moisturizer: oil free gel moisturizer | 4) SPF: spf30,1) Cleanser: salicylic acid cleanser | 2) Treatment: anti aging routine | 3) Moisturizer: oil free gel moisturizer
RTN0000275,REC0000275,combination,4,1,1,0,milk cleanser,soothing moisturizer,niacinamide serum,spf50 matte,barrier repair,skincare_datasets.xlsx::Recommendations|skincare_recommendations_dataset.csv,1) Cleanser: milk cleanser | 2) Serum: niacinamide serum | 3) Moisturizer: soothing moisturizer | 4) SPF: spf50 matte,1) Cleanser: milk cleanser | 2) Treatment: barrier repair | 3) Moisturizer: soothing moisturizer
RTN0000276,REC0000276,combination,4,1,2,4,milk cleanser,oil free gel moisturizer,peptide serum,spf30,calming treatment,skincare_datasets.xlsx::Recommendations|skincare_recommendations_dataset.csv,1) Cleanser: milk cleanser | 2) Serum: peptide serum | 3) Moisturizer: oil free gel moisturizer | 4) SPF: spf30,1) Cleanser: milk cleanser | 2) Treatment: calming treatment | 3) Moisturizer: oil free gel moisturizer
RTN0000277,REC0000277,combination,4,1,2,5,ultra gentle cleanser,light lotion moisturizer,retinol serum,mineral spf50,hydrating mask,skincare_datasets.xlsx::Recommendations|skincare_recommendations_dataset.csv,1) Cleanser: ultra gentle cleanser | 2) Serum: retinol serum | 3) Moisturizer: light lotion moisturizer | 4) SPF: mineral spf50,1) Cleanser: ultra gentle cleanser | 2) Treatment: hydrating mask | 3) Moisturizer: light lotion moisturizer
RTN0000278,REC0000278,combination,4,1,3,0,ultra gentle cleanser,ceramide moisturizer,centella serum,spf50 matte,hydrating mask,skincare_datasets.xlsx::Recommendations|skincare_recommendations_dataset.csv,1) Cleanser: ultra gentle cleanser | 2) Serum: centella serum | 3) Moisturizer: ceramide moisturizer | 4) SPF: spf50 matte,1) Cleanser: ultra gentle cleanser | 2) Treatment: hydrating mask | 3) Moisturizer: ceramide moisturizer
RTN0000279,REC0000279,combination,4,1,4,1,milk cleanser,ceramide moisturizer,retinol serum,mineral spf50,hydrating mask,skincare_datasets.xlsx::Recommendations|skincare_recommendations_dataset.csv,1) Cleanser: milk cleanser | 2) Serum: retinol serum | 3) Moisturizer: ceramide moisturizer | 4) SPF: mineral spf50,1) Cleanser: milk cleanser | 2) Treatment: hydrating mask | 3) Moisturizer: ceramide moisturizer
RTN0000280,REC0000280,combination,4,1,4,3,salicylic acid cleanser,soothing moisturizer,hyaluronic acid serum,spf50,chemical exfoliation,skincare_datasets.xlsx::Recommendations|skincare_recommendations_dataset.csv,1) Cleanser: salicylic acid cleanser | 2) Serum: hyaluronic acid serum | 3) Moisturizer: soothing moisturizer | 4) SPF: spf50,1) Cleanser: salicylic acid cleanser | 2) Treatment: chemical exfoliation | 3) Moisturizer: soothing moisturizer
RTN0000281,REC0000281,combination,4,1,4,4,hydrating cleanser,oil free gel moisturizer,hyaluronic acid serum,spf50 matte,anti aging routine,skincare_datasets.xlsx::Recommendations|skincare_recommendations_dataset.csv,1) Cleanser: hydrating cleanser | 2) Serum: hyaluronic acid serum | 3) Moisturizer: oil free gel moisturizer | 4) SPF: spf50 matte,1) Cleanser: hydrating cleanser | 2) Treatment: anti aging routine | 3) Moisturizer: oil free gel moisturizer
RTN0000282,REC0000282,combination,4,1,4,5,gentle foam cleanser,soothing moisturizer,vitamin c serum,spf30,benzoyl peroxide,skincare_datasets.xlsx::Recommendations|skincare_recommendations_dataset.csv,1) Cleanser: gentle foam cleanser | 2) Serum: vitamin c serum | 3) Moisturizer: soothing moisturizer | 4) SPF: spf30,1) Cleanser: gentle foam cleanser | 2) Treatment: benzoyl peroxide | 3) Moisturizer: soothing moisturizer
RTN0000283,REC0000283,combination,4,1,4,5,hydrating cleanser,soothing moisturizer,niacinamide serum,spf50 matte,hydrating mask,skincare_datasets.xlsx::Recommendations|skincare_recommendations_dataset.csv,1) Cleanser: hydrating cleanser | 2) Serum: niacinamide serum | 3) Moisturizer: soothing moisturizer | 4) SPF: spf50 matte,1) Cleanser: hydrating cleanser | 2) Treatment: hydrating mask | 3) Moisturizer: soothing moisturizer
RTN0000284,REC0000284,combination,4,2,0,2,gentle foam cleanser,rich cream moisturizer,retinol serum,spf50 matte,benzoyl peroxide,skincare_datasets.xlsx::Recommendations|skincare_recommendations_dataset.csv,1) Cleanser: gentle foam cleanser | 2) Serum: retinol serum | 3) Moisturizer: rich cream moisturizer | 4) SPF: spf50 matte,1) Cleanser: gentle foam cleanser | 2) Treatment: benzoyl peroxide | 3) Moisturizer: rich cream moisturizer
RTN0000285,REC0000285,combination,4,2,0,2,hydrating cleanser,ceramide moisturizer,retinol serum,mineral spf50,hydrating mask,skincare_datasets.xlsx::Recommendations|skincare_recommendations_dataset.csv,1) Cleanser: hydrating cleanser | 2) Serum: retinol serum | 3) Moisturizer: ceramide moisturizer | 4) SPF: mineral spf50,1) Cleanser: hydrating cleanser | 2) Treatment: hydrating mask | 3) Moisturizer: ceramide moisturizer
RTN0000286,REC0000286,combination,4,2,1,4,gentle foam cleanser,light lotion moisturizer,centella serum,spf50,hydrating mask,skincare_datasets.xlsx::Recommendations|skincare_recommendations_dataset.csv,1) Cleanser: gentle foam cleanser | 2) Serum: centella serum | 3) Moisturizer: light lotion moisturizer | 4) SPF: spf50,1) Cleanser: gentle foam cleanser | 2) Treatment: hydrating mask | 3) Moisturizer: light lotion moisturizer
RTN0000287,REC0000287,combination,4,2,2,1,salicylic acid cleanser,oil free gel moisturizer,retinol serum,spf30,retinol treatment,skincare_datasets.xlsx::Recommendations|skincare_recommendations_dataset.csv,1) Cleanser: salicylic acid cleanser | 2) Serum: retinol serum | 3) Moisturizer: oil free gel moisturizer | 4) SPF: spf30,1) Cleanser: salicylic acid cleanser | 2) Treatment: retinol treatment | 3) Moisturizer: oil free gel moisturizer
RTN0000288,REC0000288,combination,4,2,2,3,hydrating cleanser,ceramide moisturizer,retinol serum,spf50 matte,benzoyl peroxide,skincare_datasets.xlsx::Recommendations|skincare_recommendations_dataset.csv,1) Cleanser: hydrating cleanser | 2) Serum: retinol serum | 3) Moisturizer: ceramide moisturizer | 4) SPF: spf50 matte,1) Cleanser: hydrating cleanser | 2) Treatment: benzoyl peroxide | 3) Moisturizer: ceramide moisturizer
RTN0000289,REC0000289,combination,4,2,2,3,milk cleanser,soothing moisturizer,vitamin c serum,spf50,anti aging routine,skincare_datasets.xlsx::Recommendations|skincare_recommendations_dataset.csv,1) Cleanser: milk cleanser | 2) Serum: vitamin c serum | 3) Moisturizer: soothing moisturizer | 4) SPF: spf50,1) Cleanser: milk cleanser | 2) Treatment: anti aging routine | 3) Moisturizer: soothing moisturizer
RTN0000290,REC0000290,combination,4,2,3,0,hydrating cleanser,soothing moisturizer,hyaluronic acid serum,spf30,chemical exfoliation,skincare_datasets.xlsx::Recommendations|skincare_recommendations_dataset.csv,1) Cleanser: hydrating cleanser | 2) Serum: hyaluronic acid serum | 3) Moisturizer: soothing moisturizer | 4) SPF: spf30,1) Cleanser: hydrating cleanser | 2) Treatment: chemical exfoliation | 3) Moisturizer: soothing moisturizer
RTN0000291,REC0000291,combination,4,2,3,0,ultra gentle cleanser,oil free gel moisturizer,retinol serum,spf50 matte,hydrating mask,skincare_datasets.xlsx::Recommendations|skincare_recommendations_dataset.csv,1) Cleanser: ultra gentle cleanser | 2) Serum: retinol serum | 3) Moisturizer: oil free gel moisturizer | 4) SPF: spf50 matte,1) Cleanser: ultra gentle cleanser | 2) Treatment: hydrating mask | 3) Moisturizer: oil free gel moisturizer
RTN0000292,REC0000292,combination,4,2,3,4,salicylic acid cleanser,light lotion moisturizer,niacinamide serum,spf50,chemical exfoliation,skincare_datasets.xlsx::Recommendations|skincare_recommendations_dataset.csv,1) Cleanser: salicylic acid cleanser | 2) Serum: niacinamide serum | 3) Moisturizer: light lotion moisturizer | 4) SPF: spf50,1) Cleanser: salicylic acid cleanser | 2) Treatment: chemical exfoliation | 3) Moisturizer: light lotion moisturizer
RTN0000293,REC0000293,combination,4,2,3,5,salicylic acid cleanser,light lotion moisturizer,vitamin c serum,spf30,benzoyl peroxide,skincare_datasets.xlsx::Recommendations|skincare_recommendations_dataset.csv,1) Cleanser: salicylic acid cleanser | 2) Serum: vitamin c serum | 3) Moisturizer: light lotion moisturizer | 4) SPF: spf30,1) Cleanser: salicylic acid cleanser | 2) Treatment: benzoyl peroxide | 3) Moisturizer: light lotion moisturizer
RTN0000294,REC0000294,combination,4,2,4,1,milk cleanser,light lotion moisturizer,peptide serum,spf50 matte,benzoyl peroxide,skincare_datasets.xlsx::Recommendations|skincare_recommendations_dataset.csv,1) Cleanser: milk cleanser | 2) Serum: peptide serum | 3) Moisturizer: light lotion moisturizer | 4) SPF: spf50 matte,1) Cleanser: milk cleanser | 2) Treatment: benzoyl peroxide | 3) Moisturizer: light lotion moisturizer
RTN0000295,REC0000295,combination,4,2,5,4,gentle foam cleanser,ceramide moisturizer,centella serum,spf30,retinol treatment,skincare_datasets.xlsx::Recommendations|skincare_recommendations_dataset.csv,1) Cleanser: gentle foam cleanser | 2) Serum: centella serum | 3) Moisturizer: ceramide moisturizer | 4) SPF: spf30,1) Cleanser: gentle foam cleanser | 2) Treatment: retinol treatment | 3) Moisturizer: ceramide moisturizer
RTN0000296,REC0000296,combination,4,3,0,3,hydrating cleanser,light lotion moisturizer,niacinamide serum,spf50 matte,benzoyl peroxide,skincare_datasets.xlsx::Recommendations|skincare_recommendations_dataset.csv,1) Cleanser: hydrating cleanser | 2) Serum: niacinamide serum | 3) Moisturizer: light lotion moisturizer | 4) SPF: spf50 matte,1) Cleanser: hydrating cleanser | 2) Treatment: benzoyl peroxide | 3) Moisturizer: light lotion moisturizer
RTN0000297,REC0000297,combination,4,3,0,3,salicylic acid cleanser,rich cream moisturizer,centella serum,spf30,calming treatment,skincare_datasets.xlsx::Recommendations|skincare_recommendations_dataset.csv,1) Cleanser: salicylic acid cleanser | 2) Serum: centella serum | 3) Moisturizer: rich cream moisturizer | 4) SPF: spf30,1) Cleanser: salicylic acid cleanser | 2) Treatment: calming treatment | 3) Moisturizer: rich cream moisturizer
RTN0000298,REC0000298,combination,4,3,0,5,milk cleanser,ceramide moisturizer,centella serum,spf30,retinol treatment,skincare_datasets.xlsx::Recommendations|skincare_recommendations_dataset.csv,1) Cleanser: milk cleanser | 2) Serum: centella serum | 3) Moisturizer: ceramide moisturizer | 4) SPF: spf30,1) Cleanser: milk cleanser | 2) Treatment: retinol treatment | 3) Moisturizer: ceramide moisturizer
RTN0000299,REC0000299,combination,4,3,1,0,hydrating cleanser,ceramide moisturizer,peptide serum,spf50 matte,calming treatment,skincare_datasets.xlsx::Recommendations|skincare_recommendations_dataset.csv,1) Cleanser: hydrating cleanser | 2) Serum: peptide serum | 3) Moisturizer: ceramide moisturizer | 4) SPF: spf50 matte,1) Cleanser: hydrating cleanser | 2) Treatment: calming treatment | 3) Moisturizer: ceramide moisturizer
RTN0000300,REC0000300,combination,4,3,1,0,ultra gentle cleanser,light lotion moisturizer,retinol serum,spf50,anti aging routine,skincare_datasets.xlsx::Recommendations|skincare_recommendations_dataset.csv,1) Cleanser: ultra gentle cleanser | 2) Serum: retinol serum | 3) Moisturizer: light lotion moisturizer | 4) SPF: spf50,1) Cleanser: ultra gentle cleanser | 2) Treatment: anti aging routine | 3) Moisturizer: light lotion moisturizer
RTN0000301,REC0000301,combination,4,3,1,2,salicylic acid cleanser,ceramide moisturizer,hyaluronic acid serum,spf50 matte,calming treatment,skincare_datasets.xlsx::Recommendations|skincare_recommendations_dataset.csv,1) Cleanser: salicylic acid cleanser | 2) Serum: hyaluronic acid serum | 3) Moisturizer: ceramide moisturizer | 4) SPF: spf50 matte,1) Cleanser: salicylic acid cleanser | 2) Treatment: calming treatment | 3) Moisturizer: ceramide moisturizer
RTN0000302,REC0000302,combination,4,3,2,1,milk cleanser,ceramide moisturizer,hyaluronic acid serum,mineral spf50,chemical exfoliation,skincare_datasets.xlsx::Recommendations|skincare_recommendations_dataset.csv,1) Cleanser: milk cleanser | 2) Serum: hyaluronic acid serum | 3) Moisturizer: ceramide moisturizer | 4) SPF: mineral spf50,1) Cleanser: milk cleanser | 2) Treatment: chemical exfoliation | 3) Moisturizer: ceramide moisturizer
RTN0000303,REC0000303,combination,4,3,2,4,hydrating cleanser,ceramide moisturizer,retinol serum,mineral spf50,retinol treatment,skincare_datasets.xlsx::Recommendations|skincare_recommendations_dataset.csv,1) Cleanser: hydrating cleanser | 2) Serum: retinol serum | 3) Moisturizer: ceramide moisturizer | 4) SPF: mineral spf50,1) Cleanser: hydrating cleanser | 2) Treatment: retinol treatment | 3) Moisturizer: ceramide moisturizer
RTN0000304,REC0000304,combination,4,3,3,1,hydrating cleanser,rich cream moisturizer,peptide serum,spf50,chemical exfoliation,skincare_datasets.xlsx::Recommendations|skincare_recommendations_dataset.csv,1) Cleanser: hydrating cleanser | 2) Serum: peptide serum | 3) Moisturizer: rich cream moisturizer | 4) SPF: spf50,1) Cleanser: hydrating cleanser | 2) Treatment: chemical exfoliation | 3) Moisturizer: rich cream moisturizer
RTN0000305,REC0000305,combination,4,3,3,3,salicylic acid cleanser,oil free gel moisturizer,retinol serum,spf50,benzoyl peroxide,skincare_datasets.xlsx::Recommendations|skincare_recommendations_dataset.csv,1) Cleanser: salicylic acid cleanser | 2) Serum: retinol serum | 3) Moisturizer: oil free gel moisturizer | 4) SPF: spf50,1) Cleanser: salicylic acid cleanser | 2) Treatment: benzoyl peroxide | 3) Moisturizer: oil free gel moisturizer
RTN0000306,REC0000306,combination,4,3,4,0,salicylic acid cleanser,soothing moisturizer,vitamin c serum,spf50 matte,anti aging routine,skincare_datasets.xlsx::Recommendations|skincare_recommendations_dataset.csv,1) Cleanser: salicylic acid cleanser | 2) Serum: vitamin c serum | 3) Moisturizer: soothing moisturizer | 4) SPF: spf50 matte,1) Cleanser: salicylic acid cleanser | 2) Treatment: anti aging routine | 3) Moisturizer: soothing moisturizer
RTN0000307,REC0000307,combination,4,3,4,1,hydrating cleanser,oil free gel moisturizer,retinol serum,spf30,chemical exfoliation,skincare_datasets.xlsx::Recommendations|skincare_recommendations_dataset.csv,1) Cleanser: hydrating cleanser | 2) Serum: retinol serum | 3) Moisturizer: oil free gel moisturizer | 4) SPF: spf30,1) Cleanser: hydrating cleanser | 2) Treatment: chemical exfoliation | 3) Moisturizer: oil free gel moisturizer
RTN0000308,REC0000308,combination,4,3,5,4,acne control cleanser,rich cream moisturizer,niacinamide serum,spf50,calming treatment,skincare_datasets.xlsx::Recommendations|skincare_recommendations_dataset.csv,1) Cleanser: acne control cleanser | 2) Serum: niacinamide serum | 3) Moisturizer: rich cream moisturizer | 4) SPF: spf50,1) Cleanser: acne control cleanser | 2) Treatment: calming treatment | 3) Moisturizer: rich cream moisturizer
RTN0000309,REC0000309,combination,4,3,5,5,gentle foam cleanser,ceramide moisturizer,niacinamide serum,spf50 matte,benzoyl peroxide,skincare_datasets.xlsx::Recommendations|skincare_recommendations_dataset.csv,1) Cleanser: gentle foam cleanser | 2) Serum: niacinamide serum | 3) Moisturizer: ceramide moisturizer | 4) SPF: spf50 matte,1) Cleanser: gentle foam cleanser | 2) Treatment: benzoyl peroxide | 3) Moisturizer: ceramide moisturizer
RTN0000310,REC0000310,combination,4,4,0,0,acne control cleanser,oil free gel moisturizer,retinol serum,mineral spf50,benzoyl peroxide,skincare_datasets.xlsx::Recommendations|skincare_recommendations_dataset.csv,1) Cleanser: acne control cleanser | 2) Serum: retinol serum | 3) Moisturizer: oil free gel moisturizer | 4) SPF: mineral spf50,1) Cleanser: acne control cleanser | 2) Treatment: benzoyl peroxide | 3) Moisturizer: oil free gel moisturizer
RTN0000311,REC0000311,combination,4,4,1,3,acne control cleanser,rich cream moisturizer,niacinamide serum,spf50 matte,hydrating mask,skincare_datasets.xlsx::Recommendations|skincare_recommendations_dataset.csv,1) Cleanser: acne control cleanser | 2) Serum: niacinamide serum | 3) Moisturizer: rich cream moisturizer | 4) SPF: spf50 matte,1) Cleanser: acne control cleanser | 2) Treatment: hydrating mask | 3) Moisturizer: rich cream moisturizer
RTN0000312,REC0000312,combination,4,4,2,0,acne control cleanser,oil free gel moisturizer,centella serum,spf30,anti aging routine,skincare_datasets.xlsx::Recommendations|skincare_recommendations_dataset.csv,1) Cleanser: acne control cleanser | 2) Serum: centella serum | 3) Moisturizer: oil free gel moisturizer | 4) SPF: spf30,1) Cleanser: acne control cleanser | 2) Treatment: anti aging routine | 3) Moisturizer: oil free gel moisturizer
RTN0000313,REC0000313,combination,4,4,2,0,gentle foam cleanser,soothing moisturizer,retinol serum,spf30,benzoyl peroxide,skincare_datasets.xlsx::Recommendations|skincare_recommendations_dataset.csv,1) Cleanser: gentle foam cleanser | 2) Serum: retinol serum | 3) Moisturizer: soothing moisturizer | 4) SPF: spf30,1) Cleanser: gentle foam cleanser | 2) Treatment: benzoyl peroxide | 3) Moisturizer: soothing moisturizer
RTN0000314,REC0000314,combination,4,4,2,4,gentle foam cleanser,oil free gel moisturizer,hyaluronic acid serum,mineral spf50,calming treatment,skincare_datasets.xlsx::Recommendations|skincare_recommendations_dataset.csv,1) Cleanser: gentle foam cleanser | 2) Serum: hyaluronic acid serum | 3) Moisturizer: oil free gel moisturizer | 4) SPF: mineral spf50,1) Cleanser: gentle foam cleanser | 2) Treatment: calming treatment | 3) Moisturizer: oil free gel moisturizer
RTN0000315,REC0000315,combination,4,4,2,4,milk cleanser,light lotion moisturizer,peptide serum,spf50 matte,barrier repair,skincare_datasets.xlsx::Recommendations|skincare_recommendations_dataset.csv,1) Cleanser: milk cleanser | 2) Serum: peptide serum | 3) Moisturizer: light lotion moisturizer | 4) SPF: spf50 matte,1) Cleanser: milk cleanser | 2) Treatment: barrier repair | 3) Moisturizer: light lotion moisturizer
RTN0000316,REC0000316,combination,4,4,4,5,salicylic acid cleanser,oil free gel moisturizer,retinol serum,spf30,benzoyl peroxide,skincare_datasets.xlsx::Recommendations|skincare_recommendations_dataset.csv,1) Cleanser: salicylic acid cleanser | 2) Serum: retinol serum | 3) Moisturizer: oil free gel moisturizer | 4) SPF: spf30,1) Cleanser: salicylic acid cleanser | 2) Treatment: benzoyl peroxide | 3) Moisturizer: oil free gel moisturizer
RTN0000317,REC0000317,combination,4,4,5,0,gentle foam cleanser,oil free gel moisturizer,centella serum,mineral spf50,hydrating mask,skincare_datasets.xlsx::Recommendations|skincare_recommendations_dataset.csv,1) Cleanser: gentle foam cleanser | 2) Serum: centella serum | 3) Moisturizer: oil free gel moisturizer | 4) SPF: mineral spf50,1) Cleanser: gentle foam cleanser | 2) Treatment: hydrating mask | 3) Moisturizer: oil free gel moisturizer
RTN0000318,REC0000318,combination,4,4,5,0,ultra gentle cleanser,ceramide moisturizer,peptide serum,spf30,benzoyl peroxide,skincare_datasets.xlsx::Recommendations|skincare_recommendations_dataset.csv,1) Cleanser: ultra gentle cleanser | 2) Serum: peptide serum | 3) Moisturizer: ceramide moisturizer | 4) SPF: spf30,1) Cleanser: ultra gentle cleanser | 2) Treatment: benzoyl peroxide | 3) Moisturizer: ceramide moisturizer
RTN0000319,REC0000319,combination,4,4,5,3,milk cleanser,ceramide moisturizer,retinol serum,spf50,barrier repair,skincare_datasets.xlsx::Recommendations|skincare_recommendations_dataset.csv,1) Cleanser: milk cleanser | 2) Serum: retinol serum | 3) Moisturizer: ceramide moisturizer | 4) SPF: spf50,1) Cleanser: milk cleanser | 2) Treatment: barrier repair | 3) Moisturizer: ceramide moisturizer
RTN0000320,REC0000320,combination,4,4,5,4,salicylic acid cleanser,soothing moisturizer,retinol serum,spf50,retinol treatment,skincare_datasets.xlsx::Recommendations|skincare_recommendations_dataset.csv,1) Cleanser: salicylic acid cleanser | 2) Serum: retinol serum | 3) Moisturizer: soothing moisturizer | 4) SPF: spf50,1) Cleanser: salicylic acid cleanser | 2) Treatment: retinol treatment | 3) Moisturizer: soothing moisturizer
RTN0000321,REC0000321,combination,4,4,5,5,salicylic acid cleanser,ceramide moisturizer,peptide serum,mineral spf50,calming treatment,skincare_datasets.xlsx::Recommendations|skincare_recommendations_dataset.csv,1) Cleanser: salicylic acid cleanser | 2) Serum: peptide serum | 3) Moisturizer: ceramide moisturizer | 4) SPF: mineral spf50,1) Cleanser: salicylic acid cleanser | 2) Treatment: calming treatment | 3) Moisturizer: ceramide moisturizer
RTN0000322,REC0000322,combination,4,5,0,3,gentle foam cleanser,ceramide moisturizer,hyaluronic acid serum,spf50,calming treatment,skincare_datasets.xlsx::Recommendations|skincare_recommendations_dataset.csv,1) Cleanser: gentle foam cleanser | 2) Serum: hyaluronic acid serum | 3) Moisturizer: ceramide moisturizer | 4) SPF: spf50,1) Cleanser: gentle foam cleanser | 2) Treatment: calming treatment | 3) Moisturizer: ceramide moisturizer
RTN0000323,REC0000323,combination,4,5,0,3,salicylic acid cleanser,ceramide moisturizer,peptide serum,mineral spf50,calming treatment,skincare_datasets.xlsx::Recommendations|skincare_recommendations_dataset.csv,1) Cleanser: salicylic acid cleanser | 2) Serum: peptide serum | 3) Moisturizer: ceramide moisturizer | 4) SPF: mineral spf50,1) Cleanser: salicylic acid cleanser | 2) Treatment: calming treatment | 3) Moisturizer: ceramide moisturizer
RTN0000324,REC0000324,combination,4,5,0,4,acne control cleanser,oil free gel moisturizer,peptide serum,spf30,chemical exfoliation,skincare_datasets.xlsx::Recommendations|skincare_recommendations_dataset.csv,1) Cleanser: acne control cleanser | 2) Serum: peptide serum | 3) Moisturizer: oil free gel moisturizer | 4) SPF: spf30,1) Cleanser: acne control cleanser | 2) Treatment: chemical exfoliation | 3) Moisturizer: oil free gel moisturizer
RTN0000325,REC0000325,combination,4,5,1,2,ultra gentle cleanser,ceramide moisturizer,peptide serum,spf30,barrier repair,skincare_datasets.xlsx::Recommendations|skincare_recommendations_dataset.csv,1) Cleanser: ultra gentle cleanser | 2) Serum: peptide serum | 3) Moisturizer: ceramide moisturizer | 4) SPF: spf30,1) Cleanser: ultra gentle cleanser | 2) Treatment: barrier repair | 3) Moisturizer: ceramide moisturizer
RTN0000326,REC0000326,combination,4,5,2,1,salicylic acid cleanser,light lotion moisturizer,peptide serum,mineral spf50,retinol treatment,skincare_datasets.xlsx::Recommendations|skincare_recommendations_dataset.csv,1) Cleanser: salicylic acid cleanser | 2) Serum: peptide serum | 3) Moisturizer: light lotion moisturizer | 4) SPF: mineral spf50,1) Cleanser: salicylic acid cleanser | 2) Treatment: retinol treatment | 3) Moisturizer: light lotion moisturizer
RTN0000327,REC0000327,combination,4,5,2,5,gentle foam cleanser,rich cream moisturizer,vitamin c serum,spf50,calming treatment,skincare_datasets.xlsx::Recommendations|skincare_recommendations_dataset.csv,1) Cleanser: gentle foam cleanser | 2) Serum: vitamin c serum | 3) Moisturizer: rich cream moisturizer | 4) SPF: spf50,1) Cleanser: gentle foam cleanser | 2) Treatment: calming treatment | 3) Moisturizer: rich cream moisturizer
RTN0000328,REC0000328,combination,4,5,4,5,salicylic acid cleanser,rich cream moisturizer,retinol serum,spf50 matte,anti aging routine,skincare_datasets.xlsx::Recommendations|skincare_recommendations_dataset.csv,1) Cleanser: salicylic acid cleanser | 2) Serum: retinol serum | 3) Moisturizer: rich cream moisturizer | 4) SPF: spf50 matte,1) Cleanser: salicylic acid cleanser | 2) Treatment: anti aging routine | 3) Moisturizer: rich cream moisturizer
RTN0000329,REC0000329,combination,4,5,5,1,acne control cleanser,soothing moisturizer,peptide serum,spf50,calming treatment,skincare_datasets.xlsx::Recommendations|skincare_recommendations_dataset.csv,1) Cleanser: acne control cleanser | 2) Serum: peptide serum | 3) Moisturizer: soothing moisturizer | 4) SPF: spf50,1) Cleanser: acne control cleanser | 2) Treatment: calming treatment | 3) Moisturizer: soothing moisturizer
RTN0000330,REC0000330,combination,4,5,5,3,acne control cleanser,soothing moisturizer,retinol serum,spf50,anti aging routine,skincare_datasets.xlsx::Recommendations|skincare_recommendations_dataset.csv,1) Cleanser: acne control cleanser | 2) Serum: retinol serum | 3) Moisturizer: soothing moisturizer | 4) SPF: spf50,1) Cleanser: acne control cleanser | 2) Treatment: anti aging routine | 3) Moisturizer: soothing moisturizer
RTN0000331,REC0000331,combination,5,0,0,0,gentle foam cleanser,soothing moisturizer,hyaluronic acid serum,spf50,retinol treatment,skincare_datasets.xlsx::Recommendations|skincare_recommendations_dataset.csv,1) Cleanser: gentle foam cleanser | 2) Serum: hyaluronic acid serum | 3) Moisturizer: soothing moisturizer | 4) SPF: spf50,1) Cleanser: gentle foam cleanser | 2) Treatment: retinol treatment | 3) Moisturizer: soothing moisturizer
RTN0000332,REC0000332,combination,5,0,1,4,milk cleanser,oil free gel moisturizer,vitamin c serum,mineral spf50,benzoyl peroxide,skincare_datasets.xlsx::Recommendations|skincare_recommendations_dataset.csv,1) Cleanser: milk cleanser | 2) Serum: vitamin c serum | 3) Moisturizer: oil free gel moisturizer | 4) SPF: mineral spf50,1) Cleanser: milk cleanser | 2) Treatment: benzoyl peroxide | 3) Moisturizer: oil free gel moisturizer
RTN0000333,REC0000333,combination,5,0,2,4,milk cleanser,light lotion moisturizer,centella serum,spf50 matte,anti aging routine,skincare_datasets.xlsx::Recommendations|skincare_recommendations_dataset.csv,1) Cleanser: milk cleanser | 2) Serum: centella serum | 3) Moisturizer: light lotion moisturizer | 4) SPF: spf50 matte,1) Cleanser: milk cleanser | 2) Treatment: anti aging routine | 3) Moisturizer: light lotion moisturizer
RTN0000334,REC0000334,combination,5,0,2,5,ultra gentle cleanser,soothing moisturizer,peptide serum,spf50 matte,retinol treatment,skincare_datasets.xlsx::Recommendations|skincare_recommendations_dataset.csv,1) Cleanser: ultra gentle cleanser | 2) Serum: peptide serum | 3) Moisturizer: soothing moisturizer | 4) SPF: spf50 matte,1) Cleanser: ultra gentle cleanser | 2) Treatment: retinol treatment | 3) Moisturizer: soothing moisturizer
RTN0000335,REC0000335,combination,5,0,3,0,acne control cleanser,oil free gel moisturizer,retinol serum,spf50,chemical exfoliation,skincare_datasets.xlsx::Recommendations|skincare_recommendations_dataset.csv,1) Cleanser: acne control cleanser | 2) Serum: retinol serum | 3) Moisturizer: oil free gel moisturizer | 4) SPF: spf50,1) Cleanser: acne control cleanser | 2) Treatment: chemical exfoliation | 3) Moisturizer: oil free gel moisturizer
RTN0000336,REC0000336,combination,5,0,4,0,milk cleanser,ceramide moisturizer,hyaluronic acid serum,spf50 matte,calming treatment,skincare_datasets.xlsx::Recommendations|skincare_recommendations_dataset.csv,1) Cleanser: milk cleanser | 2) Serum: hyaluronic acid serum | 3) Moisturizer: ceramide moisturizer | 4) SPF: spf50 matte,1) Cleanser: milk cleanser | 2) Treatment: calming treatment | 3) Moisturizer: ceramide moisturizer
RTN0000337,REC0000337,combination,5,0,4,1,ultra gentle cleanser,ceramide moisturizer,niacinamide serum,mineral spf50,barrier repair,skincare_datasets.xlsx::Recommendations|skincare_recommendations_dataset.csv,1) Cleanser: ultra gentle cleanser | 2) Serum: niacinamide serum | 3) Moisturizer: ceramide moisturizer | 4) SPF: mineral spf50,1) Cleanser: ultra gentle cleanser | 2) Treatment: barrier repair | 3) Moisturizer: ceramide moisturizer
RTN0000338,REC0000338,combination,5,0,4,2,acne control cleanser,ceramide moisturizer,peptide serum,spf50,barrier repair,skincare_datasets.xlsx::Recommendations|skincare_recommendations_dataset.csv,1) Cleanser: acne control cleanser | 2) Serum: peptide serum | 3) Moisturizer: ceramide moisturizer | 4) SPF: spf50,1) Cleanser: acne control cleanser | 2) Treatment: barrier repair | 3) Moisturizer: ceramide moisturizer
RTN0000339,REC0000339,combination,5,0,4,5,acne control cleanser,oil free gel moisturizer,niacinamide serum,spf30,calming treatment,skincare_datasets.xlsx::Recommendations|skincare_recommendations_dataset.csv,1) Cleanser: acne control cleanser | 2) Serum: niacinamide serum | 3) Moisturizer: oil free gel moisturizer | 4) SPF: spf30,1) Cleanser: acne control cleanser | 2) Treatment: calming treatment | 3) Moisturizer: oil free gel moisturizer
RTN0000340,REC0000340,combination,5,0,5,2,milk cleanser,soothing moisturizer,centella serum,spf50,calming treatment,skincare_datasets.xlsx::Recommendations|skincare_recommendations_dataset.csv,1) Cleanser: milk cleanser | 2) Serum: centella serum | 3) Moisturizer: soothing moisturizer | 4) SPF: spf50,1) Cleanser: milk cleanser | 2) Treatment: calming treatment | 3) Moisturizer: soothing moisturizer
RTN0000341,REC0000341,combination,5,0,5,4,ultra gentle cleanser,rich cream moisturizer,centella serum,spf50 matte,calming treatment,skincare_datasets.xlsx::Recommendations|skincare_recommendations_dataset.csv,1) Cleanser: ultra gentle cleanser | 2) Serum: centella serum | 3) Moisturizer: rich cream moisturizer | 4) SPF: spf50 matte,1) Cleanser: ultra gentle cleanser | 2) Treatment: calming treatment | 3) Moisturizer: rich cream moisturizer
RTN0000342,REC0000342,combination,5,0,5,5,gentle foam cleanser,rich cream moisturizer,retinol serum,spf30,benzoyl peroxide,skincare_datasets.xlsx::Recommendations|skincare_recommendations_dataset.csv,1) Cleanser: gentle foam cleanser | 2) Serum: retinol serum | 3) Moisturizer: rich cream moisturizer | 4) SPF: spf30,1) Cleanser: gentle foam cleanser | 2) Treatment: benzoyl peroxide | 3) Moisturizer: rich cream moisturizer
RTN0000343,REC0000343,combination,5,1,0,1,acne control cleanser,ceramide moisturizer,centella serum,spf30,chemical exfoliation,skincare_datasets.xlsx::Recommendations|skincare_recommendations_dataset.csv,1) Cleanser: acne control cleanser | 2) Serum: centella serum | 3) Moisturizer: ceramide moisturizer | 4) SPF: spf30,1) Cleanser: acne control cleanser | 2) Treatment: chemical exfoliation | 3) Moisturizer: ceramide moisturizer
RTN0000344,REC0000344,combination,5,1,0,1,acne control cleanser,soothing moisturizer,hyaluronic acid serum,spf50 matte,retinol treatment,skincare_datasets.xlsx::Recommendations|skincare_recommendations_dataset.csv,1) Cleanser: acne control cleanser | 2) Serum: hyaluronic acid serum | 3) Moisturizer: soothing moisturizer | 4) SPF: spf50 matte,1) Cleanser: acne control cleanser | 2) Treatment: retinol treatment | 3) Moisturizer: soothing moisturizer
RTN0000345,REC0000345,combination,5,1,0,2,gentle foam cleanser,soothing moisturizer,peptide serum,spf50,hydrating mask,skincare_datasets.xlsx::Recommendations|skincare_recommendations_dataset.csv,1) Cleanser: gentle foam cleanser | 2) Serum: peptide serum | 3) Moisturizer: soothing moisturizer | 4) SPF: spf50,1) Cleanser: gentle foam cleanser | 2) Treatment: hydrating mask | 3) Moisturizer: soothing moisturizer
RTN0000346,REC0000346,combination,5,1,0,2,salicylic acid cleanser,light lotion moisturizer,niacinamide serum,spf50,calming treatment,skincare_datasets.xlsx::Recommendations|skincare_recommendations_dataset.csv,1) Cleanser: salicylic acid cleanser | 2) Serum: niacinamide serum | 3) Moisturizer: light lotion moisturizer | 4) SPF: spf50,1) Cleanser: salicylic acid cleanser | 2) Treatment: calming treatment | 3) Moisturizer: light lotion moisturizer
RTN0000347,REC0000347,combination,5,1,0,4,gentle foam cleanser,light lotion moisturizer,peptide serum,spf50 matte,barrier repair,skincare_datasets.xlsx::Recommendations|skincare_recommendations_dataset.csv,1) Cleanser: gentle foam cleanser | 2) Serum: peptide serum | 3) Moisturizer: light lotion moisturizer | 4) SPF: spf50 matte,1) Cleanser: gentle foam cleanser | 2) Treatment: barrier repair | 3) Moisturizer: light lotion moisturizer
RTN0000348,REC0000348,combination,5,1,1,0,ultra gentle cleanser,rich cream moisturizer,hyaluronic acid serum,mineral spf50,calming treatment,skincare_datasets.xlsx::Recommendations|skincare_recommendations_dataset.csv,1) Cleanser: ultra gentle cleanser | 2) Serum: hyaluronic acid serum | 3) Moisturizer: rich cream moisturizer | 4) SPF: mineral spf50,1) Cleanser: ultra gentle cleanser | 2) Treatment: calming treatment | 3) Moisturizer: rich cream moisturizer
RTN0000349,REC0000349,combination,5,1,1,1,salicylic acid cleanser,oil free gel moisturizer,retinol serum,spf30,barrier repair,skincare_datasets.xlsx::Recommendations|skincare_recommendations_dataset.csv,1) Cleanser: salicylic acid cleanser | 2) Serum: retinol serum | 3) Moisturizer: oil free gel moisturizer | 4) SPF: spf30,1) Cleanser: salicylic acid cleanser | 2) Treatment: barrier repair | 3) Moisturizer: oil free gel moisturizer
RTN0000350,REC0000350,combination,5,1,1,2,ultra gentle cleanser,light lotion moisturizer,hyaluronic acid serum,spf30,retinol treatment,skincare_datasets.xlsx::Recommendations|skincare_recommendations_dataset.csv,1) Cleanser: ultra gentle cleanser | 2) Serum: hyaluronic acid serum | 3) Moisturizer: light lotion moisturizer | 4) SPF: spf30,1) Cleanser: ultra gentle cleanser | 2) Treatment: retinol treatment | 3) Moisturizer: light lotion moisturizer
RTN0000351,REC0000351,combination,5,1,2,3,salicylic acid cleanser,oil free gel moisturizer,vitamin c serum,spf50,retinol treatment,skincare_datasets.xlsx::Recommendations|skincare_recommendations_dataset.csv,1) Cleanser: salicylic acid cleanser | 2) Serum: vitamin c serum | 3) Moisturizer: oil free gel moisturizer | 4) SPF: spf50,1) Cleanser: salicylic acid cleanser | 2) Treatment: retinol treatment | 3) Moisturizer: oil free gel moisturizer
RTN0000352,REC0000352,combination,5,1,2,3,ultra gentle cleanser,light lotion moisturizer,vitamin c serum,spf50 matte,anti aging routine,skincare_datasets.xlsx::Recommendations|skincare_recommendations_dataset.csv,1) Cleanser: ultra gentle cleanser | 2) Serum: vitamin c serum | 3) Moisturizer: light lotion moisturizer | 4) SPF: spf50 matte,1) Cleanser: ultra gentle cleanser | 2) Treatment: anti aging routine | 3) Moisturizer: light lotion moisturizer
RTN0000353,REC0000353,combination,5,1,2,4,acne control cleanser,oil free gel moisturizer,hyaluronic acid serum,spf50,anti aging routine,skincare_datasets.xlsx::Recommendations|skincare_recommendations_dataset.csv,1) Cleanser: acne control cleanser | 2) Serum: hyaluronic acid serum | 3) Moisturizer: oil free gel moisturizer | 4) SPF: spf50,1) Cleanser: acne control cleanser | 2) Treatment: anti aging routine | 3) Moisturizer: oil free gel moisturizer
RTN0000354,REC0000354,combination,5,1,2,4,hydrating cleanser,ceramide moisturizer,vitamin c serum,mineral spf50,retinol treatment,skincare_datasets.xlsx::Recommendations|skincare_recommendations_dataset.csv,1) Cleanser: hydrating cleanser | 2) Serum: vitamin c serum | 3) Moisturizer: ceramide moisturizer | 4) SPF: mineral spf50,1) Cleanser: hydrating cleanser | 2) Treatment: retinol treatment | 3) Moisturizer: ceramide moisturizer
RTN0000355,REC0000355,combination,5,1,3,2,salicylic acid cleanser,oil free gel moisturizer,retinol serum,mineral spf50,barrier repair,skincare_datasets.xlsx::Recommendations|skincare_recommendations_dataset.csv,1) Cleanser: salicylic acid cleanser | 2) Serum: retinol serum | 3) Moisturizer: oil free gel moisturizer | 4) SPF: mineral spf50,1) Cleanser: salicylic acid cleanser | 2) Treatment: barrier repair | 3) Moisturizer: oil free gel moisturizer
RTN0000356,REC0000356,combination,5,1,3,2,ultra gentle cleanser,light lotion moisturizer,vitamin c serum,mineral spf50,retinol treatment,skincare_datasets.xlsx::Recommendations|skincare_recommendations_dataset.csv,1) Cleanser: ultra gentle cleanser | 2) Serum: vitamin c serum | 3) Moisturizer: light lotion moisturizer | 4) SPF: mineral spf50,1) Cleanser: ultra gentle cleanser | 2) Treatment: retinol treatment | 3) Moisturizer: light lotion moisturizer
RTN0000357,REC0000357,combination,5,1,3,5,milk cleanser,soothing moisturizer,peptide serum,mineral spf50,barrier repair,skincare_datasets.xlsx::Recommendations|skincare_recommendations_dataset.csv,1) Cleanser: milk cleanser | 2) Serum: peptide serum | 3) Moisturizer: soothing moisturizer | 4) SPF: mineral spf50,1) Cleanser: milk cleanser | 2) Treatment: barrier repair | 3) Moisturizer: soothing moisturizer
RTN0000358,REC0000358,combination,5,1,4,4,acne control cleanser,ceramide moisturizer,vitamin c serum,mineral spf50,anti aging routine,skincare_datasets.xlsx::Recommendations|skincare_recommendations_dataset.csv,1) Cleanser: acne control cleanser | 2) Serum: vitamin c serum | 3) Moisturizer: ceramide moisturizer | 4) SPF: mineral spf50,1) Cleanser: acne control cleanser | 2) Treatment: anti aging routine | 3) Moisturizer: ceramide moisturizer
RTN0000359,REC0000359,combination,5,1,4,4,hydrating cleanser,oil free gel moisturizer,centella serum,spf50,benzoyl peroxide,skincare_datasets.xlsx::Recommendations|skincare_recommendations_dataset.csv,1) Cleanser: hydrating cleanser | 2) Serum: centella serum | 3) Moisturizer: oil free gel moisturizer | 4) SPF: spf50,1) Cleanser: hydrating cleanser | 2) Treatment: benzoyl peroxide | 3) Moisturizer: oil free gel moisturizer
RTN0000360,REC0000360,combination,5,1,4,5,acne control cleanser,light lotion moisturizer,peptide serum,spf50 matte,chemical exfoliation,skincare_datasets.xlsx::Recommendations|skincare_recommendations_dataset.csv,1) Cleanser: acne control cleanser | 2) Serum: peptide serum | 3) Moisturizer: light lotion moisturizer | 4) SPF: spf50 matte,1) Cleanser: acne control cleanser | 2) Treatment: chemical exfoliation | 3) Moisturizer: light lotion moisturizer
RTN0000361,REC0000361,combination,5,1,4,5,hydrating cleanser,rich cream moisturizer,vitamin c serum,spf50,retinol treatment,skincare_datasets.xlsx::Recommendations|skincare_recommendations_dataset.csv,1) Cleanser: hydrating cleanser | 2) Serum: vitamin c serum | 3) Moisturizer: rich cream moisturizer | 4) SPF: spf50,1) Cleanser: hydrating cleanser | 2) Treatment: retinol treatment | 3) Moisturizer: rich cream moisturizer
RTN0000362,REC0000362,combination,5,1,5,4,salicylic acid cleanser,light lotion moisturizer,hyaluronic acid serum,spf50 matte,benzoyl peroxide,skincare_datasets.xlsx::Recommendations|skincare_recommendations_dataset.csv,1) Cleanser: salicylic acid cleanser | 2) Serum: hyaluronic acid serum | 3) Moisturizer: light lotion moisturizer | 4) SPF: spf50 matte,1) Cleanser: salicylic acid cleanser | 2) Treatment: benzoyl peroxide | 3) Moisturizer: light lotion moisturizer
RTN0000363,REC0000363,combination,5,2,0,1,milk cleanser,ceramide moisturizer,peptide serum,spf50,calming treatment,skincare_datasets.xlsx::Recommendations|skincare_recommendations_dataset.csv,1) Cleanser: milk cleanser | 2) Serum: peptide serum | 3) Moisturizer: ceramide moisturizer | 4) SPF: spf50,1) Cleanser: milk cleanser | 2) Treatment: calming treatment | 3) Moisturizer: ceramide moisturizer
RTN0000364,REC0000364,combination,5,2,2,2,salicylic acid cleanser,rich cream moisturizer,peptide serum,spf50 matte,benzoyl peroxide,skincare_datasets.xlsx::Recommendations|skincare_recommendations_dataset.csv,1) Cleanser: salicylic acid cleanser | 2) Serum: peptide serum | 3) Moisturizer: rich cream moisturizer | 4) SPF: spf50 matte,1) Cleanser: salicylic acid cleanser | 2) Treatment: benzoyl peroxide | 3) Moisturizer: rich cream moisturizer
RTN0000365,REC0000365,combination,5,2,3,0,acne control cleanser,oil free gel moisturizer,retinol serum,spf30,chemical exfoliation,skincare_datasets.xlsx::Recommendations|skincare_recommendations_dataset.csv,1) Cleanser: acne control cleanser | 2) Serum: retinol serum | 3) Moisturizer: oil free gel moisturizer | 4) SPF: spf30,1) Cleanser: acne control cleanser | 2) Treatment: chemical exfoliation | 3) Moisturizer: oil free gel moisturizer
RTN0000366,REC0000366,combination,5,2,3,0,gentle foam cleanser,ceramide moisturizer,vitamin c serum,mineral spf50,retinol treatment,skincare_datasets.xlsx::Recommendations|skincare_recommendations_dataset.csv,1) Cleanser: gentle foam cleanser | 2) Serum: vitamin c serum | 3) Moisturizer: ceramide moisturizer | 4) SPF: mineral spf50,1) Cleanser: gentle foam cleanser | 2) Treatment: retinol treatment | 3) Moisturizer: ceramide moisturizer
RTN0000367,REC0000367,combination,5,2,3,4,gentle foam cleanser,oil free gel moisturizer,retinol serum,spf30,calming treatment,skincare_datasets.xlsx::Recommendations|skincare_recommendations_dataset.csv,1) Cleanser: gentle foam cleanser | 2) Serum: retinol serum | 3) Moisturizer: oil free gel moisturizer | 4) SPF: spf30,1) Cleanser: gentle foam cleanser | 2) Treatment: calming treatment | 3) Moisturizer: oil free gel moisturizer
RTN0000368,REC0000368,combination,5,2,4,0,salicylic acid cleanser,light lotion moisturizer,peptide serum,spf50,benzoyl peroxide,skincare_datasets.xlsx::Recommendations|skincare_recommendations_dataset.csv,1) Cleanser: salicylic acid cleanser | 2) Serum: peptide serum | 3) Moisturizer: light lotion moisturizer | 4) SPF: spf50,1) Cleanser: salicylic acid cleanser | 2) Treatment: benzoyl peroxide | 3) Moisturizer: light lotion moisturizer
RTN0000369,REC0000369,combination,5,2,4,2,salicylic acid cleanser,light lotion moisturizer,centella serum,spf50 matte,chemical exfoliation,skincare_datasets.xlsx::Recommendations|skincare_recommendations_dataset.csv,1) Cleanser: salicylic acid cleanser | 2) Serum: centella serum | 3) Moisturizer: light lotion moisturizer | 4) SPF: spf50 matte,1) Cleanser: salicylic acid cleanser | 2) Treatment: chemical exfoliation | 3) Moisturizer: light lotion moisturizer
RTN0000370,REC0000370,combination,5,2,4,3,ultra gentle cleanser,light lotion moisturizer,niacinamide serum,mineral spf50,retinol treatment,skincare_datasets.xlsx::Recommendations|skincare_recommendations_dataset.csv,1) Cleanser: ultra gentle cleanser | 2) Serum: niacinamide serum | 3) Moisturizer: light lotion moisturizer | 4) SPF: mineral spf50,1) Cleanser: ultra gentle cleanser | 2) Treatment: retinol treatment | 3) Moisturizer: light lotion moisturizer
RTN0000371,REC0000371,combination,5,2,4,3,ultra gentle cleanser,rich cream moisturizer,vitamin c serum,spf50,hydrating mask,skincare_datasets.xlsx::Recommendations|skincare_recommendations_dataset.csv,1) Cleanser: ultra gentle cleanser | 2) Serum: vitamin c serum | 3) Moisturizer: rich cream moisturizer | 4) SPF: spf50,1) Cleanser: ultra gentle cleanser | 2) Treatment: hydrating mask | 3) Moisturizer: rich cream moisturizer
RTN0000372,REC0000372,combination,5,2,5,2,hydrating cleanser,oil free gel moisturizer,niacinamide serum,spf30,benzoyl peroxide,skincare_datasets.xlsx::Recommendations|skincare_recommendations_dataset.csv,1) Cleanser: hydrating cleanser | 2) Serum: niacinamide serum | 3) Moisturizer: oil free gel moisturizer | 4) SPF: spf30,1) Cleanser: hydrating cleanser | 2) Treatment: benzoyl peroxide | 3) Moisturizer: oil free gel moisturizer
RTN0000373,REC0000373,combination,5,2,5,3,milk cleanser,ceramide moisturizer,vitamin c serum,spf30,benzoyl peroxide,skincare_datasets.xlsx::Recommendations|skincare_recommendations_dataset.csv,1) Cleanser: milk cleanser | 2) Serum: vitamin c serum | 3) Moisturizer: ceramide moisturizer | 4) SPF: spf30,1) Cleanser: milk cleanser | 2) Treatment: benzoyl peroxide | 3) Moisturizer: ceramide moisturizer
RTN0000374,REC0000374,combination,5,3,0,3,hydrating cleanser,soothing moisturizer,retinol serum,spf50,anti aging routine,skincare_datasets.xlsx::Recommendations|skincare_recommendations_dataset.csv,1) Cleanser: hydrating cleanser | 2) Serum: retinol serum | 3) Moisturizer: soothing moisturizer | 4) SPF: spf50,1) Cleanser: hydrating cleanser | 2) Treatment: anti aging routine | 3) Moisturizer: soothing moisturizer
RTN0000375,REC0000375,combination,5,3,0,5,acne control cleanser,oil free gel moisturizer,hyaluronic acid serum,spf50 matte,retinol treatment,skincare_datasets.xlsx::Recommendations|skincare_recommendations_dataset.csv,1) Cleanser: acne control cleanser | 2) Serum: hyaluronic acid serum | 3) Moisturizer: oil free gel moisturizer | 4) SPF: spf50 matte,1) Cleanser: acne control cleanser | 2) Treatment: retinol treatment | 3) Moisturizer: oil free gel moisturizer
RTN0000376,REC0000376,combination,5,3,1,0,salicylic acid cleanser,ceramide moisturizer,retinol serum,spf50 matte,calming treatment,skincare_datasets.xlsx::Recommendations|skincare_recommendations_dataset.csv,1) Cleanser: salicylic acid cleanser | 2) Serum: retinol serum | 3) Moisturizer: ceramide moisturizer | 4) SPF: spf50 matte,1) Cleanser: salicylic acid cleanser | 2) Treatment: calming treatment | 3) Moisturizer: ceramide moisturizer
RTN0000377,REC0000377,combination,5,3,1,2,ultra gentle cleanser,rich cream moisturizer,niacinamide serum,spf30,chemical exfoliation,skincare_datasets.xlsx::Recommendations|skincare_recommendations_dataset.csv,1) Cleanser: ultra gentle cleanser | 2) Serum: niacinamide serum | 3) Moisturizer: rich cream moisturizer | 4) SPF: spf30,1) Cleanser: ultra gentle cleanser | 2) Treatment: chemical exfoliation | 3) Moisturizer: rich cream moisturizer
RTN0000378,REC0000378,combination,5,3,2,0,acne control cleanser,soothing moisturizer,niacinamide serum,spf30,barrier repair,skincare_datasets.xlsx::Recommendations|skincare_recommendations_dataset.csv,1) Cleanser: acne control cleanser | 2) Serum: niacinamide serum | 3) Moisturizer: soothing moisturizer | 4) SPF: spf30,1) Cleanser: acne control cleanser | 2) Treatment: barrier repair | 3) Moisturizer: soothing moisturizer
RTN0000379,REC0000379,combination,5,3,2,2,gentle foam cleanser,light lotion moisturizer,peptide serum,mineral spf50,retinol treatment,skincare_datasets.xlsx::Recommendations|skincare_recommendations_dataset.csv,1) Cleanser: gentle foam cleanser | 2) Serum: peptide serum | 3) Moisturizer: light lotion moisturizer | 4) SPF: mineral spf50,1) Cleanser: gentle foam cleanser | 2) Treatment: retinol treatment | 3) Moisturizer: light lotion moisturizer
RTN0000380,REC0000380,combination,5,3,2,3,acne control cleanser,oil free gel moisturizer,retinol serum,spf50,calming treatment,skincare_datasets.xlsx::Recommendations|skincare_recommendations_dataset.csv,1) Cleanser: acne control cleanser | 2) Serum: retinol serum | 3) Moisturizer: oil free gel moisturizer | 4) SPF: spf50,1) Cleanser: acne control cleanser | 2) Treatment: calming treatment | 3) Moisturizer: oil free gel moisturizer
RTN0000381,REC0000381,combination,5,3,2,3,acne control cleanser,rich cream moisturizer,vitamin c serum,spf50,retinol treatment,skincare_datasets.xlsx::Recommendations|skincare_recommendations_dataset.csv,1) Cleanser: acne control cleanser | 2) Serum: vitamin c serum | 3) Moisturizer: rich cream moisturizer | 4) SPF: spf50,1) Cleanser: acne control cleanser | 2) Treatment: retinol treatment | 3) Moisturizer: rich cream moisturizer
RTN0000382,REC0000382,combination,5,3,2,5,gentle foam cleanser,light lotion moisturizer,centella serum,spf50,hydrating mask,skincare_datasets.xlsx::Recommendations|skincare_recommendations_dataset.csv,1) Cleanser: gentle foam cleanser | 2) Serum: centella serum | 3) Moisturizer: light lotion moisturizer | 4) SPF: spf50,1) Cleanser: gentle foam cleanser | 2) Treatment: hydrating mask | 3) Moisturizer: light lotion moisturizer
RTN0000383,REC0000383,combination,5,3,3,0,acne control cleanser,rich cream moisturizer,peptide serum,spf50,calming treatment,skincare_datasets.xlsx::Recommendations|skincare_recommendations_dataset.csv,1) Cleanser: acne control cleanser | 2) Serum: peptide serum | 3) Moisturizer: rich cream moisturizer | 4) SPF: spf50,1) Cleanser: acne control cleanser | 2) Treatment: calming treatment | 3) Moisturizer: rich cream moisturizer
RTN0000384,REC0000384,combination,5,3,3,0,hydrating cleanser,light lotion moisturizer,retinol serum,spf30,hydrating mask,skincare_datasets.xlsx::Recommendations|skincare_recommendations_dataset.csv,1) Cleanser: hydrating cleanser | 2) Serum: retinol serum | 3) Moisturizer: light lotion moisturizer | 4) SPF: spf30,1) Cleanser: hydrating cleanser | 2) Treatment: hydrating mask | 3) Moisturizer: light lotion moisturizer
RTN0000385,REC0000385,combination,5,3,3,3,salicylic acid cleanser,ceramide moisturizer,hyaluronic acid serum,spf50 matte,anti aging routine,skincare_datasets.xlsx::Recommendations|skincare_recommendations_dataset.csv,1) Cleanser: salicylic acid cleanser | 2) Serum: hyaluronic acid serum | 3) Moisturizer: ceramide moisturizer | 4) SPF: spf50 matte,1) Cleanser: salicylic acid cleanser | 2) Treatment: anti aging routine | 3) Moisturizer: ceramide moisturizer
RTN0000386,REC0000386,combination,5,3,3,5,ultra gentle cleanser,ceramide moisturizer,peptide serum,spf50,retinol treatment,skincare_datasets.xlsx::Recommendations|skincare_recommendations_dataset.csv,1) Cleanser: ultra gentle cleanser | 2) Serum: peptide serum | 3) Moisturizer: ceramide moisturizer | 4) SPF: spf50,1) Cleanser: ultra gentle cleanser | 2) Treatment: retinol treatment | 3) Moisturizer: ceramide moisturizer
RTN0000387,REC0000387,combination,5,3,5,0,milk cleanser,oil free gel moisturizer,centella serum,spf30,anti aging routine,skincare_datasets.xlsx::Recommendations|skincare_recommendations_dataset.csv,1) Cleanser: milk cleanser | 2) Serum: centella serum | 3) Moisturizer: oil free gel moisturizer | 4) SPF: spf30,1) Cleanser: milk cleanser | 2) Treatment: anti aging routine | 3) Moisturizer: oil free gel moisturizer
RTN0000388,REC0000388,combination,5,3,5,0,milk cleanser,soothing moisturizer,niacinamide serum,mineral spf50,chemical exfoliation,skincare_datasets.xlsx::Recommendations|skincare_recommendations_dataset.csv,1) Cleanser: milk cleanser | 2) Serum: niacinamide serum | 3) Moisturizer: soothing moisturizer | 4) SPF: mineral spf50,1) Cleanser: milk cleanser | 2) Treatment: chemical exfoliation | 3) Moisturizer: soothing moisturizer
RTN0000389,REC0000389,combination,5,3,5,1,milk cleanser,ceramide moisturizer,vitamin c serum,spf30,benzoyl peroxide,skincare_datasets.xlsx::Recommendations|skincare_recommendations_dataset.csv,1) Cleanser: milk cleanser | 2) Serum: vitamin c serum | 3) Moisturizer: ceramide moisturizer | 4) SPF: spf30,1) Cleanser: milk cleanser | 2) Treatment: benzoyl peroxide | 3) Moisturizer: ceramide moisturizer
RTN0000390,REC0000390,combination,5,4,0,3,hydrating cleanser,rich cream moisturizer,centella serum,spf50,barrier repair,skincare_datasets.xlsx::Recommendations|skincare_recommendations_dataset.csv,1) Cleanser: hydrating cleanser | 2) Serum: centella serum | 3) Moisturizer: rich cream moisturizer | 4) SPF: spf50,1) Cleanser: hydrating cleanser | 2) Treatment: barrier repair | 3) Moisturizer: rich cream moisturizer
RTN0000391,REC0000391,combination,5,4,2,5,acne control cleanser,ceramide moisturizer,retinol serum,mineral spf50,retinol treatment,skincare_datasets.xlsx::Recommendations|skincare_recommendations_dataset.csv,1) Cleanser: acne control cleanser | 2) Serum: retinol serum | 3) Moisturizer: ceramide moisturizer | 4) SPF: mineral spf50,1) Cleanser: acne control cleanser | 2) Treatment: retinol treatment | 3) Moisturizer: ceramide moisturizer
RTN0000392,REC0000392,combination,5,4,3,3,acne control cleanser,ceramide moisturizer,hyaluronic acid serum,spf30,calming treatment,skincare_datasets.xlsx::Recommendations|skincare_recommendations_dataset.csv,1) Cleanser: acne control cleanser | 2) Serum: hyaluronic acid serum | 3) Moisturizer: ceramide moisturizer | 4) SPF: spf30,1) Cleanser: acne control cleanser | 2) Treatment: calming treatment | 3) Moisturizer: ceramide moisturizer
RTN0000393,REC0000393,combination,5,4,4,1,milk cleanser,oil free gel moisturizer,centella serum,mineral spf50,calming treatment,skincare_datasets.xlsx::Recommendations|skincare_recommendations_dataset.csv,1) Cleanser: milk cleanser | 2) Serum: centella serum | 3) Moisturizer: oil free gel moisturizer | 4) SPF: mineral spf50,1) Cleanser: milk cleanser | 2) Treatment: calming treatment | 3) Moisturizer: oil free gel moisturizer
RTN0000394,REC0000394,combination,5,4,4,3,salicylic acid cleanser,rich cream moisturizer,peptide serum,mineral spf50,barrier repair,skincare_datasets.xlsx::Recommendations|skincare_recommendations_dataset.csv,1) Cleanser: salicylic acid cleanser | 2) Serum: peptide serum | 3) Moisturizer: rich cream moisturizer | 4) SPF: mineral spf50,1) Cleanser: salicylic acid cleanser | 2) Treatment: barrier repair | 3) Moisturizer: rich cream moisturizer
RTN0000395,REC0000395,combination,5,4,5,0,ultra gentle cleanser,rich cream moisturizer,peptide serum,spf30,chemical exfoliation,skincare_datasets.xlsx::Recommendations|skincare_recommendations_dataset.csv,1) Cleanser: ultra gentle cleanser | 2) Serum: peptide serum | 3) Moisturizer: rich cream moisturizer | 4) SPF: spf30,1) Cleanser: ultra gentle cleanser | 2) Treatment: chemical exfoliation | 3) Moisturizer: rich cream moisturizer
RTN0000396,REC0000396,combination,5,4,5,1,gentle foam cleanser,oil free gel moisturizer,peptide serum,spf50,calming treatment,skincare_datasets.xlsx::Recommendations|skincare_recommendations_dataset.csv,1) Cleanser: gentle foam cleanser | 2) Serum: peptide serum | 3) Moisturizer: oil free gel moisturizer | 4) SPF: spf50,1) Cleanser: gentle foam cleanser | 2) Treatment: calming treatment | 3) Moisturizer: oil free gel moisturizer
RTN0000397,REC0000397,combination,5,4,5,5,hydrating cleanser,rich cream moisturizer,niacinamide serum,spf30,benzoyl peroxide,skincare_datasets.xlsx::Recommendations|skincare_recommendations_dataset.csv,1) Cleanser: hydrating cleanser | 2) Serum: niacinamide serum | 3) Moisturizer: rich cream moisturizer | 4) SPF: spf30,1) Cleanser: hydrating cleanser | 2) Treatment: benzoyl peroxide | 3) Moisturizer: rich cream moisturizer
RTN0000398,REC0000398,combination,5,5,0,0,gentle foam cleanser,rich cream moisturizer,vitamin c serum,spf50,calming treatment,skincare_datasets.xlsx::Recommendations|skincare_recommendations_dataset.csv,1) Cleanser: gentle foam cleanser | 2) Serum: vitamin c serum | 3) Moisturizer: rich cream moisturizer | 4) SPF: spf50,1) Cleanser: gentle foam cleanser | 2) Treatment: calming treatment | 3) Moisturizer: rich cream moisturizer
RTN0000399,REC0000399,combination,5,5,0,5,gentle foam cleanser,ceramide moisturizer,vitamin c serum,mineral spf50,anti aging routine,skincare_datasets.xlsx::Recommendations|skincare_recommendations_dataset.csv,1) Cleanser: gentle foam cleanser | 2) Serum: vitamin c serum | 3) Moisturizer: ceramide moisturizer | 4) SPF: mineral spf50,1) Cleanser: gentle foam cleanser | 2) Treatment: anti aging routine | 3) Moisturizer: ceramide moisturizer
RTN0000400,REC0000400,combination,5,5,1,0,milk cleanser,soothing moisturizer,peptide serum,spf30,anti aging routine,skincare_datasets.xlsx::Recommendations|skincare_recommendations_dataset.csv,1) Cleanser: milk cleanser | 2) Serum: peptide serum | 3) Moisturizer: soothing moisturizer | 4) SPF: spf30,1) Cleanser: milk cleanser | 2) Treatment: anti aging routine | 3) Moisturizer: soothing moisturizer
RTN0000401,REC0000401,combination,5,5,1,1,hydrating cleanser,soothing moisturizer,hyaluronic acid serum,spf30,hydrating mask,skincare_datasets.xlsx::Recommendations|skincare_recommendations_dataset.csv,1) Cleanser: hydrating cleanser | 2) Serum: hyaluronic acid serum | 3) Moisturizer: soothing moisturizer | 4) SPF: spf30,1) Cleanser: hydrating cleanser | 2) Treatment: hydrating mask | 3) Moisturizer: soothing moisturizer
RTN0000402,REC0000402,combination,5,5,1,5,hydrating cleanser,rich cream moisturizer,hyaluronic acid serum,spf50,chemical exfoliation,skincare_datasets.xlsx::Recommendations|skincare_recommendations_dataset.csv,1) Cleanser: hydrating cleanser | 2) Serum: hyaluronic acid serum | 3) Moisturizer: rich cream moisturizer | 4) SPF: spf50,1) Cleanser: hydrating cleanser | 2) Treatment: chemical exfoliation | 3) Moisturizer: rich cream moisturizer
RTN0000403,REC0000403,combination,5,5,2,3,acne control cleanser,oil free gel moisturizer,niacinamide serum,spf50 matte,retinol treatment,skincare_datasets.xlsx::Recommendations|skincare_recommendations_dataset.csv,1) Cleanser: acne control cleanser | 2) Serum: niacinamide serum | 3) Moisturizer: oil free gel moisturizer | 4) SPF: spf50 matte,1) Cleanser: acne control cleanser | 2) Treatment: retinol treatment | 3) Moisturizer: oil free gel moisturizer
RTN0000404,REC0000404,combination,5,5,2,3,salicylic acid cleanser,oil free gel moisturizer,niacinamide serum,spf50 matte,anti aging routine,skincare_datasets.xlsx::Recommendations|skincare_recommendations_dataset.csv,1) Cleanser: salicylic acid cleanser | 2) Serum: niacinamide serum | 3) Moisturizer: oil free gel moisturizer | 4) SPF: spf50 matte,1) Cleanser: salicylic acid cleanser | 2) Treatment: anti aging routine | 3) Moisturizer: oil free gel moisturizer
RTN0000405,REC0000405,combination,5,5,2,5,milk cleanser,oil free gel moisturizer,niacinamide serum,spf50 matte,benzoyl peroxide,skincare_datasets.xlsx::Recommendations|skincare_recommendations_dataset.csv,1) Cleanser: milk cleanser | 2) Serum: niacinamide serum | 3) Moisturizer: oil free gel moisturizer | 4) SPF: spf50 matte,1) Cleanser: milk cleanser | 2) Treatment: benzoyl peroxide | 3) Moisturizer: oil free gel moisturizer
RTN0000406,REC0000406,combination,5,5,3,0,gentle foam cleanser,rich cream moisturizer,hyaluronic acid serum,spf50,hydrating mask,skincare_datasets.xlsx::Recommendations|skincare_recommendations_dataset.csv,1) Cleanser: gentle foam cleanser | 2) Serum: hyaluronic acid serum | 3) Moisturizer: rich cream moisturizer | 4) SPF: spf50,1) Cleanser: gentle foam cleanser | 2) Treatment: hydrating mask | 3) Moisturizer: rich cream moisturizer
RTN0000407,REC0000407,combination,5,5,4,3,milk cleanser,ceramide moisturizer,centella serum,spf50,benzoyl peroxide,skincare_datasets.xlsx::Recommendations|skincare_recommendations_dataset.csv,1) Cleanser: milk cleanser | 2) Serum: centella serum | 3) Moisturizer: ceramide moisturizer | 4) SPF: spf50,1) Cleanser: milk cleanser | 2) Treatment: benzoyl peroxide | 3) Moisturizer: ceramide moisturizer
RTN0000408,REC0000408,dry,0,0,0,1,hydrating cleanser,rich cream moisturizer,retinol serum,mineral spf50,anti aging routine,skincare_datasets.xlsx::Recommendations|skincare_recommendations_dataset.csv,1) Cleanser: hydrating cleanser | 2) Serum: retinol serum | 3) Moisturizer: rich cream moisturizer | 4) SPF: mineral spf50,1) Cleanser: hydrating cleanser | 2) Treatment: anti aging routine | 3) Moisturizer: rich cream moisturizer
RTN0000409,REC0000409,dry,0,0,1,4,gentle foam cleanser,light lotion moisturizer,centella serum,mineral spf50,hydrating mask,skincare_datasets.xlsx::Recommendations|skincare_recommendations_dataset.csv,1) Cleanser: gentle foam cleanser | 2) Serum: centella serum | 3) Moisturizer: light lotion moisturizer | 4) SPF: mineral spf50,1) Cleanser: gentle foam cleanser | 2) Treatment: hydrating mask | 3) Moisturizer: light lotion moisturizer
RTN0000410,REC0000410,dry,0,0,2,1,salicylic acid cleanser,rich cream moisturizer,peptide serum,spf30,hydrating mask,skincare_datasets.xlsx::Recommendations|skincare_recommendations_dataset.csv,1) Cleanser: salicylic acid cleanser | 2) Serum: peptide serum | 3) Moisturizer: rich cream moisturizer | 4) SPF: spf30,1) Cleanser: salicylic acid cleanser | 2) Treatment: hydrating mask | 3) Moisturizer: rich cream moisturizer
RTN0000411,REC0000411,dry,0,0,2,1,ultra gentle cleanser,soothing moisturizer,peptide serum,mineral spf50,benzoyl peroxide,skincare_datasets.xlsx::Recommendations|skincare_recommendations_dataset.csv,1) Cleanser: ultra gentle cleanser | 2) Serum: peptide serum | 3) Moisturizer: soothing moisturizer | 4) SPF: mineral spf50,1) Cleanser: ultra gentle cleanser | 2) Treatment: benzoyl peroxide | 3) Moisturizer: soothing moisturizer
RTN0000412,REC0000412,dry,0,0,2,2,hydrating cleanser,light lotion moisturizer,peptide serum,spf50,benzoyl peroxide,skincare_datasets.xlsx::Recommendations|skincare_recommendations_dataset.csv,1) Cleanser: hydrating cleanser | 2) Serum: peptide serum | 3) Moisturizer: light lotion moisturizer | 4) SPF: spf50,1) Cleanser: hydrating cleanser | 2) Treatment: benzoyl peroxide | 3) Moisturizer: light lotion moisturizer
RTN0000413,REC0000413,dry,0,0,3,0,ultra gentle cleanser,oil free gel moisturizer,niacinamide serum,spf50,benzoyl peroxide,skincare_datasets.xlsx::Recommendations|skincare_recommendations_dataset.csv,1) Cleanser: ultra gentle cleanser | 2) Serum: niacinamide serum | 3) Moisturizer: oil free gel moisturizer | 4) SPF: spf50,1) Cleanser: ultra gentle cleanser | 2) Treatment: benzoyl peroxide | 3) Moisturizer: oil free gel moisturizer
RTN0000414,REC0000414,dry,0,0,4,0,ultra gentle cleanser,soothing moisturizer,niacinamide serum,spf30,barrier repair,skincare_datasets.xlsx::Recommendations|skincare_recommendations_dataset.csv,1) Cleanser: ultra gentle cleanser | 2) Serum: niacinamide serum | 3) Moisturizer: soothing moisturizer | 4) SPF: spf30,1) Cleanser: ultra gentle cleanser | 2) Treatment: barrier repair | 3) Moisturizer: soothing moisturizer
RTN0000415,REC0000415,dry,0,0,4,1,hydrating cleanser,light lotion moisturizer,niacinamide serum,spf30,anti aging routine,skincare_datasets.xlsx::Recommendations|skincare_recommendations_dataset.csv,1) Cleanser: hydrating cleanser | 2) Serum: niacinamide serum | 3) Moisturizer: light lotion moisturizer | 4) SPF: spf30,1) Cleanser: hydrating cleanser | 2) Treatment: anti aging routine | 3) Moisturizer: light lotion moisturizer
RTN0000416,REC0000416,dry,0,0,4,4,hydrating cleanser,ceramide moisturizer,centella serum,spf50,barrier repair,skincare_datasets.xlsx::Recommendations|skincare_recommendations_dataset.csv,1) Cleanser: hydrating cleanser | 2) Serum: centella serum | 3) Moisturizer: ceramide moisturizer | 4) SPF: spf50,1) Cleanser: hydrating cleanser | 2) Treatment: barrier repair | 3) Moisturizer: ceramide moisturizer
RTN0000417,REC0000417,dry,0,0,4,4,hydrating cleanser,soothing moisturizer,centella serum,mineral spf50,anti aging routine,skincare_datasets.xlsx::Recommendations|skincare_recommendations_dataset.csv,1) Cleanser: hydrating cleanser | 2) Serum: centella serum | 3) Moisturizer: soothing moisturizer | 4) SPF: mineral spf50,1) Cleanser: hydrating cleanser | 2) Treatment: anti aging routine | 3) Moisturizer: soothing moisturizer
RTN0000418,REC0000418,dry,0,0,4,5,hydrating cleanser,light lotion moisturizer,hyaluronic acid serum,spf50,benzoyl peroxide,skincare_datasets.xlsx::Recommendations|skincare_recommendations_dataset.csv,1) Cleanser: hydrating cleanser | 2) Serum: hyaluronic acid serum | 3) Moisturizer: light lotion moisturizer | 4) SPF: spf50,1) Cleanser: hydrating cleanser | 2) Treatment: benzoyl peroxide | 3) Moisturizer: light lotion moisturizer
RTN0000419,REC0000419,dry,0,1,0,0,hydrating cleanser,oil free gel moisturizer,hyaluronic acid serum,spf50,calming treatment,skincare_datasets.xlsx::Recommendations|skincare_recommendations_dataset.csv,1) Cleanser: hydrating cleanser | 2) Serum: hyaluronic acid serum | 3) Moisturizer: oil free gel moisturizer | 4) SPF: spf50,1) Cleanser: hydrating cleanser | 2) Treatment: calming treatment | 3) Moisturizer: oil free gel moisturizer
RTN0000420,REC0000420,dry,0,1,0,1,milk cleanser,rich cream moisturizer,hyaluronic acid serum,spf50 matte,chemical exfoliation,skincare_datasets.xlsx::Recommendations|skincare_recommendations_dataset.csv,1) Cleanser: milk cleanser | 2) Serum: hyaluronic acid serum | 3) Moisturizer: rich cream moisturizer | 4) SPF: spf50 matte,1) Cleanser: milk cleanser | 2) Treatment: chemical exfoliation | 3) Moisturizer: rich cream moisturizer
RTN0000421,REC0000421,dry,0,1,0,3,acne control cleanser,oil free gel moisturizer,retinol serum,spf50,benzoyl peroxide,skincare_datasets.xlsx::Recommendations|skincare_recommendations_dataset.csv,1) Cleanser: acne control cleanser | 2) Serum: retinol serum | 3) Moisturizer: oil free gel moisturizer | 4) SPF: spf50,1) Cleanser: acne control cleanser | 2) Treatment: benzoyl peroxide | 3) Moisturizer: oil free gel moisturizer
RTN0000422,REC0000422,dry,0,1,1,3,hydrating cleanser,light lotion moisturizer,retinol serum,mineral spf50,retinol treatment,skincare_datasets.xlsx::Recommendations|skincare_recommendations_dataset.csv,1) Cleanser: hydrating cleanser | 2) Serum: retinol serum | 3) Moisturizer: light lotion moisturizer | 4) SPF: mineral spf50,1) Cleanser: hydrating cleanser | 2) Treatment: retinol treatment | 3) Moisturizer: light lotion moisturizer
RTN0000423,REC0000423,dry,0,1,1,4,acne control cleanser,ceramide moisturizer,centella serum,spf30,anti aging routine,skincare_datasets.xlsx::Recommendations|skincare_recommendations_dataset.csv,1) Cleanser: acne control cleanser | 2) Serum: centella serum | 3) Moisturizer: ceramide moisturizer | 4) SPF: spf30,1) Cleanser: acne control cleanser | 2) Treatment: anti aging routine | 3) Moisturizer: ceramide moisturizer
RTN0000424,REC0000424,dry,0,1,1,5,acne control cleanser,rich cream moisturizer,peptide serum,spf30,barrier repair,skincare_datasets.xlsx::Recommendations|skincare_recommendations_dataset.csv,1) Cleanser: acne control cleanser | 2) Serum: peptide serum | 3) Moisturizer: rich cream moisturizer | 4) SPF: spf30,1) Cleanser: acne control cleanser | 2) Treatment: barrier repair | 3) Moisturizer: rich cream moisturizer
RTN0000425,REC0000425,dry,0,1,2,1,ultra gentle cleanser,rich cream moisturizer,retinol serum,spf50,benzoyl peroxide,skincare_datasets.xlsx::Recommendations|skincare_recommendations_dataset.csv,1) Cleanser: ultra gentle cleanser | 2) Serum: retinol serum | 3) Moisturizer: rich cream moisturizer | 4) SPF: spf50,1) Cleanser: ultra gentle cleanser | 2) Treatment: benzoyl peroxide | 3) Moisturizer: rich cream moisturizer
RTN0000426,REC0000426,dry,0,1,2,2,ultra gentle cleanser,light lotion moisturizer,retinol serum,spf50 matte,hydrating mask,skincare_datasets.xlsx::Recommendations|skincare_recommendations_dataset.csv,1) Cleanser: ultra gentle cleanser | 2) Serum: retinol serum | 3) Moisturizer: light lotion moisturizer | 4) SPF: spf50 matte,1) Cleanser: ultra gentle cleanser | 2) Treatment: hydrating mask | 3) Moisturizer: light lotion moisturizer
RTN0000427,REC0000427,dry,0,1,2,3,salicylic acid cleanser,ceramide moisturizer,vitamin c serum,spf50 matte,chemical exfoliation,skincare_datasets.xlsx::Recommendations|skincare_recommendations_dataset.csv,1) Cleanser: salicylic acid cleanser | 2) Serum: vitamin c serum | 3) Moisturizer: ceramide moisturizer | 4) SPF: spf50 matte,1) Cleanser: salicylic acid cleanser | 2) Treatment: chemical exfoliation | 3) Moisturizer: ceramide moisturizer
RTN0000428,REC0000428,dry,0,1,3,0,gentle foam cleanser,ceramide moisturizer,hyaluronic acid serum,mineral spf50,chemical exfoliation,skincare_datasets.xlsx::Recommendations|skincare_recommendations_dataset.csv,1) Cleanser: gentle foam cleanser | 2) Serum: hyaluronic acid serum | 3) Moisturizer: ceramide moisturizer | 4) SPF: mineral spf50,1) Cleanser: gentle foam cleanser | 2) Treatment: chemical exfoliation | 3) Moisturizer: ceramide moisturizer
RTN0000429,REC0000429,dry,0,1,3,0,salicylic acid cleanser,rich cream moisturizer,vitamin c serum,spf50,chemical exfoliation,skincare_datasets.xlsx::Recommendations|skincare_recommendations_dataset.csv,1) Cleanser: salicylic acid cleanser | 2) Serum: vitamin c serum | 3) Moisturizer: rich cream moisturizer | 4) SPF: spf50,1) Cleanser: salicylic acid cleanser | 2) Treatment: chemical exfoliation | 3) Moisturizer: rich cream moisturizer
RTN0000430,REC0000430,dry,0,1,3,4,milk cleanser,light lotion moisturizer,retinol serum,spf50,chemical exfoliation,skincare_datasets.xlsx::Recommendations|skincare_recommendations_dataset.csv,1) Cleanser: milk cleanser | 2) Serum: retinol serum | 3) Moisturizer: light lotion moisturizer | 4) SPF: spf50,1) Cleanser: milk cleanser | 2) Treatment: chemical exfoliation | 3) Moisturizer: light lotion moisturizer
RTN0000431,REC0000431,dry,0,1,4,0,milk cleanser,light lotion moisturizer,hyaluronic acid serum,spf30,retinol treatment,skincare_datasets.xlsx::Recommendations|skincare_recommendations_dataset.csv,1) Cleanser: milk cleanser | 2) Serum: hyaluronic acid serum | 3) Moisturizer: light lotion moisturizer | 4) SPF: spf30,1) Cleanser: milk cleanser | 2) Treatment: retinol treatment | 3) Moisturizer: light lotion moisturizer
RTN0000432,REC0000432,dry,0,1,5,4,gentle foam cleanser,rich cream moisturizer,centella serum,spf50,benzoyl peroxide,skincare_datasets.xlsx::Recommendations|skincare_recommendations_dataset.csv,1) Cleanser: gentle foam cleanser | 2) Serum: centella serum | 3) Moisturizer: rich cream moisturizer | 4) SPF: spf50,1) Cleanser: gentle foam cleanser | 2) Treatment: benzoyl peroxide | 3) Moisturizer: rich cream moisturizer
RTN0000433,REC0000433,dry,0,1,5,4,ultra gentle cleanser,light lotion moisturizer,niacinamide serum,spf50,chemical exfoliation,skincare_datasets.xlsx::Recommendations|skincare_recommendations_dataset.csv,1) Cleanser: ultra gentle cleanser | 2) Serum: niacinamide serum | 3) Moisturizer: light lotion moisturizer | 4) SPF: spf50,1) Cleanser: ultra gentle cleanser | 2) Treatment: chemical exfoliation | 3) Moisturizer: light lotion moisturizer
RTN0000434,REC0000434,dry,0,2,0,1,milk cleanser,soothing moisturizer,peptide serum,mineral spf50,calming treatment,skincare_datasets.xlsx::Recommendations|skincare_recommendations_dataset.csv,1) Cleanser: milk cleanser | 2) Serum: peptide serum | 3) Moisturizer: soothing moisturizer | 4) SPF: mineral spf50,1) Cleanser: milk cleanser | 2) Treatment: calming treatment | 3) Moisturizer: soothing moisturizer
RTN0000435,REC0000435,dry,0,2,0,3,hydrating cleanser,rich cream moisturizer,retinol serum,spf50 matte,benzoyl peroxide,skincare_datasets.xlsx::Recommendations|skincare_recommendations_dataset.csv,1) Cleanser: hydrating cleanser | 2) Serum: retinol serum | 3) Moisturizer: rich cream moisturizer | 4) SPF: spf50 matte,1) Cleanser: hydrating cleanser | 2) Treatment: benzoyl peroxide | 3) Moisturizer: rich cream moisturizer
RTN0000436,REC0000436,dry,0,2,1,0,hydrating cleanser,light lotion moisturizer,vitamin c serum,spf50 matte,barrier repair,skincare_datasets.xlsx::Recommendations|skincare_recommendations_dataset.csv,1) Cleanser: hydrating cleanser | 2) Serum: vitamin c serum | 3) Moisturizer: light lotion moisturizer | 4) SPF: spf50 matte,1) Cleanser: hydrating cleanser | 2) Treatment: barrier repair | 3) Moisturizer: light lotion moisturizer
RTN0000437,REC0000437,dry,0,2,1,1,hydrating cleanser,light lotion moisturizer,retinol serum,spf50,barrier repair,skincare_datasets.xlsx::Recommendations|skincare_recommendations_dataset.csv,1) Cleanser: hydrating cleanser | 2) Serum: retinol serum | 3) Moisturizer: light lotion moisturizer | 4) SPF: spf50,1) Cleanser: hydrating cleanser | 2) Treatment: barrier repair | 3) Moisturizer: light lotion moisturizer
RTN0000438,REC0000438,dry,0,2,1,5,ultra gentle cleanser,soothing moisturizer,hyaluronic acid serum,spf30,barrier repair,skincare_datasets.xlsx::Recommendations|skincare_recommendations_dataset.csv,1) Cleanser: ultra gentle cleanser | 2) Serum: hyaluronic acid serum | 3) Moisturizer: soothing moisturizer | 4) SPF: spf30,1) Cleanser: ultra gentle cleanser | 2) Treatment: barrier repair | 3) Moisturizer: soothing moisturizer
RTN0000439,REC0000439,dry,0,2,4,3,salicylic acid cleanser,ceramide moisturizer,retinol serum,spf50 matte,barrier repair,skincare_datasets.xlsx::Recommendations|skincare_recommendations_dataset.csv,1) Cleanser: salicylic acid cleanser | 2) Serum: retinol serum | 3) Moisturizer: ceramide moisturizer | 4) SPF: spf50 matte,1) Cleanser: salicylic acid cleanser | 2) Treatment: barrier repair | 3) Moisturizer: ceramide moisturizer
RTN0000440,REC0000440,dry,0,2,4,4,salicylic acid cleanser,oil free gel moisturizer,retinol serum,spf30,hydrating mask,skincare_datasets.xlsx::Recommendations|skincare_recommendations_dataset.csv,1) Cleanser: salicylic acid cleanser | 2) Serum: retinol serum | 3) Moisturizer: oil free gel moisturizer | 4) SPF: spf30,1) Cleanser: salicylic acid cleanser | 2) Treatment: hydrating mask | 3) Moisturizer: oil free gel moisturizer
RTN0000441,REC0000441,dry,0,2,4,4,salicylic acid cleanser,oil free gel moisturizer,retinol serum,spf50 matte,retinol treatment,skincare_datasets.xlsx::Recommendations|skincare_recommendations_dataset.csv,1) Cleanser: salicylic acid cleanser | 2) Serum: retinol serum | 3) Moisturizer: oil free gel moisturizer | 4) SPF: spf50 matte,1) Cleanser: salicylic acid cleanser | 2) Treatment: retinol treatment | 3) Moisturizer: oil free gel moisturizer
RTN0000442,REC0000442,dry,0,2,4,5,milk cleanser,rich cream moisturizer,niacinamide serum,spf30,anti aging routine,skincare_datasets.xlsx::Recommendations|skincare_recommendations_dataset.csv,1) Cleanser: milk cleanser | 2) Serum: niacinamide serum | 3) Moisturizer: rich cream moisturizer | 4) SPF: spf30,1) Cleanser: milk cleanser | 2) Treatment: anti aging routine | 3) Moisturizer: rich cream moisturizer
RTN0000443,REC0000443,dry,0,2,5,5,acne control cleanser,oil free gel moisturizer,vitamin c serum,spf50,calming treatment,skincare_datasets.xlsx::Recommendations|skincare_recommendations_dataset.csv,1) Cleanser: acne control cleanser | 2) Serum: vitamin c serum | 3) Moisturizer: oil free gel moisturizer | 4) SPF: spf50,1) Cleanser: acne control cleanser | 2) Treatment: calming treatment | 3) Moisturizer: oil free gel moisturizer
RTN0000444,REC0000444,dry,0,3,0,0,salicylic acid cleanser,ceramide moisturizer,peptide serum,spf30,retinol treatment,skincare_datasets.xlsx::Recommendations|skincare_recommendations_dataset.csv,1) Cleanser: salicylic acid cleanser | 2) Serum: peptide serum | 3) Moisturizer: ceramide moisturizer | 4) SPF: spf30,1) Cleanser: salicylic acid cleanser | 2) Treatment: retinol treatment | 3) Moisturizer: ceramide moisturizer
RTN0000445,REC0000445,dry,0,3,0,3,hydrating cleanser,light lotion moisturizer,niacinamide serum,spf30,benzoyl peroxide,skincare_datasets.xlsx::Recommendations|skincare_recommendations_dataset.csv,1) Cleanser: hydrating cleanser | 2) Serum: niacinamide serum | 3) Moisturizer: light lotion moisturizer | 4) SPF: spf30,1) Cleanser: hydrating cleanser | 2) Treatment: benzoyl peroxide | 3) Moisturizer: light lotion moisturizer
RTN0000446,REC0000446,dry,0,3,1,0,hydrating cleanser,soothing moisturizer,vitamin c serum,mineral spf50,calming treatment,skincare_datasets.xlsx::Recommendations|skincare_recommendations_dataset.csv,1) Cleanser: hydrating cleanser | 2) Serum: vitamin c serum | 3) Moisturizer: soothing moisturizer | 4) SPF: mineral spf50,1) Cleanser: hydrating cleanser | 2) Treatment: calming treatment | 3) Moisturizer: soothing moisturizer
RTN0000447,REC0000447,dry,0,3,1,1,hydrating cleanser,ceramide moisturizer,vitamin c serum,spf50,barrier repair,skincare_datasets.xlsx::Recommendations|skincare_recommendations_dataset.csv,1) Cleanser: hydrating cleanser | 2) Serum: vitamin c serum | 3) Moisturizer: ceramide moisturizer | 4) SPF: spf50,1) Cleanser: hydrating cleanser | 2) Treatment: barrier repair | 3) Moisturizer: ceramide moisturizer
RTN0000448,REC0000448,dry,0,3,1,2,hydrating cleanser,light lotion moisturizer,centella serum,mineral spf50,calming treatment,skincare_datasets.xlsx::Recommendations|skincare_recommendations_dataset.csv,1) Cleanser: hydrating cleanser | 2) Serum: centella serum | 3) Moisturizer: light lotion moisturizer | 4) SPF: mineral spf50,1) Cleanser: hydrating cleanser | 2) Treatment: calming treatment | 3) Moisturizer: light lotion moisturizer
RTN0000449,REC0000449,dry,0,3,1,5,hydrating cleanser,ceramide moisturizer,hyaluronic acid serum,mineral spf50,retinol treatment,skincare_datasets.xlsx::Recommendations|skincare_recommendations_dataset.csv,1) Cleanser: hydrating cleanser | 2) Serum: hyaluronic acid serum | 3) Moisturizer: ceramide moisturizer | 4) SPF: mineral spf50,1) Cleanser: hydrating cleanser | 2) Treatment: retinol treatment | 3) Moisturizer: ceramide moisturizer
RTN0000450,REC0000450,dry,0,3,1,5,milk cleanser,light lotion moisturizer,peptide serum,spf50,chemical exfoliation,skincare_datasets.xlsx::Recommendations|skincare_recommendations_dataset.csv,1) Cleanser: milk cleanser | 2) Serum: peptide serum | 3) Moisturizer: light lotion moisturizer | 4) SPF: spf50,1) Cleanser: milk cleanser | 2) Treatment: chemical exfoliation | 3) Moisturizer: light lotion moisturizer
RTN0000451,REC0000451,dry,0,3,2,3,milk cleanser,soothing moisturizer,niacinamide serum,spf50 matte,barrier repair,skincare_datasets.xlsx::Recommendations|skincare_recommendations_dataset.csv,1) Cleanser: milk cleanser | 2) Serum: niacinamide serum | 3) Moisturizer: soothing moisturizer | 4) SPF: spf50 matte,1) Cleanser: milk cleanser | 2) Treatment: barrier repair | 3) Moisturizer: soothing moisturizer
RTN0000452,REC0000452,dry,0,3,2,3,salicylic acid cleanser,ceramide moisturizer,vitamin c serum,spf50 matte,barrier repair,skincare_datasets.xlsx::Recommendations|skincare_recommendations_dataset.csv,1) Cleanser: salicylic acid cleanser | 2) Serum: vitamin c serum | 3) Moisturizer: ceramide moisturizer | 4) SPF: spf50 matte,1) Cleanser: salicylic acid cleanser | 2) Treatment: barrier repair | 3) Moisturizer: ceramide moisturizer
RTN0000453,REC0000453,dry,0,3,2,5,gentle foam cleanser,rich cream moisturizer,retinol serum,mineral spf50,hydrating mask,skincare_datasets.xlsx::Recommendations|skincare_recommendations_dataset.csv,1) Cleanser: gentle foam cleanser | 2) Serum: retinol serum | 3) Moisturizer: rich cream moisturizer | 4) SPF: mineral spf50,1) Cleanser: gentle foam cleanser | 2) Treatment: hydrating mask | 3) Moisturizer: rich cream moisturizer
RTN0000454,REC0000454,dry,0,3,2,5,gentle foam cleanser,soothing moisturizer,hyaluronic acid serum,mineral spf50,benzoyl peroxide,skincare_datasets.xlsx::Recommendations|skincare_recommendations_dataset.csv,1) Cleanser: gentle foam cleanser | 2) Serum: hyaluronic acid serum | 3) Moisturizer: soothing moisturizer | 4) SPF: mineral spf50,1) Cleanser: gentle foam cleanser | 2) Treatment: benzoyl peroxide | 3) Moisturizer: soothing moisturizer
RTN0000455,REC0000455,dry,0,3,3,2,salicylic acid cleanser,oil free gel moisturizer,hyaluronic acid serum,mineral spf50,calming treatment,skincare_datasets.xlsx::Recommendations|skincare_recommendations_dataset.csv,1) Cleanser: salicylic acid cleanser | 2) Serum: hyaluronic acid serum | 3) Moisturizer: oil free gel moisturizer | 4) SPF: mineral spf50,1) Cleanser: salicylic acid cleanser | 2) Treatment: calming treatment | 3) Moisturizer: oil free gel moisturizer
RTN0000456,REC0000456,dry,0,3,3,3,ultra gentle cleanser,light lotion moisturizer,niacinamide serum,spf50 matte,benzoyl peroxide,skincare_datasets.xlsx::Recommendations|skincare_recommendations_dataset.csv,1) Cleanser: ultra gentle cleanser | 2) Serum: niacinamide serum | 3) Moisturizer: light lotion moisturizer | 4) SPF: spf50 matte,1) Cleanser: ultra gentle cleanser | 2) Treatment: benzoyl peroxide | 3) Moisturizer: light lotion moisturizer
RTN0000457,REC0000457,dry,0,3,3,5,acne control cleanser,ceramide moisturizer,centella serum,spf50 matte,anti aging routine,skincare_datasets.xlsx::Recommendations|skincare_recommendations_dataset.csv,1) Cleanser: acne control cleanser | 2) Serum: centella serum | 3) Moisturizer: ceramide moisturizer | 4) SPF: spf50 matte,1) Cleanser: acne control cleanser | 2) Treatment: anti aging routine | 3) Moisturizer: ceramide moisturizer
RTN0000458,REC0000458,dry,0,3,4,2,milk cleanser,ceramide moisturizer,niacinamide serum,mineral spf50,anti aging routine,skincare_datasets.xlsx::Recommendations|skincare_recommendations_dataset.csv,1) Cleanser: milk cleanser | 2) Serum: niacinamide serum | 3) Moisturizer: ceramide moisturizer | 4) SPF: mineral spf50,1) Cleanser: milk cleanser | 2) Treatment: anti aging routine | 3) Moisturizer: ceramide moisturizer
RTN0000459,REC0000459,dry,0,3,4,5,milk cleanser,ceramide moisturizer,niacinamide serum,mineral spf50,barrier repair,skincare_datasets.xlsx::Recommendations|skincare_recommendations_dataset.csv,1) Cleanser: milk cleanser | 2) Serum: niacinamide serum | 3) Moisturizer: ceramide moisturizer | 4) SPF: mineral spf50,1) Cleanser: milk cleanser | 2) Treatment: barrier repair | 3) Moisturizer: ceramide moisturizer
RTN0000460,REC0000460,dry,0,3,5,3,hydrating cleanser,rich cream moisturizer,peptide serum,spf50,chemical exfoliation,skincare_datasets.xlsx::Recommendations|skincare_recommendations_dataset.csv,1) Cleanser: hydrating cleanser | 2) Serum: peptide serum | 3) Moisturizer: rich cream moisturizer | 4) SPF: spf50,1) Cleanser: hydrating cleanser | 2) Treatment: chemical exfoliation | 3) Moisturizer: rich cream moisturizer
RTN0000461,REC0000461,dry,0,4,0,0,salicylic acid cleanser,soothing moisturizer,niacinamide serum,mineral spf50,calming treatment,skincare_datasets.xlsx::Recommendations|skincare_recommendations_dataset.csv,1) Cleanser: salicylic acid cleanser | 2) Serum: niacinamide serum | 3) Moisturizer: soothing moisturizer | 4) SPF: mineral spf50,1) Cleanser: salicylic acid cleanser | 2) Treatment: calming treatment | 3) Moisturizer: soothing moisturizer
RTN0000462,REC0000462,dry,0,4,0,2,gentle foam cleanser,rich cream moisturizer,centella serum,mineral spf50,benzoyl peroxide,skincare_datasets.xlsx::Recommendations|skincare_recommendations_dataset.csv,1) Cleanser: gentle foam cleanser | 2) Serum: centella serum | 3) Moisturizer: rich cream moisturizer | 4) SPF: mineral spf50,1) Cleanser: gentle foam cleanser | 2) Treatment: benzoyl peroxide | 3) Moisturizer: rich cream moisturizer
RTN0000463,REC0000463,dry,0,4,0,2,milk cleanser,oil free gel moisturizer,peptide serum,mineral spf50,benzoyl peroxide,skincare_datasets.xlsx::Recommendations|skincare_recommendations_dataset.csv,1) Cleanser: milk cleanser | 2) Serum: peptide serum | 3) Moisturizer: oil free gel moisturizer | 4) SPF: mineral spf50,1) Cleanser: milk cleanser | 2) Treatment: benzoyl peroxide | 3) Moisturizer: oil free gel moisturizer
RTN0000464,REC0000464,dry,0,4,1,3,salicylic acid cleanser,oil free gel moisturizer,niacinamide serum,spf30,benzoyl peroxide,skincare_datasets.xlsx::Recommendations|skincare_recommendations_dataset.csv,1) Cleanser: salicylic acid cleanser | 2) Serum: niacinamide serum | 3) Moisturizer: oil free gel moisturizer | 4) SPF: spf30,1) Cleanser: salicylic acid cleanser | 2) Treatment: benzoyl peroxide | 3) Moisturizer: oil free gel moisturizer
RTN0000465,REC0000465,dry,0,4,2,4,milk cleanser,ceramide moisturizer,centella serum,spf50 matte,hydrating mask,skincare_datasets.xlsx::Recommendations|skincare_recommendations_dataset.csv,1) Cleanser: milk cleanser | 2) Serum: centella serum | 3) Moisturizer: ceramide moisturizer | 4) SPF: spf50 matte,1) Cleanser: milk cleanser | 2) Treatment: hydrating mask | 3) Moisturizer: ceramide moisturizer
RTN0000466,REC0000466,dry,0,4,3,1,gentle foam cleanser,light lotion moisturizer,niacinamide serum,spf50 matte,retinol treatment,skincare_datasets.xlsx::Recommendations|skincare_recommendations_dataset.csv,1) Cleanser: gentle foam cleanser | 2) Serum: niacinamide serum | 3) Moisturizer: light lotion moisturizer | 4) SPF: spf50 matte,1) Cleanser: gentle foam cleanser | 2) Treatment: retinol treatment | 3) Moisturizer: light lotion moisturizer
RTN0000467,REC0000467,dry,0,4,3,3,ultra gentle cleanser,oil free gel moisturizer,retinol serum,mineral spf50,retinol treatment,skincare_datasets.xlsx::Recommendations|skincare_recommendations_dataset.csv,1) Cleanser: ultra gentle cleanser | 2) Serum: retinol serum | 3) Moisturizer: oil free gel moisturizer | 4) SPF: mineral spf50,1) Cleanser: ultra gentle cleanser | 2) Treatment: retinol treatment | 3) Moisturizer: oil free gel moisturizer
RTN0000468,REC0000468,dry,0,4,3,3,ultra gentle cleanser,rich cream moisturizer,vitamin c serum,spf30,chemical exfoliation,skincare_datasets.xlsx::Recommendations|skincare_recommendations_dataset.csv,1) Cleanser: ultra gentle cleanser | 2) Serum: vitamin c serum | 3) Moisturizer: rich cream moisturizer | 4) SPF: spf30,1) Cleanser: ultra gentle cleanser | 2) Treatment: chemical exfoliation | 3) Moisturizer: rich cream moisturizer
RTN0000469,REC0000469,dry,0,4,4,4,hydrating cleanser,soothing moisturizer,peptide serum,spf50,retinol treatment,skincare_datasets.xlsx::Recommendations|skincare_recommendations_dataset.csv,1) Cleanser: hydrating cleanser | 2) Serum: peptide serum | 3) Moisturizer: soothing moisturizer | 4) SPF: spf50,1) Cleanser: hydrating cleanser | 2) Treatment: retinol treatment | 3) Moisturizer: soothing moisturizer
RTN0000470,REC0000470,dry,0,4,4,5,salicylic acid cleanser,soothing moisturizer,vitamin c serum,spf50,retinol treatment,skincare_datasets.xlsx::Recommendations|skincare_recommendations_dataset.csv,1) Cleanser: salicylic acid cleanser | 2) Serum: vitamin c serum | 3) Moisturizer: soothing moisturizer | 4) SPF: spf50,1) Cleanser: salicylic acid cleanser | 2) Treatment: retinol treatment | 3) Moisturizer: soothing moisturizer
RTN0000471,REC0000471,dry,0,4,5,4,ultra gentle cleanser,ceramide moisturizer,vitamin c serum,spf50,chemical exfoliation,skincare_datasets.xlsx::Recommendations|skincare_recommendations_dataset.csv,1) Cleanser: ultra gentle cleanser | 2) Serum: vitamin c serum | 3) Moisturizer: ceramide moisturizer | 4) SPF: spf50,1) Cleanser: ultra gentle cleanser | 2) Treatment: chemical exfoliation | 3) Moisturizer: ceramide moisturizer
RTN0000472,REC0000472,dry,0,5,1,0,gentle foam cleanser,rich cream moisturizer,centella serum,spf30,benzoyl peroxide,skincare_datasets.xlsx::Recommendations|skincare_recommendations_dataset.csv,1) Cleanser: gentle foam cleanser | 2) Serum: centella serum | 3) Moisturizer: rich cream moisturizer | 4) SPF: spf30,1) Cleanser: gentle foam cleanser | 2) Treatment: benzoyl peroxide | 3) Moisturizer: rich cream moisturizer
RTN0000473,REC0000473,dry,0,5,1,1,acne control cleanser,soothing moisturizer,centella serum,spf50 matte,barrier repair,skincare_datasets.xlsx::Recommendations|skincare_recommendations_dataset.csv,1) Cleanser: acne control cleanser | 2) Serum: centella serum | 3) Moisturizer: soothing moisturizer | 4) SPF: spf50 matte,1) Cleanser: acne control cleanser | 2) Treatment: barrier repair | 3) Moisturizer: soothing moisturizer
RTN0000474,REC0000474,dry,0,5,2,1,ultra gentle cleanser,oil free gel moisturizer,centella serum,spf30,anti aging routine,skincare_datasets.xlsx::Recommendations|skincare_recommendations_dataset.csv,1) Cleanser: ultra gentle cleanser | 2) Serum: centella serum | 3) Moisturizer: oil free gel moisturizer | 4) SPF: spf30,1) Cleanser: ultra gentle cleanser | 2) Treatment: anti aging routine | 3) Moisturizer: oil free gel moisturizer
RTN0000475,REC0000475,dry,0,5,3,0,acne control cleanser,ceramide moisturizer,vitamin c serum,spf50,hydrating mask,skincare_datasets.xlsx::Recommendations|skincare_recommendations_dataset.csv,1) Cleanser: acne control cleanser | 2) Serum: vitamin c serum | 3) Moisturizer: ceramide moisturizer | 4) SPF: spf50,1) Cleanser: acne control cleanser | 2) Treatment: hydrating mask | 3) Moisturizer: ceramide moisturizer
RTN0000476,REC0000476,dry,0,5,3,0,ultra gentle cleanser,light lotion moisturizer,peptide serum,mineral spf50,benzoyl peroxide,skincare_datasets.xlsx::Recommendations|skincare_recommendations_dataset.csv,1) Cleanser: ultra gentle cleanser | 2) Serum: peptide serum | 3) Moisturizer: light lotion moisturizer | 4) SPF: mineral spf50,1) Cleanser: ultra gentle cleanser | 2) Treatment: benzoyl peroxide | 3) Moisturizer: light lotion moisturizer
RTN0000477,REC0000477,dry,0,5,3,1,acne control cleanser,rich cream moisturizer,hyaluronic acid serum,spf30,calming treatment,skincare_datasets.xlsx::Recommendations|skincare_recommendations_dataset.csv,1) Cleanser: acne control cleanser | 2) Serum: hyaluronic acid serum | 3) Moisturizer: rich cream moisturizer | 4) SPF: spf30,1) Cleanser: acne control cleanser | 2) Treatment: calming treatment | 3) Moisturizer: rich cream moisturizer
RTN0000478,REC0000478,dry,0,5,3,2,hydrating cleanser,light lotion moisturizer,centella serum,spf50 matte,chemical exfoliation,skincare_datasets.xlsx::Recommendations|skincare_recommendations_dataset.csv,1) Cleanser: hydrating cleanser | 2) Serum: centella serum | 3) Moisturizer: light lotion moisturizer | 4) SPF: spf50 matte,1) Cleanser: hydrating cleanser | 2) Treatment: chemical exfoliation | 3) Moisturizer: light lotion moisturizer
RTN0000479,REC0000479,dry,0,5,4,1,hydrating cleanser,ceramide moisturizer,retinol serum,spf50,benzoyl peroxide,skincare_datasets.xlsx::Recommendations|skincare_recommendations_dataset.csv,1) Cleanser: hydrating cleanser | 2) Serum: retinol serum | 3) Moisturizer: ceramide moisturizer | 4) SPF: spf50,1) Cleanser: hydrating cleanser | 2) Treatment: benzoyl peroxide | 3) Moisturizer: ceramide moisturizer
RTN0000480,REC0000480,dry,0,5,5,0,ultra gentle cleanser,soothing moisturizer,centella serum,spf50,barrier repair,skincare_datasets.xlsx::Recommendations|skincare_recommendations_dataset.csv,1) Cleanser: ultra gentle cleanser | 2) Serum: centella serum | 3) Moisturizer: soothing moisturizer | 4) SPF: spf50,1) Cleanser: ultra gentle cleanser | 2) Treatment: barrier repair | 3) Moisturizer: soothing moisturizer
RTN0000481,REC0000481,dry,0,5,5,1,hydrating cleanser,rich cream moisturizer,vitamin c serum,spf50 matte,benzoyl peroxide,skincare_datasets.xlsx::Recommendations|skincare_recommendations_dataset.csv,1) Cleanser: hydrating cleanser | 2) Serum: vitamin c serum | 3) Moisturizer: rich cream moisturizer | 4) SPF: spf50 matte,1) Cleanser: hydrating cleanser | 2) Treatment: benzoyl peroxide | 3) Moisturizer: rich cream moisturizer
RTN0000482,REC0000482,dry,0,5,5,3,ultra gentle cleanser,rich cream moisturizer,centella serum,spf50 matte,anti aging routine,skincare_datasets.xlsx::Recommendations|skincare_recommendations_dataset.csv,1) Cleanser: ultra gentle cleanser | 2) Serum: centella serum | 3) Moisturizer: rich cream moisturizer | 4) SPF: spf50 matte,1) Cleanser: ultra gentle cleanser | 2) Treatment: anti aging routine | 3) Moisturizer: rich cream moisturizer
RTN0000483,REC0000483,dry,1,0,0,0,ultra gentle cleanser,rich cream moisturizer,hyaluronic acid serum,spf50 matte,barrier repair,skincare_datasets.xlsx::Recommendations|skincare_recommendations_dataset.csv,1) Cleanser: ultra gentle cleanser | 2) Serum: hyaluronic acid serum | 3) Moisturizer: rich cream moisturizer | 4) SPF: spf50 matte,1) Cleanser: ultra gentle cleanser | 2) Treatment: barrier repair | 3) Moisturizer: rich cream moisturizer
RTN0000484,REC0000484,dry,1,0,0,1,acne control cleanser,light lotion moisturizer,centella serum,mineral spf50,benzoyl peroxide,skincare_datasets.xlsx::Recommendations|skincare_recommendations_dataset.csv,1) Cleanser: acne control cleanser | 2) Serum: centella serum | 3) Moisturizer: light lotion moisturizer | 4) SPF: mineral spf50,1) Cleanser: acne control cleanser | 2) Treatment: benzoyl peroxide | 3) Moisturizer: light lotion moisturizer
RTN0000485,REC0000485,dry,1,0,0,2,salicylic acid cleanser,ceramide moisturizer,peptide serum,spf30,hydrating mask,skincare_datasets.xlsx::Recommendations|skincare_recommendations_dataset.csv,1) Cleanser: salicylic acid cleanser | 2) Serum: peptide serum | 3) Moisturizer: ceramide moisturizer | 4) SPF: spf30,1) Cleanser: salicylic acid cleanser | 2) Treatment: hydrating mask | 3) Moisturizer: ceramide moisturizer
RTN0000486,REC0000486,dry,1,0,0,4,salicylic acid cleanser,rich cream moisturizer,niacinamide serum,spf50 matte,retinol treatment,skincare_datasets.xlsx::Recommendations|skincare_recommendations_dataset.csv,1) Cleanser: salicylic acid cleanser | 2) Serum: niacinamide serum | 3) Moisturizer: rich cream moisturizer | 4) SPF: spf50 matte,1) Cleanser: salicylic acid cleanser | 2) Treatment: retinol treatment | 3) Moisturizer: rich cream moisturizer
RTN0000487,REC0000487,dry,1,0,1,4,gentle foam cleanser,oil free gel moisturizer,niacinamide serum,spf50 matte,anti aging routine,skincare_datasets.xlsx::Recommendations|skincare_recommendations_dataset.csv,1) Cleanser: gentle foam cleanser | 2) Serum: niacinamide serum | 3) Moisturizer: oil free gel moisturizer | 4) SPF: spf50 matte,1) Cleanser: gentle foam cleanser | 2) Treatment: anti aging routine | 3) Moisturizer: oil free gel moisturizer
RTN0000488,REC0000488,dry,1,0,1,5,acne control cleanser,soothing moisturizer,centella serum,spf50 matte,anti aging routine,skincare_datasets.xlsx::Recommendations|skincare_recommendations_dataset.csv,1) Cleanser: acne control cleanser | 2) Serum: centella serum | 3) Moisturizer: soothing moisturizer | 4) SPF: spf50 matte,1) Cleanser: acne control cleanser | 2) Treatment: anti aging routine | 3) Moisturizer: soothing moisturizer
RTN0000489,REC0000489,dry,1,0,2,0,hydrating cleanser,ceramide moisturizer,hyaluronic acid serum,mineral spf50,calming treatment,skincare_datasets.xlsx::Recommendations|skincare_recommendations_dataset.csv,1) Cleanser: hydrating cleanser | 2) Serum: hyaluronic acid serum | 3) Moisturizer: ceramide moisturizer | 4) SPF: mineral spf50,1) Cleanser: hydrating cleanser | 2) Treatment: calming treatment | 3) Moisturizer: ceramide moisturizer
RTN0000490,REC0000490,dry,1,0,3,0,hydrating cleanser,soothing moisturizer,hyaluronic acid serum,spf50,hydrating mask,skincare_datasets.xlsx::Recommendations|skincare_recommendations_dataset.csv,1) Cleanser: hydrating cleanser | 2) Serum: hyaluronic acid serum | 3) Moisturizer: soothing moisturizer | 4) SPF: spf50,1) Cleanser: hydrating cleanser | 2) Treatment: hydrating mask | 3) Moisturizer: soothing moisturizer
RTN0000491,REC0000491,dry,1,0,3,2,ultra gentle cleanser,light lotion moisturizer,hyaluronic acid serum,spf30,hydrating mask,skincare_datasets.xlsx::Recommendations|skincare_recommendations_dataset.csv,1) Cleanser: ultra gentle cleanser | 2) Serum: hyaluronic acid serum | 3) Moisturizer: light lotion moisturizer | 4) SPF: spf30,1) Cleanser: ultra gentle cleanser | 2) Treatment: hydrating mask | 3) Moisturizer: light lotion moisturizer
RTN0000492,REC0000492,dry,1,0,3,3,salicylic acid cleanser,soothing moisturizer,niacinamide serum,spf50 matte,anti aging routine,skincare_datasets.xlsx::Recommendations|skincare_recommendations_dataset.csv,1) Cleanser: salicylic acid cleanser | 2) Serum: niacinamide serum | 3) Moisturizer: soothing moisturizer | 4) SPF: spf50 matte,1) Cleanser: salicylic acid cleanser | 2) Treatment: anti aging routine | 3) Moisturizer: soothing moisturizer
RTN0000493,REC0000493,dry,1,0,3,4,hydrating cleanser,rich cream moisturizer,vitamin c serum,mineral spf50,chemical exfoliation,skincare_datasets.xlsx::Recommendations|skincare_recommendations_dataset.csv,1) Cleanser: hydrating cleanser | 2) Serum: vitamin c serum | 3) Moisturizer: rich cream moisturizer | 4) SPF: mineral spf50,1) Cleanser: hydrating cleanser | 2) Treatment: chemical exfoliation | 3) Moisturizer: rich cream moisturizer
RTN0000494,REC0000494,dry,1,0,3,4,ultra gentle cleanser,rich cream moisturizer,niacinamide serum,spf50,calming treatment,skincare_datasets.xlsx::Recommendations|skincare_recommendations_dataset.csv,1) Cleanser: ultra gentle cleanser | 2) Serum: niacinamide serum | 3) Moisturizer: rich cream moisturizer | 4) SPF: spf50,1) Cleanser: ultra gentle cleanser | 2) Treatment: calming treatment | 3) Moisturizer: rich cream moisturizer
RTN0000495,REC0000495,dry,1,0,3,5,salicylic acid cleanser,soothing moisturizer,centella serum,spf50,barrier repair,skincare_datasets.xlsx::Recommendations|skincare_recommendations_dataset.csv,1) Cleanser: salicylic acid cleanser | 2) Serum: centella serum | 3) Moisturizer: soothing moisturizer | 4) SPF: spf50,1) Cleanser: salicylic acid cleanser | 2) Treatment: barrier repair | 3) Moisturizer: soothing moisturizer
RTN0000496,REC0000496,dry,1,0,4,2,salicylic acid cleanser,light lotion moisturizer,peptide serum,mineral spf50,retinol treatment,skincare_datasets.xlsx::Recommendations|skincare_recommendations_dataset.csv,1) Cleanser: salicylic acid cleanser | 2) Serum: peptide serum | 3) Moisturizer: light lotion moisturizer | 4) SPF: mineral spf50,1) Cleanser: salicylic acid cleanser | 2) Treatment: retinol treatment | 3) Moisturizer: light lotion moisturizer
RTN0000497,REC0000497,dry,1,0,4,3,hydrating cleanser,soothing moisturizer,centella serum,mineral spf50,hydrating mask,skincare_datasets.xlsx::Recommendations|skincare_recommendations_dataset.csv,1) Cleanser: hydrating cleanser | 2) Serum: centella serum | 3) Moisturizer: soothing moisturizer | 4) SPF: mineral spf50,1) Cleanser: hydrating cleanser | 2) Treatment: hydrating mask | 3) Moisturizer: soothing moisturizer
RTN0000498,REC0000498,dry,1,0,4,4,acne control cleanser,oil free gel moisturizer,vitamin c serum,spf50,chemical exfoliation,skincare_datasets.xlsx::Recommendations|skincare_recommendations_dataset.csv,1) Cleanser: acne control cleanser | 2) Serum: vitamin c serum | 3) Moisturizer: oil free gel moisturizer | 4) SPF: spf50,1) Cleanser: acne control cleanser | 2) Treatment: chemical exfoliation | 3) Moisturizer: oil free gel moisturizer
RTN0000499,REC0000499,dry,1,0,5,4,hydrating cleanser,rich cream moisturizer,niacinamide serum,spf50,benzoyl peroxide,skincare_datasets.xlsx::Recommendations|skincare_recommendations_dataset.csv,1) Cleanser: hydrating cleanser | 2) Serum: niacinamide serum | 3) Moisturizer: rich cream moisturizer | 4) SPF: spf50,1) Cleanser: hydrating cleanser | 2) Treatment: benzoyl peroxide | 3) Moisturizer: rich cream moisturizer
RTN0000500,REC0000500,dry,1,0,5,5,acne control cleanser,light lotion moisturizer,niacinamide serum,spf30,anti aging routine,skincare_datasets.xlsx::Recommendations|skincare_recommendations_dataset.csv,1) Cleanser: acne control cleanser | 2) Serum: niacinamide serum | 3) Moisturizer: light lotion moisturizer | 4) SPF: spf30,1) Cleanser: acne control cleanser | 2) Treatment: anti aging routine | 3) Moisturizer: light lotion moisturizer
RTN0000501,REC0000501,dry,1,1,1,0,gentle foam cleanser,ceramide moisturizer,niacinamide serum,spf30,hydrating mask,skincare_datasets.xlsx::Recommendations|skincare_recommendations_dataset.csv,1) Cleanser: gentle foam cleanser | 2) Serum: niacinamide serum | 3) Moisturizer: ceramide moisturizer | 4) SPF: spf30,1) Cleanser: gentle foam cleanser | 2) Treatment: hydrating mask | 3) Moisturizer: ceramide moisturizer
RTN0000502,REC0000502,dry,1,1,1,2,acne control cleanser,ceramide moisturizer,peptide serum,spf30,chemical exfoliation,skincare_datasets.xlsx::Recommendations|skincare_recommendations_dataset.csv,1) Cleanser: acne control cleanser | 2) Serum: peptide serum | 3) Moisturizer: ceramide moisturizer | 4) SPF: spf30,1) Cleanser: acne control cleanser | 2) Treatment: chemical exfoliation | 3) Moisturizer: ceramide moisturizer
RTN0000503,REC0000503,dry,1,1,3,3,salicylic acid cleanser,soothing moisturizer,centella serum,spf50,chemical exfoliation,skincare_datasets.xlsx::Recommendations|skincare_recommendations_dataset.csv,1) Cleanser: salicylic acid cleanser | 2) Serum: centella serum | 3) Moisturizer: soothing moisturizer | 4) SPF: spf50,1) Cleanser: salicylic acid cleanser | 2) Treatment: chemical exfoliation | 3) Moisturizer: soothing moisturizer
RTN0000504,REC0000504,dry,1,1,4,1,salicylic acid cleanser,light lotion moisturizer,centella serum,spf30,benzoyl peroxide,skincare_datasets.xlsx::Recommendations|skincare_recommendations_dataset.csv,1) Cleanser: salicylic acid cleanser | 2) Serum: centella serum | 3) Moisturizer: light lotion moisturizer | 4) SPF: spf30,1) Cleanser: salicylic acid cleanser | 2) Treatment: benzoyl peroxide | 3) Moisturizer: light lotion moisturizer
RTN0000505,REC0000505,dry,1,1,4,5,acne control cleanser,rich cream moisturizer,retinol serum,mineral spf50,anti aging routine,skincare_datasets.xlsx::Recommendations|skincare_recommendations_dataset.csv,1) Cleanser: acne control cleanser | 2) Serum: retinol serum | 3) Moisturizer: rich cream moisturizer | 4) SPF: mineral spf50,1) Cleanser: acne control cleanser | 2) Treatment: anti aging routine | 3) Moisturizer: rich cream moisturizer
RTN0000506,REC0000506,dry,1,1,4,5,hydrating cleanser,ceramide moisturizer,centella serum,spf50,chemical exfoliation,skincare_datasets.xlsx::Recommendations|skincare_recommendations_dataset.csv,1) Cleanser: hydrating cleanser | 2) Serum: centella serum | 3) Moisturizer: ceramide moisturizer | 4) SPF: spf50,1) Cleanser: hydrating cleanser | 2) Treatment: chemical exfoliation | 3) Moisturizer: ceramide moisturizer
RTN0000507,REC0000507,dry,1,1,5,2,milk cleanser,oil free gel moisturizer,peptide serum,mineral spf50,anti aging routine,skincare_datasets.xlsx::Recommendations|skincare_recommendations_dataset.csv,1) Cleanser: milk cleanser | 2) Serum: peptide serum | 3) Moisturizer: oil free gel moisturizer | 4) SPF: mineral spf50,1) Cleanser: milk cleanser | 2) Treatment: anti aging routine | 3) Moisturizer: oil free gel moisturizer
RTN0000508,REC0000508,dry,1,1,5,5,gentle foam cleanser,light lotion moisturizer,niacinamide serum,mineral spf50,chemical exfoliation,skincare_datasets.xlsx::Recommendations|skincare_recommendations_dataset.csv,1) Cleanser: gentle foam cleanser | 2) Serum: niacinamide serum | 3) Moisturizer: light lotion moisturizer | 4) SPF: mineral spf50,1) Cleanser: gentle foam cleanser | 2) Treatment: chemical exfoliation | 3) Moisturizer: light lotion moisturizer
RTN0000509,REC0000509,dry,1,2,0,5,hydrating cleanser,ceramide moisturizer,hyaluronic acid serum,mineral spf50,anti aging routine,skincare_datasets.xlsx::Recommendations|skincare_recommendations_dataset.csv,1) Cleanser: hydrating cleanser | 2) Serum: hyaluronic acid serum | 3) Moisturizer: ceramide moisturizer | 4) SPF: mineral spf50,1) Cleanser: hydrating cleanser | 2) Treatment: anti aging routine | 3) Moisturizer: ceramide moisturizer
RTN0000510,REC0000510,dry,1,2,2,1,ultra gentle cleanser,oil free gel moisturizer,hyaluronic acid serum,spf30,hydrating mask,skincare_datasets.xlsx::Recommendations|skincare_recommendations_dataset.csv,1) Cleanser: ultra gentle cleanser | 2) Serum: hyaluronic acid serum | 3) Moisturizer: oil free gel moisturizer | 4) SPF: spf30,1) Cleanser: ultra gentle cleanser | 2) Treatment: hydrating mask | 3) Moisturizer: oil free gel moisturizer
RTN0000511,REC0000511,dry,1,2,2,2,ultra gentle cleanser,rich cream moisturizer,vitamin c serum,spf30,barrier repair,skincare_datasets.xlsx::Recommendations|skincare_recommendations_dataset.csv,1) Cleanser: ultra gentle cleanser | 2) Serum: vitamin c serum | 3) Moisturizer: rich cream moisturizer | 4) SPF: spf30,1) Cleanser: ultra gentle cleanser | 2) Treatment: barrier repair | 3) Moisturizer: rich cream moisturizer
RTN0000512,REC0000512,dry,1,2,2,3,hydrating cleanser,light lotion moisturizer,peptide serum,spf50,anti aging routine,skincare_datasets.xlsx::Recommendations|skincare_recommendations_dataset.csv,1) Cleanser: hydrating cleanser | 2) Serum: peptide serum | 3) Moisturizer: light lotion moisturizer | 4) SPF: spf50,1) Cleanser: hydrating cleanser | 2) Treatment: anti aging routine | 3) Moisturizer: light lotion moisturizer
RTN0000513,REC0000513,dry,1,2,3,5,hydrating cleanser,light lotion moisturizer,centella serum,mineral spf50,anti aging routine,skincare_datasets.xlsx::Recommendations|skincare_recommendations_dataset.csv,1) Cleanser: hydrating cleanser | 2) Serum: centella serum | 3) Moisturizer: light lotion moisturizer | 4) SPF: mineral spf50,1) Cleanser: hydrating cleanser | 2) Treatment: anti aging routine | 3) Moisturizer: light lotion moisturizer
RTN0000514,REC0000514,dry,1,2,4,2,gentle foam cleanser,light lotion moisturizer,vitamin c serum,spf50 matte,benzoyl peroxide,skincare_datasets.xlsx::Recommendations|skincare_recommendations_dataset.csv,1) Cleanser: gentle foam cleanser | 2) Serum: vitamin c serum | 3) Moisturizer: light lotion moisturizer | 4) SPF: spf50 matte,1) Cleanser: gentle foam cleanser | 2) Treatment: benzoyl peroxide | 3) Moisturizer: light lotion moisturizer
RTN0000515,REC0000515,dry,1,2,4,2,ultra gentle cleanser,oil free gel moisturizer,vitamin c serum,spf30,retinol treatment,skincare_datasets.xlsx::Recommendations|skincare_recommendations_dataset.csv,1) Cleanser: ultra gentle cleanser | 2) Serum: vitamin c serum | 3) Moisturizer: oil free gel moisturizer | 4) SPF: spf30,1) Cleanser: ultra gentle cleanser | 2) Treatment: retinol treatment | 3) Moisturizer: oil free gel moisturizer
RTN0000516,REC0000516,dry,1,2,4,5,gentle foam cleanser,rich cream moisturizer,centella serum,spf30,calming treatment,skincare_datasets.xlsx::Recommendations|skincare_recommendations_dataset.csv,1) Cleanser: gentle foam cleanser | 2) Serum: centella serum | 3) Moisturizer: rich cream moisturizer | 4) SPF: spf30,1) Cleanser: gentle foam cleanser | 2) Treatment: calming treatment | 3) Moisturizer: rich cream moisturizer
RTN0000517,REC0000517,dry,1,2,5,2,hydrating cleanser,soothing moisturizer,centella serum,mineral spf50,hydrating mask,skincare_datasets.xlsx::Recommendations|skincare_recommendations_dataset.csv,1) Cleanser: hydrating cleanser | 2) Serum: centella serum | 3) Moisturizer: soothing moisturizer | 4) SPF: mineral spf50,1) Cleanser: hydrating cleanser | 2) Treatment: hydrating mask | 3) Moisturizer: soothing moisturizer
RTN0000518,REC0000518,dry,1,2,5,3,acne control cleanser,ceramide moisturizer,retinol serum,spf50 matte,anti aging routine,skincare_datasets.xlsx::Recommendations|skincare_recommendations_dataset.csv,1) Cleanser: acne control cleanser | 2) Serum: retinol serum | 3) Moisturizer: ceramide moisturizer | 4) SPF: spf50 matte,1) Cleanser: acne control cleanser | 2) Treatment: anti aging routine | 3) Moisturizer: ceramide moisturizer
RTN0000519,REC0000519,dry,1,3,0,5,ultra gentle cleanser,oil free gel moisturizer,retinol serum,mineral spf50,chemical exfoliation,skincare_datasets.xlsx::Recommendations|skincare_recommendations_dataset.csv,1) Cleanser: ultra gentle cleanser | 2) Serum: retinol serum | 3) Moisturizer: oil free gel moisturizer | 4) SPF: mineral spf50,1) Cleanser: ultra gentle cleanser | 2) Treatment: chemical exfoliation | 3) Moisturizer: oil free gel moisturizer
RTN0000520,REC0000520,dry,1,3,1,0,hydrating cleanser,soothing moisturizer,peptide serum,spf50 matte,chemical exfoliation,skincare_datasets.xlsx::Recommendations|skincare_recommendations_dataset.csv,1) Cleanser: hydrating cleanser | 2) Serum: peptide serum | 3) Moisturizer: soothing moisturizer | 4) SPF: spf50 matte,1) Cleanser: hydrating cleanser | 2) Treatment: chemical exfoliation | 3) Moisturizer: soothing moisturizer
RTN0000521,REC0000521,dry,1,3,2,3,hydrating cleanser,ceramide moisturizer,hyaluronic acid serum,spf50,benzoyl peroxide,skincare_datasets.xlsx::Recommendations|skincare_recommendations_dataset.csv,1) Cleanser: hydrating cleanser | 2) Serum: hyaluronic acid serum | 3) Moisturizer: ceramide moisturizer | 4) SPF: spf50,1) Cleanser: hydrating cleanser | 2) Treatment: benzoyl peroxide | 3) Moisturizer: ceramide moisturizer
RTN0000522,REC0000522,dry,1,3,3,0,hydrating cleanser,rich cream moisturizer,peptide serum,mineral spf50,hydrating mask,skincare_datasets.xlsx::Recommendations|skincare_recommendations_dataset.csv,1) Cleanser: hydrating cleanser | 2) Serum: peptide serum | 3) Moisturizer: rich cream moisturizer | 4) SPF: mineral spf50,1) Cleanser: hydrating cleanser | 2) Treatment: hydrating mask | 3) Moisturizer: rich cream moisturizer
RTN0000523,REC0000523,dry,1,3,3,0,salicylic acid cleanser,rich cream moisturizer,retinol serum,spf50,anti aging routine,skincare_datasets.xlsx::Recommendations|skincare_recommendations_dataset.csv,1) Cleanser: salicylic acid cleanser | 2) Serum: retinol serum | 3) Moisturizer: rich cream moisturizer | 4) SPF: spf50,1) Cleanser: salicylic acid cleanser | 2) Treatment: anti aging routine | 3) Moisturizer: rich cream moisturizer
RTN0000524,REC0000524,dry,1,3,3,2,acne control cleanser,oil free gel moisturizer,niacinamide serum,spf50 matte,calming treatment,skincare_datasets.xlsx::Recommendations|skincare_recommendations_dataset.csv,1) Cleanser: acne control cleanser | 2) Serum: niacinamide serum | 3) Moisturizer: oil free gel moisturizer | 4) SPF: spf50 matte,1) Cleanser: acne control cleanser | 2) Treatment: calming treatment | 3) Moisturizer: oil free gel moisturizer
RTN0000525,REC0000525,dry,1,3,3,3,acne control cleanser,oil free gel moisturizer,hyaluronic acid serum,spf50 matte,anti aging routine,skincare_datasets.xlsx::Recommendations|skincare_recommendations_dataset.csv,1) Cleanser: acne control cleanser | 2) Serum: hyaluronic acid serum | 3) Moisturizer: oil free gel moisturizer | 4) SPF: spf50 matte,1) Cleanser: acne control cleanser | 2) Treatment: anti aging routine | 3) Moisturizer: oil free gel moisturizer
RTN0000526,REC0000526,dry,1,3,3,4,gentle foam cleanser,rich cream moisturizer,centella serum,mineral spf50,benzoyl peroxide,skincare_datasets.xlsx::Recommendations|skincare_recommendations_dataset.csv,1) Cleanser: gentle foam cleanser | 2) Serum: centella serum | 3) Moisturizer: rich cream moisturizer | 4) SPF: mineral spf50,1) Cleanser: gentle foam cleanser | 2) Treatment: benzoyl peroxide | 3) Moisturizer: rich cream moisturizer
RTN0000527,REC0000527,dry,1,3,3,5,ultra gentle cleanser,ceramide moisturizer,niacinamide serum,spf30,anti aging routine,skincare_datasets.xlsx::Recommendations|skincare_recommendations_dataset.csv,1) Cleanser: ultra gentle cleanser | 2) Serum: niacinamide serum | 3) Moisturizer: ceramide moisturizer | 4) SPF: spf30,1) Cleanser: ultra gentle cleanser | 2) Treatment: anti aging routine | 3) Moisturizer: ceramide moisturizer
RTN0000528,REC0000528,dry,1,3,4,0,acne control cleanser,light lotion moisturizer,hyaluronic acid serum,spf50 matte,anti aging routine,skincare_datasets.xlsx::Recommendations|skincare_recommendations_dataset.csv,1) Cleanser: acne control cleanser | 2) Serum: hyaluronic acid serum | 3) Moisturizer: light lotion moisturizer | 4) SPF: spf50 matte,1) Cleanser: acne control cleanser | 2) Treatment: anti aging routine | 3) Moisturizer: light lotion moisturizer
RTN0000529,REC0000529,dry,1,3,5,0,ultra gentle cleanser,soothing moisturizer,peptide serum,spf50,chemical exfoliation,skincare_datasets.xlsx::Recommendations|skincare_recommendations_dataset.csv,1) Cleanser: ultra gentle cleanser | 2) Serum: peptide serum | 3) Moisturizer: soothing moisturizer | 4) SPF: spf50,1) Cleanser: ultra gentle cleanser | 2) Treatment: chemical exfoliation | 3) Moisturizer: soothing moisturizer
RTN0000530,REC0000530,dry,1,3,5,3,milk cleanser,soothing moisturizer,peptide serum,spf50,retinol treatment,skincare_datasets.xlsx::Recommendations|skincare_recommendations_dataset.csv,1) Cleanser: milk cleanser | 2) Serum: peptide serum | 3) Moisturizer: soothing moisturizer | 4) SPF: spf50,1) Cleanser: milk cleanser | 2) Treatment: retinol treatment | 3) Moisturizer: soothing moisturizer
RTN0000531,REC0000531,dry,1,3,5,4,hydrating cleanser,light lotion moisturizer,niacinamide serum,mineral spf50,chemical exfoliation,skincare_datasets.xlsx::Recommendations|skincare_recommendations_dataset.csv,1) Cleanser: hydrating cleanser | 2) Serum: niacinamide serum | 3) Moisturizer: light lotion moisturizer | 4) SPF: mineral spf50,1) Cleanser: hydrating cleanser | 2) Treatment: chemical exfoliation | 3) Moisturizer: light lotion moisturizer
RTN0000532,REC0000532,dry,1,4,0,2,hydrating cleanser,oil free gel moisturizer,niacinamide serum,spf30,benzoyl peroxide,skincare_datasets.xlsx::Recommendations|skincare_recommendations_dataset.csv,1) Cleanser: hydrating cleanser | 2) Serum: niacinamide serum | 3) Moisturizer: oil free gel moisturizer | 4) SPF: spf30,1) Cleanser: hydrating cleanser | 2) Treatment: benzoyl peroxide | 3) Moisturizer: oil free gel moisturizer
RTN0000533,REC0000533,dry,1,4,0,2,ultra gentle cleanser,soothing moisturizer,retinol serum,spf30,calming treatment,skincare_datasets.xlsx::Recommendations|skincare_recommendations_dataset.csv,1) Cleanser: ultra gentle cleanser | 2) Serum: retinol serum | 3) Moisturizer: soothing moisturizer | 4) SPF: spf30,1) Cleanser: ultra gentle cleanser | 2) Treatment: calming treatment | 3) Moisturizer: soothing moisturizer
RTN0000534,REC0000534,dry,1,4,0,4,acne control cleanser,oil free gel moisturizer,hyaluronic acid serum,spf30,barrier repair,skincare_datasets.xlsx::Recommendations|skincare_recommendations_dataset.csv,1) Cleanser: acne control cleanser | 2) Serum: hyaluronic acid serum | 3) Moisturizer: oil free gel moisturizer | 4) SPF: spf30,1) Cleanser: acne control cleanser | 2) Treatment: barrier repair | 3) Moisturizer: oil free gel moisturizer
RTN0000535,REC0000535,dry,1,4,0,4,hydrating cleanser,light lotion moisturizer,vitamin c serum,mineral spf50,anti aging routine,skincare_datasets.xlsx::Recommendations|skincare_recommendations_dataset.csv,1) Cleanser: hydrating cleanser | 2) Serum: vitamin c serum | 3) Moisturizer: light lotion moisturizer | 4) SPF: mineral spf50,1) Cleanser: hydrating cleanser | 2) Treatment: anti aging routine | 3) Moisturizer: light lotion moisturizer
RTN0000536,REC0000536,dry,1,4,2,1,gentle foam cleanser,light lotion moisturizer,vitamin c serum,spf30,retinol treatment,skincare_datasets.xlsx::Recommendations|skincare_recommendations_dataset.csv,1) Cleanser: gentle foam cleanser | 2) Serum: vitamin c serum | 3) Moisturizer: light lotion moisturizer | 4) SPF: spf30,1) Cleanser: gentle foam cleanser | 2) Treatment: retinol treatment | 3) Moisturizer: light lotion moisturizer
RTN0000537,REC0000537,dry,1,4,2,2,acne control cleanser,soothing moisturizer,centella serum,spf50,benzoyl peroxide,skincare_datasets.xlsx::Recommendations|skincare_recommendations_dataset.csv,1) Cleanser: acne control cleanser | 2) Serum: centella serum | 3) Moisturizer: soothing moisturizer | 4) SPF: spf50,1) Cleanser: acne control cleanser | 2) Treatment: benzoyl peroxide | 3) Moisturizer: soothing moisturizer
RTN0000538,REC0000538,dry,1,4,2,5,acne control cleanser,light lotion moisturizer,niacinamide serum,spf30,chemical exfoliation,skincare_datasets.xlsx::Recommendations|skincare_recommendations_dataset.csv,1) Cleanser: acne control cleanser | 2) Serum: niacinamide serum | 3) Moisturizer: light lotion moisturizer | 4) SPF: spf30,1) Cleanser: acne control cleanser | 2) Treatment: chemical exfoliation | 3) Moisturizer: light lotion moisturizer
RTN0000539,REC0000539,dry,1,4,3,0,ultra gentle cleanser,light lotion moisturizer,retinol serum,spf30,retinol treatment,skincare_datasets.xlsx::Recommendations|skincare_recommendations_dataset.csv,1) Cleanser: ultra gentle cleanser | 2) Serum: retinol serum | 3) Moisturizer: light lotion moisturizer | 4) SPF: spf30,1) Cleanser: ultra gentle cleanser | 2) Treatment: retinol treatment | 3) Moisturizer: light lotion moisturizer
RTN0000540,REC0000540,dry,1,4,3,3,salicylic acid cleanser,ceramide moisturizer,hyaluronic acid serum,mineral spf50,anti aging routine,skincare_datasets.xlsx::Recommendations|skincare_recommendations_dataset.csv,1) Cleanser: salicylic acid cleanser | 2) Serum: hyaluronic acid serum | 3) Moisturizer: ceramide moisturizer | 4) SPF: mineral spf50,1) Cleanser: salicylic acid cleanser | 2) Treatment: anti aging routine | 3) Moisturizer: ceramide moisturizer
RTN0000541,REC0000541,dry,1,4,4,4,hydrating cleanser,oil free gel moisturizer,niacinamide serum,mineral spf50,calming treatment,skincare_datasets.xlsx::Recommendations|skincare_recommendations_dataset.csv,1) Cleanser: hydrating cleanser | 2) Serum: niacinamide serum | 3) Moisturizer: oil free gel moisturizer | 4) SPF: mineral spf50,1) Cleanser: hydrating cleanser | 2) Treatment: calming treatment | 3) Moisturizer: oil free gel moisturizer
RTN0000542,REC0000542,dry,1,5,0,0,salicylic acid cleanser,light lotion moisturizer,vitamin c serum,spf50 matte,benzoyl peroxide,skincare_datasets.xlsx::Recommendations|skincare_recommendations_dataset.csv,1) Cleanser: salicylic acid cleanser | 2) Serum: vitamin c serum | 3) Moisturizer: light lotion moisturizer | 4) SPF: spf50 matte,1) Cleanser: salicylic acid cleanser | 2) Treatment: benzoyl peroxide | 3) Moisturizer: light lotion moisturizer
RTN0000543,REC0000543,dry,1,5,1,4,acne control cleanser,rich cream moisturizer,retinol serum,mineral spf50,calming treatment,skincare_datasets.xlsx::Recommendations|skincare_recommendations_dataset.csv,1) Cleanser: acne control cleanser | 2) Serum: retinol serum | 3) Moisturizer: rich cream moisturizer | 4) SPF: mineral spf50,1) Cleanser: acne control cleanser | 2) Treatment: calming treatment | 3) Moisturizer: rich cream moisturizer
RTN0000544,REC0000544,dry,1,5,2,3,salicylic acid cleanser,oil free gel moisturizer,centella serum,spf30,hydrating mask,skincare_datasets.xlsx::Recommendations|skincare_recommendations_dataset.csv,1) Cleanser: salicylic acid cleanser | 2) Serum: centella serum | 3) Moisturizer: oil free gel moisturizer | 4) SPF: spf30,1) Cleanser: salicylic acid cleanser | 2) Treatment: hydrating mask | 3) Moisturizer: oil free gel moisturizer
RTN0000545,REC0000545,dry,1,5,3,2,acne control cleanser,soothing moisturizer,centella serum,spf50 matte,chemical exfoliation,skincare_datasets.xlsx::Recommendations|skincare_recommendations_dataset.csv,1) Cleanser: acne control cleanser | 2) Serum: centella serum | 3) Moisturizer: soothing moisturizer | 4) SPF: spf50 matte,1) Cleanser: acne control cleanser | 2) Treatment: chemical exfoliation | 3) Moisturizer: soothing moisturizer
RTN0000546,REC0000546,dry,1,5,4,2,acne control cleanser,light lotion moisturizer,centella serum,spf30,chemical exfoliation,skincare_datasets.xlsx::Recommendations|skincare_recommendations_dataset.csv,1) Cleanser: acne control cleanser | 2) Serum: centella serum | 3) Moisturizer: light lotion moisturizer | 4) SPF: spf30,1) Cleanser: acne control cleanser | 2) Treatment: chemical exfoliation | 3) Moisturizer: light lotion moisturizer
RTN0000547,REC0000547,dry,1,5,4,5,ultra gentle cleanser,soothing moisturizer,niacinamide serum,spf30,benzoyl peroxide,skincare_datasets.xlsx::Recommendations|skincare_recommendations_dataset.csv,1) Cleanser: ultra gentle cleanser | 2) Serum: niacinamide serum | 3) Moisturizer: soothing moisturizer | 4) SPF: spf30,1) Cleanser: ultra gentle cleanser | 2) Treatment: benzoyl peroxide | 3) Moisturizer: soothing moisturizer
RTN0000548,REC0000548,dry,1,5,5,5,milk cleanser,ceramide moisturizer,niacinamide serum,spf50,anti aging routine,skincare_datasets.xlsx::Recommendations|skincare_recommendations_dataset.csv,1) Cleanser: milk cleanser | 2) Serum: niacinamide serum | 3) Moisturizer: ceramide moisturizer | 4) SPF: spf50,1) Cleanser: milk cleanser | 2) Treatment: anti aging routine | 3) Moisturizer: ceramide moisturizer
RTN0000549,REC0000549,dry,2,0,0,0,gentle foam cleanser,rich cream moisturizer,vitamin c serum,spf50,hydrating mask,skincare_datasets.xlsx::Recommendations|skincare_recommendations_dataset.csv,1) Cleanser: gentle foam cleanser | 2) Serum: vitamin c serum | 3) Moisturizer: rich cream moisturizer | 4) SPF: spf50,1) Cleanser: gentle foam cleanser | 2) Treatment: hydrating mask | 3) Moisturizer: rich cream moisturizer
RTN0000550,REC0000550,dry,2,0,0,1,milk cleanser,ceramide moisturizer,niacinamide serum,mineral spf50,hydrating mask,skincare_datasets.xlsx::Recommendations|skincare_recommendations_dataset.csv,1) Cleanser: milk cleanser | 2) Serum: niacinamide serum | 3) Moisturizer: ceramide moisturizer | 4) SPF: mineral spf50,1) Cleanser: milk cleanser | 2) Treatment: hydrating mask | 3) Moisturizer: ceramide moisturizer
RTN0000551,REC0000551,dry,2,0,0,3,salicylic acid cleanser,rich cream moisturizer,vitamin c serum,spf50 matte,calming treatment,skincare_datasets.xlsx::Recommendations|skincare_recommendations_dataset.csv,1) Cleanser: salicylic acid cleanser | 2) Serum: vitamin c serum | 3) Moisturizer: rich cream moisturizer | 4) SPF: spf50 matte,1) Cleanser: salicylic acid cleanser | 2) Treatment: calming treatment | 3) Moisturizer: rich cream moisturizer
RTN0000552,REC0000552,dry,2,0,0,5,milk cleanser,ceramide moisturizer,niacinamide serum,mineral spf50,hydrating mask,skincare_datasets.xlsx::Recommendations|skincare_recommendations_dataset.csv,1) Cleanser: milk cleanser | 2) Serum: niacinamide serum | 3) Moisturizer: ceramide moisturizer | 4) SPF: mineral spf50,1) Cleanser: milk cleanser | 2) Treatment: hydrating mask | 3) Moisturizer: ceramide moisturizer
RTN0000553,REC0000553,dry,2,0,1,4,gentle foam cleanser,light lotion moisturizer,niacinamide serum,spf50,anti aging routine,skincare_datasets.xlsx::Recommendations|skincare_recommendations_dataset.csv,1) Cleanser: gentle foam cleanser | 2) Serum: niacinamide serum | 3) Moisturizer: light lotion moisturizer | 4) SPF: spf50,1) Cleanser: gentle foam cleanser | 2) Treatment: anti aging routine | 3) Moisturizer: light lotion moisturizer
RTN0000554,REC0000554,dry,2,0,1,4,ultra gentle cleanser,light lotion moisturizer,niacinamide serum,spf50 matte,barrier repair,skincare_datasets.xlsx::Recommendations|skincare_recommendations_dataset.csv,1) Cleanser: ultra gentle cleanser | 2) Serum: niacinamide serum | 3) Moisturizer: light lotion moisturizer | 4) SPF: spf50 matte,1) Cleanser: ultra gentle cleanser | 2) Treatment: barrier repair | 3) Moisturizer: light lotion moisturizer
RTN0000555,REC0000555,dry,2,0,1,4,ultra gentle cleanser,rich cream moisturizer,retinol serum,spf30,retinol treatment,skincare_datasets.xlsx::Recommendations|skincare_recommendations_dataset.csv,1) Cleanser: ultra gentle cleanser | 2) Serum: retinol serum | 3) Moisturizer: rich cream moisturizer | 4) SPF: spf30,1) Cleanser: ultra gentle cleanser | 2) Treatment: retinol treatment | 3) Moisturizer: rich cream moisturizer
RTN0000556,REC0000556,dry,2,0,2,4,acne control cleanser,oil free gel moisturizer,hyaluronic acid serum,spf30,anti aging routine,skincare_datasets.xlsx::Recommendations|skincare_recommendations_dataset.csv,1) Cleanser: acne control cleanser | 2) Serum: hyaluronic acid serum | 3) Moisturizer: oil free gel moisturizer | 4) SPF: spf30,1) Cleanser: acne control cleanser | 2) Treatment: anti aging routine | 3) Moisturizer: oil free gel moisturizer
RTN0000557,REC0000557,dry,2,0,2,5,milk cleanser,light lotion moisturizer,niacinamide serum,mineral spf50,anti aging routine,skincare_datasets.xlsx::Recommendations|skincare_recommendations_dataset.csv,1) Cleanser: milk cleanser | 2) Serum: niacinamide serum | 3) Moisturizer: light lotion moisturizer | 4) SPF: mineral spf50,1) Cleanser: milk cleanser | 2) Treatment: anti aging routine | 3) Moisturizer: light lotion moisturizer
RTN0000558,REC0000558,dry,2,0,3,1,hydrating cleanser,ceramide moisturizer,hyaluronic acid serum,mineral spf50,anti aging routine,skincare_datasets.xlsx::Recommendations|skincare_recommendations_dataset.csv,1) Cleanser: hydrating cleanser | 2) Serum: hyaluronic acid serum | 3) Moisturizer: ceramide moisturizer | 4) SPF: mineral spf50,1) Cleanser: hydrating cleanser | 2) Treatment: anti aging routine | 3) Moisturizer: ceramide moisturizer
RTN0000559,REC0000559,dry,2,0,3,1,salicylic acid cleanser,soothing moisturizer,centella serum,mineral spf50,benzoyl peroxide,skincare_datasets.xlsx::Recommendations|skincare_recommendations_dataset.csv,1) Cleanser: salicylic acid cleanser | 2) Serum: centella serum | 3) Moisturizer: soothing moisturizer | 4) SPF: mineral spf50,1) Cleanser: salicylic acid cleanser | 2) Treatment: benzoyl peroxide | 3) Moisturizer: soothing moisturizer
RTN0000560,REC0000560,dry,2,0,3,2,ultra gentle cleanser,ceramide moisturizer,retinol serum,spf30,calming treatment,skincare_datasets.xlsx::Recommendations|skincare_recommendations_dataset.csv,1) Cleanser: ultra gentle cleanser | 2) Serum: retinol serum | 3) Moisturizer: ceramide moisturizer | 4) SPF: spf30,1) Cleanser: ultra gentle cleanser | 2) Treatment: calming treatment | 3) Moisturizer: ceramide moisturizer
RTN0000561,REC0000561,dry,2,0,3,2,ultra gentle cleanser,oil free gel moisturizer,niacinamide serum,spf50,retinol treatment,skincare_datasets.xlsx::Recommendations|skincare_recommendations_dataset.csv,1) Cleanser: ultra gentle cleanser | 2) Serum: niacinamide serum | 3) Moisturizer: oil free gel moisturizer | 4) SPF: spf50,1) Cleanser: ultra gentle cleanser | 2) Treatment: retinol treatment | 3) Moisturizer: oil free gel moisturizer
RTN0000562,REC0000562,dry,2,0,3,3,milk cleanser,oil free gel moisturizer,vitamin c serum,spf50 matte,retinol treatment,skincare_datasets.xlsx::Recommendations|skincare_recommendations_dataset.csv,1) Cleanser: milk cleanser | 2) Serum: vitamin c serum | 3) Moisturizer: oil free gel moisturizer | 4) SPF: spf50 matte,1) Cleanser: milk cleanser | 2) Treatment: retinol treatment | 3) Moisturizer: oil free gel moisturizer
RTN0000563,REC0000563,dry,2,0,4,2,hydrating cleanser,ceramide moisturizer,niacinamide serum,mineral spf50,benzoyl peroxide,skincare_datasets.xlsx::Recommendations|skincare_recommendations_dataset.csv,1) Cleanser: hydrating cleanser | 2) Serum: niacinamide serum | 3) Moisturizer: ceramide moisturizer | 4) SPF: mineral spf50,1) Cleanser: hydrating cleanser | 2) Treatment: benzoyl peroxide | 3) Moisturizer: ceramide moisturizer
RTN0000564,REC0000564,dry,2,0,4,2,salicylic acid cleanser,light lotion moisturizer,retinol serum,spf50,calming treatment,skincare_datasets.xlsx::Recommendations|skincare_recommendations_dataset.csv,1) Cleanser: salicylic acid cleanser | 2) Serum: retinol serum | 3) Moisturizer: light lotion moisturizer | 4) SPF: spf50,1) Cleanser: salicylic acid cleanser | 2) Treatment: calming treatment | 3) Moisturizer: light lotion moisturizer
RTN0000565,REC0000565,dry,2,0,5,0,milk cleanser,rich cream moisturizer,retinol serum,spf30,chemical exfoliation,skincare_datasets.xlsx::Recommendations|skincare_recommendations_dataset.csv,1) Cleanser: milk cleanser | 2) Serum: retinol serum | 3) Moisturizer: rich cream moisturizer | 4) SPF: spf30,1) Cleanser: milk cleanser | 2) Treatment: chemical exfoliation | 3) Moisturizer: rich cream moisturizer
RTN0000566,REC0000566,dry,2,0,5,1,ultra gentle cleanser,soothing moisturizer,niacinamide serum,mineral spf50,anti aging routine,skincare_datasets.xlsx::Recommendations|skincare_recommendations_dataset.csv,1) Cleanser: ultra gentle cleanser | 2) Serum: niacinamide serum | 3) Moisturizer: soothing moisturizer | 4) SPF: mineral spf50,1) Cleanser: ultra gentle cleanser | 2) Treatment: anti aging routine | 3) Moisturizer: soothing moisturizer
RTN0000567,REC0000567,dry,2,0,5,5,milk cleanser,light lotion moisturizer,hyaluronic acid serum,mineral spf50,chemical exfoliation,skincare_datasets.xlsx::Recommendations|skincare_recommendations_dataset.csv,1) Cleanser: milk cleanser | 2) Serum: hyaluronic acid serum | 3) Moisturizer: light lotion moisturizer | 4) SPF: mineral spf50,1) Cleanser: milk cleanser | 2) Treatment: chemical exfoliation | 3) Moisturizer: light lotion moisturizer
RTN0000568,REC0000568,dry,2,1,0,1,gentle foam cleanser,ceramide moisturizer,retinol serum,spf50 matte,anti aging routine,skincare_datasets.xlsx::Recommendations|skincare_recommendations_dataset.csv,1) Cleanser: gentle foam cleanser | 2) Serum: retinol serum | 3) Moisturizer: ceramide moisturizer | 4) SPF: spf50 matte,1) Cleanser: gentle foam cleanser | 2) Treatment: anti aging routine | 3) Moisturizer: ceramide moisturizer
RTN0000569,REC0000569,dry,2,1,0,2,acne control cleanser,soothing moisturizer,centella serum,spf50,barrier repair,skincare_datasets.xlsx::Recommendations|skincare_recommendations_dataset.csv,1) Cleanser: acne control cleanser | 2) Serum: centella serum | 3) Moisturizer: soothing moisturizer | 4) SPF: spf50,1) Cleanser: acne control cleanser | 2) Treatment: barrier repair | 3) Moisturizer: soothing moisturizer
RTN0000570,REC0000570,dry,2,1,0,5,hydrating cleanser,light lotion moisturizer,centella serum,mineral spf50,anti aging routine,skincare_datasets.xlsx::Recommendations|skincare_recommendations_dataset.csv,1) Cleanser: hydrating cleanser | 2) Serum: centella serum | 3) Moisturizer: light lotion moisturizer | 4) SPF: mineral spf50,1) Cleanser: hydrating cleanser | 2) Treatment: anti aging routine | 3) Moisturizer: light lotion moisturizer
RTN0000571,REC0000571,dry,2,1,1,1,ultra gentle cleanser,ceramide moisturizer,retinol serum,spf30,benzoyl peroxide,skincare_datasets.xlsx::Recommendations|skincare_recommendations_dataset.csv,1) Cleanser: ultra gentle cleanser | 2) Serum: retinol serum | 3) Moisturizer: ceramide moisturizer | 4) SPF: spf30,1) Cleanser: ultra gentle cleanser | 2) Treatment: benzoyl peroxide | 3) Moisturizer: ceramide moisturizer
RTN0000572,REC0000572,dry,2,1,2,1,ultra gentle cleanser,ceramide moisturizer,retinol serum,mineral spf50,barrier repair,skincare_datasets.xlsx::Recommendations|skincare_recommendations_dataset.csv,1) Cleanser: ultra gentle cleanser | 2) Serum: retinol serum | 3) Moisturizer: ceramide moisturizer | 4) SPF: mineral spf50,1) Cleanser: ultra gentle cleanser | 2) Treatment: barrier repair | 3) Moisturizer: ceramide moisturizer
RTN0000573,REC0000573,dry,2,1,2,3,hydrating cleanser,soothing moisturizer,hyaluronic acid serum,spf50 matte,retinol treatment,skincare_datasets.xlsx::Recommendations|skincare_recommendations_dataset.csv,1) Cleanser: hydrating cleanser | 2) Serum: hyaluronic acid serum | 3) Moisturizer: soothing moisturizer | 4) SPF: spf50 matte,1) Cleanser: hydrating cleanser | 2) Treatment: retinol treatment | 3) Moisturizer: soothing moisturizer
RTN0000574,REC0000574,dry,2,1,2,5,gentle foam cleanser,soothing moisturizer,hyaluronic acid serum,mineral spf50,chemical exfoliation,skincare_datasets.xlsx::Recommendations|skincare_recommendations_dataset.csv,1) Cleanser: gentle foam cleanser | 2) Serum: hyaluronic acid serum | 3) Moisturizer: soothing moisturizer | 4) SPF: mineral spf50,1) Cleanser: gentle foam cleanser | 2) Treatment: chemical exfoliation | 3) Moisturizer: soothing moisturizer
RTN0000575,REC0000575,dry,2,1,2,5,hydrating cleanser,oil free gel moisturizer,niacinamide serum,spf30,retinol treatment,skincare_datasets.xlsx::Recommendations|skincare_recommendations_dataset.csv,1) Cleanser: hydrating cleanser | 2) Serum: niacinamide serum | 3) Moisturizer: oil free gel moisturizer | 4) SPF: spf30,1) Cleanser: hydrating cleanser | 2) Treatment: retinol treatment | 3) Moisturizer: oil free gel moisturizer
RTN0000576,REC0000576,dry,2,1,3,2,salicylic acid cleanser,soothing moisturizer,niacinamide serum,mineral spf50,calming treatment,skincare_datasets.xlsx::Recommendations|skincare_recommendations_dataset.csv,1) Cleanser: salicylic acid cleanser | 2) Serum: niacinamide serum | 3) Moisturizer: soothing moisturizer | 4) SPF: mineral spf50,1) Cleanser: salicylic acid cleanser | 2) Treatment: calming treatment | 3) Moisturizer: soothing moisturizer
RTN0000577,REC0000577,dry,2,1,3,3,milk cleanser,ceramide moisturizer,peptide serum,mineral spf50,retinol treatment,skincare_datasets.xlsx::Recommendations|skincare_recommendations_dataset.csv,1) Cleanser: milk cleanser | 2) Serum: peptide serum | 3) Moisturizer: ceramide moisturizer | 4) SPF: mineral spf50,1) Cleanser: milk cleanser | 2) Treatment: retinol treatment | 3) Moisturizer: ceramide moisturizer
RTN0000578,REC0000578,dry,2,1,4,2,ultra gentle cleanser,oil free gel moisturizer,vitamin c serum,mineral spf50,chemical exfoliation,skincare_datasets.xlsx::Recommendations|skincare_recommendations_dataset.csv,1) Cleanser: ultra gentle cleanser | 2) Serum: vitamin c serum | 3) Moisturizer: oil free gel moisturizer | 4) SPF: mineral spf50,1) Cleanser: ultra gentle cleanser | 2) Treatment: chemical exfoliation | 3) Moisturizer: oil free gel moisturizer
RTN0000579,REC0000579,dry,2,1,4,4,milk cleanser,oil free gel moisturizer,centella serum,mineral spf50,retinol treatment,skincare_datasets.xlsx::Recommendations|skincare_recommendations_dataset.csv,1) Cleanser: milk cleanser | 2) Serum: centella serum | 3) Moisturizer: oil free gel moisturizer | 4) SPF: mineral spf50,1) Cleanser: milk cleanser | 2) Treatment: retinol treatment | 3) Moisturizer: oil free gel moisturizer
RTN0000580,REC0000580,dry,2,1,5,0,gentle foam cleanser,soothing moisturizer,peptide serum,spf50 matte,chemical exfoliation,skincare_datasets.xlsx::Recommendations|skincare_recommendations_dataset.csv,1) Cleanser: gentle foam cleanser | 2) Serum: peptide serum | 3) Moisturizer: soothing moisturizer | 4) SPF: spf50 matte,1) Cleanser: gentle foam cleanser | 2) Treatment: chemical exfoliation | 3) Moisturizer: soothing moisturizer
RTN0000581,REC0000581,dry,2,1,5,2,ultra gentle cleanser,soothing moisturizer,hyaluronic acid serum,spf50 matte,hydrating mask,skincare_datasets.xlsx::Recommendations|skincare_recommendations_dataset.csv,1) Cleanser: ultra gentle cleanser | 2) Serum: hyaluronic acid serum | 3) Moisturizer: soothing moisturizer | 4) SPF: spf50 matte,1) Cleanser: ultra gentle cleanser | 2) Treatment: hydrating mask | 3) Moisturizer: soothing moisturizer
RTN0000582,REC0000582,dry,2,1,5,5,acne control cleanser,oil free gel moisturizer,hyaluronic acid serum,spf50,benzoyl peroxide,skincare_datasets.xlsx::Recommendations|skincare_recommendations_dataset.csv,1) Cleanser: acne control cleanser | 2) Serum: hyaluronic acid serum | 3) Moisturizer: oil free gel moisturizer | 4) SPF: spf50,1) Cleanser: acne control cleanser | 2) Treatment: benzoyl peroxide | 3) Moisturizer: oil free gel moisturizer
RTN0000583,REC0000583,dry,2,1,5,5,salicylic acid cleanser,oil free gel moisturizer,niacinamide serum,mineral spf50,hydrating mask,skincare_datasets.xlsx::Recommendations|skincare_recommendations_dataset.csv,1) Cleanser: salicylic acid cleanser | 2) Serum: niacinamide serum | 3) Moisturizer: oil free gel moisturizer | 4) SPF: mineral spf50,1) Cleanser: salicylic acid cleanser | 2) Treatment: hydrating mask | 3) Moisturizer: oil free gel moisturizer
RTN0000584,REC0000584,dry,2,2,0,2,gentle foam cleanser,light lotion moisturizer,retinol serum,spf50 matte,calming treatment,skincare_datasets.xlsx::Recommendations|skincare_recommendations_dataset.csv,1) Cleanser: gentle foam cleanser | 2) Serum: retinol serum | 3) Moisturizer: light lotion moisturizer | 4) SPF: spf50 matte,1) Cleanser: gentle foam cleanser | 2) Treatment: calming treatment | 3) Moisturizer: light lotion moisturizer
RTN0000585,REC0000585,dry,2,2,0,5,gentle foam cleanser,soothing moisturizer,hyaluronic acid serum,spf30,benzoyl peroxide,skincare_datasets.xlsx::Recommendations|skincare_recommendations_dataset.csv,1) Cleanser: gentle foam cleanser | 2) Serum: hyaluronic acid serum | 3) Moisturizer: soothing moisturizer | 4) SPF: spf30,1) Cleanser: gentle foam cleanser | 2) Treatment: benzoyl peroxide | 3) Moisturizer: soothing moisturizer
RTN0000586,REC0000586,dry,2,2,1,5,milk cleanser,rich cream moisturizer,hyaluronic acid serum,spf50,barrier repair,skincare_datasets.xlsx::Recommendations|skincare_recommendations_dataset.csv,1) Cleanser: milk cleanser | 2) Serum: hyaluronic acid serum | 3) Moisturizer: rich cream moisturizer | 4) SPF: spf50,1) Cleanser: milk cleanser | 2) Treatment: barrier repair | 3) Moisturizer: rich cream moisturizer
RTN0000587,REC0000587,dry,2,2,2,5,gentle foam cleanser,oil free gel moisturizer,centella serum,mineral spf50,hydrating mask,skincare_datasets.xlsx::Recommendations|skincare_recommendations_dataset.csv,1) Cleanser: gentle foam cleanser | 2) Serum: centella serum | 3) Moisturizer: oil free gel moisturizer | 4) SPF: mineral spf50,1) Cleanser: gentle foam cleanser | 2) Treatment: hydrating mask | 3) Moisturizer: oil free gel moisturizer
RTN0000588,REC0000588,dry,2,2,3,4,acne control cleanser,oil free gel moisturizer,vitamin c serum,spf50,benzoyl peroxide,skincare_datasets.xlsx::Recommendations|skincare_recommendations_dataset.csv,1) Cleanser: acne control cleanser | 2) Serum: vitamin c serum | 3) Moisturizer: oil free gel moisturizer | 4) SPF: spf50,1) Cleanser: acne control cleanser | 2) Treatment: benzoyl peroxide | 3) Moisturizer: oil free gel moisturizer
RTN0000589,REC0000589,dry,2,2,4,2,milk cleanser,soothing moisturizer,niacinamide serum,spf50 matte,chemical exfoliation,skincare_datasets.xlsx::Recommendations|skincare_recommendations_dataset.csv,1) Cleanser: milk cleanser | 2) Serum: niacinamide serum | 3) Moisturizer: soothing moisturizer | 4) SPF: spf50 matte,1) Cleanser: milk cleanser | 2) Treatment: chemical exfoliation | 3) Moisturizer: soothing moisturizer
RTN0000590,REC0000590,dry,2,2,4,2,salicylic acid cleanser,light lotion moisturizer,vitamin c serum,mineral spf50,retinol treatment,skincare_datasets.xlsx::Recommendations|skincare_recommendations_dataset.csv,1) Cleanser: salicylic acid cleanser | 2) Serum: vitamin c serum | 3) Moisturizer: light lotion moisturizer | 4) SPF: mineral spf50,1) Cleanser: salicylic acid cleanser | 2) Treatment: retinol treatment | 3) Moisturizer: light lotion moisturizer
RTN0000591,REC0000591,dry,2,2,4,3,hydrating cleanser,rich cream moisturizer,peptide serum,spf30,anti aging routine,skincare_datasets.xlsx::Recommendations|skincare_recommendations_dataset.csv,1) Cleanser: hydrating cleanser | 2) Serum: peptide serum | 3) Moisturizer: rich cream moisturizer | 4) SPF: spf30,1) Cleanser: hydrating cleanser | 2) Treatment: anti aging routine | 3) Moisturizer: rich cream moisturizer
RTN0000592,REC0000592,dry,2,2,4,3,milk cleanser,oil free gel moisturizer,peptide serum,spf50 matte,chemical exfoliation,skincare_datasets.xlsx::Recommendations|skincare_recommendations_dataset.csv,1) Cleanser: milk cleanser | 2) Serum: peptide serum | 3) Moisturizer: oil free gel moisturizer | 4) SPF: spf50 matte,1) Cleanser: milk cleanser | 2) Treatment: chemical exfoliation | 3) Moisturizer: oil free gel moisturizer
RTN0000593,REC0000593,dry,2,2,5,2,gentle foam cleanser,soothing moisturizer,hyaluronic acid serum,spf50 matte,benzoyl peroxide,skincare_datasets.xlsx::Recommendations|skincare_recommendations_dataset.csv,1) Cleanser: gentle foam cleanser | 2) Serum: hyaluronic acid serum | 3) Moisturizer: soothing moisturizer | 4) SPF: spf50 matte,1) Cleanser: gentle foam cleanser | 2) Treatment: benzoyl peroxide | 3) Moisturizer: soothing moisturizer
RTN0000594,REC0000594,dry,2,2,5,5,hydrating cleanser,oil free gel moisturizer,centella serum,mineral spf50,calming treatment,skincare_datasets.xlsx::Recommendations|skincare_recommendations_dataset.csv,1) Cleanser: hydrating cleanser | 2) Serum: centella serum | 3) Moisturizer: oil free gel moisturizer | 4) SPF: mineral spf50,1) Cleanser: hydrating cleanser | 2) Treatment: calming treatment | 3) Moisturizer: oil free gel moisturizer
RTN0000595,REC0000595,dry,2,3,0,2,gentle foam cleanser,soothing moisturizer,centella serum,spf50,retinol treatment,skincare_datasets.xlsx::Recommendations|skincare_recommendations_dataset.csv,1) Cleanser: gentle foam cleanser | 2) Serum: centella serum | 3) Moisturizer: soothing moisturizer | 4) SPF: spf50,1) Cleanser: gentle foam cleanser | 2) Treatment: retinol treatment | 3) Moisturizer: soothing moisturizer
RTN0000596,REC0000596,dry,2,3,3,1,acne control cleanser,light lotion moisturizer,peptide serum,spf30,retinol treatment,skincare_datasets.xlsx::Recommendations|skincare_recommendations_dataset.csv,1) Cleanser: acne control cleanser | 2) Serum: peptide serum | 3) Moisturizer: light lotion moisturizer | 4) SPF: spf30,1) Cleanser: acne control cleanser | 2) Treatment: retinol treatment | 3) Moisturizer: light lotion moisturizer
RTN0000597,REC0000597,dry,2,3,3,2,acne control cleanser,ceramide moisturizer,vitamin c serum,spf30,hydrating mask,skincare_datasets.xlsx::Recommendations|skincare_recommendations_dataset.csv,1) Cleanser: acne control cleanser | 2) Serum: vitamin c serum | 3) Moisturizer: ceramide moisturizer | 4) SPF: spf30,1) Cleanser: acne control cleanser | 2) Treatment: hydrating mask | 3) Moisturizer: ceramide moisturizer
RTN0000598,REC0000598,dry,2,3,3,4,milk cleanser,light lotion moisturizer,hyaluronic acid serum,spf30,chemical exfoliation,skincare_datasets.xlsx::Recommendations|skincare_recommendations_dataset.csv,1) Cleanser: milk cleanser | 2) Serum: hyaluronic acid serum | 3) Moisturizer: light lotion moisturizer | 4) SPF: spf30,1) Cleanser: milk cleanser | 2) Treatment: chemical exfoliation | 3) Moisturizer: light lotion moisturizer
RTN0000599,REC0000599,dry,2,3,3,5,acne control cleanser,oil free gel moisturizer,hyaluronic acid serum,mineral spf50,benzoyl peroxide,skincare_datasets.xlsx::Recommendations|skincare_recommendations_dataset.csv,1) Cleanser: acne control cleanser | 2) Serum: hyaluronic acid serum | 3) Moisturizer: oil free gel moisturizer | 4) SPF: mineral spf50,1) Cleanser: acne control cleanser | 2) Treatment: benzoyl peroxide | 3) Moisturizer: oil free gel moisturizer
RTN0000600,REC0000600,dry,2,3,4,1,milk cleanser,oil free gel moisturizer,niacinamide serum,spf50 matte,benzoyl peroxide,skincare_datasets.xlsx::Recommendations|skincare_recommendations_dataset.csv,1) Cleanser: milk cleanser | 2) Serum: niacinamide serum | 3) Moisturizer: oil free gel moisturizer | 4) SPF: spf50 matte,1) Cleanser: milk cleanser | 2) Treatment: benzoyl peroxide | 3) Moisturizer: oil free gel moisturizer
RTN0000601,REC0000601,dry,2,3,5,4,acne control cleanser,light lotion moisturizer,retinol serum,mineral spf50,anti aging routine,skincare_datasets.xlsx::Recommendations|skincare_recommendations_dataset.csv,1) Cleanser: acne control cleanser | 2) Serum: retinol serum | 3) Moisturizer: light lotion moisturizer | 4) SPF: mineral spf50,1) Cleanser: acne control cleanser | 2) Treatment: anti aging routine | 3) Moisturizer: light lotion moisturizer
RTN0000602,REC0000602,dry,2,4,0,1,salicylic acid cleanser,soothing moisturizer,retinol serum,spf50 matte,hydrating mask,skincare_datasets.xlsx::Recommendations|skincare_recommendations_dataset.csv,1) Cleanser: salicylic acid cleanser | 2) Serum: retinol serum | 3) Moisturizer: soothing moisturizer | 4) SPF: spf50 matte,1) Cleanser: salicylic acid cleanser | 2) Treatment: hydrating mask | 3) Moisturizer: soothing moisturizer
RTN0000603,REC0000603,dry,2,4,0,5,acne control cleanser,ceramide moisturizer,retinol serum,spf30,hydrating mask,skincare_datasets.xlsx::Recommendations|skincare_recommendations_dataset.csv,1) Cleanser: acne control cleanser | 2) Serum: retinol serum | 3) Moisturizer: ceramide moisturizer | 4) SPF: spf30,1) Cleanser: acne control cleanser | 2) Treatment: hydrating mask | 3) Moisturizer: ceramide moisturizer
RTN0000604,REC0000604,dry,2,4,2,0,acne control cleanser,ceramide moisturizer,vitamin c serum,spf50,benzoyl peroxide,skincare_datasets.xlsx::Recommendations|skincare_recommendations_dataset.csv,1) Cleanser: acne control cleanser | 2) Serum: vitamin c serum | 3) Moisturizer: ceramide moisturizer | 4) SPF: spf50,1) Cleanser: acne control cleanser | 2) Treatment: benzoyl peroxide | 3) Moisturizer: ceramide moisturizer
RTN0000605,REC0000605,dry,2,4,2,0,ultra gentle cleanser,rich cream moisturizer,niacinamide serum,spf50 matte,calming treatment,skincare_datasets.xlsx::Recommendations|skincare_recommendations_dataset.csv,1) Cleanser: ultra gentle cleanser | 2) Serum: niacinamide serum | 3) Moisturizer: rich cream moisturizer | 4) SPF: spf50 matte,1) Cleanser: ultra gentle cleanser | 2) Treatment: calming treatment | 3) Moisturizer: rich cream moisturizer
RTN0000606,REC0000606,dry,2,4,2,1,acne control cleanser,oil free gel moisturizer,vitamin c serum,spf50 matte,calming treatment,skincare_datasets.xlsx::Recommendations|skincare_recommendations_dataset.csv,1) Cleanser: acne control cleanser | 2) Serum: vitamin c serum | 3) Moisturizer: oil free gel moisturizer | 4) SPF: spf50 matte,1) Cleanser: acne control cleanser | 2) Treatment: calming treatment | 3) Moisturizer: oil free gel moisturizer
RTN0000607,REC0000607,dry,2,4,2,1,gentle foam cleanser,light lotion moisturizer,hyaluronic acid serum,spf30,chemical exfoliation,skincare_datasets.xlsx::Recommendations|skincare_recommendations_dataset.csv,1) Cleanser: gentle foam cleanser | 2) Serum: hyaluronic acid serum | 3) Moisturizer: light lotion moisturizer | 4) SPF: spf30,1) Cleanser: gentle foam cleanser | 2) Treatment: chemical exfoliation | 3) Moisturizer: light lotion moisturizer
RTN0000608,REC0000608,dry,2,4,3,3,acne control cleanser,ceramide moisturizer,hyaluronic acid serum,spf30,anti aging routine,skincare_datasets.xlsx::Recommendations|skincare_recommendations_dataset.csv,1) Cleanser: acne control cleanser | 2) Serum: hyaluronic acid serum | 3) Moisturizer: ceramide moisturizer | 4) SPF: spf30,1) Cleanser: acne control cleanser | 2) Treatment: anti aging routine | 3) Moisturizer: ceramide moisturizer
RTN0000609,REC0000609,dry,2,4,3,4,milk cleanser,ceramide moisturizer,niacinamide serum,spf30,chemical exfoliation,skincare_datasets.xlsx::Recommendations|skincare_recommendations_dataset.csv,1) Cleanser: milk cleanser | 2) Serum: niacinamide serum | 3) Moisturizer: ceramide moisturizer | 4) SPF: spf30,1) Cleanser: milk cleanser | 2) Treatment: chemical exfoliation | 3) Moisturizer: ceramide moisturizer
RTN0000610,REC0000610,dry,2,4,4,1,salicylic acid cleanser,oil free gel moisturizer,hyaluronic acid serum,mineral spf50,hydrating mask,skincare_datasets.xlsx::Recommendations|skincare_recommendations_dataset.csv,1) Cleanser: salicylic acid cleanser | 2) Serum: hyaluronic acid serum | 3) Moisturizer: oil free gel moisturizer | 4) SPF: mineral spf50,1) Cleanser: salicylic acid cleanser | 2) Treatment: hydrating mask | 3) Moisturizer: oil free gel moisturizer
RTN0000611,REC0000611,dry,2,4,4,2,acne control cleanser,soothing moisturizer,vitamin c serum,spf50,retinol treatment,skincare_datasets.xlsx::Recommendations|skincare_recommendations_dataset.csv,1) Cleanser: acne control cleanser | 2) Serum: vitamin c serum | 3) Moisturizer: soothing moisturizer | 4) SPF: spf50,1) Cleanser: acne control cleanser | 2) Treatment: retinol treatment | 3) Moisturizer: soothing moisturizer
RTN0000612,REC0000612,dry,2,4,4,3,hydrating cleanser,ceramide moisturizer,hyaluronic acid serum,mineral spf50,chemical exfoliation,skincare_datasets.xlsx::Recommendations|skincare_recommendations_dataset.csv,1) Cleanser: hydrating cleanser | 2) Serum: hyaluronic acid serum | 3) Moisturizer: ceramide moisturizer | 4) SPF: mineral spf50,1) Cleanser: hydrating cleanser | 2) Treatment: chemical exfoliation | 3) Moisturizer: ceramide moisturizer
RTN0000613,REC0000613,dry,2,4,5,3,gentle foam cleanser,oil free gel moisturizer,peptide serum,mineral spf50,anti aging routine,skincare_datasets.xlsx::Recommendations|skincare_recommendations_dataset.csv,1) Cleanser: gentle foam cleanser | 2) Serum: peptide serum | 3) Moisturizer: oil free gel moisturizer | 4) SPF: mineral spf50,1) Cleanser: gentle foam cleanser | 2) Treatment: anti aging routine | 3) Moisturizer: oil free gel moisturizer
RTN0000614,REC0000614,dry,2,5,1,0,hydrating cleanser,ceramide moisturizer,retinol serum,spf30,retinol treatment,skincare_datasets.xlsx::Recommendations|skincare_recommendations_dataset.csv,1) Cleanser: hydrating cleanser | 2) Serum: retinol serum | 3) Moisturizer: ceramide moisturizer | 4) SPF: spf30,1) Cleanser: hydrating cleanser | 2) Treatment: retinol treatment | 3) Moisturizer: ceramide moisturizer
RTN0000615,REC0000615,dry,2,5,1,1,acne control cleanser,rich cream moisturizer,niacinamide serum,spf30,barrier repair,skincare_datasets.xlsx::Recommendations|skincare_recommendations_dataset.csv,1) Cleanser: acne control cleanser | 2) Serum: niacinamide serum | 3) Moisturizer: rich cream moisturizer | 4) SPF: spf30,1) Cleanser: acne control cleanser | 2) Treatment: barrier repair | 3) Moisturizer: rich cream moisturizer
RTN0000616,REC0000616,dry,2,5,1,3,ultra gentle cleanser,soothing moisturizer,centella serum,spf30,barrier repair,skincare_datasets.xlsx::Recommendations|skincare_recommendations_dataset.csv,1) Cleanser: ultra gentle cleanser | 2) Serum: centella serum | 3) Moisturizer: soothing moisturizer | 4) SPF: spf30,1) Cleanser: ultra gentle cleanser | 2) Treatment: barrier repair | 3) Moisturizer: soothing moisturizer
RTN0000617,REC0000617,dry,2,5,2,4,gentle foam cleanser,rich cream moisturizer,peptide serum,spf50,retinol treatment,skincare_datasets.xlsx::Recommendations|skincare_recommendations_dataset.csv,1) Cleanser: gentle foam cleanser | 2) Serum: peptide serum | 3) Moisturizer: rich cream moisturizer | 4) SPF: spf50,1) Cleanser: gentle foam cleanser | 2) Treatment: retinol treatment | 3) Moisturizer: rich cream moisturizer
RTN0000618,REC0000618,dry,2,5,2,4,salicylic acid cleanser,soothing moisturizer,peptide serum,spf30,calming treatment,skincare_datasets.xlsx::Recommendations|skincare_recommendations_dataset.csv,1) Cleanser: salicylic acid cleanser | 2) Serum: peptide serum | 3) Moisturizer: soothing moisturizer | 4) SPF: spf30,1) Cleanser: salicylic acid cleanser | 2) Treatment: calming treatment | 3) Moisturizer: soothing moisturizer
RTN0000619,REC0000619,dry,2,5,3,0,salicylic acid cleanser,oil free gel moisturizer,hyaluronic acid serum,spf50 matte,chemical exfoliation,skincare_datasets.xlsx::Recommendations|skincare_recommendations_dataset.csv,1) Cleanser: salicylic acid cleanser | 2) Serum: hyaluronic acid serum | 3) Moisturizer: oil free gel moisturizer | 4) SPF: spf50 matte,1) Cleanser: salicylic acid cleanser | 2) Treatment: chemical exfoliation | 3) Moisturizer: oil free gel moisturizer
RTN0000620,REC0000620,dry,2,5,3,4,gentle foam cleanser,light lotion moisturizer,peptide serum,mineral spf50,calming treatment,skincare_datasets.xlsx::Recommendations|skincare_recommendations_dataset.csv,1) Cleanser: gentle foam cleanser | 2) Serum: peptide serum | 3) Moisturizer: light lotion moisturizer | 4) SPF: mineral spf50,1) Cleanser: gentle foam cleanser | 2) Treatment: calming treatment | 3) Moisturizer: light lotion moisturizer
RTN0000621,REC0000621,dry,2,5,4,2,salicylic acid cleanser,rich cream moisturizer,niacinamide serum,mineral spf50,anti aging routine,skincare_datasets.xlsx::Recommendations|skincare_recommendations_dataset.csv,1) Cleanser: salicylic acid cleanser | 2) Serum: niacinamide serum | 3) Moisturizer: rich cream moisturizer | 4) SPF: mineral spf50,1) Cleanser: salicylic acid cleanser | 2) Treatment: anti aging routine | 3) Moisturizer: rich cream moisturizer
RTN0000622,REC0000622,dry,2,5,4,4,salicylic acid cleanser,soothing moisturizer,peptide serum,spf30,barrier repair,skincare_datasets.xlsx::Recommendations|skincare_recommendations_dataset.csv,1) Cleanser: salicylic acid cleanser | 2) Serum: peptide serum | 3) Moisturizer: soothing moisturizer | 4) SPF: spf30,1) Cleanser: salicylic acid cleanser | 2) Treatment: barrier repair | 3) Moisturizer: soothing moisturizer
RTN0000623,REC0000623,dry,3,0,1,1,gentle foam cleanser,oil free gel moisturizer,niacinamide serum,spf50,hydrating mask,skincare_datasets.xlsx::Recommendations|skincare_recommendations_dataset.csv,1) Cleanser: gentle foam cleanser | 2) Serum: niacinamide serum | 3) Moisturizer: oil free gel moisturizer | 4) SPF: spf50,1) Cleanser: gentle foam cleanser | 2) Treatment: hydrating mask | 3) Moisturizer: oil free gel moisturizer
RTN0000624,REC0000624,dry,3,0,2,1,hydrating cleanser,oil free gel moisturizer,hyaluronic acid serum,spf30,retinol treatment,skincare_datasets.xlsx::Recommendations|skincare_recommendations_dataset.csv,1) Cleanser: hydrating cleanser | 2) Serum: hyaluronic acid serum | 3) Moisturizer: oil free gel moisturizer | 4) SPF: spf30,1) Cleanser: hydrating cleanser | 2) Treatment: retinol treatment | 3) Moisturizer: oil free gel moisturizer
RTN0000625,REC0000625,dry,3,0,2,2,milk cleanser,ceramide moisturizer,peptide serum,spf50 matte,chemical exfoliation,skincare_datasets.xlsx::Recommendations|skincare_recommendations_dataset.csv,1) Cleanser: milk cleanser | 2) Serum: peptide serum | 3) Moisturizer: ceramide moisturizer | 4) SPF: spf50 matte,1) Cleanser: milk cleanser | 2) Treatment: chemical exfoliation | 3) Moisturizer: ceramide moisturizer
RTN0000626,REC0000626,dry,3,0,2,3,salicylic acid cleanser,light lotion moisturizer,niacinamide serum,spf50 matte,retinol treatment,skincare_datasets.xlsx::Recommendations|skincare_recommendations_dataset.csv,1) Cleanser: salicylic acid cleanser | 2) Serum: niacinamide serum | 3) Moisturizer: light lotion moisturizer | 4) SPF: spf50 matte,1) Cleanser: salicylic acid cleanser | 2) Treatment: retinol treatment | 3) Moisturizer: light lotion moisturizer
RTN0000627,REC0000627,dry,3,0,3,2,gentle foam cleanser,oil free gel moisturizer,peptide serum,spf50,retinol treatment,skincare_datasets.xlsx::Recommendations|skincare_recommendations_dataset.csv,1) Cleanser: gentle foam cleanser | 2) Serum: peptide serum | 3) Moisturizer: oil free gel moisturizer | 4) SPF: spf50,1) Cleanser: gentle foam cleanser | 2) Treatment: retinol treatment | 3) Moisturizer: oil free gel moisturizer
RTN0000628,REC0000628,dry,3,0,4,5,ultra gentle cleanser,rich cream moisturizer,retinol serum,spf50,hydrating mask,skincare_datasets.xlsx::Recommendations|skincare_recommendations_dataset.csv,1) Cleanser: ultra gentle cleanser | 2) Serum: retinol serum | 3) Moisturizer: rich cream moisturizer | 4) SPF: spf50,1) Cleanser: ultra gentle cleanser | 2) Treatment: hydrating mask | 3) Moisturizer: rich cream moisturizer
RTN0000629,REC0000629,dry,3,0,5,1,ultra gentle cleanser,rich cream moisturizer,retinol serum,spf50 matte,retinol treatment,skincare_datasets.xlsx::Recommendations|skincare_recommendations_dataset.csv,1) Cleanser: ultra gentle cleanser | 2) Serum: retinol serum | 3) Moisturizer: rich cream moisturizer | 4) SPF: spf50 matte,1) Cleanser: ultra gentle cleanser | 2) Treatment: retinol treatment | 3) Moisturizer: rich cream moisturizer
RTN0000630,REC0000630,dry,3,1,0,1,acne control cleanser,oil free gel moisturizer,centella serum,spf50,anti aging routine,skincare_datasets.xlsx::Recommendations|skincare_recommendations_dataset.csv,1) Cleanser: acne control cleanser | 2) Serum: centella serum | 3) Moisturizer: oil free gel moisturizer | 4) SPF: spf50,1) Cleanser: acne control cleanser | 2) Treatment: anti aging routine | 3) Moisturizer: oil free gel moisturizer
RTN0000631,REC0000631,dry,3,1,0,5,hydrating cleanser,soothing moisturizer,hyaluronic acid serum,spf30,retinol treatment,skincare_datasets.xlsx::Recommendations|skincare_recommendations_dataset.csv,1) Cleanser: hydrating cleanser | 2) Serum: hyaluronic acid serum | 3) Moisturizer: soothing moisturizer | 4) SPF: spf30,1) Cleanser: hydrating cleanser | 2) Treatment: retinol treatment | 3) Moisturizer: soothing moisturizer
RTN0000632,REC0000632,dry,3,1,1,4,salicylic acid cleanser,soothing moisturizer,centella serum,mineral spf50,anti aging routine,skincare_datasets.xlsx::Recommendations|skincare_recommendations_dataset.csv,1) Cleanser: salicylic acid cleanser | 2) Serum: centella serum | 3) Moisturizer: soothing moisturizer | 4) SPF: mineral spf50,1) Cleanser: salicylic acid cleanser | 2) Treatment: anti aging routine | 3) Moisturizer: soothing moisturizer
RTN0000633,REC0000633,dry,3,1,2,5,ultra gentle cleanser,soothing moisturizer,retinol serum,spf50 matte,hydrating mask,skincare_datasets.xlsx::Recommendations|skincare_recommendations_dataset.csv,1) Cleanser: ultra gentle cleanser | 2) Serum: retinol serum | 3) Moisturizer: soothing moisturizer | 4) SPF: spf50 matte,1) Cleanser: ultra gentle cleanser | 2) Treatment: hydrating mask | 3) Moisturizer: soothing moisturizer
RTN0000634,REC0000634,dry,3,1,4,2,milk cleanser,soothing moisturizer,hyaluronic acid serum,spf50,benzoyl peroxide,skincare_datasets.xlsx::Recommendations|skincare_recommendations_dataset.csv,1) Cleanser: milk cleanser | 2) Serum: hyaluronic acid serum | 3) Moisturizer: soothing moisturizer | 4) SPF: spf50,1) Cleanser: milk cleanser | 2) Treatment: benzoyl peroxide | 3) Moisturizer: soothing moisturizer
RTN0000635,REC0000635,dry,3,2,0,0,milk cleanser,ceramide moisturizer,vitamin c serum,spf50,calming treatment,skincare_datasets.xlsx::Recommendations|skincare_recommendations_dataset.csv,1) Cleanser: milk cleanser | 2) Serum: vitamin c serum | 3) Moisturizer: ceramide moisturizer | 4) SPF: spf50,1) Cleanser: milk cleanser | 2) Treatment: calming treatment | 3) Moisturizer: ceramide moisturizer
RTN0000636,REC0000636,dry,3,2,0,3,hydrating cleanser,soothing moisturizer,retinol serum,mineral spf50,barrier repair,skincare_datasets.xlsx::Recommendations|skincare_recommendations_dataset.csv,1) Cleanser: hydrating cleanser | 2) Serum: retinol serum | 3) Moisturizer: soothing moisturizer | 4) SPF: mineral spf50,1) Cleanser: hydrating cleanser | 2) Treatment: barrier repair | 3) Moisturizer: soothing moisturizer
RTN0000637,REC0000637,dry,3,2,1,1,salicylic acid cleanser,light lotion moisturizer,vitamin c serum,spf50 matte,barrier repair,skincare_datasets.xlsx::Recommendations|skincare_recommendations_dataset.csv,1) Cleanser: salicylic acid cleanser | 2) Serum: vitamin c serum | 3) Moisturizer: light lotion moisturizer | 4) SPF: spf50 matte,1) Cleanser: salicylic acid cleanser | 2) Treatment: barrier repair | 3) Moisturizer: light lotion moisturizer
RTN0000638,REC0000638,dry,3,2,3,0,ultra gentle cleanser,soothing moisturizer,peptide serum,mineral spf50,anti aging routine,skincare_datasets.xlsx::Recommendations|skincare_recommendations_dataset.csv,1) Cleanser: ultra gentle cleanser | 2) Serum: peptide serum | 3) Moisturizer: soothing moisturizer | 4) SPF: mineral spf50,1) Cleanser: ultra gentle cleanser | 2) Treatment: anti aging routine | 3) Moisturizer: soothing moisturizer
RTN0000639,REC0000639,dry,3,2,4,0,milk cleanser,ceramide moisturizer,hyaluronic acid serum,spf30,chemical exfoliation,skincare_datasets.xlsx::Recommendations|skincare_recommendations_dataset.csv,1) Cleanser: milk cleanser | 2) Serum: hyaluronic acid serum | 3) Moisturizer: ceramide moisturizer | 4) SPF: spf30,1) Cleanser: milk cleanser | 2) Treatment: chemical exfoliation | 3) Moisturizer: ceramide moisturizer
RTN0000640,REC0000640,dry,3,2,5,4,acne control cleanser,rich cream moisturizer,vitamin c serum,mineral spf50,anti aging routine,skincare_datasets.xlsx::Recommendations|skincare_recommendations_dataset.csv,1) Cleanser: acne control cleanser | 2) Serum: vitamin c serum | 3) Moisturizer: rich cream moisturizer | 4) SPF: mineral spf50,1) Cleanser: acne control cleanser | 2) Treatment: anti aging routine | 3) Moisturizer: rich cream moisturizer
RTN0000641,REC0000641,dry,3,3,0,4,acne control cleanser,oil free gel moisturizer,hyaluronic acid serum,spf50 matte,benzoyl peroxide,skincare_datasets.xlsx::Recommendations|skincare_recommendations_dataset.csv,1) Cleanser: acne control cleanser | 2) Serum: hyaluronic acid serum | 3) Moisturizer: oil free gel moisturizer | 4) SPF: spf50 matte,1) Cleanser: acne control cleanser | 2) Treatment: benzoyl peroxide | 3) Moisturizer: oil free gel moisturizer
RTN0000642,REC0000642,dry,3,3,0,4,ultra gentle cleanser,oil free gel moisturizer,niacinamide serum,spf30,retinol treatment,skincare_datasets.xlsx::Recommendations|skincare_recommendations_dataset.csv,1) Cleanser: ultra gentle cleanser | 2) Serum: niacinamide serum | 3) Moisturizer: oil free gel moisturizer | 4) SPF: spf30,1) Cleanser: ultra gentle cleanser | 2) Treatment: retinol treatment | 3) Moisturizer: oil free gel moisturizer
RTN0000643,REC0000643,dry,3,3,0,5,milk cleanser,light lotion moisturizer,vitamin c serum,spf50 matte,anti aging routine,skincare_datasets.xlsx::Recommendations|skincare_recommendations_dataset.csv,1) Cleanser: milk cleanser | 2) Serum: vitamin c serum | 3) Moisturizer: light lotion moisturizer | 4) SPF: spf50 matte,1) Cleanser: milk cleanser | 2) Treatment: anti aging routine | 3) Moisturizer: light lotion moisturizer
RTN0000644,REC0000644,dry,3,3,2,1,acne control cleanser,ceramide moisturizer,hyaluronic acid serum,spf30,calming treatment,skincare_datasets.xlsx::Recommendations|skincare_recommendations_dataset.csv,1) Cleanser: acne control cleanser | 2) Serum: hyaluronic acid serum | 3) Moisturizer: ceramide moisturizer | 4) SPF: spf30,1) Cleanser: acne control cleanser | 2) Treatment: calming treatment | 3) Moisturizer: ceramide moisturizer
RTN0000645,REC0000645,dry,3,3,2,5,gentle foam cleanser,rich cream moisturizer,peptide serum,spf50 matte,calming treatment,skincare_datasets.xlsx::Recommendations|skincare_recommendations_dataset.csv,1) Cleanser: gentle foam cleanser | 2) Serum: peptide serum | 3) Moisturizer: rich cream moisturizer | 4) SPF: spf50 matte,1) Cleanser: gentle foam cleanser | 2) Treatment: calming treatment | 3) Moisturizer: rich cream moisturizer
RTN0000646,REC0000646,dry,3,3,3,0,hydrating cleanser,light lotion moisturizer,retinol serum,spf50 matte,calming treatment,skincare_datasets.xlsx::Recommendations|skincare_recommendations_dataset.csv,1) Cleanser: hydrating cleanser | 2) Serum: retinol serum | 3) Moisturizer: light lotion moisturizer | 4) SPF: spf50 matte,1) Cleanser: hydrating cleanser | 2) Treatment: calming treatment | 3) Moisturizer: light lotion moisturizer
RTN0000647,REC0000647,dry,3,3,3,2,milk cleanser,rich cream moisturizer,hyaluronic acid serum,spf50 matte,barrier repair,skincare_datasets.xlsx::Recommendations|skincare_recommendations_dataset.csv,1) Cleanser: milk cleanser | 2) Serum: hyaluronic acid serum | 3) Moisturizer: rich cream moisturizer | 4) SPF: spf50 matte,1) Cleanser: milk cleanser | 2) Treatment: barrier repair | 3) Moisturizer: rich cream moisturizer
RTN0000648,REC0000648,dry,3,3,3,2,ultra gentle cleanser,soothing moisturizer,hyaluronic acid serum,spf50 matte,retinol treatment,skincare_datasets.xlsx::Recommendations|skincare_recommendations_dataset.csv,1) Cleanser: ultra gentle cleanser | 2) Serum: hyaluronic acid serum | 3) Moisturizer: soothing moisturizer | 4) SPF: spf50 matte,1) Cleanser: ultra gentle cleanser | 2) Treatment: retinol treatment | 3) Moisturizer: soothing moisturizer
RTN0000649,REC0000649,dry,3,3,4,1,hydrating cleanser,soothing moisturizer,hyaluronic acid serum,spf50 matte,chemical exfoliation,skincare_datasets.xlsx::Recommendations|skincare_recommendations_dataset.csv,1) Cleanser: hydrating cleanser | 2) Serum: hyaluronic acid serum | 3) Moisturizer: soothing moisturizer | 4) SPF: spf50 matte,1) Cleanser: hydrating cleanser | 2) Treatment: chemical exfoliation | 3) Moisturizer: soothing moisturizer
RTN0000650,REC0000650,dry,3,3,4,2,acne control cleanser,rich cream moisturizer,peptide serum,spf50 matte,barrier repair,skincare_datasets.xlsx::Recommendations|skincare_recommendations_dataset.csv,1) Cleanser: acne control cleanser | 2) Serum: peptide serum | 3) Moisturizer: rich cream moisturizer | 4) SPF: spf50 matte,1) Cleanser: acne control cleanser | 2) Treatment: barrier repair | 3) Moisturizer: rich cream moisturizer
RTN0000651,REC0000651,dry,3,3,5,2,acne control cleanser,soothing moisturizer,hyaluronic acid serum,spf30,hydrating mask,skincare_datasets.xlsx::Recommendations|skincare_recommendations_dataset.csv,1) Cleanser: acne control cleanser | 2) Serum: hyaluronic acid serum | 3) Moisturizer: soothing moisturizer | 4) SPF: spf30,1) Cleanser: acne control cleanser | 2) Treatment: hydrating mask | 3) Moisturizer: soothing moisturizer
RTN0000652,REC0000652,dry,3,4,1,1,gentle foam cleanser,soothing moisturizer,niacinamide serum,spf30,retinol treatment,skincare_datasets.xlsx::Recommendations|skincare_recommendations_dataset.csv,1) Cleanser: gentle foam cleanser | 2) Serum: niacinamide serum | 3) Moisturizer: soothing moisturizer | 4) SPF: spf30,1) Cleanser: gentle foam cleanser | 2) Treatment: retinol treatment | 3) Moisturizer: soothing moisturizer
RTN0000653,REC0000653,dry,3,4,3,1,gentle foam cleanser,soothing moisturizer,retinol serum,spf50,chemical exfoliation,skincare_datasets.xlsx::Recommendations|skincare_recommendations_dataset.csv,1) Cleanser: gentle foam cleanser | 2) Serum: retinol serum | 3) Moisturizer: soothing moisturizer | 4) SPF: spf50,1) Cleanser: gentle foam cleanser | 2) Treatment: chemical exfoliation | 3) Moisturizer: soothing moisturizer
RTN0000654,REC0000654,dry,3,4,3,2,hydrating cleanser,oil free gel moisturizer,peptide serum,mineral spf50,calming treatment,skincare_datasets.xlsx::Recommendations|skincare_recommendations_dataset.csv,1) Cleanser: hydrating cleanser | 2) Serum: peptide serum | 3) Moisturizer: oil free gel moisturizer | 4) SPF: mineral spf50,1) Cleanser: hydrating cleanser | 2) Treatment: calming treatment | 3) Moisturizer: oil free gel moisturizer
RTN0000655,REC0000655,dry,3,4,3,5,milk cleanser,rich cream moisturizer,centella serum,spf30,anti aging routine,skincare_datasets.xlsx::Recommendations|skincare_recommendations_dataset.csv,1) Cleanser: milk cleanser | 2) Serum: centella serum | 3) Moisturizer: rich cream moisturizer | 4) SPF: spf30,1) Cleanser: milk cleanser | 2) Treatment: anti aging routine | 3) Moisturizer: rich cream moisturizer
RTN0000656,REC0000656,dry,3,4,4,3,ultra gentle cleanser,oil free gel moisturizer,peptide serum,spf50,benzoyl peroxide,skincare_datasets.xlsx::Recommendations|skincare_recommendations_dataset.csv,1) Cleanser: ultra gentle cleanser | 2) Serum: peptide serum | 3) Moisturizer: oil free gel moisturizer | 4) SPF: spf50,1) Cleanser: ultra gentle cleanser | 2) Treatment: benzoyl peroxide | 3) Moisturizer: oil free gel moisturizer
RTN0000657,REC0000657,dry,3,4,5,2,gentle foam cleanser,rich cream moisturizer,centella serum,spf30,hydrating mask,skincare_datasets.xlsx::Recommendations|skincare_recommendations_dataset.csv,1) Cleanser: gentle foam cleanser | 2) Serum: centella serum | 3) Moisturizer: rich cream moisturizer | 4) SPF: spf30,1) Cleanser: gentle foam cleanser | 2) Treatment: hydrating mask | 3) Moisturizer: rich cream moisturizer
RTN0000658,REC0000658,dry,3,4,5,5,gentle foam cleanser,soothing moisturizer,niacinamide serum,spf30,anti aging routine,skincare_datasets.xlsx::Recommendations|skincare_recommendations_dataset.csv,1) Cleanser: gentle foam cleanser | 2) Serum: niacinamide serum | 3) Moisturizer: soothing moisturizer | 4) SPF: spf30,1) Cleanser: gentle foam cleanser | 2) Treatment: anti aging routine | 3) Moisturizer: soothing moisturizer
RTN0000659,REC0000659,dry,3,5,1,0,salicylic acid cleanser,oil free gel moisturizer,centella serum,spf50 matte,calming treatment,skincare_datasets.xlsx::Recommendations|skincare_recommendations_dataset.csv,1) Cleanser: salicylic acid cleanser | 2) Serum: centella serum | 3) Moisturizer: oil free gel moisturizer | 4) SPF: spf50 matte,1) Cleanser: salicylic acid cleanser | 2) Treatment: calming treatment | 3) Moisturizer: oil free gel moisturizer
RTN0000660,REC0000660,dry,3,5,1,1,gentle foam cleanser,rich cream moisturizer,centella serum,spf50,benzoyl peroxide,skincare_datasets.xlsx::Recommendations|skincare_recommendations_dataset.csv,1) Cleanser: gentle foam cleanser | 2) Serum: centella serum | 3) Moisturizer: rich cream moisturizer | 4) SPF: spf50,1) Cleanser: gentle foam cleanser | 2) Treatment: benzoyl peroxide | 3) Moisturizer: rich cream moisturizer
RTN0000661,REC0000661,dry,3,5,1,2,gentle foam cleanser,ceramide moisturizer,niacinamide serum,spf50,anti aging routine,skincare_datasets.xlsx::Recommendations|skincare_recommendations_dataset.csv,1) Cleanser: gentle foam cleanser | 2) Serum: niacinamide serum | 3) Moisturizer: ceramide moisturizer | 4) SPF: spf50,1) Cleanser: gentle foam cleanser | 2) Treatment: anti aging routine | 3) Moisturizer: ceramide moisturizer
RTN0000662,REC0000662,dry,3,5,1,2,milk cleanser,oil free gel moisturizer,centella serum,spf30,benzoyl peroxide,skincare_datasets.xlsx::Recommendations|skincare_recommendations_dataset.csv,1) Cleanser: milk cleanser | 2) Serum: centella serum | 3) Moisturizer: oil free gel moisturizer | 4) SPF: spf30,1) Cleanser: milk cleanser | 2) Treatment: benzoyl peroxide | 3) Moisturizer: oil free gel moisturizer
RTN0000663,REC0000663,dry,3,5,1,5,hydrating cleanser,ceramide moisturizer,peptide serum,spf50,barrier repair,skincare_datasets.xlsx::Recommendations|skincare_recommendations_dataset.csv,1) Cleanser: hydrating cleanser | 2) Serum: peptide serum | 3) Moisturizer: ceramide moisturizer | 4) SPF: spf50,1) Cleanser: hydrating cleanser | 2) Treatment: barrier repair | 3) Moisturizer: ceramide moisturizer
RTN0000664,REC0000664,dry,3,5,2,2,acne control cleanser,oil free gel moisturizer,retinol serum,spf30,anti aging routine,skincare_datasets.xlsx::Recommendations|skincare_recommendations_dataset.csv,1) Cleanser: acne control cleanser | 2) Serum: retinol serum | 3) Moisturizer: oil free gel moisturizer | 4) SPF: spf30,1) Cleanser: acne control cleanser | 2) Treatment: anti aging routine | 3) Moisturizer: oil free gel moisturizer
RTN0000665,REC0000665,dry,3,5,2,3,gentle foam cleanser,light lotion moisturizer,niacinamide serum,spf50 matte,hydrating mask,skincare_datasets.xlsx::Recommendations|skincare_recommendations_dataset.csv,1) Cleanser: gentle foam cleanser | 2) Serum: niacinamide serum | 3) Moisturizer: light lotion moisturizer | 4) SPF: spf50 matte,1) Cleanser: gentle foam cleanser | 2) Treatment: hydrating mask | 3) Moisturizer: light lotion moisturizer
RTN0000666,REC0000666,dry,3,5,3,2,salicylic acid cleanser,light lotion moisturizer,niacinamide serum,spf50,chemical exfoliation,skincare_datasets.xlsx::Recommendations|skincare_recommendations_dataset.csv,1) Cleanser: salicylic acid cleanser | 2) Serum: niacinamide serum | 3) Moisturizer: light lotion moisturizer | 4) SPF: spf50,1) Cleanser: salicylic acid cleanser | 2) Treatment: chemical exfoliation | 3) Moisturizer: light lotion moisturizer
RTN0000667,REC0000667,dry,3,5,3,3,salicylic acid cleanser,ceramide moisturizer,niacinamide serum,spf50 matte,retinol treatment,skincare_datasets.xlsx::Recommendations|skincare_recommendations_dataset.csv,1) Cleanser: salicylic acid cleanser | 2) Serum: niacinamide serum | 3) Moisturizer: ceramide moisturizer | 4) SPF: spf50 matte,1) Cleanser: salicylic acid cleanser | 2) Treatment: retinol treatment | 3) Moisturizer: ceramide moisturizer
RTN0000668,REC0000668,dry,3,5,3,4,ultra gentle cleanser,oil free gel moisturizer,niacinamide serum,spf30,calming treatment,skincare_datasets.xlsx::Recommendations|skincare_recommendations_dataset.csv,1) Cleanser: ultra gentle cleanser | 2) Serum: niacinamide serum | 3) Moisturizer: oil free gel moisturizer | 4) SPF: spf30,1) Cleanser: ultra gentle cleanser | 2) Treatment: calming treatment | 3) Moisturizer: oil free gel moisturizer
RTN0000669,REC0000669,dry,3,5,4,3,hydrating cleanser,light lotion moisturizer,peptide serum,mineral spf50,hydrating mask,skincare_datasets.xlsx::Recommendations|skincare_recommendations_dataset.csv,1) Cleanser: hydrating cleanser | 2) Serum: peptide serum | 3) Moisturizer: light lotion moisturizer | 4) SPF: mineral spf50,1) Cleanser: hydrating cleanser | 2) Treatment: hydrating mask | 3) Moisturizer: light lotion moisturizer
RTN0000670,REC0000670,dry,3,5,4,3,milk cleanser,rich cream moisturizer,vitamin c serum,spf30,barrier repair,skincare_datasets.xlsx::Recommendations|skincare_recommendations_dataset.csv,1) Cleanser: milk cleanser | 2) Serum: vitamin c serum | 3) Moisturizer: rich cream moisturizer | 4) SPF: spf30,1) Cleanser: milk cleanser | 2) Treatment: barrier repair | 3) Moisturizer: rich cream moisturizer
RTN0000671,REC0000671,dry,3,5,4,5,salicylic acid cleanser,soothing moisturizer,vitamin c serum,spf50 matte,chemical exfoliation,skincare_datasets.xlsx::Recommendations|skincare_recommendations_dataset.csv,1) Cleanser: salicylic acid cleanser | 2) Serum: vitamin c serum | 3) Moisturizer: soothing moisturizer | 4) SPF: spf50 matte,1) Cleanser: salicylic acid cleanser | 2) Treatment: chemical exfoliation | 3) Moisturizer: soothing moisturizer
RTN0000672,REC0000672,dry,4,0,0,3,gentle foam cleanser,light lotion moisturizer,centella serum,spf50 matte,calming treatment,skincare_datasets.xlsx::Recommendations|skincare_recommendations_dataset.csv,1) Cleanser: gentle foam cleanser | 2) Serum: centella serum | 3) Moisturizer: light lotion moisturizer | 4) SPF: spf50 matte,1) Cleanser: gentle foam cleanser | 2) Treatment: calming treatment | 3) Moisturizer: light lotion moisturizer
RTN0000673,REC0000673,dry,4,0,0,4,hydrating cleanser,ceramide moisturizer,peptide serum,spf50,chemical exfoliation,skincare_datasets.xlsx::Recommendations|skincare_recommendations_dataset.csv,1) Cleanser: hydrating cleanser | 2) Serum: peptide serum | 3) Moisturizer: ceramide moisturizer | 4) SPF: spf50,1) Cleanser: hydrating cleanser | 2) Treatment: chemical exfoliation | 3) Moisturizer: ceramide moisturizer
RTN0000674,REC0000674,dry,4,0,1,1,hydrating cleanser,soothing moisturizer,vitamin c serum,spf30,anti aging routine,skincare_datasets.xlsx::Recommendations|skincare_recommendations_dataset.csv,1) Cleanser: hydrating cleanser | 2) Serum: vitamin c serum | 3) Moisturizer: soothing moisturizer | 4) SPF: spf30,1) Cleanser: hydrating cleanser | 2) Treatment: anti aging routine | 3) Moisturizer: soothing moisturizer
RTN0000675,REC0000675,dry,4,0,1,1,salicylic acid cleanser,oil free gel moisturizer,vitamin c serum,mineral spf50,anti aging routine,skincare_datasets.xlsx::Recommendations|skincare_recommendations_dataset.csv,1) Cleanser: salicylic acid cleanser | 2) Serum: vitamin c serum | 3) Moisturizer: oil free gel moisturizer | 4) SPF: mineral spf50,1) Cleanser: salicylic acid cleanser | 2) Treatment: anti aging routine | 3) Moisturizer: oil free gel moisturizer
RTN0000676,REC0000676,dry,4,0,1,3,salicylic acid cleanser,light lotion moisturizer,peptide serum,mineral spf50,chemical exfoliation,skincare_datasets.xlsx::Recommendations|skincare_recommendations_dataset.csv,1) Cleanser: salicylic acid cleanser | 2) Serum: peptide serum | 3) Moisturizer: light lotion moisturizer | 4) SPF: mineral spf50,1) Cleanser: salicylic acid cleanser | 2) Treatment: chemical exfoliation | 3) Moisturizer: light lotion moisturizer
RTN0000677,REC0000677,dry,4,0,1,4,gentle foam cleanser,ceramide moisturizer,centella serum,spf50,retinol treatment,skincare_datasets.xlsx::Recommendations|skincare_recommendations_dataset.csv,1) Cleanser: gentle foam cleanser | 2) Serum: centella serum | 3) Moisturizer: ceramide moisturizer | 4) SPF: spf50,1) Cleanser: gentle foam cleanser | 2) Treatment: retinol treatment | 3) Moisturizer: ceramide moisturizer
RTN0000678,REC0000678,dry,4,0,1,4,milk cleanser,rich cream moisturizer,centella serum,spf50,hydrating mask,skincare_datasets.xlsx::Recommendations|skincare_recommendations_dataset.csv,1) Cleanser: milk cleanser | 2) Serum: centella serum | 3) Moisturizer: rich cream moisturizer | 4) SPF: spf50,1) Cleanser: milk cleanser | 2) Treatment: hydrating mask | 3) Moisturizer: rich cream moisturizer
RTN0000679,REC0000679,dry,4,0,2,0,gentle foam cleanser,soothing moisturizer,peptide serum,mineral spf50,retinol treatment,skincare_datasets.xlsx::Recommendations|skincare_recommendations_dataset.csv,1) Cleanser: gentle foam cleanser | 2) Serum: peptide serum | 3) Moisturizer: soothing moisturizer | 4) SPF: mineral spf50,1) Cleanser: gentle foam cleanser | 2) Treatment: retinol treatment | 3) Moisturizer: soothing moisturizer
RTN0000680,REC0000680,dry,4,0,2,5,milk cleanser,rich cream moisturizer,centella serum,spf30,barrier repair,skincare_datasets.xlsx::Recommendations|skincare_recommendations_dataset.csv,1) Cleanser: milk cleanser | 2) Serum: centella serum | 3) Moisturizer: rich cream moisturizer | 4) SPF: spf30,1) Cleanser: milk cleanser | 2) Treatment: barrier repair | 3) Moisturizer: rich cream moisturizer
RTN0000681,REC0000681,dry,4,0,2,5,milk cleanser,soothing moisturizer,niacinamide serum,mineral spf50,calming treatment,skincare_datasets.xlsx::Recommendations|skincare_recommendations_dataset.csv,1) Cleanser: milk cleanser | 2) Serum: niacinamide serum | 3) Moisturizer: soothing moisturizer | 4) SPF: mineral spf50,1) Cleanser: milk cleanser | 2) Treatment: calming treatment | 3) Moisturizer: soothing moisturizer
RTN0000682,REC0000682,dry,4,0,3,1,salicylic acid cleanser,light lotion moisturizer,niacinamide serum,mineral spf50,calming treatment,skincare_datasets.xlsx::Recommendations|skincare_recommendations_dataset.csv,1) Cleanser: salicylic acid cleanser | 2) Serum: niacinamide serum | 3) Moisturizer: light lotion moisturizer | 4) SPF: mineral spf50,1) Cleanser: salicylic acid cleanser | 2) Treatment: calming treatment | 3) Moisturizer: light lotion moisturizer
RTN0000683,REC0000683,dry,4,0,4,0,hydrating cleanser,oil free gel moisturizer,centella serum,spf50 matte,hydrating mask,skincare_datasets.xlsx::Recommendations|skincare_recommendations_dataset.csv,1) Cleanser: hydrating cleanser | 2) Serum: centella serum | 3) Moisturizer: oil free gel moisturizer | 4) SPF: spf50 matte,1) Cleanser: hydrating cleanser | 2) Treatment: hydrating mask | 3) Moisturizer: oil free gel moisturizer
RTN0000684,REC0000684,dry,4,0,4,3,milk cleanser,rich cream moisturizer,centella serum,spf30,calming treatment,skincare_datasets.xlsx::Recommendations|skincare_recommendations_dataset.csv,1) Cleanser: milk cleanser | 2) Serum: centella serum | 3) Moisturizer: rich cream moisturizer | 4) SPF: spf30,1) Cleanser: milk cleanser | 2) Treatment: calming treatment | 3) Moisturizer: rich cream moisturizer
RTN0000685,REC0000685,dry,4,0,4,4,ultra gentle cleanser,ceramide moisturizer,niacinamide serum,spf50 matte,retinol treatment,skincare_datasets.xlsx::Recommendations|skincare_recommendations_dataset.csv,1) Cleanser: ultra gentle cleanser | 2) Serum: niacinamide serum | 3) Moisturizer: ceramide moisturizer | 4) SPF: spf50 matte,1) Cleanser: ultra gentle cleanser | 2) Treatment: retinol treatment | 3) Moisturizer: ceramide moisturizer
RTN0000686,REC0000686,dry,4,0,5,0,milk cleanser,soothing moisturizer,retinol serum,spf50,hydrating mask,skincare_datasets.xlsx::Recommendations|skincare_recommendations_dataset.csv,1) Cleanser: milk cleanser | 2) Serum: retinol serum | 3) Moisturizer: soothing moisturizer | 4) SPF: spf50,1) Cleanser: milk cleanser | 2) Treatment: hydrating mask | 3) Moisturizer: soothing moisturizer
RTN0000687,REC0000687,dry,4,0,5,0,ultra gentle cleanser,soothing moisturizer,centella serum,mineral spf50,chemical exfoliation,skincare_datasets.xlsx::Recommendations|skincare_recommendations_dataset.csv,1) Cleanser: ultra gentle cleanser | 2) Serum: centella serum | 3) Moisturizer: soothing moisturizer | 4) SPF: mineral spf50,1) Cleanser: ultra gentle cleanser | 2) Treatment: chemical exfoliation | 3) Moisturizer: soothing moisturizer
RTN0000688,REC0000688,dry,4,0,5,4,hydrating cleanser,ceramide moisturizer,hyaluronic acid serum,spf50 matte,retinol treatment,skincare_datasets.xlsx::Recommendations|skincare_recommendations_dataset.csv,1) Cleanser: hydrating cleanser | 2) Serum: hyaluronic acid serum | 3) Moisturizer: ceramide moisturizer | 4) SPF: spf50 matte,1) Cleanser: hydrating cleanser | 2) Treatment: retinol treatment | 3) Moisturizer: ceramide moisturizer
RTN0000689,REC0000689,dry,4,1,0,1,acne control cleanser,rich cream moisturizer,centella serum,spf50,barrier repair,skincare_datasets.xlsx::Recommendations|skincare_recommendations_dataset.csv,1) Cleanser: acne control cleanser | 2) Serum: centella serum | 3) Moisturizer: rich cream moisturizer | 4) SPF: spf50,1) Cleanser: acne control cleanser | 2) Treatment: barrier repair | 3) Moisturizer: rich cream moisturizer
RTN0000690,REC0000690,dry,4,1,0,4,acne control cleanser,ceramide moisturizer,peptide serum,spf50 matte,hydrating mask,skincare_datasets.xlsx::Recommendations|skincare_recommendations_dataset.csv,1) Cleanser: acne control cleanser | 2) Serum: peptide serum | 3) Moisturizer: ceramide moisturizer | 4) SPF: spf50 matte,1) Cleanser: acne control cleanser | 2) Treatment: hydrating mask | 3) Moisturizer: ceramide moisturizer
RTN0000691,REC0000691,dry,4,1,0,5,ultra gentle cleanser,soothing moisturizer,niacinamide serum,mineral spf50,retinol treatment,skincare_datasets.xlsx::Recommendations|skincare_recommendations_dataset.csv,1) Cleanser: ultra gentle cleanser | 2) Serum: niacinamide serum | 3) Moisturizer: soothing moisturizer | 4) SPF: mineral spf50,1) Cleanser: ultra gentle cleanser | 2) Treatment: retinol treatment | 3) Moisturizer: soothing moisturizer
RTN0000692,REC0000692,dry,4,1,1,1,acne control cleanser,soothing moisturizer,centella serum,mineral spf50,barrier repair,skincare_datasets.xlsx::Recommendations|skincare_recommendations_dataset.csv,1) Cleanser: acne control cleanser | 2) Serum: centella serum | 3) Moisturizer: soothing moisturizer | 4) SPF: mineral spf50,1) Cleanser: acne control cleanser | 2) Treatment: barrier repair | 3) Moisturizer: soothing moisturizer
RTN0000693,REC0000693,dry,4,1,1,1,gentle foam cleanser,light lotion moisturizer,vitamin c serum,spf50,barrier repair,skincare_datasets.xlsx::Recommendations|skincare_recommendations_dataset.csv,1) Cleanser: gentle foam cleanser | 2) Serum: vitamin c serum | 3) Moisturizer: light lotion moisturizer | 4) SPF: spf50,1) Cleanser: gentle foam cleanser | 2) Treatment: barrier repair | 3) Moisturizer: light lotion moisturizer
RTN0000694,REC0000694,dry,4,1,1,3,acne control cleanser,oil free gel moisturizer,niacinamide serum,spf50,hydrating mask,skincare_datasets.xlsx::Recommendations|skincare_recommendations_dataset.csv,1) Cleanser: acne control cleanser | 2) Serum: niacinamide serum | 3) Moisturizer: oil free gel moisturizer | 4) SPF: spf50,1) Cleanser: acne control cleanser | 2) Treatment: hydrating mask | 3) Moisturizer: oil free gel moisturizer
RTN0000695,REC0000695,dry,4,1,2,1,gentle foam cleanser,ceramide moisturizer,vitamin c serum,spf30,calming treatment,skincare_datasets.xlsx::Recommendations|skincare_recommendations_dataset.csv,1) Cleanser: gentle foam cleanser | 2) Serum: vitamin c serum | 3) Moisturizer: ceramide moisturizer | 4) SPF: spf30,1) Cleanser: gentle foam cleanser | 2) Treatment: calming treatment | 3) Moisturizer: ceramide moisturizer
RTN0000696,REC0000696,dry,4,1,4,2,acne control cleanser,soothing moisturizer,hyaluronic acid serum,spf50,calming treatment,skincare_datasets.xlsx::Recommendations|skincare_recommendations_dataset.csv,1) Cleanser: acne control cleanser | 2) Serum: hyaluronic acid serum | 3) Moisturizer: soothing moisturizer | 4) SPF: spf50,1) Cleanser: acne control cleanser | 2) Treatment: calming treatment | 3) Moisturizer: soothing moisturizer
RTN0000697,REC0000697,dry,4,1,4,3,salicylic acid cleanser,rich cream moisturizer,peptide serum,spf50,benzoyl peroxide,skincare_datasets.xlsx::Recommendations|skincare_recommendations_dataset.csv,1) Cleanser: salicylic acid cleanser | 2) Serum: peptide serum | 3) Moisturizer: rich cream moisturizer | 4) SPF: spf50,1) Cleanser: salicylic acid cleanser | 2) Treatment: benzoyl peroxide | 3) Moisturizer: rich cream moisturizer
RTN0000698,REC0000698,dry,4,2,0,1,acne control cleanser,rich cream moisturizer,peptide serum,spf50 matte,barrier repair,skincare_datasets.xlsx::Recommendations|skincare_recommendations_dataset.csv,1) Cleanser: acne control cleanser | 2) Serum: peptide serum | 3) Moisturizer: rich cream moisturizer | 4) SPF: spf50 matte,1) Cleanser: acne control cleanser | 2) Treatment: barrier repair | 3) Moisturizer: rich cream moisturizer
RTN0000699,REC0000699,dry,4,2,0,2,acne control cleanser,ceramide moisturizer,centella serum,spf30,barrier repair,skincare_datasets.xlsx::Recommendations|skincare_recommendations_dataset.csv,1) Cleanser: acne control cleanser | 2) Serum: centella serum | 3) Moisturizer: ceramide moisturizer | 4) SPF: spf30,1) Cleanser: acne control cleanser | 2) Treatment: barrier repair | 3) Moisturizer: ceramide moisturizer
RTN0000700,REC0000700,dry,4,2,0,2,acne control cleanser,oil free gel moisturizer,retinol serum,spf50 matte,chemical exfoliation,skincare_datasets.xlsx::Recommendations|skincare_recommendations_dataset.csv,1) Cleanser: acne control cleanser | 2) Serum: retinol serum | 3) Moisturizer: oil free gel moisturizer | 4) SPF: spf50 matte,1) Cleanser: acne control cleanser | 2) Treatment: chemical exfoliation | 3) Moisturizer: oil free gel moisturizer
RTN0000701,REC0000701,dry,4,2,1,0,gentle foam cleanser,soothing moisturizer,centella serum,spf50 matte,hydrating mask,skincare_datasets.xlsx::Recommendations|skincare_recommendations_dataset.csv,1) Cleanser: gentle foam cleanser | 2) Serum: centella serum | 3) Moisturizer: soothing moisturizer | 4) SPF: spf50 matte,1) Cleanser: gentle foam cleanser | 2) Treatment: hydrating mask | 3) Moisturizer: soothing moisturizer
RTN0000702,REC0000702,dry,4,2,1,3,hydrating cleanser,ceramide moisturizer,retinol serum,spf50,retinol treatment,skincare_datasets.xlsx::Recommendations|skincare_recommendations_dataset.csv,1) Cleanser: hydrating cleanser | 2) Serum: retinol serum | 3) Moisturizer: ceramide moisturizer | 4) SPF: spf50,1) Cleanser: hydrating cleanser | 2) Treatment: retinol treatment | 3) Moisturizer: ceramide moisturizer
RTN0000703,REC0000703,dry,4,2,2,0,gentle foam cleanser,rich cream moisturizer,retinol serum,spf30,retinol treatment,skincare_datasets.xlsx::Recommendations|skincare_recommendations_dataset.csv,1) Cleanser: gentle foam cleanser | 2) Serum: retinol serum | 3) Moisturizer: rich cream moisturizer | 4) SPF: spf30,1) Cleanser: gentle foam cleanser | 2) Treatment: retinol treatment | 3) Moisturizer: rich cream moisturizer
RTN0000704,REC0000704,dry,4,2,2,0,hydrating cleanser,soothing moisturizer,centella serum,spf30,barrier repair,skincare_datasets.xlsx::Recommendations|skincare_recommendations_dataset.csv,1) Cleanser: hydrating cleanser | 2) Serum: centella serum | 3) Moisturizer: soothing moisturizer | 4) SPF: spf30,1) Cleanser: hydrating cleanser | 2) Treatment: barrier repair | 3) Moisturizer: soothing moisturizer
RTN0000705,REC0000705,dry,4,2,2,2,acne control cleanser,light lotion moisturizer,retinol serum,spf50,retinol treatment,skincare_datasets.xlsx::Recommendations|skincare_recommendations_dataset.csv,1) Cleanser: acne control cleanser | 2) Serum: retinol serum | 3) Moisturizer: light lotion moisturizer | 4) SPF: spf50,1) Cleanser: acne control cleanser | 2) Treatment: retinol treatment | 3) Moisturizer: light lotion moisturizer
RTN0000706,REC0000706,dry,4,2,2,2,salicylic acid cleanser,rich cream moisturizer,centella serum,spf30,benzoyl peroxide,skincare_datasets.xlsx::Recommendations|skincare_recommendations_dataset.csv,1) Cleanser: salicylic acid cleanser | 2) Serum: centella serum | 3) Moisturizer: rich cream moisturizer | 4) SPF: spf30,1) Cleanser: salicylic acid cleanser | 2) Treatment: benzoyl peroxide | 3) Moisturizer: rich cream moisturizer
RTN0000707,REC0000707,dry,4,2,3,0,acne control cleanser,rich cream moisturizer,hyaluronic acid serum,spf50,retinol treatment,skincare_datasets.xlsx::Recommendations|skincare_recommendations_dataset.csv,1) Cleanser: acne control cleanser | 2) Serum: hyaluronic acid serum | 3) Moisturizer: rich cream moisturizer | 4) SPF: spf50,1) Cleanser: acne control cleanser | 2) Treatment: retinol treatment | 3) Moisturizer: rich cream moisturizer
RTN0000708,REC0000708,dry,4,3,2,0,salicylic acid cleanser,rich cream moisturizer,vitamin c serum,spf30,calming treatment,skincare_datasets.xlsx::Recommendations|skincare_recommendations_dataset.csv,1) Cleanser: salicylic acid cleanser | 2) Serum: vitamin c serum | 3) Moisturizer: rich cream moisturizer | 4) SPF: spf30,1) Cleanser: salicylic acid cleanser | 2) Treatment: calming treatment | 3) Moisturizer: rich cream moisturizer
RTN0000709,REC0000709,dry,4,3,2,1,milk cleanser,oil free gel moisturizer,vitamin c serum,mineral spf50,chemical exfoliation,skincare_datasets.xlsx::Recommendations|skincare_recommendations_dataset.csv,1) Cleanser: milk cleanser | 2) Serum: vitamin c serum | 3) Moisturizer: oil free gel moisturizer | 4) SPF: mineral spf50,1) Cleanser: milk cleanser | 2) Treatment: chemical exfoliation | 3) Moisturizer: oil free gel moisturizer
RTN0000710,REC0000710,dry,4,3,2,4,hydrating cleanser,soothing moisturizer,retinol serum,spf50 matte,hydrating mask,skincare_datasets.xlsx::Recommendations|skincare_recommendations_dataset.csv,1) Cleanser: hydrating cleanser | 2) Serum: retinol serum | 3) Moisturizer: soothing moisturizer | 4) SPF: spf50 matte,1) Cleanser: hydrating cleanser | 2) Treatment: hydrating mask | 3) Moisturizer: soothing moisturizer
RTN0000711,REC0000711,dry,4,3,3,0,acne control cleanser,oil free gel moisturizer,peptide serum,mineral spf50,barrier repair,skincare_datasets.xlsx::Recommendations|skincare_recommendations_dataset.csv,1) Cleanser: acne control cleanser | 2) Serum: peptide serum | 3) Moisturizer: oil free gel moisturizer | 4) SPF: mineral spf50,1) Cleanser: acne control cleanser | 2) Treatment: barrier repair | 3) Moisturizer: oil free gel moisturizer
RTN0000712,REC0000712,dry,4,3,3,0,gentle foam cleanser,rich cream moisturizer,hyaluronic acid serum,mineral spf50,hydrating mask,skincare_datasets.xlsx::Recommendations|skincare_recommendations_dataset.csv,1) Cleanser: gentle foam cleanser | 2) Serum: hyaluronic acid serum | 3) Moisturizer: rich cream moisturizer | 4) SPF: mineral spf50,1) Cleanser: gentle foam cleanser | 2) Treatment: hydrating mask | 3) Moisturizer: rich cream moisturizer
RTN0000713,REC0000713,dry,4,3,3,3,acne control cleanser,oil free gel moisturizer,niacinamide serum,spf30,calming treatment,skincare_datasets.xlsx::Recommendations|skincare_recommendations_dataset.csv,1) Cleanser: acne control cleanser | 2) Serum: niacinamide serum | 3) Moisturizer: oil free gel moisturizer | 4) SPF: spf30,1) Cleanser: acne control cleanser | 2) Treatment: calming treatment | 3) Moisturizer: oil free gel moisturizer
RTN0000714,REC0000714,dry,4,3,4,0,gentle foam cleanser,soothing moisturizer,niacinamide serum,spf50,hydrating mask,skincare_datasets.xlsx::Recommendations|skincare_recommendations_dataset.csv,1) Cleanser: gentle foam cleanser | 2) Serum: niacinamide serum | 3) Moisturizer: soothing moisturizer | 4) SPF: spf50,1) Cleanser: gentle foam cleanser | 2) Treatment: hydrating mask | 3) Moisturizer: soothing moisturizer
RTN0000715,REC0000715,dry,4,3,4,4,acne control cleanser,soothing moisturizer,hyaluronic acid serum,spf30,calming treatment,skincare_datasets.xlsx::Recommendations|skincare_recommendations_dataset.csv,1) Cleanser: acne control cleanser | 2) Serum: hyaluronic acid serum | 3) Moisturizer: soothing moisturizer | 4) SPF: spf30,1) Cleanser: acne control cleanser | 2) Treatment: calming treatment | 3) Moisturizer: soothing moisturizer
RTN0000716,REC0000716,dry,4,4,0,2,ultra gentle cleanser,rich cream moisturizer,vitamin c serum,spf50,barrier repair,skincare_datasets.xlsx::Recommendations|skincare_recommendations_dataset.csv,1) Cleanser: ultra gentle cleanser | 2) Serum: vitamin c serum | 3) Moisturizer: rich cream moisturizer | 4) SPF: spf50,1) Cleanser: ultra gentle cleanser | 2) Treatment: barrier repair | 3) Moisturizer: rich cream moisturizer
RTN0000717,REC0000717,dry,4,4,0,3,milk cleanser,light lotion moisturizer,peptide serum,spf30,chemical exfoliation,skincare_datasets.xlsx::Recommendations|skincare_recommendations_dataset.csv,1) Cleanser: milk cleanser | 2) Serum: peptide serum | 3) Moisturizer: light lotion moisturizer | 4) SPF: spf30,1) Cleanser: milk cleanser | 2) Treatment: chemical exfoliation | 3) Moisturizer: light lotion moisturizer
RTN0000718,REC0000718,dry,4,4,0,3,salicylic acid cleanser,ceramide moisturizer,hyaluronic acid serum,spf50 matte,hydrating mask,skincare_datasets.xlsx::Recommendations|skincare_recommendations_dataset.csv,1) Cleanser: salicylic acid cleanser | 2) Serum: hyaluronic acid serum | 3) Moisturizer: ceramide moisturizer | 4) SPF: spf50 matte,1) Cleanser: salicylic acid cleanser | 2) Treatment: hydrating mask | 3) Moisturizer: ceramide moisturizer
RTN0000719,REC0000719,dry,4,4,0,4,acne control cleanser,rich cream moisturizer,vitamin c serum,mineral spf50,hydrating mask,skincare_datasets.xlsx::Recommendations|skincare_recommendations_dataset.csv,1) Cleanser: acne control cleanser | 2) Serum: vitamin c serum | 3) Moisturizer: rich cream moisturizer | 4) SPF: mineral spf50,1) Cleanser: acne control cleanser | 2) Treatment: hydrating mask | 3) Moisturizer: rich cream moisturizer
RTN0000720,REC0000720,dry,4,4,1,2,acne control cleanser,ceramide moisturizer,niacinamide serum,spf50,retinol treatment,skincare_datasets.xlsx::Recommendations|skincare_recommendations_dataset.csv,1) Cleanser: acne control cleanser | 2) Serum: niacinamide serum | 3) Moisturizer: ceramide moisturizer | 4) SPF: spf50,1) Cleanser: acne control cleanser | 2) Treatment: retinol treatment | 3) Moisturizer: ceramide moisturizer
RTN0000721,REC0000721,dry,4,4,1,3,hydrating cleanser,light lotion moisturizer,peptide serum,spf30,anti aging routine,skincare_datasets.xlsx::Recommendations|skincare_recommendations_dataset.csv,1) Cleanser: hydrating cleanser | 2) Serum: peptide serum | 3) Moisturizer: light lotion moisturizer | 4) SPF: spf30,1) Cleanser: hydrating cleanser | 2) Treatment: anti aging routine | 3) Moisturizer: light lotion moisturizer
RTN0000722,REC0000722,dry,4,4,1,3,milk cleanser,light lotion moisturizer,retinol serum,spf50 matte,barrier repair,skincare_datasets.xlsx::Recommendations|skincare_recommendations_dataset.csv,1) Cleanser: milk cleanser | 2) Serum: retinol serum | 3) Moisturizer: light lotion moisturizer | 4) SPF: spf50 matte,1) Cleanser: milk cleanser | 2) Treatment: barrier repair | 3) Moisturizer: light lotion moisturizer
RTN0000723,REC0000723,dry,4,4,1,5,milk cleanser,ceramide moisturizer,hyaluronic acid serum,spf50 matte,anti aging routine,skincare_datasets.xlsx::Recommendations|skincare_recommendations_dataset.csv,1) Cleanser: milk cleanser | 2) Serum: hyaluronic acid serum | 3) Moisturizer: ceramide moisturizer | 4) SPF: spf50 matte,1) Cleanser: milk cleanser | 2) Treatment: anti aging routine | 3) Moisturizer: ceramide moisturizer
RTN0000724,REC0000724,dry,4,4,2,4,gentle foam cleanser,light lotion moisturizer,peptide serum,spf50 matte,anti aging routine,skincare_datasets.xlsx::Recommendations|skincare_recommendations_dataset.csv,1) Cleanser: gentle foam cleanser | 2) Serum: peptide serum | 3) Moisturizer: light lotion moisturizer | 4) SPF: spf50 matte,1) Cleanser: gentle foam cleanser | 2) Treatment: anti aging routine | 3) Moisturizer: light lotion moisturizer
RTN0000725,REC0000725,dry,4,4,3,0,milk cleanser,oil free gel moisturizer,hyaluronic acid serum,spf30,barrier repair,skincare_datasets.xlsx::Recommendations|skincare_recommendations_dataset.csv,1) Cleanser: milk cleanser | 2) Serum: hyaluronic acid serum | 3) Moisturizer: oil free gel moisturizer | 4) SPF: spf30,1) Cleanser: milk cleanser | 2) Treatment: barrier repair | 3) Moisturizer: oil free gel moisturizer
RTN0000726,REC0000726,dry,4,4,3,0,ultra gentle cleanser,oil free gel moisturizer,niacinamide serum,mineral spf50,barrier repair,skincare_datasets.xlsx::Recommendations|skincare_recommendations_dataset.csv,1) Cleanser: ultra gentle cleanser | 2) Serum: niacinamide serum | 3) Moisturizer: oil free gel moisturizer | 4) SPF: mineral spf50,1) Cleanser: ultra gentle cleanser | 2) Treatment: barrier repair | 3) Moisturizer: oil free gel moisturizer
RTN0000727,REC0000727,dry,4,4,3,4,salicylic acid cleanser,rich cream moisturizer,retinol serum,spf30,anti aging routine,skincare_datasets.xlsx::Recommendations|skincare_recommendations_dataset.csv,1) Cleanser: salicylic acid cleanser | 2) Serum: retinol serum | 3) Moisturizer: rich cream moisturizer | 4) SPF: spf30,1) Cleanser: salicylic acid cleanser | 2) Treatment: anti aging routine | 3) Moisturizer: rich cream moisturizer
RTN0000728,REC0000728,dry,4,4,4,2,milk cleanser,light lotion moisturizer,vitamin c serum,mineral spf50,retinol treatment,skincare_datasets.xlsx::Recommendations|skincare_recommendations_dataset.csv,1) Cleanser: milk cleanser | 2) Serum: vitamin c serum | 3) Moisturizer: light lotion moisturizer | 4) SPF: mineral spf50,1) Cleanser: milk cleanser | 2) Treatment: retinol treatment | 3) Moisturizer: light lotion moisturizer
RTN0000729,REC0000729,dry,4,4,5,0,hydrating cleanser,light lotion moisturizer,niacinamide serum,spf50 matte,benzoyl peroxide,skincare_datasets.xlsx::Recommendations|skincare_recommendations_dataset.csv,1) Cleanser: hydrating cleanser | 2) Serum: niacinamide serum | 3) Moisturizer: light lotion moisturizer | 4) SPF: spf50 matte,1) Cleanser: hydrating cleanser | 2) Treatment: benzoyl peroxide | 3) Moisturizer: light lotion moisturizer
RTN0000730,REC0000730,dry,4,4,5,2,milk cleanser,rich cream moisturizer,vitamin c serum,spf30,benzoyl peroxide,skincare_datasets.xlsx::Recommendations|skincare_recommendations_dataset.csv,1) Cleanser: milk cleanser | 2) Serum: vitamin c serum | 3) Moisturizer: rich cream moisturizer | 4) SPF: spf30,1) Cleanser: milk cleanser | 2) Treatment: benzoyl peroxide | 3) Moisturizer: rich cream moisturizer
RTN0000731,REC0000731,dry,4,4,5,5,hydrating cleanser,ceramide moisturizer,vitamin c serum,spf50 matte,barrier repair,skincare_datasets.xlsx::Recommendations|skincare_recommendations_dataset.csv,1) Cleanser: hydrating cleanser | 2) Serum: vitamin c serum | 3) Moisturizer: ceramide moisturizer | 4) SPF: spf50 matte,1) Cleanser: hydrating cleanser | 2) Treatment: barrier repair | 3) Moisturizer: ceramide moisturizer
RTN0000732,REC0000732,dry,4,4,5,5,ultra gentle cleanser,ceramide moisturizer,hyaluronic acid serum,spf50 matte,chemical exfoliation,skincare_datasets.xlsx::Recommendations|skincare_recommendations_dataset.csv,1) Cleanser: ultra gentle cleanser | 2) Serum: hyaluronic acid serum | 3) Moisturizer: ceramide moisturizer | 4) SPF: spf50 matte,1) Cleanser: ultra gentle cleanser | 2) Treatment: chemical exfoliation | 3) Moisturizer: ceramide moisturizer
RTN0000733,REC0000733,dry,4,5,0,1,gentle foam cleanser,rich cream moisturizer,peptide serum,spf50,benzoyl peroxide,skincare_datasets.xlsx::Recommendations|skincare_recommendations_dataset.csv,1) Cleanser: gentle foam cleanser | 2) Serum: peptide serum | 3) Moisturizer: rich cream moisturizer | 4) SPF: spf50,1) Cleanser: gentle foam cleanser | 2) Treatment: benzoyl peroxide | 3) Moisturizer: rich cream moisturizer
RTN0000734,REC0000734,dry,4,5,0,2,ultra gentle cleanser,ceramide moisturizer,centella serum,mineral spf50,chemical exfoliation,skincare_datasets.xlsx::Recommendations|skincare_recommendations_dataset.csv,1) Cleanser: ultra gentle cleanser | 2) Serum: centella serum | 3) Moisturizer: ceramide moisturizer | 4) SPF: mineral spf50,1) Cleanser: ultra gentle cleanser | 2) Treatment: chemical exfoliation | 3) Moisturizer: ceramide moisturizer
RTN0000735,REC0000735,dry,4,5,0,4,ultra gentle cleanser,ceramide moisturizer,retinol serum,spf50,barrier repair,skincare_datasets.xlsx::Recommendations|skincare_recommendations_dataset.csv,1) Cleanser: ultra gentle cleanser | 2) Serum: retinol serum | 3) Moisturizer: ceramide moisturizer | 4) SPF: spf50,1) Cleanser: ultra gentle cleanser | 2) Treatment: barrier repair | 3) Moisturizer: ceramide moisturizer
RTN0000736,REC0000736,dry,4,5,1,1,acne control cleanser,soothing moisturizer,vitamin c serum,spf50,benzoyl peroxide,skincare_datasets.xlsx::Recommendations|skincare_recommendations_dataset.csv,1) Cleanser: acne control cleanser | 2) Serum: vitamin c serum | 3) Moisturizer: soothing moisturizer | 4) SPF: spf50,1) Cleanser: acne control cleanser | 2) Treatment: benzoyl peroxide | 3) Moisturizer: soothing moisturizer
RTN0000737,REC0000737,dry,4,5,1,1,hydrating cleanser,rich cream moisturizer,vitamin c serum,spf30,retinol treatment,skincare_datasets.xlsx::Recommendations|skincare_recommendations_dataset.csv,1) Cleanser: hydrating cleanser | 2) Serum: vitamin c serum | 3) Moisturizer: rich cream moisturizer | 4) SPF: spf30,1) Cleanser: hydrating cleanser | 2) Treatment: retinol treatment | 3) Moisturizer: rich cream moisturizer
RTN0000738,REC0000738,dry,4,5,1,5,salicylic acid cleanser,light lotion moisturizer,centella serum,spf50,chemical exfoliation,skincare_datasets.xlsx::Recommendations|skincare_recommendations_dataset.csv,1) Cleanser: salicylic acid cleanser | 2) Serum: centella serum | 3) Moisturizer: light lotion moisturizer | 4) SPF: spf50,1) Cleanser: salicylic acid cleanser | 2) Treatment: chemical exfoliation | 3) Moisturizer: light lotion moisturizer
RTN0000739,REC0000739,dry,4,5,2,2,acne control cleanser,oil free gel moisturizer,retinol serum,mineral spf50,calming treatment,skincare_datasets.xlsx::Recommendations|skincare_recommendations_dataset.csv,1) Cleanser: acne control cleanser | 2) Serum: retinol serum | 3) Moisturizer: oil free gel moisturizer | 4) SPF: mineral spf50,1) Cleanser: acne control cleanser | 2) Treatment: calming treatment | 3) Moisturizer: oil free gel moisturizer
RTN0000740,REC0000740,dry,4,5,2,3,ultra gentle cleanser,light lotion moisturizer,niacinamide serum,spf50 matte,barrier repair,skincare_datasets.xlsx::Recommendations|skincare_recommendations_dataset.csv,1) Cleanser: ultra gentle cleanser | 2) Serum: niacinamide serum | 3) Moisturizer: light lotion moisturizer | 4) SPF: spf50 matte,1) Cleanser: ultra gentle cleanser | 2) Treatment: barrier repair | 3) Moisturizer: light lotion moisturizer
RTN0000741,REC0000741,dry,4,5,3,2,ultra gentle cleanser,ceramide moisturizer,niacinamide serum,spf50,retinol treatment,skincare_datasets.xlsx::Recommendations|skincare_recommendations_dataset.csv,1) Cleanser: ultra gentle cleanser | 2) Serum: niacinamide serum | 3) Moisturizer: ceramide moisturizer | 4) SPF: spf50,1) Cleanser: ultra gentle cleanser | 2) Treatment: retinol treatment | 3) Moisturizer: ceramide moisturizer
RTN0000742,REC0000742,dry,4,5,4,0,acne control cleanser,ceramide moisturizer,vitamin c serum,spf50 matte,barrier repair,skincare_datasets.xlsx::Recommendations|skincare_recommendations_dataset.csv,1) Cleanser: acne control cleanser | 2) Serum: vitamin c serum | 3) Moisturizer: ceramide moisturizer | 4) SPF: spf50 matte,1) Cleanser: acne control cleanser | 2) Treatment: barrier repair | 3) Moisturizer: ceramide moisturizer
RTN0000743,REC0000743,dry,4,5,5,2,gentle foam cleanser,soothing moisturizer,peptide serum,spf30,hydrating mask,skincare_datasets.xlsx::Recommendations|skincare_recommendations_dataset.csv,1) Cleanser: gentle foam cleanser | 2) Serum: peptide serum | 3) Moisturizer: soothing moisturizer | 4) SPF: spf30,1) Cleanser: gentle foam cleanser | 2) Treatment: hydrating mask | 3) Moisturizer: soothing moisturizer
RTN0000744,REC0000744,dry,4,5,5,3,hydrating cleanser,soothing moisturizer,peptide serum,spf50,calming treatment,skincare_datasets.xlsx::Recommendations|skincare_recommendations_dataset.csv,1) Cleanser: hydrating cleanser | 2) Serum: peptide serum | 3) Moisturizer: soothing moisturizer | 4) SPF: spf50,1) Cleanser: hydrating cleanser | 2) Treatment: calming treatment | 3) Moisturizer: soothing moisturizer
RTN0000745,REC0000745,dry,4,5,5,5,ultra gentle cleanser,oil free gel moisturizer,niacinamide serum,spf50 matte,anti aging routine,skincare_datasets.xlsx::Recommendations|skincare_recommendations_dataset.csv,1) Cleanser: ultra gentle cleanser | 2) Serum: niacinamide serum | 3) Moisturizer: oil free gel moisturizer | 4) SPF: spf50 matte,1) Cleanser: ultra gentle cleanser | 2) Treatment: anti aging routine | 3) Moisturizer: oil free gel moisturizer
RTN0000746,REC0000746,dry,5,0,0,0,gentle foam cleanser,light lotion moisturizer,centella serum,spf50,barrier repair,skincare_datasets.xlsx::Recommendations|skincare_recommendations_dataset.csv,1) Cleanser: gentle foam cleanser | 2) Serum: centella serum | 3) Moisturizer: light lotion moisturizer | 4) SPF: spf50,1) Cleanser: gentle foam cleanser | 2) Treatment: barrier repair | 3) Moisturizer: light lotion moisturizer
RTN0000747,REC0000747,dry,5,0,1,0,salicylic acid cleanser,oil free gel moisturizer,centella serum,spf50,calming treatment,skincare_datasets.xlsx::Recommendations|skincare_recommendations_dataset.csv,1) Cleanser: salicylic acid cleanser | 2) Serum: centella serum | 3) Moisturizer: oil free gel moisturizer | 4) SPF: spf50,1) Cleanser: salicylic acid cleanser | 2) Treatment: calming treatment | 3) Moisturizer: oil free gel moisturizer
RTN0000748,REC0000748,dry,5,0,1,1,milk cleanser,rich cream moisturizer,niacinamide serum,mineral spf50,barrier repair,skincare_datasets.xlsx::Recommendations|skincare_recommendations_dataset.csv,1) Cleanser: milk cleanser | 2) Serum: niacinamide serum | 3) Moisturizer: rich cream moisturizer | 4) SPF: mineral spf50,1) Cleanser: milk cleanser | 2) Treatment: barrier repair | 3) Moisturizer: rich cream moisturizer
RTN0000749,REC0000749,dry,5,0,1,5,gentle foam cleanser,rich cream moisturizer,retinol serum,mineral spf50,benzoyl peroxide,skincare_datasets.xlsx::Recommendations|skincare_recommendations_dataset.csv,1) Cleanser: gentle foam cleanser | 2) Serum: retinol serum | 3) Moisturizer: rich cream moisturizer | 4) SPF: mineral spf50,1) Cleanser: gentle foam cleanser | 2) Treatment: benzoyl peroxide | 3) Moisturizer: rich cream moisturizer
RTN0000750,REC0000750,dry,5,0,2,0,milk cleanser,soothing moisturizer,centella serum,spf50,barrier repair,skincare_datasets.xlsx::Recommendations|skincare_recommendations_dataset.csv,1) Cleanser: milk cleanser | 2) Serum: centella serum | 3) Moisturizer: soothing moisturizer | 4) SPF: spf50,1) Cleanser: milk cleanser | 2) Treatment: barrier repair | 3) Moisturizer: soothing moisturizer
RTN0000751,REC0000751,dry,5,0,2,5,ultra gentle cleanser,rich cream moisturizer,retinol serum,spf30,retinol treatment,skincare_datasets.xlsx::Recommendations|skincare_recommendations_dataset.csv,1) Cleanser: ultra gentle cleanser | 2) Serum: retinol serum | 3) Moisturizer: rich cream moisturizer | 4) SPF: spf30,1) Cleanser: ultra gentle cleanser | 2) Treatment: retinol treatment | 3) Moisturizer: rich cream moisturizer
RTN0000752,REC0000752,dry,5,0,3,2,hydrating cleanser,rich cream moisturizer,hyaluronic acid serum,spf30,calming treatment,skincare_datasets.xlsx::Recommendations|skincare_recommendations_dataset.csv,1) Cleanser: hydrating cleanser | 2) Serum: hyaluronic acid serum | 3) Moisturizer: rich cream moisturizer | 4) SPF: spf30,1) Cleanser: hydrating cleanser | 2) Treatment: calming treatment | 3) Moisturizer: rich cream moisturizer
RTN0000753,REC0000753,dry,5,0,3,3,milk cleanser,light lotion moisturizer,retinol serum,spf50,anti aging routine,skincare_datasets.xlsx::Recommendations|skincare_recommendations_dataset.csv,1) Cleanser: milk cleanser | 2) Serum: retinol serum | 3) Moisturizer: light lotion moisturizer | 4) SPF: spf50,1) Cleanser: milk cleanser | 2) Treatment: anti aging routine | 3) Moisturizer: light lotion moisturizer
RTN0000754,REC0000754,dry,5,0,4,2,acne control cleanser,soothing moisturizer,retinol serum,spf50,anti aging routine,skincare_datasets.xlsx::Recommendations|skincare_recommendations_dataset.csv,1) Cleanser: acne control cleanser | 2) Serum: retinol serum | 3) Moisturizer: soothing moisturizer | 4) SPF: spf50,1) Cleanser: acne control cleanser | 2) Treatment: anti aging routine | 3) Moisturizer: soothing moisturizer
RTN0000755,REC0000755,dry,5,0,4,5,hydrating cleanser,rich cream moisturizer,hyaluronic acid serum,spf50,calming treatment,skincare_datasets.xlsx::Recommendations|skincare_recommendations_dataset.csv,1) Cleanser: hydrating cleanser | 2) Serum: hyaluronic acid serum | 3) Moisturizer: rich cream moisturizer | 4) SPF: spf50,1) Cleanser: hydrating cleanser | 2) Treatment: calming treatment | 3) Moisturizer: rich cream moisturizer
RTN0000756,REC0000756,dry,5,0,5,1,salicylic acid cleanser,soothing moisturizer,retinol serum,spf30,barrier repair,skincare_datasets.xlsx::Recommendations|skincare_recommendations_dataset.csv,1) Cleanser: salicylic acid cleanser | 2) Serum: retinol serum | 3) Moisturizer: soothing moisturizer | 4) SPF: spf30,1) Cleanser: salicylic acid cleanser | 2) Treatment: barrier repair | 3) Moisturizer: soothing moisturizer
RTN0000757,REC0000757,dry,5,0,5,4,milk cleanser,light lotion moisturizer,vitamin c serum,spf50 matte,anti aging routine,skincare_datasets.xlsx::Recommendations|skincare_recommendations_dataset.csv,1) Cleanser: milk cleanser | 2) Serum: vitamin c serum | 3) Moisturizer: light lotion moisturizer | 4) SPF: spf50 matte,1) Cleanser: milk cleanser | 2) Treatment: anti aging routine | 3) Moisturizer: light lotion moisturizer
RTN0000758,REC0000758,dry,5,0,5,5,milk cleanser,oil free gel moisturizer,retinol serum,spf50 matte,retinol treatment,skincare_datasets.xlsx::Recommendations|skincare_recommendations_dataset.csv,1) Cleanser: milk cleanser | 2) Serum: retinol serum | 3) Moisturizer: oil free gel moisturizer | 4) SPF: spf50 matte,1) Cleanser: milk cleanser | 2) Treatment: retinol treatment | 3) Moisturizer: oil free gel moisturizer
RTN0000759,REC0000759,dry,5,1,0,1,hydrating cleanser,oil free gel moisturizer,retinol serum,mineral spf50,retinol treatment,skincare_datasets.xlsx::Recommendations|skincare_recommendations_dataset.csv,1) Cleanser: hydrating cleanser | 2) Serum: retinol serum | 3) Moisturizer: oil free gel moisturizer | 4) SPF: mineral spf50,1) Cleanser: hydrating cleanser | 2) Treatment: retinol treatment | 3) Moisturizer: oil free gel moisturizer
RTN0000760,REC0000760,dry,5,1,0,2,milk cleanser,soothing moisturizer,centella serum,spf50 matte,benzoyl peroxide,skincare_datasets.xlsx::Recommendations|skincare_recommendations_dataset.csv,1) Cleanser: milk cleanser | 2) Serum: centella serum | 3) Moisturizer: soothing moisturizer | 4) SPF: spf50 matte,1) Cleanser: milk cleanser | 2) Treatment: benzoyl peroxide | 3) Moisturizer: soothing moisturizer
RTN0000761,REC0000761,dry,5,1,0,2,ultra gentle cleanser,rich cream moisturizer,peptide serum,spf30,chemical exfoliation,skincare_datasets.xlsx::Recommendations|skincare_recommendations_dataset.csv,1) Cleanser: ultra gentle cleanser | 2) Serum: peptide serum | 3) Moisturizer: rich cream moisturizer | 4) SPF: spf30,1) Cleanser: ultra gentle cleanser | 2) Treatment: chemical exfoliation | 3) Moisturizer: rich cream moisturizer
RTN0000762,REC0000762,dry,5,1,0,3,hydrating cleanser,light lotion moisturizer,hyaluronic acid serum,mineral spf50,barrier repair,skincare_datasets.xlsx::Recommendations|skincare_recommendations_dataset.csv,1) Cleanser: hydrating cleanser | 2) Serum: hyaluronic acid serum | 3) Moisturizer: light lotion moisturizer | 4) SPF: mineral spf50,1) Cleanser: hydrating cleanser | 2) Treatment: barrier repair | 3) Moisturizer: light lotion moisturizer
RTN0000763,REC0000763,dry,5,1,1,1,hydrating cleanser,oil free gel moisturizer,retinol serum,mineral spf50,hydrating mask,skincare_datasets.xlsx::Recommendations|skincare_recommendations_dataset.csv,1) Cleanser: hydrating cleanser | 2) Serum: retinol serum | 3) Moisturizer: oil free gel moisturizer | 4) SPF: mineral spf50,1) Cleanser: hydrating cleanser | 2) Treatment: hydrating mask | 3) Moisturizer: oil free gel moisturizer
RTN0000764,REC0000764,dry,5,1,1,2,hydrating cleanser,ceramide moisturizer,vitamin c serum,spf50,anti aging routine,skincare_datasets.xlsx::Recommendations|skincare_recommendations_dataset.csv,1) Cleanser: hydrating cleanser | 2) Serum: vitamin c serum | 3) Moisturizer: ceramide moisturizer | 4) SPF: spf50,1) Cleanser: hydrating cleanser | 2) Treatment: anti aging routine | 3) Moisturizer: ceramide moisturizer
RTN0000765,REC0000765,dry,5,1,1,2,milk cleanser,light lotion moisturizer,niacinamide serum,spf50,chemical exfoliation,skincare_datasets.xlsx::Recommendations|skincare_recommendations_dataset.csv,1) Cleanser: milk cleanser | 2) Serum: niacinamide serum | 3) Moisturizer: light lotion moisturizer | 4) SPF: spf50,1) Cleanser: milk cleanser | 2) Treatment: chemical exfoliation | 3) Moisturizer: light lotion moisturizer
RTN0000766,REC0000766,dry,5,1,1,3,milk cleanser,soothing moisturizer,niacinamide serum,mineral spf50,barrier repair,skincare_datasets.xlsx::Recommendations|skincare_recommendations_dataset.csv,1) Cleanser: milk cleanser | 2) Serum: niacinamide serum | 3) Moisturizer: soothing moisturizer | 4) SPF: mineral spf50,1) Cleanser: milk cleanser | 2) Treatment: barrier repair | 3) Moisturizer: soothing moisturizer
RTN0000767,REC0000767,dry,5,1,3,1,gentle foam cleanser,ceramide moisturizer,hyaluronic acid serum,spf50,hydrating mask,skincare_datasets.xlsx::Recommendations|skincare_recommendations_dataset.csv,1) Cleanser: gentle foam cleanser | 2) Serum: hyaluronic acid serum | 3) Moisturizer: ceramide moisturizer | 4) SPF: spf50,1) Cleanser: gentle foam cleanser | 2) Treatment: hydrating mask | 3) Moisturizer: ceramide moisturizer
RTN0000768,REC0000768,dry,5,1,3,2,gentle foam cleanser,soothing moisturizer,vitamin c serum,spf50 matte,hydrating mask,skincare_datasets.xlsx::Recommendations|skincare_recommendations_dataset.csv,1) Cleanser: gentle foam cleanser | 2) Serum: vitamin c serum | 3) Moisturizer: soothing moisturizer | 4) SPF: spf50 matte,1) Cleanser: gentle foam cleanser | 2) Treatment: hydrating mask | 3) Moisturizer: soothing moisturizer
RTN0000769,REC0000769,dry,5,1,3,4,acne control cleanser,rich cream moisturizer,niacinamide serum,spf50 matte,anti aging routine,skincare_datasets.xlsx::Recommendations|skincare_recommendations_dataset.csv,1) Cleanser: acne control cleanser | 2) Serum: niacinamide serum | 3) Moisturizer: rich cream moisturizer | 4) SPF: spf50 matte,1) Cleanser: acne control cleanser | 2) Treatment: anti aging routine | 3) Moisturizer: rich cream moisturizer
RTN0000770,REC0000770,dry,5,1,3,4,milk cleanser,oil free gel moisturizer,retinol serum,spf50,chemical exfoliation,skincare_datasets.xlsx::Recommendations|skincare_recommendations_dataset.csv,1) Cleanser: milk cleanser | 2) Serum: retinol serum | 3) Moisturizer: oil free gel moisturizer | 4) SPF: spf50,1) Cleanser: milk cleanser | 2) Treatment: chemical exfoliation | 3) Moisturizer: oil free gel moisturizer
RTN0000771,REC0000771,dry,5,1,4,0,acne control cleanser,light lotion moisturizer,peptide serum,spf30,benzoyl peroxide,skincare_datasets.xlsx::Recommendations|skincare_recommendations_dataset.csv,1) Cleanser: acne control cleanser | 2) Serum: peptide serum | 3) Moisturizer: light lotion moisturizer | 4) SPF: spf30,1) Cleanser: acne control cleanser | 2) Treatment: benzoyl peroxide | 3) Moisturizer: light lotion moisturizer
RTN0000772,REC0000772,dry,5,1,4,5,gentle foam cleanser,rich cream moisturizer,vitamin c serum,spf50,chemical exfoliation,skincare_datasets.xlsx::Recommendations|skincare_recommendations_dataset.csv,1) Cleanser: gentle foam cleanser | 2) Serum: vitamin c serum | 3) Moisturizer: rich cream moisturizer | 4) SPF: spf50,1) Cleanser: gentle foam cleanser | 2) Treatment: chemical exfoliation | 3) Moisturizer: rich cream moisturizer
RTN0000773,REC0000773,dry,5,1,5,2,gentle foam cleanser,light lotion moisturizer,peptide serum,spf30,chemical exfoliation,skincare_datasets.xlsx::Recommendations|skincare_recommendations_dataset.csv,1) Cleanser: gentle foam cleanser | 2) Serum: peptide serum | 3) Moisturizer: light lotion moisturizer | 4) SPF: spf30,1) Cleanser: gentle foam cleanser | 2) Treatment: chemical exfoliation | 3) Moisturizer: light lotion moisturizer
RTN0000774,REC0000774,dry,5,1,5,2,hydrating cleanser,rich cream moisturizer,peptide serum,spf50,benzoyl peroxide,skincare_datasets.xlsx::Recommendations|skincare_recommendations_dataset.csv,1) Cleanser: hydrating cleanser | 2) Serum: peptide serum | 3) Moisturizer: rich cream moisturizer | 4) SPF: spf50,1) Cleanser: hydrating cleanser | 2) Treatment: benzoyl peroxide | 3) Moisturizer: rich cream moisturizer
RTN0000775,REC0000775,dry,5,1,5,3,gentle foam cleanser,ceramide moisturizer,hyaluronic acid serum,mineral spf50,benzoyl peroxide,skincare_datasets.xlsx::Recommendations|skincare_recommendations_dataset.csv,1) Cleanser: gentle foam cleanser | 2) Serum: hyaluronic acid serum | 3) Moisturizer: ceramide moisturizer | 4) SPF: mineral spf50,1) Cleanser: gentle foam cleanser | 2) Treatment: benzoyl peroxide | 3) Moisturizer: ceramide moisturizer
RTN0000776,REC0000776,dry,5,2,0,4,salicylic acid cleanser,rich cream moisturizer,peptide serum,spf30,benzoyl peroxide,skincare_datasets.xlsx::Recommendations|skincare_recommendations_dataset.csv,1) Cleanser: salicylic acid cleanser | 2) Serum: peptide serum | 3) Moisturizer: rich cream moisturizer | 4) SPF: spf30,1) Cleanser: salicylic acid cleanser | 2) Treatment: benzoyl peroxide | 3) Moisturizer: rich cream moisturizer
RTN0000777,REC0000777,dry,5,2,1,4,gentle foam cleanser,rich cream moisturizer,hyaluronic acid serum,spf50,chemical exfoliation,skincare_datasets.xlsx::Recommendations|skincare_recommendations_dataset.csv,1) Cleanser: gentle foam cleanser | 2) Serum: hyaluronic acid serum | 3) Moisturizer: rich cream moisturizer | 4) SPF: spf50,1) Cleanser: gentle foam cleanser | 2) Treatment: chemical exfoliation | 3) Moisturizer: rich cream moisturizer
RTN0000778,REC0000778,dry,5,2,1,4,milk cleanser,soothing moisturizer,peptide serum,spf30,retinol treatment,skincare_datasets.xlsx::Recommendations|skincare_recommendations_dataset.csv,1) Cleanser: milk cleanser | 2) Serum: peptide serum | 3) Moisturizer: soothing moisturizer | 4) SPF: spf30,1) Cleanser: milk cleanser | 2) Treatment: retinol treatment | 3) Moisturizer: soothing moisturizer
RTN0000779,REC0000779,dry,5,2,3,2,milk cleanser,oil free gel moisturizer,niacinamide serum,mineral spf50,hydrating mask,skincare_datasets.xlsx::Recommendations|skincare_recommendations_dataset.csv,1) Cleanser: milk cleanser | 2) Serum: niacinamide serum | 3) Moisturizer: oil free gel moisturizer | 4) SPF: mineral spf50,1) Cleanser: milk cleanser | 2) Treatment: hydrating mask | 3) Moisturizer: oil free gel moisturizer
RTN0000780,REC0000780,dry,5,2,4,3,gentle foam cleanser,rich cream moisturizer,centella serum,mineral spf50,calming treatment,skincare_datasets.xlsx::Recommendations|skincare_recommendations_dataset.csv,1) Cleanser: gentle foam cleanser | 2) Serum: centella serum | 3) Moisturizer: rich cream moisturizer | 4) SPF: mineral spf50,1) Cleanser: gentle foam cleanser | 2) Treatment: calming treatment | 3) Moisturizer: rich cream moisturizer
RTN0000781,REC0000781,dry,5,3,0,1,hydrating cleanser,oil free gel moisturizer,retinol serum,spf30,retinol treatment,skincare_datasets.xlsx::Recommendations|skincare_recommendations_dataset.csv,1) Cleanser: hydrating cleanser | 2) Serum: retinol serum | 3) Moisturizer: oil free gel moisturizer | 4) SPF: spf30,1) Cleanser: hydrating cleanser | 2) Treatment: retinol treatment | 3) Moisturizer: oil free gel moisturizer
RTN0000782,REC0000782,dry,5,3,0,1,milk cleanser,oil free gel moisturizer,retinol serum,mineral spf50,calming treatment,skincare_datasets.xlsx::Recommendations|skincare_recommendations_dataset.csv,1) Cleanser: milk cleanser | 2) Serum: retinol serum | 3) Moisturizer: oil free gel moisturizer | 4) SPF: mineral spf50,1) Cleanser: milk cleanser | 2) Treatment: calming treatment | 3) Moisturizer: oil free gel moisturizer
RTN0000783,REC0000783,dry,5,3,0,1,salicylic acid cleanser,oil free gel moisturizer,peptide serum,spf50,hydrating mask,skincare_datasets.xlsx::Recommendations|skincare_recommendations_dataset.csv,1) Cleanser: salicylic acid cleanser | 2) Serum: peptide serum | 3) Moisturizer: oil free gel moisturizer | 4) SPF: spf50,1) Cleanser: salicylic acid cleanser | 2) Treatment: hydrating mask | 3) Moisturizer: oil free gel moisturizer
RTN0000784,REC0000784,dry,5,3,1,1,acne control cleanser,light lotion moisturizer,centella serum,spf50,calming treatment,skincare_datasets.xlsx::Recommendations|skincare_recommendations_dataset.csv,1) Cleanser: acne control cleanser | 2) Serum: centella serum | 3) Moisturizer: light lotion moisturizer | 4) SPF: spf50,1) Cleanser: acne control cleanser | 2) Treatment: calming treatment | 3) Moisturizer: light lotion moisturizer
RTN0000785,REC0000785,dry,5,3,1,3,gentle foam cleanser,light lotion moisturizer,peptide serum,spf50,anti aging routine,skincare_datasets.xlsx::Recommendations|skincare_recommendations_dataset.csv,1) Cleanser: gentle foam cleanser | 2) Serum: peptide serum | 3) Moisturizer: light lotion moisturizer | 4) SPF: spf50,1) Cleanser: gentle foam cleanser | 2) Treatment: anti aging routine | 3) Moisturizer: light lotion moisturizer
RTN0000786,REC0000786,dry,5,3,2,1,salicylic acid cleanser,rich cream moisturizer,retinol serum,spf50 matte,hydrating mask,skincare_datasets.xlsx::Recommendations|skincare_recommendations_dataset.csv,1) Cleanser: salicylic acid cleanser | 2) Serum: retinol serum | 3) Moisturizer: rich cream moisturizer | 4) SPF: spf50 matte,1) Cleanser: salicylic acid cleanser | 2) Treatment: hydrating mask | 3) Moisturizer: rich cream moisturizer
RTN0000787,REC0000787,dry,5,3,2,5,salicylic acid cleanser,soothing moisturizer,retinol serum,mineral spf50,hydrating mask,skincare_datasets.xlsx::Recommendations|skincare_recommendations_dataset.csv,1) Cleanser: salicylic acid cleanser | 2) Serum: retinol serum | 3) Moisturizer: soothing moisturizer | 4) SPF: mineral spf50,1) Cleanser: salicylic acid cleanser | 2) Treatment: hydrating mask | 3) Moisturizer: soothing moisturizer
RTN0000788,REC0000788,dry,5,3,3,1,milk cleanser,rich cream moisturizer,vitamin c serum,spf30,anti aging routine,skincare_datasets.xlsx::Recommendations|skincare_recommendations_dataset.csv,1) Cleanser: milk cleanser | 2) Serum: vitamin c serum | 3) Moisturizer: rich cream moisturizer | 4) SPF: spf30,1) Cleanser: milk cleanser | 2) Treatment: anti aging routine | 3) Moisturizer: rich cream moisturizer
RTN0000789,REC0000789,dry,5,3,3,5,salicylic acid cleanser,ceramide moisturizer,vitamin c serum,mineral spf50,anti aging routine,skincare_datasets.xlsx::Recommendations|skincare_recommendations_dataset.csv,1) Cleanser: salicylic acid cleanser | 2) Serum: vitamin c serum | 3) Moisturizer: ceramide moisturizer | 4) SPF: mineral spf50,1) Cleanser: salicylic acid cleanser | 2) Treatment: anti aging routine | 3) Moisturizer: ceramide moisturizer
RTN0000790,REC0000790,dry,5,3,4,2,acne control cleanser,light lotion moisturizer,retinol serum,mineral spf50,chemical exfoliation,skincare_datasets.xlsx::Recommendations|skincare_recommendations_dataset.csv,1) Cleanser: acne control cleanser | 2) Serum: retinol serum | 3) Moisturizer: light lotion moisturizer | 4) SPF: mineral spf50,1) Cleanser: acne control cleanser | 2) Treatment: chemical exfoliation | 3) Moisturizer: light lotion moisturizer
RTN0000791,REC0000791,dry,5,3,4,2,ultra gentle cleanser,light lotion moisturizer,peptide serum,mineral spf50,hydrating mask,skincare_datasets.xlsx::Recommendations|skincare_recommendations_dataset.csv,1) Cleanser: ultra gentle cleanser | 2) Serum: peptide serum | 3) Moisturizer: light lotion moisturizer | 4) SPF: mineral spf50,1) Cleanser: ultra gentle cleanser | 2) Treatment: hydrating mask | 3) Moisturizer: light lotion moisturizer
RTN0000792,REC0000792,dry,5,3,4,4,acne control cleanser,soothing moisturizer,niacinamide serum,spf50,retinol treatment,skincare_datasets.xlsx::Recommendations|skincare_recommendations_dataset.csv,1) Cleanser: acne control cleanser | 2) Serum: niacinamide serum | 3) Moisturizer: soothing moisturizer | 4) SPF: spf50,1) Cleanser: acne control cleanser | 2) Treatment: retinol treatment | 3) Moisturizer: soothing moisturizer
RTN0000793,REC0000793,dry,5,3,5,0,gentle foam cleanser,oil free gel moisturizer,hyaluronic acid serum,mineral spf50,anti aging routine,skincare_datasets.xlsx::Recommendations|skincare_recommendations_dataset.csv,1) Cleanser: gentle foam cleanser | 2) Serum: hyaluronic acid serum | 3) Moisturizer: oil free gel moisturizer | 4) SPF: mineral spf50,1) Cleanser: gentle foam cleanser | 2) Treatment: anti aging routine | 3) Moisturizer: oil free gel moisturizer
RTN0000794,REC0000794,dry,5,3,5,2,salicylic acid cleanser,light lotion moisturizer,hyaluronic acid serum,mineral spf50,benzoyl peroxide,skincare_datasets.xlsx::Recommendations|skincare_recommendations_dataset.csv,1) Cleanser: salicylic acid cleanser | 2) Serum: hyaluronic acid serum | 3) Moisturizer: light lotion moisturizer | 4) SPF: mineral spf50,1) Cleanser: salicylic acid cleanser | 2) Treatment: benzoyl peroxide | 3) Moisturizer: light lotion moisturizer
RTN0000795,REC0000795,dry,5,4,1,2,hydrating cleanser,light lotion moisturizer,peptide serum,spf30,hydrating mask,skincare_datasets.xlsx::Recommendations|skincare_recommendations_dataset.csv,1) Cleanser: hydrating cleanser | 2) Serum: peptide serum | 3) Moisturizer: light lotion moisturizer | 4) SPF: spf30,1) Cleanser: hydrating cleanser | 2) Treatment: hydrating mask | 3) Moisturizer: light lotion moisturizer
RTN0000796,REC0000796,dry,5,4,1,5,milk cleanser,oil free gel moisturizer,vitamin c serum,spf50 matte,retinol treatment,skincare_datasets.xlsx::Recommendations|skincare_recommendations_dataset.csv,1) Cleanser: milk cleanser | 2) Serum: vitamin c serum | 3) Moisturizer: oil free gel moisturizer | 4) SPF: spf50 matte,1) Cleanser: milk cleanser | 2) Treatment: retinol treatment | 3) Moisturizer: oil free gel moisturizer
RTN0000797,REC0000797,dry,5,4,2,4,acne control cleanser,soothing moisturizer,niacinamide serum,spf50 matte,calming treatment,skincare_datasets.xlsx::Recommendations|skincare_recommendations_dataset.csv,1) Cleanser: acne control cleanser | 2) Serum: niacinamide serum | 3) Moisturizer: soothing moisturizer | 4) SPF: spf50 matte,1) Cleanser: acne control cleanser | 2) Treatment: calming treatment | 3) Moisturizer: soothing moisturizer
RTN0000798,REC0000798,dry,5,4,3,0,milk cleanser,rich cream moisturizer,centella serum,spf30,hydrating mask,skincare_datasets.xlsx::Recommendations|skincare_recommendations_dataset.csv,1) Cleanser: milk cleanser | 2) Serum: centella serum | 3) Moisturizer: rich cream moisturizer | 4) SPF: spf30,1) Cleanser: milk cleanser | 2) Treatment: hydrating mask | 3) Moisturizer: rich cream moisturizer
RTN0000799,REC0000799,dry,5,4,3,5,hydrating cleanser,oil free gel moisturizer,centella serum,spf50,anti aging routine,skincare_datasets.xlsx::Recommendations|skincare_recommendations_dataset.csv,1) Cleanser: hydrating cleanser | 2) Serum: centella serum | 3) Moisturizer: oil free gel moisturizer | 4) SPF: spf50,1) Cleanser: hydrating cleanser | 2) Treatment: anti aging routine | 3) Moisturizer: oil free gel moisturizer
RTN0000800,REC0000800,dry,5,4,5,3,ultra gentle cleanser,oil free gel moisturizer,centella serum,spf50 matte,barrier repair,skincare_datasets.xlsx::Recommendations|skincare_recommendations_dataset.csv,1) Cleanser: ultra gentle cleanser | 2) Serum: centella serum | 3) Moisturizer: oil free gel moisturizer | 4) SPF: spf50 matte,1) Cleanser: ultra gentle cleanser | 2) Treatment: barrier repair | 3) Moisturizer: oil free gel moisturizer
RTN0000801,REC0000801,dry,5,4,5,5,hydrating cleanser,oil free gel moisturizer,niacinamide serum,mineral spf50,anti aging routine,skincare_datasets.xlsx::Recommendations|skincare_recommendations_dataset.csv,1) Cleanser: hydrating cleanser | 2) Serum: niacinamide serum | 3) Moisturizer: oil free gel moisturizer | 4) SPF: mineral spf50,1) Cleanser: hydrating cleanser | 2) Treatment: anti aging routine | 3) Moisturizer: oil free gel moisturizer
RTN0000802,REC0000802,dry,5,5,0,0,hydrating cleanser,soothing moisturizer,centella serum,spf50 matte,anti aging routine,skincare_datasets.xlsx::Recommendations|skincare_recommendations_dataset.csv,1) Cleanser: hydrating cleanser | 2) Serum: centella serum | 3) Moisturizer: soothing moisturizer | 4) SPF: spf50 matte,1) Cleanser: hydrating cleanser | 2) Treatment: anti aging routine | 3) Moisturizer: soothing moisturizer
RTN0000803,REC0000803,dry,5,5,0,2,acne control cleanser,light lotion moisturizer,retinol serum,spf30,benzoyl peroxide,skincare_datasets.xlsx::Recommendations|skincare_recommendations_dataset.csv,1) Cleanser: acne control cleanser | 2) Serum: retinol serum | 3) Moisturizer: light lotion moisturizer | 4) SPF: spf30,1) Cleanser: acne control cleanser | 2) Treatment: benzoyl peroxide | 3) Moisturizer: light lotion moisturizer
RTN0000804,REC0000804,dry,5,5,0,4,hydrating cleanser,ceramide moisturizer,peptide serum,mineral spf50,calming treatment,skincare_datasets.xlsx::Recommendations|skincare_recommendations_dataset.csv,1) Cleanser: hydrating cleanser | 2) Serum: peptide serum | 3) Moisturizer: ceramide moisturizer | 4) SPF: mineral spf50,1) Cleanser: hydrating cleanser | 2) Treatment: calming treatment | 3) Moisturizer: ceramide moisturizer
RTN0000805,REC0000805,dry,5,5,0,5,ultra gentle cleanser,oil free gel moisturizer,retinol serum,mineral spf50,benzoyl peroxide,skincare_datasets.xlsx::Recommendations|skincare_recommendations_dataset.csv,1) Cleanser: ultra gentle cleanser | 2) Serum: retinol serum | 3) Moisturizer: oil free gel moisturizer | 4) SPF: mineral spf50,1) Cleanser: ultra gentle cleanser | 2) Treatment: benzoyl peroxide | 3) Moisturizer: oil free gel moisturizer
RTN0000806,REC0000806,dry,5,5,2,4,hydrating cleanser,soothing moisturizer,peptide serum,spf50,barrier repair,skincare_datasets.xlsx::Recommendations|skincare_recommendations_dataset.csv,1) Cleanser: hydrating cleanser | 2) Serum: peptide serum | 3) Moisturizer: soothing moisturizer | 4) SPF: spf50,1) Cleanser: hydrating cleanser | 2) Treatment: barrier repair | 3) Moisturizer: soothing moisturizer
RTN0000807,REC0000807,dry,5,5,3,2,salicylic acid cleanser,soothing moisturizer,hyaluronic acid serum,spf50,retinol treatment,skincare_datasets.xlsx::Recommendations|skincare_recommendations_dataset.csv,1) Cleanser: salicylic acid cleanser | 2) Serum: hyaluronic acid serum | 3) Moisturizer: soothing moisturizer | 4) SPF: spf50,1) Cleanser: salicylic acid cleanser | 2) Treatment: retinol treatment | 3) Moisturizer: soothing moisturizer
RTN0000808,REC0000808,dry,5,5,3,5,milk cleanser,rich cream moisturizer,peptide serum,mineral spf50,barrier repair,skincare_datasets.xlsx::Recommendations|skincare_recommendations_dataset.csv,1) Cleanser: milk cleanser | 2) Serum: peptide serum | 3) Moisturizer: rich cream moisturizer | 4) SPF: mineral spf50,1) Cleanser: milk cleanser | 2) Treatment: barrier repair | 3) Moisturizer: rich cream moisturizer
RTN0000809,REC0000809,dry,5,5,5,1,salicylic acid cleanser,soothing moisturizer,centella serum,mineral spf50,chemical exfoliation,skincare_datasets.xlsx::Recommendations|skincare_recommendations_dataset.csv,1) Cleanser: salicylic acid cleanser | 2) Serum: centella serum | 3) Moisturizer: soothing moisturizer | 4) SPF: mineral spf50,1) Cleanser: salicylic acid cleanser | 2) Treatment: chemical exfoliation | 3) Moisturizer: soothing moisturizer
RTN0000810,REC0000810,dry,5,5,5,2,ultra gentle cleanser,light lotion moisturizer,centella serum,spf30,chemical exfoliation,skincare_datasets.xlsx::Recommendations|skincare_recommendations_dataset.csv,1) Cleanser: ultra gentle cleanser | 2) Serum: centella serum | 3) Moisturizer: light lotion moisturizer | 4) SPF: spf30,1) Cleanser: ultra gentle cleanser | 2) Treatment: chemical exfoliation | 3) Moisturizer: light lotion moisturizer
RTN0000811,REC0000811,dry,5,5,5,4,hydrating cleanser,oil free gel moisturizer,vitamin c serum,spf50,hydrating mask,skincare_datasets.xlsx::Recommendations|skincare_recommendations_dataset.csv,1) Cleanser: hydrating cleanser | 2) Serum: vitamin c serum | 3) Moisturizer: oil free gel moisturizer | 4) SPF: spf50,1) Cleanser: hydrating cleanser | 2) Treatment: hydrating mask | 3) Moisturizer: oil free gel moisturizer
RTN0000812,REC0000812,dry,5,5,5,5,hydrating cleanser,ceramide moisturizer,niacinamide serum,spf30,retinol treatment,skincare_datasets.xlsx::Recommendations|skincare_recommendations_dataset.csv,1) Cleanser: hydrating cleanser | 2) Serum: niacinamide serum | 3) Moisturizer: ceramide moisturizer | 4) SPF: spf30,1) Cleanser: hydrating cleanser | 2) Treatment: retinol treatment | 3) Moisturizer: ceramide moisturizer
RTN0000813,REC0000813,normal,0,0,0,0,salicylic acid cleanser,rich cream moisturizer,niacinamide serum,mineral spf50,benzoyl peroxide,skincare_datasets.xlsx::Recommendations|skincare_recommendations_dataset.csv,1) Cleanser: salicylic acid cleanser | 2) Serum: niacinamide serum | 3) Moisturizer: rich cream moisturizer | 4) SPF: mineral spf50,1) Cleanser: salicylic acid cleanser | 2) Treatment: benzoyl peroxide | 3) Moisturizer: rich cream moisturizer
RTN0000814,REC0000814,normal,0,0,0,3,acne control cleanser,soothing moisturizer,centella serum,spf30,anti aging routine,skincare_datasets.xlsx::Recommendations|skincare_recommendations_dataset.csv,1) Cleanser: acne control cleanser | 2) Serum: centella serum | 3) Moisturizer: soothing moisturizer | 4) SPF: spf30,1) Cleanser: acne control cleanser | 2) Treatment: anti aging routine | 3) Moisturizer: soothing moisturizer
RTN0000815,REC0000815,normal,0,0,1,0,milk cleanser,soothing moisturizer,centella serum,spf30,chemical exfoliation,skincare_datasets.xlsx::Recommendations|skincare_recommendations_dataset.csv,1) Cleanser: milk cleanser | 2) Serum: centella serum | 3) Moisturizer: soothing moisturizer | 4) SPF: spf30,1) Cleanser: milk cleanser | 2) Treatment: chemical exfoliation | 3) Moisturizer: soothing moisturizer
RTN0000816,REC0000816,normal,0,0,1,1,ultra gentle cleanser,soothing moisturizer,vitamin c serum,spf50 matte,barrier repair,skincare_datasets.xlsx::Recommendations|skincare_recommendations_dataset.csv,1) Cleanser: ultra gentle cleanser | 2) Serum: vitamin c serum | 3) Moisturizer: soothing moisturizer | 4) SPF: spf50 matte,1) Cleanser: ultra gentle cleanser | 2) Treatment: barrier repair | 3) Moisturizer: soothing moisturizer
RTN0000817,REC0000817,normal,0,0,1,4,acne control cleanser,rich cream moisturizer,retinol serum,mineral spf50,chemical exfoliation,skincare_datasets.xlsx::Recommendations|skincare_recommendations_dataset.csv,1) Cleanser: acne control cleanser | 2) Serum: retinol serum | 3) Moisturizer: rich cream moisturizer | 4) SPF: mineral spf50,1) Cleanser: acne control cleanser | 2) Treatment: chemical exfoliation | 3) Moisturizer: rich cream moisturizer
RTN0000818,REC0000818,normal,0,0,2,1,hydrating cleanser,oil free gel moisturizer,vitamin c serum,mineral spf50,retinol treatment,skincare_datasets.xlsx::Recommendations|skincare_recommendations_dataset.csv,1) Cleanser: hydrating cleanser | 2) Serum: vitamin c serum | 3) Moisturizer: oil free gel moisturizer | 4) SPF: mineral spf50,1) Cleanser: hydrating cleanser | 2) Treatment: retinol treatment | 3) Moisturizer: oil free gel moisturizer
RTN0000819,REC0000819,normal,0,0,2,4,ultra gentle cleanser,oil free gel moisturizer,vitamin c serum,spf30,benzoyl peroxide,skincare_datasets.xlsx::Recommendations|skincare_recommendations_dataset.csv,1) Cleanser: ultra gentle cleanser | 2) Serum: vitamin c serum | 3) Moisturizer: oil free gel moisturizer | 4) SPF: spf30,1) Cleanser: ultra gentle cleanser | 2) Treatment: benzoyl peroxide | 3) Moisturizer: oil free gel moisturizer
RTN0000820,REC0000820,normal,0,0,3,3,ultra gentle cleanser,oil free gel moisturizer,retinol serum,spf30,retinol treatment,skincare_datasets.xlsx::Recommendations|skincare_recommendations_dataset.csv,1) Cleanser: ultra gentle cleanser | 2) Serum: retinol serum | 3) Moisturizer: oil free gel moisturizer | 4) SPF: spf30,1) Cleanser: ultra gentle cleanser | 2) Treatment: retinol treatment | 3) Moisturizer: oil free gel moisturizer
RTN0000821,REC0000821,normal,0,0,3,5,gentle foam cleanser,rich cream moisturizer,niacinamide serum,spf50 matte,barrier repair,skincare_datasets.xlsx::Recommendations|skincare_recommendations_dataset.csv,1) Cleanser: gentle foam cleanser | 2) Serum: niacinamide serum | 3) Moisturizer: rich cream moisturizer | 4) SPF: spf50 matte,1) Cleanser: gentle foam cleanser | 2) Treatment: barrier repair | 3) Moisturizer: rich cream moisturizer
RTN0000822,REC0000822,normal,0,0,4,0,milk cleanser,soothing moisturizer,peptide serum,spf50,benzoyl peroxide,skincare_datasets.xlsx::Recommendations|skincare_recommendations_dataset.csv,1) Cleanser: milk cleanser | 2) Serum: peptide serum | 3) Moisturizer: soothing moisturizer | 4) SPF: spf50,1) Cleanser: milk cleanser | 2) Treatment: benzoyl peroxide | 3) Moisturizer: soothing moisturizer
RTN0000823,REC0000823,normal,0,0,4,1,acne control cleanser,soothing moisturizer,hyaluronic acid serum,mineral spf50,retinol treatment,skincare_datasets.xlsx::Recommendations|skincare_recommendations_dataset.csv,1) Cleanser: acne control cleanser | 2) Serum: hyaluronic acid serum | 3) Moisturizer: soothing moisturizer | 4) SPF: mineral spf50,1) Cleanser: acne control cleanser | 2) Treatment: retinol treatment | 3) Moisturizer: soothing moisturizer
RTN0000824,REC0000824,normal,0,0,4,3,milk cleanser,rich cream moisturizer,vitamin c serum,mineral spf50,calming treatment,skincare_datasets.xlsx::Recommendations|skincare_recommendations_dataset.csv,1) Cleanser: milk cleanser | 2) Serum: vitamin c serum | 3) Moisturizer: rich cream moisturizer | 4) SPF: mineral spf50,1) Cleanser: milk cleanser | 2) Treatment: calming treatment | 3) Moisturizer: rich cream moisturizer
RTN0000825,REC0000825,normal,0,0,4,5,salicylic acid cleanser,oil free gel moisturizer,peptide serum,spf30,hydrating mask,skincare_datasets.xlsx::Recommendations|skincare_recommendations_dataset.csv,1) Cleanser: salicylic acid cleanser | 2) Serum: peptide serum | 3) Moisturizer: oil free gel moisturizer | 4) SPF: spf30,1) Cleanser: salicylic acid cleanser | 2) Treatment: hydrating mask | 3) Moisturizer: oil free gel moisturizer
RTN0000826,REC0000826,normal,0,1,0,2,salicylic acid cleanser,oil free gel moisturizer,niacinamide serum,mineral spf50,barrier repair,skincare_datasets.xlsx::Recommendations|skincare_recommendations_dataset.csv,1) Cleanser: salicylic acid cleanser | 2) Serum: niacinamide serum | 3) Moisturizer: oil free gel moisturizer | 4) SPF: mineral spf50,1) Cleanser: salicylic acid cleanser | 2) Treatment: barrier repair | 3) Moisturizer: oil free gel moisturizer
RTN0000827,REC0000827,normal,0,1,1,3,ultra gentle cleanser,rich cream moisturizer,retinol serum,spf50,calming treatment,skincare_datasets.xlsx::Recommendations|skincare_recommendations_dataset.csv,1) Cleanser: ultra gentle cleanser | 2) Serum: retinol serum | 3) Moisturizer: rich cream moisturizer | 4) SPF: spf50,1) Cleanser: ultra gentle cleanser | 2) Treatment: calming treatment | 3) Moisturizer: rich cream moisturizer
RTN0000828,REC0000828,normal,0,1,3,0,salicylic acid cleanser,ceramide moisturizer,centella serum,spf50,chemical exfoliation,skincare_datasets.xlsx::Recommendations|skincare_recommendations_dataset.csv,1) Cleanser: salicylic acid cleanser | 2) Serum: centella serum | 3) Moisturizer: ceramide moisturizer | 4) SPF: spf50,1) Cleanser: salicylic acid cleanser | 2) Treatment: chemical exfoliation | 3) Moisturizer: ceramide moisturizer
RTN0000829,REC0000829,normal,0,2,0,5,salicylic acid cleanser,rich cream moisturizer,retinol serum,spf50 matte,retinol treatment,skincare_datasets.xlsx::Recommendations|skincare_recommendations_dataset.csv,1) Cleanser: salicylic acid cleanser | 2) Serum: retinol serum | 3) Moisturizer: rich cream moisturizer | 4) SPF: spf50 matte,1) Cleanser: salicylic acid cleanser | 2) Treatment: retinol treatment | 3) Moisturizer: rich cream moisturizer
RTN0000830,REC0000830,normal,0,2,1,0,gentle foam cleanser,soothing moisturizer,peptide serum,spf50,hydrating mask,skincare_datasets.xlsx::Recommendations|skincare_recommendations_dataset.csv,1) Cleanser: gentle foam cleanser | 2) Serum: peptide serum | 3) Moisturizer: soothing moisturizer | 4) SPF: spf50,1) Cleanser: gentle foam cleanser | 2) Treatment: hydrating mask | 3) Moisturizer: soothing moisturizer
RTN0000831,REC0000831,normal,0,2,2,0,milk cleanser,rich cream moisturizer,peptide serum,spf50 matte,chemical exfoliation,skincare_datasets.xlsx::Recommendations|skincare_recommendations_dataset.csv,1) Cleanser: milk cleanser | 2) Serum: peptide serum | 3) Moisturizer: rich cream moisturizer | 4) SPF: spf50 matte,1) Cleanser: milk cleanser | 2) Treatment: chemical exfoliation | 3) Moisturizer: rich cream moisturizer
RTN0000832,REC0000832,normal,0,2,2,3,gentle foam cleanser,light lotion moisturizer,hyaluronic acid serum,spf30,chemical exfoliation,skincare_datasets.xlsx::Recommendations|skincare_recommendations_dataset.csv,1) Cleanser: gentle foam cleanser | 2) Serum: hyaluronic acid serum | 3) Moisturizer: light lotion moisturizer | 4) SPF: spf30,1) Cleanser: gentle foam cleanser | 2) Treatment: chemical exfoliation | 3) Moisturizer: light lotion moisturizer
RTN0000833,REC0000833,normal,0,2,2,4,hydrating cleanser,oil free gel moisturizer,hyaluronic acid serum,spf30,calming treatment,skincare_datasets.xlsx::Recommendations|skincare_recommendations_dataset.csv,1) Cleanser: hydrating cleanser | 2) Serum: hyaluronic acid serum | 3) Moisturizer: oil free gel moisturizer | 4) SPF: spf30,1) Cleanser: hydrating cleanser | 2) Treatment: calming treatment | 3) Moisturizer: oil free gel moisturizer
RTN0000834,REC0000834,normal,0,2,2,5,acne control cleanser,oil free gel moisturizer,retinol serum,spf50,retinol treatment,skincare_datasets.xlsx::Recommendations|skincare_recommendations_dataset.csv,1) Cleanser: acne control cleanser | 2) Serum: retinol serum | 3) Moisturizer: oil free gel moisturizer | 4) SPF: spf50,1) Cleanser: acne control cleanser | 2) Treatment: retinol treatment | 3) Moisturizer: oil free gel moisturizer
RTN0000835,REC0000835,normal,0,2,2,5,hydrating cleanser,oil free gel moisturizer,vitamin c serum,mineral spf50,anti aging routine,skincare_datasets.xlsx::Recommendations|skincare_recommendations_dataset.csv,1) Cleanser: hydrating cleanser | 2) Serum: vitamin c serum | 3) Moisturizer: oil free gel moisturizer | 4) SPF: mineral spf50,1) Cleanser: hydrating cleanser | 2) Treatment: anti aging routine | 3) Moisturizer: oil free gel moisturizer
RTN0000836,REC0000836,normal,0,2,3,1,hydrating cleanser,oil free gel moisturizer,hyaluronic acid serum,spf50,chemical exfoliation,skincare_datasets.xlsx::Recommendations|skincare_recommendations_dataset.csv,1) Cleanser: hydrating cleanser | 2) Serum: hyaluronic acid serum | 3) Moisturizer: oil free gel moisturizer | 4) SPF: spf50,1) Cleanser: hydrating cleanser | 2) Treatment: chemical exfoliation | 3) Moisturizer: oil free gel moisturizer
RTN0000837,REC0000837,normal,0,2,3,3,acne control cleanser,oil free gel moisturizer,peptide serum,spf30,retinol treatment,skincare_datasets.xlsx::Recommendations|skincare_recommendations_dataset.csv,1) Cleanser: acne control cleanser | 2) Serum: peptide serum | 3) Moisturizer: oil free gel moisturizer | 4) SPF: spf30,1) Cleanser: acne control cleanser | 2) Treatment: retinol treatment | 3) Moisturizer: oil free gel moisturizer
RTN0000838,REC0000838,normal,0,2,4,1,gentle foam cleanser,rich cream moisturizer,retinol serum,mineral spf50,hydrating mask,skincare_datasets.xlsx::Recommendations|skincare_recommendations_dataset.csv,1) Cleanser: gentle foam cleanser | 2) Serum: retinol serum | 3) Moisturizer: rich cream moisturizer | 4) SPF: mineral spf50,1) Cleanser: gentle foam cleanser | 2) Treatment: hydrating mask | 3) Moisturizer: rich cream moisturizer
RTN0000839,REC0000839,normal,0,2,4,3,acne control cleanser,rich cream moisturizer,vitamin c serum,mineral spf50,benzoyl peroxide,skincare_datasets.xlsx::Recommendations|skincare_recommendations_dataset.csv,1) Cleanser: acne control cleanser | 2) Serum: vitamin c serum | 3) Moisturizer: rich cream moisturizer | 4) SPF: mineral spf50,1) Cleanser: acne control cleanser | 2) Treatment: benzoyl peroxide | 3) Moisturizer: rich cream moisturizer
RTN0000840,REC0000840,normal,0,2,4,5,gentle foam cleanser,soothing moisturizer,peptide serum,spf50,benzoyl peroxide,skincare_datasets.xlsx::Recommendations|skincare_recommendations_dataset.csv,1) Cleanser: gentle foam cleanser | 2) Serum: peptide serum | 3) Moisturizer: soothing moisturizer | 4) SPF: spf50,1) Cleanser: gentle foam cleanser | 2) Treatment: benzoyl peroxide | 3) Moisturizer: soothing moisturizer
RTN0000841,REC0000841,normal,0,2,5,0,milk cleanser,soothing moisturizer,peptide serum,spf50,calming treatment,skincare_datasets.xlsx::Recommendations|skincare_recommendations_dataset.csv,1) Cleanser: milk cleanser | 2) Serum: peptide serum | 3) Moisturizer: soothing moisturizer | 4) SPF: spf50,1) Cleanser: milk cleanser | 2) Treatment: calming treatment | 3) Moisturizer: soothing moisturizer
RTN0000842,REC0000842,normal,0,2,5,1,hydrating cleanser,oil free gel moisturizer,centella serum,spf30,benzoyl peroxide,skincare_datasets.xlsx::Recommendations|skincare_recommendations_dataset.csv,1) Cleanser: hydrating cleanser | 2) Serum: centella serum | 3) Moisturizer: oil free gel moisturizer | 4) SPF: spf30,1) Cleanser: hydrating cleanser | 2) Treatment: benzoyl peroxide | 3) Moisturizer: oil free gel moisturizer
RTN0000843,REC0000843,normal,0,2,5,3,acne control cleanser,soothing moisturizer,vitamin c serum,spf30,anti aging routine,skincare_datasets.xlsx::Recommendations|skincare_recommendations_dataset.csv,1) Cleanser: acne control cleanser | 2) Serum: vitamin c serum | 3) Moisturizer: soothing moisturizer | 4) SPF: spf30,1) Cleanser: acne control cleanser | 2) Treatment: anti aging routine | 3) Moisturizer: soothing moisturizer
RTN0000844,REC0000844,normal,0,2,5,5,milk cleanser,rich cream moisturizer,retinol serum,mineral spf50,hydrating mask,skincare_datasets.xlsx::Recommendations|skincare_recommendations_dataset.csv,1) Cleanser: milk cleanser | 2) Serum: retinol serum | 3) Moisturizer: rich cream moisturizer | 4) SPF: mineral spf50,1) Cleanser: milk cleanser | 2) Treatment: hydrating mask | 3) Moisturizer: rich cream moisturizer
RTN0000845,REC0000845,normal,0,3,0,4,ultra gentle cleanser,soothing moisturizer,retinol serum,mineral spf50,barrier repair,skincare_datasets.xlsx::Recommendations|skincare_recommendations_dataset.csv,1) Cleanser: ultra gentle cleanser | 2) Serum: retinol serum | 3) Moisturizer: soothing moisturizer | 4) SPF: mineral spf50,1) Cleanser: ultra gentle cleanser | 2) Treatment: barrier repair | 3) Moisturizer: soothing moisturizer
RTN0000846,REC0000846,normal,0,3,3,0,ultra gentle cleanser,light lotion moisturizer,niacinamide serum,spf30,barrier repair,skincare_datasets.xlsx::Recommendations|skincare_recommendations_dataset.csv,1) Cleanser: ultra gentle cleanser | 2) Serum: niacinamide serum | 3) Moisturizer: light lotion moisturizer | 4) SPF: spf30,1) Cleanser: ultra gentle cleanser | 2) Treatment: barrier repair | 3) Moisturizer: light lotion moisturizer
RTN0000847,REC0000847,normal,0,3,3,1,milk cleanser,light lotion moisturizer,retinol serum,spf50 matte,benzoyl peroxide,skincare_datasets.xlsx::Recommendations|skincare_recommendations_dataset.csv,1) Cleanser: milk cleanser | 2) Serum: retinol serum | 3) Moisturizer: light lotion moisturizer | 4) SPF: spf50 matte,1) Cleanser: milk cleanser | 2) Treatment: benzoyl peroxide | 3) Moisturizer: light lotion moisturizer
RTN0000848,REC0000848,normal,0,3,3,5,gentle foam cleanser,ceramide moisturizer,peptide serum,spf50,hydrating mask,skincare_datasets.xlsx::Recommendations|skincare_recommendations_dataset.csv,1) Cleanser: gentle foam cleanser | 2) Serum: peptide serum | 3) Moisturizer: ceramide moisturizer | 4) SPF: spf50,1) Cleanser: gentle foam cleanser | 2) Treatment: hydrating mask | 3) Moisturizer: ceramide moisturizer
RTN0000849,REC0000849,normal,0,3,3,5,salicylic acid cleanser,light lotion moisturizer,niacinamide serum,mineral spf50,chemical exfoliation,skincare_datasets.xlsx::Recommendations|skincare_recommendations_dataset.csv,1) Cleanser: salicylic acid cleanser | 2) Serum: niacinamide serum | 3) Moisturizer: light lotion moisturizer | 4) SPF: mineral spf50,1) Cleanser: salicylic acid cleanser | 2) Treatment: chemical exfoliation | 3) Moisturizer: light lotion moisturizer
RTN0000850,REC0000850,normal,0,3,4,3,gentle foam cleanser,light lotion moisturizer,centella serum,spf50,anti aging routine,skincare_datasets.xlsx::Recommendations|skincare_recommendations_dataset.csv,1) Cleanser: gentle foam cleanser | 2) Serum: centella serum | 3) Moisturizer: light lotion moisturizer | 4) SPF: spf50,1) Cleanser: gentle foam cleanser | 2) Treatment: anti aging routine | 3) Moisturizer: light lotion moisturizer
RTN0000851,REC0000851,normal,0,3,5,4,gentle foam cleanser,rich cream moisturizer,vitamin c serum,mineral spf50,hydrating mask,skincare_datasets.xlsx::Recommendations|skincare_recommendations_dataset.csv,1) Cleanser: gentle foam cleanser | 2) Serum: vitamin c serum | 3) Moisturizer: rich cream moisturizer | 4) SPF: mineral spf50,1) Cleanser: gentle foam cleanser | 2) Treatment: hydrating mask | 3) Moisturizer: rich cream moisturizer
RTN0000852,REC0000852,normal,0,4,0,0,hydrating cleanser,soothing moisturizer,hyaluronic acid serum,spf50 matte,calming treatment,skincare_datasets.xlsx::Recommendations|skincare_recommendations_dataset.csv,1) Cleanser: hydrating cleanser | 2) Serum: hyaluronic acid serum | 3) Moisturizer: soothing moisturizer | 4) SPF: spf50 matte,1) Cleanser: hydrating cleanser | 2) Treatment: calming treatment | 3) Moisturizer: soothing moisturizer
RTN0000853,REC0000853,normal,0,4,0,0,ultra gentle cleanser,soothing moisturizer,retinol serum,mineral spf50,barrier repair,skincare_datasets.xlsx::Recommendations|skincare_recommendations_dataset.csv,1) Cleanser: ultra gentle cleanser | 2) Serum: retinol serum | 3) Moisturizer: soothing moisturizer | 4) SPF: mineral spf50,1) Cleanser: ultra gentle cleanser | 2) Treatment: barrier repair | 3) Moisturizer: soothing moisturizer
RTN0000854,REC0000854,normal,0,4,0,3,ultra gentle cleanser,soothing moisturizer,hyaluronic acid serum,spf30,benzoyl peroxide,skincare_datasets.xlsx::Recommendations|skincare_recommendations_dataset.csv,1) Cleanser: ultra gentle cleanser | 2) Serum: hyaluronic acid serum | 3) Moisturizer: soothing moisturizer | 4) SPF: spf30,1) Cleanser: ultra gentle cleanser | 2) Treatment: benzoyl peroxide | 3) Moisturizer: soothing moisturizer
RTN0000855,REC0000855,normal,0,4,0,4,milk cleanser,light lotion moisturizer,peptide serum,spf50 matte,barrier repair,skincare_datasets.xlsx::Recommendations|skincare_recommendations_dataset.csv,1) Cleanser: milk cleanser | 2) Serum: peptide serum | 3) Moisturizer: light lotion moisturizer | 4) SPF: spf50 matte,1) Cleanser: milk cleanser | 2) Treatment: barrier repair | 3) Moisturizer: light lotion moisturizer
RTN0000856,REC0000856,normal,0,4,1,0,hydrating cleanser,light lotion moisturizer,centella serum,spf50 matte,hydrating mask,skincare_datasets.xlsx::Recommendations|skincare_recommendations_dataset.csv,1) Cleanser: hydrating cleanser | 2) Serum: centella serum | 3) Moisturizer: light lotion moisturizer | 4) SPF: spf50 matte,1) Cleanser: hydrating cleanser | 2) Treatment: hydrating mask | 3) Moisturizer: light lotion moisturizer
RTN0000857,REC0000857,normal,0,4,1,3,gentle foam cleanser,light lotion moisturizer,vitamin c serum,spf50 matte,anti aging routine,skincare_datasets.xlsx::Recommendations|skincare_recommendations_dataset.csv,1) Cleanser: gentle foam cleanser | 2) Serum: vitamin c serum | 3) Moisturizer: light lotion moisturizer | 4) SPF: spf50 matte,1) Cleanser: gentle foam cleanser | 2) Treatment: anti aging routine | 3) Moisturizer: light lotion moisturizer
RTN0000858,REC0000858,normal,0,4,2,1,gentle foam cleanser,light lotion moisturizer,vitamin c serum,spf30,chemical exfoliation,skincare_datasets.xlsx::Recommendations|skincare_recommendations_dataset.csv,1) Cleanser: gentle foam cleanser | 2) Serum: vitamin c serum | 3) Moisturizer: light lotion moisturizer | 4) SPF: spf30,1) Cleanser: gentle foam cleanser | 2) Treatment: chemical exfoliation | 3) Moisturizer: light lotion moisturizer
RTN0000859,REC0000859,normal,0,4,3,0,milk cleanser,oil free gel moisturizer,retinol serum,mineral spf50,barrier repair,skincare_datasets.xlsx::Recommendations|skincare_recommendations_dataset.csv,1) Cleanser: milk cleanser | 2) Serum: retinol serum | 3) Moisturizer: oil free gel moisturizer | 4) SPF: mineral spf50,1) Cleanser: milk cleanser | 2) Treatment: barrier repair | 3) Moisturizer: oil free gel moisturizer
RTN0000860,REC0000860,normal,0,4,3,1,ultra gentle cleanser,soothing moisturizer,niacinamide serum,spf50,anti aging routine,skincare_datasets.xlsx::Recommendations|skincare_recommendations_dataset.csv,1) Cleanser: ultra gentle cleanser | 2) Serum: niacinamide serum | 3) Moisturizer: soothing moisturizer | 4) SPF: spf50,1) Cleanser: ultra gentle cleanser | 2) Treatment: anti aging routine | 3) Moisturizer: soothing moisturizer
RTN0000861,REC0000861,normal,0,4,3,3,hydrating cleanser,ceramide moisturizer,vitamin c serum,mineral spf50,benzoyl peroxide,skincare_datasets.xlsx::Recommendations|skincare_recommendations_dataset.csv,1) Cleanser: hydrating cleanser | 2) Serum: vitamin c serum | 3) Moisturizer: ceramide moisturizer | 4) SPF: mineral spf50,1) Cleanser: hydrating cleanser | 2) Treatment: benzoyl peroxide | 3) Moisturizer: ceramide moisturizer
RTN0000862,REC0000862,normal,0,4,3,5,acne control cleanser,soothing moisturizer,centella serum,spf50 matte,anti aging routine,skincare_datasets.xlsx::Recommendations|skincare_recommendations_dataset.csv,1) Cleanser: acne control cleanser | 2) Serum: centella serum | 3) Moisturizer: soothing moisturizer | 4) SPF: spf50 matte,1) Cleanser: acne control cleanser | 2) Treatment: anti aging routine | 3) Moisturizer: soothing moisturizer
RTN0000863,REC0000863,normal,0,4,4,0,acne control cleanser,soothing moisturizer,niacinamide serum,spf50,calming treatment,skincare_datasets.xlsx::Recommendations|skincare_recommendations_dataset.csv,1) Cleanser: acne control cleanser | 2) Serum: niacinamide serum | 3) Moisturizer: soothing moisturizer | 4) SPF: spf50,1) Cleanser: acne control cleanser | 2) Treatment: calming treatment | 3) Moisturizer: soothing moisturizer
RTN0000864,REC0000864,normal,0,5,0,1,gentle foam cleanser,oil free gel moisturizer,retinol serum,spf30,chemical exfoliation,skincare_datasets.xlsx::Recommendations|skincare_recommendations_dataset.csv,1) Cleanser: gentle foam cleanser | 2) Serum: retinol serum | 3) Moisturizer: oil free gel moisturizer | 4) SPF: spf30,1) Cleanser: gentle foam cleanser | 2) Treatment: chemical exfoliation | 3) Moisturizer: oil free gel moisturizer
RTN0000865,REC0000865,normal,0,5,0,1,milk cleanser,soothing moisturizer,hyaluronic acid serum,mineral spf50,calming treatment,skincare_datasets.xlsx::Recommendations|skincare_recommendations_dataset.csv,1) Cleanser: milk cleanser | 2) Serum: hyaluronic acid serum | 3) Moisturizer: soothing moisturizer | 4) SPF: mineral spf50,1) Cleanser: milk cleanser | 2) Treatment: calming treatment | 3) Moisturizer: soothing moisturizer
RTN0000866,REC0000866,normal,0,5,1,0,milk cleanser,oil free gel moisturizer,retinol serum,spf30,calming treatment,skincare_datasets.xlsx::Recommendations|skincare_recommendations_dataset.csv,1) Cleanser: milk cleanser | 2) Serum: retinol serum | 3) Moisturizer: oil free gel moisturizer | 4) SPF: spf30,1) Cleanser: milk cleanser | 2) Treatment: calming treatment | 3) Moisturizer: oil free gel moisturizer
RTN0000867,REC0000867,normal,0,5,2,4,salicylic acid cleanser,oil free gel moisturizer,vitamin c serum,mineral spf50,anti aging routine,skincare_datasets.xlsx::Recommendations|skincare_recommendations_dataset.csv,1) Cleanser: salicylic acid cleanser | 2) Serum: vitamin c serum | 3) Moisturizer: oil free gel moisturizer | 4) SPF: mineral spf50,1) Cleanser: salicylic acid cleanser | 2) Treatment: anti aging routine | 3) Moisturizer: oil free gel moisturizer
RTN0000868,REC0000868,normal,0,5,2,4,ultra gentle cleanser,light lotion moisturizer,centella serum,spf50 matte,hydrating mask,skincare_datasets.xlsx::Recommendations|skincare_recommendations_dataset.csv,1) Cleanser: ultra gentle cleanser | 2) Serum: centella serum | 3) Moisturizer: light lotion moisturizer | 4) SPF: spf50 matte,1) Cleanser: ultra gentle cleanser | 2) Treatment: hydrating mask | 3) Moisturizer: light lotion moisturizer
RTN0000869,REC0000869,normal,0,5,3,5,gentle foam cleanser,oil free gel moisturizer,centella serum,spf50 matte,chemical exfoliation,skincare_datasets.xlsx::Recommendations|skincare_recommendations_dataset.csv,1) Cleanser: gentle foam cleanser | 2) Serum: centella serum | 3) Moisturizer: oil free gel moisturizer | 4) SPF: spf50 matte,1) Cleanser: gentle foam cleanser | 2) Treatment: chemical exfoliation | 3) Moisturizer: oil free gel moisturizer
RTN0000870,REC0000870,normal,0,5,4,0,gentle foam cleanser,light lotion moisturizer,centella serum,spf30,calming treatment,skincare_datasets.xlsx::Recommendations|skincare_recommendations_dataset.csv,1) Cleanser: gentle foam cleanser | 2) Serum: centella serum | 3) Moisturizer: light lotion moisturizer | 4) SPF: spf30,1) Cleanser: gentle foam cleanser | 2) Treatment: calming treatment | 3) Moisturizer: light lotion moisturizer
RTN0000871,REC0000871,normal,0,5,5,0,gentle foam cleanser,rich cream moisturizer,vitamin c serum,spf50,calming treatment,skincare_datasets.xlsx::Recommendations|skincare_recommendations_dataset.csv,1) Cleanser: gentle foam cleanser | 2) Serum: vitamin c serum | 3) Moisturizer: rich cream moisturizer | 4) SPF: spf50,1) Cleanser: gentle foam cleanser | 2) Treatment: calming treatment | 3) Moisturizer: rich cream moisturizer
RTN0000872,REC0000872,normal,0,5,5,3,hydrating cleanser,soothing moisturizer,peptide serum,mineral spf50,calming treatment,skincare_datasets.xlsx::Recommendations|skincare_recommendations_dataset.csv,1) Cleanser: hydrating cleanser | 2) Serum: peptide serum | 3) Moisturizer: soothing moisturizer | 4) SPF: mineral spf50,1) Cleanser: hydrating cleanser | 2) Treatment: calming treatment | 3) Moisturizer: soothing moisturizer
RTN0000873,REC0000873,normal,1,0,0,4,milk cleanser,ceramide moisturizer,niacinamide serum,mineral spf50,benzoyl peroxide,skincare_datasets.xlsx::Recommendations|skincare_recommendations_dataset.csv,1) Cleanser: milk cleanser | 2) Serum: niacinamide serum | 3) Moisturizer: ceramide moisturizer | 4) SPF: mineral spf50,1) Cleanser: milk cleanser | 2) Treatment: benzoyl peroxide | 3) Moisturizer: ceramide moisturizer
RTN0000874,REC0000874,normal,1,0,1,0,milk cleanser,oil free gel moisturizer,vitamin c serum,spf30,chemical exfoliation,skincare_datasets.xlsx::Recommendations|skincare_recommendations_dataset.csv,1) Cleanser: milk cleanser | 2) Serum: vitamin c serum | 3) Moisturizer: oil free gel moisturizer | 4) SPF: spf30,1) Cleanser: milk cleanser | 2) Treatment: chemical exfoliation | 3) Moisturizer: oil free gel moisturizer
RTN0000875,REC0000875,normal,1,0,1,0,salicylic acid cleanser,rich cream moisturizer,peptide serum,spf50 matte,retinol treatment,skincare_datasets.xlsx::Recommendations|skincare_recommendations_dataset.csv,1) Cleanser: salicylic acid cleanser | 2) Serum: peptide serum | 3) Moisturizer: rich cream moisturizer | 4) SPF: spf50 matte,1) Cleanser: salicylic acid cleanser | 2) Treatment: retinol treatment | 3) Moisturizer: rich cream moisturizer
RTN0000876,REC0000876,normal,1,0,3,2,acne control cleanser,soothing moisturizer,peptide serum,spf30,calming treatment,skincare_datasets.xlsx::Recommendations|skincare_recommendations_dataset.csv,1) Cleanser: acne control cleanser | 2) Serum: peptide serum | 3) Moisturizer: soothing moisturizer | 4) SPF: spf30,1) Cleanser: acne control cleanser | 2) Treatment: calming treatment | 3) Moisturizer: soothing moisturizer
RTN0000877,REC0000877,normal,1,0,3,2,salicylic acid cleanser,oil free gel moisturizer,centella serum,spf30,calming treatment,skincare_datasets.xlsx::Recommendations|skincare_recommendations_dataset.csv,1) Cleanser: salicylic acid cleanser | 2) Serum: centella serum | 3) Moisturizer: oil free gel moisturizer | 4) SPF: spf30,1) Cleanser: salicylic acid cleanser | 2) Treatment: calming treatment | 3) Moisturizer: oil free gel moisturizer
RTN0000878,REC0000878,normal,1,0,5,3,acne control cleanser,soothing moisturizer,centella serum,spf50 matte,retinol treatment,skincare_datasets.xlsx::Recommendations|skincare_recommendations_dataset.csv,1) Cleanser: acne control cleanser | 2) Serum: centella serum | 3) Moisturizer: soothing moisturizer | 4) SPF: spf50 matte,1) Cleanser: acne control cleanser | 2) Treatment: retinol treatment | 3) Moisturizer: soothing moisturizer
RTN0000879,REC0000879,normal,1,1,0,3,salicylic acid cleanser,rich cream moisturizer,centella serum,spf50 matte,hydrating mask,skincare_datasets.xlsx::Recommendations|skincare_recommendations_dataset.csv,1) Cleanser: salicylic acid cleanser | 2) Serum: centella serum | 3) Moisturizer: rich cream moisturizer | 4) SPF: spf50 matte,1) Cleanser: salicylic acid cleanser | 2) Treatment: hydrating mask | 3) Moisturizer: rich cream moisturizer
RTN0000880,REC0000880,normal,1,1,0,4,hydrating cleanser,soothing moisturizer,vitamin c serum,mineral spf50,barrier repair,skincare_datasets.xlsx::Recommendations|skincare_recommendations_dataset.csv,1) Cleanser: hydrating cleanser | 2) Serum: vitamin c serum | 3) Moisturizer: soothing moisturizer | 4) SPF: mineral spf50,1) Cleanser: hydrating cleanser | 2) Treatment: barrier repair | 3) Moisturizer: soothing moisturizer
RTN0000881,REC0000881,normal,1,1,1,1,gentle foam cleanser,rich cream moisturizer,hyaluronic acid serum,mineral spf50,calming treatment,skincare_datasets.xlsx::Recommendations|skincare_recommendations_dataset.csv,1) Cleanser: gentle foam cleanser | 2) Serum: hyaluronic acid serum | 3) Moisturizer: rich cream moisturizer | 4) SPF: mineral spf50,1) Cleanser: gentle foam cleanser | 2) Treatment: calming treatment | 3) Moisturizer: rich cream moisturizer
RTN0000882,REC0000882,normal,1,1,2,2,ultra gentle cleanser,soothing moisturizer,retinol serum,mineral spf50,anti aging routine,skincare_datasets.xlsx::Recommendations|skincare_recommendations_dataset.csv,1) Cleanser: ultra gentle cleanser | 2) Serum: retinol serum | 3) Moisturizer: soothing moisturizer | 4) SPF: mineral spf50,1) Cleanser: ultra gentle cleanser | 2) Treatment: anti aging routine | 3) Moisturizer: soothing moisturizer
RTN0000883,REC0000883,normal,1,1,3,1,salicylic acid cleanser,rich cream moisturizer,centella serum,mineral spf50,barrier repair,skincare_datasets.xlsx::Recommendations|skincare_recommendations_dataset.csv,1) Cleanser: salicylic acid cleanser | 2) Serum: centella serum | 3) Moisturizer: rich cream moisturizer | 4) SPF: mineral spf50,1) Cleanser: salicylic acid cleanser | 2) Treatment: barrier repair | 3) Moisturizer: rich cream moisturizer
RTN0000884,REC0000884,normal,1,1,4,1,salicylic acid cleanser,light lotion moisturizer,niacinamide serum,spf50 matte,barrier repair,skincare_datasets.xlsx::Recommendations|skincare_recommendations_dataset.csv,1) Cleanser: salicylic acid cleanser | 2) Serum: niacinamide serum | 3) Moisturizer: light lotion moisturizer | 4) SPF: spf50 matte,1) Cleanser: salicylic acid cleanser | 2) Treatment: barrier repair | 3) Moisturizer: light lotion moisturizer
RTN0000885,REC0000885,normal,1,1,4,2,milk cleanser,soothing moisturizer,centella serum,mineral spf50,hydrating mask,skincare_datasets.xlsx::Recommendations|skincare_recommendations_dataset.csv,1) Cleanser: milk cleanser | 2) Serum: centella serum | 3) Moisturizer: soothing moisturizer | 4) SPF: mineral spf50,1) Cleanser: milk cleanser | 2) Treatment: hydrating mask | 3) Moisturizer: soothing moisturizer
RTN0000886,REC0000886,normal,1,1,5,4,hydrating cleanser,ceramide moisturizer,vitamin c serum,spf50 matte,anti aging routine,skincare_datasets.xlsx::Recommendations|skincare_recommendations_dataset.csv,1) Cleanser: hydrating cleanser | 2) Serum: vitamin c serum | 3) Moisturizer: ceramide moisturizer | 4) SPF: spf50 matte,1) Cleanser: hydrating cleanser | 2) Treatment: anti aging routine | 3) Moisturizer: ceramide moisturizer
RTN0000887,REC0000887,normal,1,1,5,5,gentle foam cleanser,soothing moisturizer,centella serum,spf30,retinol treatment,skincare_datasets.xlsx::Recommendations|skincare_recommendations_dataset.csv,1) Cleanser: gentle foam cleanser | 2) Serum: centella serum | 3) Moisturizer: soothing moisturizer | 4) SPF: spf30,1) Cleanser: gentle foam cleanser | 2) Treatment: retinol treatment | 3) Moisturizer: soothing moisturizer
RTN0000888,REC0000888,normal,1,2,0,1,hydrating cleanser,oil free gel moisturizer,retinol serum,spf50 matte,hydrating mask,skincare_datasets.xlsx::Recommendations|skincare_recommendations_dataset.csv,1) Cleanser: hydrating cleanser | 2) Serum: retinol serum | 3) Moisturizer: oil free gel moisturizer | 4) SPF: spf50 matte,1) Cleanser: hydrating cleanser | 2) Treatment: hydrating mask | 3) Moisturizer: oil free gel moisturizer
RTN0000889,REC0000889,normal,1,2,0,1,ultra gentle cleanser,rich cream moisturizer,vitamin c serum,spf30,chemical exfoliation,skincare_datasets.xlsx::Recommendations|skincare_recommendations_dataset.csv,1) Cleanser: ultra gentle cleanser | 2) Serum: vitamin c serum | 3) Moisturizer: rich cream moisturizer | 4) SPF: spf30,1) Cleanser: ultra gentle cleanser | 2) Treatment: chemical exfoliation | 3) Moisturizer: rich cream moisturizer
RTN0000890,REC0000890,normal,1,2,1,4,milk cleanser,rich cream moisturizer,peptide serum,mineral spf50,retinol treatment,skincare_datasets.xlsx::Recommendations|skincare_recommendations_dataset.csv,1) Cleanser: milk cleanser | 2) Serum: peptide serum | 3) Moisturizer: rich cream moisturizer | 4) SPF: mineral spf50,1) Cleanser: milk cleanser | 2) Treatment: retinol treatment | 3) Moisturizer: rich cream moisturizer
RTN0000891,REC0000891,normal,1,2,1,5,gentle foam cleanser,ceramide moisturizer,niacinamide serum,mineral spf50,calming treatment,skincare_datasets.xlsx::Recommendations|skincare_recommendations_dataset.csv,1) Cleanser: gentle foam cleanser | 2) Serum: niacinamide serum | 3) Moisturizer: ceramide moisturizer | 4) SPF: mineral spf50,1) Cleanser: gentle foam cleanser | 2) Treatment: calming treatment | 3) Moisturizer: ceramide moisturizer
RTN0000892,REC0000892,normal,1,2,2,0,milk cleanser,soothing moisturizer,retinol serum,spf50,calming treatment,skincare_datasets.xlsx::Recommendations|skincare_recommendations_dataset.csv,1) Cleanser: milk cleanser | 2) Serum: retinol serum | 3) Moisturizer: soothing moisturizer | 4) SPF: spf50,1) Cleanser: milk cleanser | 2) Treatment: calming treatment | 3) Moisturizer: soothing moisturizer
RTN0000893,REC0000893,normal,1,2,2,1,milk cleanser,light lotion moisturizer,retinol serum,spf30,benzoyl peroxide,skincare_datasets.xlsx::Recommendations|skincare_recommendations_dataset.csv,1) Cleanser: milk cleanser | 2) Serum: retinol serum | 3) Moisturizer: light lotion moisturizer | 4) SPF: spf30,1) Cleanser: milk cleanser | 2) Treatment: benzoyl peroxide | 3) Moisturizer: light lotion moisturizer
RTN0000894,REC0000894,normal,1,2,2,5,acne control cleanser,soothing moisturizer,niacinamide serum,mineral spf50,chemical exfoliation,skincare_datasets.xlsx::Recommendations|skincare_recommendations_dataset.csv,1) Cleanser: acne control cleanser | 2) Serum: niacinamide serum | 3) Moisturizer: soothing moisturizer | 4) SPF: mineral spf50,1) Cleanser: acne control cleanser | 2) Treatment: chemical exfoliation | 3) Moisturizer: soothing moisturizer
RTN0000895,REC0000895,normal,1,2,3,1,hydrating cleanser,rich cream moisturizer,hyaluronic acid serum,spf30,retinol treatment,skincare_datasets.xlsx::Recommendations|skincare_recommendations_dataset.csv,1) Cleanser: hydrating cleanser | 2) Serum: hyaluronic acid serum | 3) Moisturizer: rich cream moisturizer | 4) SPF: spf30,1) Cleanser: hydrating cleanser | 2) Treatment: retinol treatment | 3) Moisturizer: rich cream moisturizer
RTN0000896,REC0000896,normal,1,2,3,2,salicylic acid cleanser,ceramide moisturizer,retinol serum,spf50,anti aging routine,skincare_datasets.xlsx::Recommendations|skincare_recommendations_dataset.csv,1) Cleanser: salicylic acid cleanser | 2) Serum: retinol serum | 3) Moisturizer: ceramide moisturizer | 4) SPF: spf50,1) Cleanser: salicylic acid cleanser | 2) Treatment: anti aging routine | 3) Moisturizer: ceramide moisturizer
RTN0000897,REC0000897,normal,1,3,0,2,hydrating cleanser,ceramide moisturizer,niacinamide serum,spf50 matte,barrier repair,skincare_datasets.xlsx::Recommendations|skincare_recommendations_dataset.csv,1) Cleanser: hydrating cleanser | 2) Serum: niacinamide serum | 3) Moisturizer: ceramide moisturizer | 4) SPF: spf50 matte,1) Cleanser: hydrating cleanser | 2) Treatment: barrier repair | 3) Moisturizer: ceramide moisturizer
RTN0000898,REC0000898,normal,1,3,0,5,salicylic acid cleanser,rich cream moisturizer,vitamin c serum,mineral spf50,hydrating mask,skincare_datasets.xlsx::Recommendations|skincare_recommendations_dataset.csv,1) Cleanser: salicylic acid cleanser | 2) Serum: vitamin c serum | 3) Moisturizer: rich cream moisturizer | 4) SPF: mineral spf50,1) Cleanser: salicylic acid cleanser | 2) Treatment: hydrating mask | 3) Moisturizer: rich cream moisturizer
RTN0000899,REC0000899,normal,1,3,1,1,gentle foam cleanser,soothing moisturizer,hyaluronic acid serum,mineral spf50,retinol treatment,skincare_datasets.xlsx::Recommendations|skincare_recommendations_dataset.csv,1) Cleanser: gentle foam cleanser | 2) Serum: hyaluronic acid serum | 3) Moisturizer: soothing moisturizer | 4) SPF: mineral spf50,1) Cleanser: gentle foam cleanser | 2) Treatment: retinol treatment | 3) Moisturizer: soothing moisturizer
RTN0000900,REC0000900,normal,1,3,2,4,ultra gentle cleanser,rich cream moisturizer,peptide serum,spf50,barrier repair,skincare_datasets.xlsx::Recommendations|skincare_recommendations_dataset.csv,1) Cleanser: ultra gentle cleanser | 2) Serum: peptide serum | 3) Moisturizer: rich cream moisturizer | 4) SPF: spf50,1) Cleanser: ultra gentle cleanser | 2) Treatment: barrier repair | 3) Moisturizer: rich cream moisturizer
RTN0000901,REC0000901,normal,1,3,4,4,acne control cleanser,oil free gel moisturizer,peptide serum,spf30,retinol treatment,skincare_datasets.xlsx::Recommendations|skincare_recommendations_dataset.csv,1) Cleanser: acne control cleanser | 2) Serum: peptide serum | 3) Moisturizer: oil free gel moisturizer | 4) SPF: spf30,1) Cleanser: acne control cleanser | 2) Treatment: retinol treatment | 3) Moisturizer: oil free gel moisturizer
RTN0000902,REC0000902,normal,1,3,4,4,salicylic acid cleanser,ceramide moisturizer,hyaluronic acid serum,spf50,benzoyl peroxide,skincare_datasets.xlsx::Recommendations|skincare_recommendations_dataset.csv,1) Cleanser: salicylic acid cleanser | 2) Serum: hyaluronic acid serum | 3) Moisturizer: ceramide moisturizer | 4) SPF: spf50,1) Cleanser: salicylic acid cleanser | 2) Treatment: benzoyl peroxide | 3) Moisturizer: ceramide moisturizer
RTN0000903,REC0000903,normal,1,3,5,1,acne control cleanser,oil free gel moisturizer,niacinamide serum,spf30,barrier repair,skincare_datasets.xlsx::Recommendations|skincare_recommendations_dataset.csv,1) Cleanser: acne control cleanser | 2) Serum: niacinamide serum | 3) Moisturizer: oil free gel moisturizer | 4) SPF: spf30,1) Cleanser: acne control cleanser | 2) Treatment: barrier repair | 3) Moisturizer: oil free gel moisturizer
RTN0000904,REC0000904,normal,1,3,5,1,milk cleanser,soothing moisturizer,centella serum,spf30,barrier repair,skincare_datasets.xlsx::Recommendations|skincare_recommendations_dataset.csv,1) Cleanser: milk cleanser | 2) Serum: centella serum | 3) Moisturizer: soothing moisturizer | 4) SPF: spf30,1) Cleanser: milk cleanser | 2) Treatment: barrier repair | 3) Moisturizer: soothing moisturizer
RTN0000905,REC0000905,normal,1,4,0,0,ultra gentle cleanser,oil free gel moisturizer,centella serum,mineral spf50,hydrating mask,skincare_datasets.xlsx::Recommendations|skincare_recommendations_dataset.csv,1) Cleanser: ultra gentle cleanser | 2) Serum: centella serum | 3) Moisturizer: oil free gel moisturizer | 4) SPF: mineral spf50,1) Cleanser: ultra gentle cleanser | 2) Treatment: hydrating mask | 3) Moisturizer: oil free gel moisturizer
RTN0000906,REC0000906,normal,1,4,0,5,acne control cleanser,soothing moisturizer,peptide serum,spf50,benzoyl peroxide,skincare_datasets.xlsx::Recommendations|skincare_recommendations_dataset.csv,1) Cleanser: acne control cleanser | 2) Serum: peptide serum | 3) Moisturizer: soothing moisturizer | 4) SPF: spf50,1) Cleanser: acne control cleanser | 2) Treatment: benzoyl peroxide | 3) Moisturizer: soothing moisturizer
RTN0000907,REC0000907,normal,1,4,1,1,milk cleanser,light lotion moisturizer,hyaluronic acid serum,spf30,anti aging routine,skincare_datasets.xlsx::Recommendations|skincare_recommendations_dataset.csv,1) Cleanser: milk cleanser | 2) Serum: hyaluronic acid serum | 3) Moisturizer: light lotion moisturizer | 4) SPF: spf30,1) Cleanser: milk cleanser | 2) Treatment: anti aging routine | 3) Moisturizer: light lotion moisturizer
RTN0000908,REC0000908,normal,1,4,1,5,gentle foam cleanser,light lotion moisturizer,retinol serum,spf50 matte,barrier repair,skincare_datasets.xlsx::Recommendations|skincare_recommendations_dataset.csv,1) Cleanser: gentle foam cleanser | 2) Serum: retinol serum | 3) Moisturizer: light lotion moisturizer | 4) SPF: spf50 matte,1) Cleanser: gentle foam cleanser | 2) Treatment: barrier repair | 3) Moisturizer: light lotion moisturizer
RTN0000909,REC0000909,normal,1,4,2,4,ultra gentle cleanser,oil free gel moisturizer,vitamin c serum,spf30,retinol treatment,skincare_datasets.xlsx::Recommendations|skincare_recommendations_dataset.csv,1) Cleanser: ultra gentle cleanser | 2) Serum: vitamin c serum | 3) Moisturizer: oil free gel moisturizer | 4) SPF: spf30,1) Cleanser: ultra gentle cleanser | 2) Treatment: retinol treatment | 3) Moisturizer: oil free gel moisturizer
RTN0000910,REC0000910,normal,1,4,2,5,gentle foam cleanser,light lotion moisturizer,niacinamide serum,mineral spf50,barrier repair,skincare_datasets.xlsx::Recommendations|skincare_recommendations_dataset.csv,1) Cleanser: gentle foam cleanser | 2) Serum: niacinamide serum | 3) Moisturizer: light lotion moisturizer | 4) SPF: mineral spf50,1) Cleanser: gentle foam cleanser | 2) Treatment: barrier repair | 3) Moisturizer: light lotion moisturizer
RTN0000911,REC0000911,normal,1,4,3,0,ultra gentle cleanser,light lotion moisturizer,centella serum,spf50,barrier repair,skincare_datasets.xlsx::Recommendations|skincare_recommendations_dataset.csv,1) Cleanser: ultra gentle cleanser | 2) Serum: centella serum | 3) Moisturizer: light lotion moisturizer | 4) SPF: spf50,1) Cleanser: ultra gentle cleanser | 2) Treatment: barrier repair | 3) Moisturizer: light lotion moisturizer
RTN0000912,REC0000912,normal,1,4,3,3,ultra gentle cleanser,soothing moisturizer,niacinamide serum,spf50,chemical exfoliation,skincare_datasets.xlsx::Recommendations|skincare_recommendations_dataset.csv,1) Cleanser: ultra gentle cleanser | 2) Serum: niacinamide serum | 3) Moisturizer: soothing moisturizer | 4) SPF: spf50,1) Cleanser: ultra gentle cleanser | 2) Treatment: chemical exfoliation | 3) Moisturizer: soothing moisturizer
RTN0000913,REC0000913,normal,1,4,4,2,milk cleanser,oil free gel moisturizer,niacinamide serum,spf50 matte,calming treatment,skincare_datasets.xlsx::Recommendations|skincare_recommendations_dataset.csv,1) Cleanser: milk cleanser | 2) Serum: niacinamide serum | 3) Moisturizer: oil free gel moisturizer | 4) SPF: spf50 matte,1) Cleanser: milk cleanser | 2) Treatment: calming treatment | 3) Moisturizer: oil free gel moisturizer
RTN0000914,REC0000914,normal,1,4,4,2,ultra gentle cleanser,light lotion moisturizer,centella serum,spf50 matte,chemical exfoliation,skincare_datasets.xlsx::Recommendations|skincare_recommendations_dataset.csv,1) Cleanser: ultra gentle cleanser | 2) Serum: centella serum | 3) Moisturizer: light lotion moisturizer | 4) SPF: spf50 matte,1) Cleanser: ultra gentle cleanser | 2) Treatment: chemical exfoliation | 3) Moisturizer: light lotion moisturizer
RTN0000915,REC0000915,normal,1,4,4,4,milk cleanser,light lotion moisturizer,centella serum,spf30,calming treatment,skincare_datasets.xlsx::Recommendations|skincare_recommendations_dataset.csv,1) Cleanser: milk cleanser | 2) Serum: centella serum | 3) Moisturizer: light lotion moisturizer | 4) SPF: spf30,1) Cleanser: milk cleanser | 2) Treatment: calming treatment | 3) Moisturizer: light lotion moisturizer
RTN0000916,REC0000916,normal,1,4,5,0,hydrating cleanser,light lotion moisturizer,centella serum,spf50,calming treatment,skincare_datasets.xlsx::Recommendations|skincare_recommendations_dataset.csv,1) Cleanser: hydrating cleanser | 2) Serum: centella serum | 3) Moisturizer: light lotion moisturizer | 4) SPF: spf50,1) Cleanser: hydrating cleanser | 2) Treatment: calming treatment | 3) Moisturizer: light lotion moisturizer
RTN0000917,REC0000917,normal,1,4,5,1,acne control cleanser,soothing moisturizer,centella serum,spf50 matte,hydrating mask,skincare_datasets.xlsx::Recommendations|skincare_recommendations_dataset.csv,1) Cleanser: acne control cleanser | 2) Serum: centella serum | 3) Moisturizer: soothing moisturizer | 4) SPF: spf50 matte,1) Cleanser: acne control cleanser | 2) Treatment: hydrating mask | 3) Moisturizer: soothing moisturizer
RTN0000918,REC0000918,normal,1,4,5,3,acne control cleanser,rich cream moisturizer,hyaluronic acid serum,spf50,hydrating mask,skincare_datasets.xlsx::Recommendations|skincare_recommendations_dataset.csv,1) Cleanser: acne control cleanser | 2) Serum: hyaluronic acid serum | 3) Moisturizer: rich cream moisturizer | 4) SPF: spf50,1) Cleanser: acne control cleanser | 2) Treatment: hydrating mask | 3) Moisturizer: rich cream moisturizer
RTN0000919,REC0000919,normal,1,5,0,0,milk cleanser,ceramide moisturizer,vitamin c serum,spf30,benzoyl peroxide,skincare_datasets.xlsx::Recommendations|skincare_recommendations_dataset.csv,1) Cleanser: milk cleanser | 2) Serum: vitamin c serum | 3) Moisturizer: ceramide moisturizer | 4) SPF: spf30,1) Cleanser: milk cleanser | 2) Treatment: benzoyl peroxide | 3) Moisturizer: ceramide moisturizer
RTN0000920,REC0000920,normal,1,5,0,3,gentle foam cleanser,rich cream moisturizer,peptide serum,mineral spf50,hydrating mask,skincare_datasets.xlsx::Recommendations|skincare_recommendations_dataset.csv,1) Cleanser: gentle foam cleanser | 2) Serum: peptide serum | 3) Moisturizer: rich cream moisturizer | 4) SPF: mineral spf50,1) Cleanser: gentle foam cleanser | 2) Treatment: hydrating mask | 3) Moisturizer: rich cream moisturizer
RTN0000921,REC0000921,normal,1,5,0,3,salicylic acid cleanser,soothing moisturizer,peptide serum,spf50,anti aging routine,skincare_datasets.xlsx::Recommendations|skincare_recommendations_dataset.csv,1) Cleanser: salicylic acid cleanser | 2) Serum: peptide serum | 3) Moisturizer: soothing moisturizer | 4) SPF: spf50,1) Cleanser: salicylic acid cleanser | 2) Treatment: anti aging routine | 3) Moisturizer: soothing moisturizer
RTN0000922,REC0000922,normal,1,5,1,1,acne control cleanser,light lotion moisturizer,centella serum,spf30,benzoyl peroxide,skincare_datasets.xlsx::Recommendations|skincare_recommendations_dataset.csv,1) Cleanser: acne control cleanser | 2) Serum: centella serum | 3) Moisturizer: light lotion moisturizer | 4) SPF: spf30,1) Cleanser: acne control cleanser | 2) Treatment: benzoyl peroxide | 3) Moisturizer: light lotion moisturizer
RTN0000923,REC0000923,normal,1,5,1,3,ultra gentle cleanser,light lotion moisturizer,vitamin c serum,spf50 matte,retinol treatment,skincare_datasets.xlsx::Recommendations|skincare_recommendations_dataset.csv,1) Cleanser: ultra gentle cleanser | 2) Serum: vitamin c serum | 3) Moisturizer: light lotion moisturizer | 4) SPF: spf50 matte,1) Cleanser: ultra gentle cleanser | 2) Treatment: retinol treatment | 3) Moisturizer: light lotion moisturizer
RTN0000924,REC0000924,normal,1,5,1,5,acne control cleanser,rich cream moisturizer,hyaluronic acid serum,spf50 matte,anti aging routine,skincare_datasets.xlsx::Recommendations|skincare_recommendations_dataset.csv,1) Cleanser: acne control cleanser | 2) Serum: hyaluronic acid serum | 3) Moisturizer: rich cream moisturizer | 4) SPF: spf50 matte,1) Cleanser: acne control cleanser | 2) Treatment: anti aging routine | 3) Moisturizer: rich cream moisturizer
RTN0000925,REC0000925,normal,1,5,2,0,acne control cleanser,ceramide moisturizer,peptide serum,spf30,chemical exfoliation,skincare_datasets.xlsx::Recommendations|skincare_recommendations_dataset.csv,1) Cleanser: acne control cleanser | 2) Serum: peptide serum | 3) Moisturizer: ceramide moisturizer | 4) SPF: spf30,1) Cleanser: acne control cleanser | 2) Treatment: chemical exfoliation | 3) Moisturizer: ceramide moisturizer
RTN0000926,REC0000926,normal,1,5,2,0,hydrating cleanser,soothing moisturizer,hyaluronic acid serum,spf30,benzoyl peroxide,skincare_datasets.xlsx::Recommendations|skincare_recommendations_dataset.csv,1) Cleanser: hydrating cleanser | 2) Serum: hyaluronic acid serum | 3) Moisturizer: soothing moisturizer | 4) SPF: spf30,1) Cleanser: hydrating cleanser | 2) Treatment: benzoyl peroxide | 3) Moisturizer: soothing moisturizer
RTN0000927,REC0000927,normal,1,5,2,1,hydrating cleanser,rich cream moisturizer,vitamin c serum,spf50 matte,anti aging routine,skincare_datasets.xlsx::Recommendations|skincare_recommendations_dataset.csv,1) Cleanser: hydrating cleanser | 2) Serum: vitamin c serum | 3) Moisturizer: rich cream moisturizer | 4) SPF: spf50 matte,1) Cleanser: hydrating cleanser | 2) Treatment: anti aging routine | 3) Moisturizer: rich cream moisturizer
RTN0000928,REC0000928,normal,1,5,2,3,salicylic acid cleanser,rich cream moisturizer,vitamin c serum,spf50 matte,calming treatment,skincare_datasets.xlsx::Recommendations|skincare_recommendations_dataset.csv,1) Cleanser: salicylic acid cleanser | 2) Serum: vitamin c serum | 3) Moisturizer: rich cream moisturizer | 4) SPF: spf50 matte,1) Cleanser: salicylic acid cleanser | 2) Treatment: calming treatment | 3) Moisturizer: rich cream moisturizer
RTN0000929,REC0000929,normal,1,5,3,4,gentle foam cleanser,ceramide moisturizer,vitamin c serum,mineral spf50,benzoyl peroxide,skincare_datasets.xlsx::Recommendations|skincare_recommendations_dataset.csv,1) Cleanser: gentle foam cleanser | 2) Serum: vitamin c serum | 3) Moisturizer: ceramide moisturizer | 4) SPF: mineral spf50,1) Cleanser: gentle foam cleanser | 2) Treatment: benzoyl peroxide | 3) Moisturizer: ceramide moisturizer
RTN0000930,REC0000930,normal,1,5,5,0,salicylic acid cleanser,soothing moisturizer,centella serum,mineral spf50,chemical exfoliation,skincare_datasets.xlsx::Recommendations|skincare_recommendations_dataset.csv,1) Cleanser: salicylic acid cleanser | 2) Serum: centella serum | 3) Moisturizer: soothing moisturizer | 4) SPF: mineral spf50,1) Cleanser: salicylic acid cleanser | 2) Treatment: chemical exfoliation | 3) Moisturizer: soothing moisturizer
RTN0000931,REC0000931,normal,1,5,5,2,gentle foam cleanser,soothing moisturizer,vitamin c serum,spf30,chemical exfoliation,skincare_datasets.xlsx::Recommendations|skincare_recommendations_dataset.csv,1) Cleanser: gentle foam cleanser | 2) Serum: vitamin c serum | 3) Moisturizer: soothing moisturizer | 4) SPF: spf30,1) Cleanser: gentle foam cleanser | 2) Treatment: chemical exfoliation | 3) Moisturizer: soothing moisturizer
RTN0000932,REC0000932,normal,2,0,0,2,salicylic acid cleanser,oil free gel moisturizer,peptide serum,mineral spf50,barrier repair,skincare_datasets.xlsx::Recommendations|skincare_recommendations_dataset.csv,1) Cleanser: salicylic acid cleanser | 2) Serum: peptide serum | 3) Moisturizer: oil free gel moisturizer | 4) SPF: mineral spf50,1) Cleanser: salicylic acid cleanser | 2) Treatment: barrier repair | 3) Moisturizer: oil free gel moisturizer
RTN0000933,REC0000933,normal,2,0,0,3,milk cleanser,light lotion moisturizer,peptide serum,mineral spf50,anti aging routine,skincare_datasets.xlsx::Recommendations|skincare_recommendations_dataset.csv,1) Cleanser: milk cleanser | 2) Serum: peptide serum | 3) Moisturizer: light lotion moisturizer | 4) SPF: mineral spf50,1) Cleanser: milk cleanser | 2) Treatment: anti aging routine | 3) Moisturizer: light lotion moisturizer
RTN0000934,REC0000934,normal,2,0,1,5,ultra gentle cleanser,soothing moisturizer,hyaluronic acid serum,spf50,calming treatment,skincare_datasets.xlsx::Recommendations|skincare_recommendations_dataset.csv,1) Cleanser: ultra gentle cleanser | 2) Serum: hyaluronic acid serum | 3) Moisturizer: soothing moisturizer | 4) SPF: spf50,1) Cleanser: ultra gentle cleanser | 2) Treatment: calming treatment | 3) Moisturizer: soothing moisturizer
RTN0000935,REC0000935,normal,2,0,2,5,milk cleanser,soothing moisturizer,niacinamide serum,spf50 matte,retinol treatment,skincare_datasets.xlsx::Recommendations|skincare_recommendations_dataset.csv,1) Cleanser: milk cleanser | 2) Serum: niacinamide serum | 3) Moisturizer: soothing moisturizer | 4) SPF: spf50 matte,1) Cleanser: milk cleanser | 2) Treatment: retinol treatment | 3) Moisturizer: soothing moisturizer
RTN0000936,REC0000936,normal,2,0,2,5,salicylic acid cleanser,oil free gel moisturizer,hyaluronic acid serum,spf30,retinol treatment,skincare_datasets.xlsx::Recommendations|skincare_recommendations_dataset.csv,1) Cleanser: salicylic acid cleanser | 2) Serum: hyaluronic acid serum | 3) Moisturizer: oil free gel moisturizer | 4) SPF: spf30,1) Cleanser: salicylic acid cleanser | 2) Treatment: retinol treatment | 3) Moisturizer: oil free gel moisturizer
RTN0000937,REC0000937,normal,2,0,2,5,ultra gentle cleanser,light lotion moisturizer,vitamin c serum,spf50,retinol treatment,skincare_datasets.xlsx::Recommendations|skincare_recommendations_dataset.csv,1) Cleanser: ultra gentle cleanser | 2) Serum: vitamin c serum | 3) Moisturizer: light lotion moisturizer | 4) SPF: spf50,1) Cleanser: ultra gentle cleanser | 2) Treatment: retinol treatment | 3) Moisturizer: light lotion moisturizer
RTN0000938,REC0000938,normal,2,0,4,1,hydrating cleanser,rich cream moisturizer,centella serum,spf50 matte,calming treatment,skincare_datasets.xlsx::Recommendations|skincare_recommendations_dataset.csv,1) Cleanser: hydrating cleanser | 2) Serum: centella serum | 3) Moisturizer: rich cream moisturizer | 4) SPF: spf50 matte,1) Cleanser: hydrating cleanser | 2) Treatment: calming treatment | 3) Moisturizer: rich cream moisturizer
RTN0000939,REC0000939,normal,2,0,4,1,ultra gentle cleanser,ceramide moisturizer,peptide serum,spf50,calming treatment,skincare_datasets.xlsx::Recommendations|skincare_recommendations_dataset.csv,1) Cleanser: ultra gentle cleanser | 2) Serum: peptide serum | 3) Moisturizer: ceramide moisturizer | 4) SPF: spf50,1) Cleanser: ultra gentle cleanser | 2) Treatment: calming treatment | 3) Moisturizer: ceramide moisturizer
RTN0000940,REC0000940,normal,2,0,5,2,milk cleanser,rich cream moisturizer,vitamin c serum,spf50,calming treatment,skincare_datasets.xlsx::Recommendations|skincare_recommendations_dataset.csv,1) Cleanser: milk cleanser | 2) Serum: vitamin c serum | 3) Moisturizer: rich cream moisturizer | 4) SPF: spf50,1) Cleanser: milk cleanser | 2) Treatment: calming treatment | 3) Moisturizer: rich cream moisturizer
RTN0000941,REC0000941,normal,2,1,0,3,milk cleanser,light lotion moisturizer,hyaluronic acid serum,mineral spf50,chemical exfoliation,skincare_datasets.xlsx::Recommendations|skincare_recommendations_dataset.csv,1) Cleanser: milk cleanser | 2) Serum: hyaluronic acid serum | 3) Moisturizer: light lotion moisturizer | 4) SPF: mineral spf50,1) Cleanser: milk cleanser | 2) Treatment: chemical exfoliation | 3) Moisturizer: light lotion moisturizer
RTN0000942,REC0000942,normal,2,1,0,4,ultra gentle cleanser,ceramide moisturizer,peptide serum,spf50 matte,benzoyl peroxide,skincare_datasets.xlsx::Recommendations|skincare_recommendations_dataset.csv,1) Cleanser: ultra gentle cleanser | 2) Serum: peptide serum | 3) Moisturizer: ceramide moisturizer | 4) SPF: spf50 matte,1) Cleanser: ultra gentle cleanser | 2) Treatment: benzoyl peroxide | 3) Moisturizer: ceramide moisturizer
RTN0000943,REC0000943,normal,2,1,1,2,acne control cleanser,soothing moisturizer,niacinamide serum,spf30,retinol treatment,skincare_datasets.xlsx::Recommendations|skincare_recommendations_dataset.csv,1) Cleanser: acne control cleanser | 2) Serum: niacinamide serum | 3) Moisturizer: soothing moisturizer | 4) SPF: spf30,1) Cleanser: acne control cleanser | 2) Treatment: retinol treatment | 3) Moisturizer: soothing moisturizer
RTN0000944,REC0000944,normal,2,1,1,2,gentle foam cleanser,rich cream moisturizer,hyaluronic acid serum,spf30,benzoyl peroxide,skincare_datasets.xlsx::Recommendations|skincare_recommendations_dataset.csv,1) Cleanser: gentle foam cleanser | 2) Serum: hyaluronic acid serum | 3) Moisturizer: rich cream moisturizer | 4) SPF: spf30,1) Cleanser: gentle foam cleanser | 2) Treatment: benzoyl peroxide | 3) Moisturizer: rich cream moisturizer
RTN0000945,REC0000945,normal,2,1,1,3,milk cleanser,ceramide moisturizer,centella serum,spf50,barrier repair,skincare_datasets.xlsx::Recommendations|skincare_recommendations_dataset.csv,1) Cleanser: milk cleanser | 2) Serum: centella serum | 3) Moisturizer: ceramide moisturizer | 4) SPF: spf50,1) Cleanser: milk cleanser | 2) Treatment: barrier repair | 3) Moisturizer: ceramide moisturizer
RTN0000946,REC0000946,normal,2,1,1,3,ultra gentle cleanser,soothing moisturizer,vitamin c serum,spf50 matte,retinol treatment,skincare_datasets.xlsx::Recommendations|skincare_recommendations_dataset.csv,1) Cleanser: ultra gentle cleanser | 2) Serum: vitamin c serum | 3) Moisturizer: soothing moisturizer | 4) SPF: spf50 matte,1) Cleanser: ultra gentle cleanser | 2) Treatment: retinol treatment | 3) Moisturizer: soothing moisturizer
RTN0000947,REC0000947,normal,2,1,1,4,milk cleanser,rich cream moisturizer,niacinamide serum,spf50,calming treatment,skincare_datasets.xlsx::Recommendations|skincare_recommendations_dataset.csv,1) Cleanser: milk cleanser | 2) Serum: niacinamide serum | 3) Moisturizer: rich cream moisturizer | 4) SPF: spf50,1) Cleanser: milk cleanser | 2) Treatment: calming treatment | 3) Moisturizer: rich cream moisturizer
RTN0000948,REC0000948,normal,2,1,2,2,acne control cleanser,light lotion moisturizer,peptide serum,mineral spf50,anti aging routine,skincare_datasets.xlsx::Recommendations|skincare_recommendations_dataset.csv,1) Cleanser: acne control cleanser | 2) Serum: peptide serum | 3) Moisturizer: light lotion moisturizer | 4) SPF: mineral spf50,1) Cleanser: acne control cleanser | 2) Treatment: anti aging routine | 3) Moisturizer: light lotion moisturizer
RTN0000949,REC0000949,normal,2,1,2,2,acne control cleanser,rich cream moisturizer,niacinamide serum,spf50,benzoyl peroxide,skincare_datasets.xlsx::Recommendations|skincare_recommendations_dataset.csv,1) Cleanser: acne control cleanser | 2) Serum: niacinamide serum | 3) Moisturizer: rich cream moisturizer | 4) SPF: spf50,1) Cleanser: acne control cleanser | 2) Treatment: benzoyl peroxide | 3) Moisturizer: rich cream moisturizer
RTN0000950,REC0000950,normal,2,1,2,3,acne control cleanser,light lotion moisturizer,centella serum,spf50,calming treatment,skincare_datasets.xlsx::Recommendations|skincare_recommendations_dataset.csv,1) Cleanser: acne control cleanser | 2) Serum: centella serum | 3) Moisturizer: light lotion moisturizer | 4) SPF: spf50,1) Cleanser: acne control cleanser | 2) Treatment: calming treatment | 3) Moisturizer: light lotion moisturizer
RTN0000951,REC0000951,normal,2,1,2,4,hydrating cleanser,ceramide moisturizer,niacinamide serum,mineral spf50,anti aging routine,skincare_datasets.xlsx::Recommendations|skincare_recommendations_dataset.csv,1) Cleanser: hydrating cleanser | 2) Serum: niacinamide serum | 3) Moisturizer: ceramide moisturizer | 4) SPF: mineral spf50,1) Cleanser: hydrating cleanser | 2) Treatment: anti aging routine | 3) Moisturizer: ceramide moisturizer
RTN0000952,REC0000952,normal,2,1,3,2,milk cleanser,soothing moisturizer,hyaluronic acid serum,spf30,hydrating mask,skincare_datasets.xlsx::Recommendations|skincare_recommendations_dataset.csv,1) Cleanser: milk cleanser | 2) Serum: hyaluronic acid serum | 3) Moisturizer: soothing moisturizer | 4) SPF: spf30,1) Cleanser: milk cleanser | 2) Treatment: hydrating mask | 3) Moisturizer: soothing moisturizer
RTN0000953,REC0000953,normal,2,1,3,4,milk cleanser,rich cream moisturizer,retinol serum,spf50,barrier repair,skincare_datasets.xlsx::Recommendations|skincare_recommendations_dataset.csv,1) Cleanser: milk cleanser | 2) Serum: retinol serum | 3) Moisturizer: rich cream moisturizer | 4) SPF: spf50,1) Cleanser: milk cleanser | 2) Treatment: barrier repair | 3) Moisturizer: rich cream moisturizer
RTN0000954,REC0000954,normal,2,1,5,3,acne control cleanser,ceramide moisturizer,niacinamide serum,mineral spf50,retinol treatment,skincare_datasets.xlsx::Recommendations|skincare_recommendations_dataset.csv,1) Cleanser: acne control cleanser | 2) Serum: niacinamide serum | 3) Moisturizer: ceramide moisturizer | 4) SPF: mineral spf50,1) Cleanser: acne control cleanser | 2) Treatment: retinol treatment | 3) Moisturizer: ceramide moisturizer
RTN0000955,REC0000955,normal,2,1,5,5,ultra gentle cleanser,soothing moisturizer,centella serum,spf50 matte,anti aging routine,skincare_datasets.xlsx::Recommendations|skincare_recommendations_dataset.csv,1) Cleanser: ultra gentle cleanser | 2) Serum: centella serum | 3) Moisturizer: soothing moisturizer | 4) SPF: spf50 matte,1) Cleanser: ultra gentle cleanser | 2) Treatment: anti aging routine | 3) Moisturizer: soothing moisturizer
RTN0000956,REC0000956,normal,2,2,0,0,hydrating cleanser,light lotion moisturizer,hyaluronic acid serum,spf50,chemical exfoliation,skincare_datasets.xlsx::Recommendations|skincare_recommendations_dataset.csv,1) Cleanser: hydrating cleanser | 2) Serum: hyaluronic acid serum | 3) Moisturizer: light lotion moisturizer | 4) SPF: spf50,1) Cleanser: hydrating cleanser | 2) Treatment: chemical exfoliation | 3) Moisturizer: light lotion moisturizer
RTN0000957,REC0000957,normal,2,2,0,3,ultra gentle cleanser,light lotion moisturizer,hyaluronic acid serum,spf50 matte,chemical exfoliation,skincare_datasets.xlsx::Recommendations|skincare_recommendations_dataset.csv,1) Cleanser: ultra gentle cleanser | 2) Serum: hyaluronic acid serum | 3) Moisturizer: light lotion moisturizer | 4) SPF: spf50 matte,1) Cleanser: ultra gentle cleanser | 2) Treatment: chemical exfoliation | 3) Moisturizer: light lotion moisturizer
RTN0000958,REC0000958,normal,2,2,0,4,milk cleanser,rich cream moisturizer,peptide serum,spf50,hydrating mask,skincare_datasets.xlsx::Recommendations|skincare_recommendations_dataset.csv,1) Cleanser: milk cleanser | 2) Serum: peptide serum | 3) Moisturizer: rich cream moisturizer | 4) SPF: spf50,1) Cleanser: milk cleanser | 2) Treatment: hydrating mask | 3) Moisturizer: rich cream moisturizer
RTN0000959,REC0000959,normal,2,2,1,0,hydrating cleanser,light lotion moisturizer,peptide serum,spf30,benzoyl peroxide,skincare_datasets.xlsx::Recommendations|skincare_recommendations_dataset.csv,1) Cleanser: hydrating cleanser | 2) Serum: peptide serum | 3) Moisturizer: light lotion moisturizer | 4) SPF: spf30,1) Cleanser: hydrating cleanser | 2) Treatment: benzoyl peroxide | 3) Moisturizer: light lotion moisturizer
RTN0000960,REC0000960,normal,2,2,1,2,milk cleanser,light lotion moisturizer,niacinamide serum,spf50,barrier repair,skincare_datasets.xlsx::Recommendations|skincare_recommendations_dataset.csv,1) Cleanser: milk cleanser | 2) Serum: niacinamide serum | 3) Moisturizer: light lotion moisturizer | 4) SPF: spf50,1) Cleanser: milk cleanser | 2) Treatment: barrier repair | 3) Moisturizer: light lotion moisturizer
RTN0000961,REC0000961,normal,2,2,1,5,ultra gentle cleanser,ceramide moisturizer,retinol serum,mineral spf50,hydrating mask,skincare_datasets.xlsx::Recommendations|skincare_recommendations_dataset.csv,1) Cleanser: ultra gentle cleanser | 2) Serum: retinol serum | 3) Moisturizer: ceramide moisturizer | 4) SPF: mineral spf50,1) Cleanser: ultra gentle cleanser | 2) Treatment: hydrating mask | 3) Moisturizer: ceramide moisturizer
RTN0000962,REC0000962,normal,2,2,3,0,hydrating cleanser,rich cream moisturizer,peptide serum,spf50 matte,benzoyl peroxide,skincare_datasets.xlsx::Recommendations|skincare_recommendations_dataset.csv,1) Cleanser: hydrating cleanser | 2) Serum: peptide serum | 3) Moisturizer: rich cream moisturizer | 4) SPF: spf50 matte,1) Cleanser: hydrating cleanser | 2) Treatment: benzoyl peroxide | 3) Moisturizer: rich cream moisturizer
RTN0000963,REC0000963,normal,2,2,3,1,hydrating cleanser,rich cream moisturizer,centella serum,mineral spf50,retinol treatment,skincare_datasets.xlsx::Recommendations|skincare_recommendations_dataset.csv,1) Cleanser: hydrating cleanser | 2) Serum: centella serum | 3) Moisturizer: rich cream moisturizer | 4) SPF: mineral spf50,1) Cleanser: hydrating cleanser | 2) Treatment: retinol treatment | 3) Moisturizer: rich cream moisturizer
RTN0000964,REC0000964,normal,2,2,3,3,milk cleanser,light lotion moisturizer,hyaluronic acid serum,mineral spf50,calming treatment,skincare_datasets.xlsx::Recommendations|skincare_recommendations_dataset.csv,1) Cleanser: milk cleanser | 2) Serum: hyaluronic acid serum | 3) Moisturizer: light lotion moisturizer | 4) SPF: mineral spf50,1) Cleanser: milk cleanser | 2) Treatment: calming treatment | 3) Moisturizer: light lotion moisturizer
RTN0000965,REC0000965,normal,2,2,5,3,ultra gentle cleanser,ceramide moisturizer,retinol serum,spf30,anti aging routine,skincare_datasets.xlsx::Recommendations|skincare_recommendations_dataset.csv,1) Cleanser: ultra gentle cleanser | 2) Serum: retinol serum | 3) Moisturizer: ceramide moisturizer | 4) SPF: spf30,1) Cleanser: ultra gentle cleanser | 2) Treatment: anti aging routine | 3) Moisturizer: ceramide moisturizer
RTN0000966,REC0000966,normal,2,2,5,5,salicylic acid cleanser,soothing moisturizer,retinol serum,spf50 matte,barrier repair,skincare_datasets.xlsx::Recommendations|skincare_recommendations_dataset.csv,1) Cleanser: salicylic acid cleanser | 2) Serum: retinol serum | 3) Moisturizer: soothing moisturizer | 4) SPF: spf50 matte,1) Cleanser: salicylic acid cleanser | 2) Treatment: barrier repair | 3) Moisturizer: soothing moisturizer
RTN0000967,REC0000967,normal,2,3,0,1,gentle foam cleanser,ceramide moisturizer,vitamin c serum,mineral spf50,retinol treatment,skincare_datasets.xlsx::Recommendations|skincare_recommendations_dataset.csv,1) Cleanser: gentle foam cleanser | 2) Serum: vitamin c serum | 3) Moisturizer: ceramide moisturizer | 4) SPF: mineral spf50,1) Cleanser: gentle foam cleanser | 2) Treatment: retinol treatment | 3) Moisturizer: ceramide moisturizer
RTN0000968,REC0000968,normal,2,3,0,3,hydrating cleanser,oil free gel moisturizer,niacinamide serum,spf30,benzoyl peroxide,skincare_datasets.xlsx::Recommendations|skincare_recommendations_dataset.csv,1) Cleanser: hydrating cleanser | 2) Serum: niacinamide serum | 3) Moisturizer: oil free gel moisturizer | 4) SPF: spf30,1) Cleanser: hydrating cleanser | 2) Treatment: benzoyl peroxide | 3) Moisturizer: oil free gel moisturizer
RTN0000969,REC0000969,normal,2,3,0,5,gentle foam cleanser,soothing moisturizer,hyaluronic acid serum,spf50 matte,hydrating mask,skincare_datasets.xlsx::Recommendations|skincare_recommendations_dataset.csv,1) Cleanser: gentle foam cleanser | 2) Serum: hyaluronic acid serum | 3) Moisturizer: soothing moisturizer | 4) SPF: spf50 matte,1) Cleanser: gentle foam cleanser | 2) Treatment: hydrating mask | 3) Moisturizer: soothing moisturizer
RTN0000970,REC0000970,normal,2,3,1,0,ultra gentle cleanser,soothing moisturizer,hyaluronic acid serum,spf50 matte,benzoyl peroxide,skincare_datasets.xlsx::Recommendations|skincare_recommendations_dataset.csv,1) Cleanser: ultra gentle cleanser | 2) Serum: hyaluronic acid serum | 3) Moisturizer: soothing moisturizer | 4) SPF: spf50 matte,1) Cleanser: ultra gentle cleanser | 2) Treatment: benzoyl peroxide | 3) Moisturizer: soothing moisturizer
RTN0000971,REC0000971,normal,2,3,1,3,gentle foam cleanser,oil free gel moisturizer,peptide serum,mineral spf50,calming treatment,skincare_datasets.xlsx::Recommendations|skincare_recommendations_dataset.csv,1) Cleanser: gentle foam cleanser | 2) Serum: peptide serum | 3) Moisturizer: oil free gel moisturizer | 4) SPF: mineral spf50,1) Cleanser: gentle foam cleanser | 2) Treatment: calming treatment | 3) Moisturizer: oil free gel moisturizer
RTN0000972,REC0000972,normal,2,3,1,4,salicylic acid cleanser,rich cream moisturizer,vitamin c serum,mineral spf50,anti aging routine,skincare_datasets.xlsx::Recommendations|skincare_recommendations_dataset.csv,1) Cleanser: salicylic acid cleanser | 2) Serum: vitamin c serum | 3) Moisturizer: rich cream moisturizer | 4) SPF: mineral spf50,1) Cleanser: salicylic acid cleanser | 2) Treatment: anti aging routine | 3) Moisturizer: rich cream moisturizer
RTN0000973,REC0000973,normal,2,3,2,1,hydrating cleanser,ceramide moisturizer,niacinamide serum,spf30,hydrating mask,skincare_datasets.xlsx::Recommendations|skincare_recommendations_dataset.csv,1) Cleanser: hydrating cleanser | 2) Serum: niacinamide serum | 3) Moisturizer: ceramide moisturizer | 4) SPF: spf30,1) Cleanser: hydrating cleanser | 2) Treatment: hydrating mask | 3) Moisturizer: ceramide moisturizer
RTN0000974,REC0000974,normal,2,3,4,5,milk cleanser,soothing moisturizer,hyaluronic acid serum,spf50 matte,chemical exfoliation,skincare_datasets.xlsx::Recommendations|skincare_recommendations_dataset.csv,1) Cleanser: milk cleanser | 2) Serum: hyaluronic acid serum | 3) Moisturizer: soothing moisturizer | 4) SPF: spf50 matte,1) Cleanser: milk cleanser | 2) Treatment: chemical exfoliation | 3) Moisturizer: soothing moisturizer
RTN0000975,REC0000975,normal,2,4,0,3,salicylic acid cleanser,rich cream moisturizer,niacinamide serum,mineral spf50,barrier repair,skincare_datasets.xlsx::Recommendations|skincare_recommendations_dataset.csv,1) Cleanser: salicylic acid cleanser | 2) Serum: niacinamide serum | 3) Moisturizer: rich cream moisturizer | 4) SPF: mineral spf50,1) Cleanser: salicylic acid cleanser | 2) Treatment: barrier repair | 3) Moisturizer: rich cream moisturizer
RTN0000976,REC0000976,normal,2,4,1,1,acne control cleanser,ceramide moisturizer,niacinamide serum,spf30,anti aging routine,skincare_datasets.xlsx::Recommendations|skincare_recommendations_dataset.csv,1) Cleanser: acne control cleanser | 2) Serum: niacinamide serum | 3) Moisturizer: ceramide moisturizer | 4) SPF: spf30,1) Cleanser: acne control cleanser | 2) Treatment: anti aging routine | 3) Moisturizer: ceramide moisturizer
RTN0000977,REC0000977,normal,2,4,1,2,gentle foam cleanser,oil free gel moisturizer,peptide serum,mineral spf50,anti aging routine,skincare_datasets.xlsx::Recommendations|skincare_recommendations_dataset.csv,1) Cleanser: gentle foam cleanser | 2) Serum: peptide serum | 3) Moisturizer: oil free gel moisturizer | 4) SPF: mineral spf50,1) Cleanser: gentle foam cleanser | 2) Treatment: anti aging routine | 3) Moisturizer: oil free gel moisturizer
RTN0000978,REC0000978,normal,2,4,1,4,hydrating cleanser,light lotion moisturizer,vitamin c serum,spf50 matte,benzoyl peroxide,skincare_datasets.xlsx::Recommendations|skincare_recommendations_dataset.csv,1) Cleanser: hydrating cleanser | 2) Serum: vitamin c serum | 3) Moisturizer: light lotion moisturizer | 4) SPF: spf50 matte,1) Cleanser: hydrating cleanser | 2) Treatment: benzoyl peroxide | 3) Moisturizer: light lotion moisturizer
RTN0000979,REC0000979,normal,2,4,1,4,milk cleanser,ceramide moisturizer,retinol serum,spf50 matte,hydrating mask,skincare_datasets.xlsx::Recommendations|skincare_recommendations_dataset.csv,1) Cleanser: milk cleanser | 2) Serum: retinol serum | 3) Moisturizer: ceramide moisturizer | 4) SPF: spf50 matte,1) Cleanser: milk cleanser | 2) Treatment: hydrating mask | 3) Moisturizer: ceramide moisturizer
RTN0000980,REC0000980,normal,2,4,2,0,acne control cleanser,light lotion moisturizer,retinol serum,spf50 matte,barrier repair,skincare_datasets.xlsx::Recommendations|skincare_recommendations_dataset.csv,1) Cleanser: acne control cleanser | 2) Serum: retinol serum | 3) Moisturizer: light lotion moisturizer | 4) SPF: spf50 matte,1) Cleanser: acne control cleanser | 2) Treatment: barrier repair | 3) Moisturizer: light lotion moisturizer
RTN0000981,REC0000981,normal,2,4,2,5,hydrating cleanser,ceramide moisturizer,centella serum,spf30,barrier repair,skincare_datasets.xlsx::Recommendations|skincare_recommendations_dataset.csv,1) Cleanser: hydrating cleanser | 2) Serum: centella serum | 3) Moisturizer: ceramide moisturizer | 4) SPF: spf30,1) Cleanser: hydrating cleanser | 2) Treatment: barrier repair | 3) Moisturizer: ceramide moisturizer
RTN0000982,REC0000982,normal,2,4,4,3,milk cleanser,oil free gel moisturizer,peptide serum,spf50 matte,retinol treatment,skincare_datasets.xlsx::Recommendations|skincare_recommendations_dataset.csv,1) Cleanser: milk cleanser | 2) Serum: peptide serum | 3) Moisturizer: oil free gel moisturizer | 4) SPF: spf50 matte,1) Cleanser: milk cleanser | 2) Treatment: retinol treatment | 3) Moisturizer: oil free gel moisturizer
RTN0000983,REC0000983,normal,2,4,5,0,acne control cleanser,ceramide moisturizer,peptide serum,spf30,retinol treatment,skincare_datasets.xlsx::Recommendations|skincare_recommendations_dataset.csv,1) Cleanser: acne control cleanser | 2) Serum: peptide serum | 3) Moisturizer: ceramide moisturizer | 4) SPF: spf30,1) Cleanser: acne control cleanser | 2) Treatment: retinol treatment | 3) Moisturizer: ceramide moisturizer
RTN0000984,REC0000984,normal,2,4,5,0,milk cleanser,light lotion moisturizer,hyaluronic acid serum,spf50 matte,calming treatment,skincare_datasets.xlsx::Recommendations|skincare_recommendations_dataset.csv,1) Cleanser: milk cleanser | 2) Serum: hyaluronic acid serum | 3) Moisturizer: light lotion moisturizer | 4) SPF: spf50 matte,1) Cleanser: milk cleanser | 2) Treatment: calming treatment | 3) Moisturizer: light lotion moisturizer
RTN0000985,REC0000985,normal,2,4,5,0,salicylic acid cleanser,rich cream moisturizer,retinol serum,spf50 matte,retinol treatment,skincare_datasets.xlsx::Recommendations|skincare_recommendations_dataset.csv,1) Cleanser: salicylic acid cleanser | 2) Serum: retinol serum | 3) Moisturizer: rich cream moisturizer | 4) SPF: spf50 matte,1) Cleanser: salicylic acid cleanser | 2) Treatment: retinol treatment | 3) Moisturizer: rich cream moisturizer
RTN0000986,REC0000986,normal,2,4,5,4,milk cleanser,light lotion moisturizer,vitamin c serum,spf30,retinol treatment,skincare_datasets.xlsx::Recommendations|skincare_recommendations_dataset.csv,1) Cleanser: milk cleanser | 2) Serum: vitamin c serum | 3) Moisturizer: light lotion moisturizer | 4) SPF: spf30,1) Cleanser: milk cleanser | 2) Treatment: retinol treatment | 3) Moisturizer: light lotion moisturizer
RTN0000987,REC0000987,normal,2,4,5,4,milk cleanser,soothing moisturizer,retinol serum,spf30,barrier repair,skincare_datasets.xlsx::Recommendations|skincare_recommendations_dataset.csv,1) Cleanser: milk cleanser | 2) Serum: retinol serum | 3) Moisturizer: soothing moisturizer | 4) SPF: spf30,1) Cleanser: milk cleanser | 2) Treatment: barrier repair | 3) Moisturizer: soothing moisturizer
RTN0000988,REC0000988,normal,2,5,0,0,hydrating cleanser,oil free gel moisturizer,peptide serum,mineral spf50,barrier repair,skincare_datasets.xlsx::Recommendations|skincare_recommendations_dataset.csv,1) Cleanser: hydrating cleanser | 2) Serum: peptide serum | 3) Moisturizer: oil free gel moisturizer | 4) SPF: mineral spf50,1) Cleanser: hydrating cleanser | 2) Treatment: barrier repair | 3) Moisturizer: oil free gel moisturizer
RTN0000989,REC0000989,normal,2,5,0,1,ultra gentle cleanser,soothing moisturizer,vitamin c serum,spf50,chemical exfoliation,skincare_datasets.xlsx::Recommendations|skincare_recommendations_dataset.csv,1) Cleanser: ultra gentle cleanser | 2) Serum: vitamin c serum | 3) Moisturizer: soothing moisturizer | 4) SPF: spf50,1) Cleanser: ultra gentle cleanser | 2) Treatment: chemical exfoliation | 3) Moisturizer: soothing moisturizer
RTN0000990,REC0000990,normal,2,5,1,3,milk cleanser,soothing moisturizer,peptide serum,spf30,benzoyl peroxide,skincare_datasets.xlsx::Recommendations|skincare_recommendations_dataset.csv,1) Cleanser: milk cleanser | 2) Serum: peptide serum | 3) Moisturizer: soothing moisturizer | 4) SPF: spf30,1) Cleanser: milk cleanser | 2) Treatment: benzoyl peroxide | 3) Moisturizer: soothing moisturizer
RTN0000991,REC0000991,normal,2,5,2,0,ultra gentle cleanser,oil free gel moisturizer,centella serum,spf30,benzoyl peroxide,skincare_datasets.xlsx::Recommendations|skincare_recommendations_dataset.csv,1) Cleanser: ultra gentle cleanser | 2) Serum: centella serum | 3) Moisturizer: oil free gel moisturizer | 4) SPF: spf30,1) Cleanser: ultra gentle cleanser | 2) Treatment: benzoyl peroxide | 3) Moisturizer: oil free gel moisturizer
RTN0000992,REC0000992,normal,2,5,2,1,milk cleanser,soothing moisturizer,retinol serum,spf50,anti aging routine,skincare_datasets.xlsx::Recommendations|skincare_recommendations_dataset.csv,1) Cleanser: milk cleanser | 2) Serum: retinol serum | 3) Moisturizer: soothing moisturizer | 4) SPF: spf50,1) Cleanser: milk cleanser | 2) Treatment: anti aging routine | 3) Moisturizer: soothing moisturizer
RTN0000993,REC0000993,normal,2,5,3,0,hydrating cleanser,rich cream moisturizer,centella serum,spf50,hydrating mask,skincare_datasets.xlsx::Recommendations|skincare_recommendations_dataset.csv,1) Cleanser: hydrating cleanser | 2) Serum: centella serum | 3) Moisturizer: rich cream moisturizer | 4) SPF: spf50,1) Cleanser: hydrating cleanser | 2) Treatment: hydrating mask | 3) Moisturizer: rich cream moisturizer
RTN0000994,REC0000994,normal,2,5,3,5,milk cleanser,rich cream moisturizer,vitamin c serum,spf30,chemical exfoliation,skincare_datasets.xlsx::Recommendations|skincare_recommendations_dataset.csv,1) Cleanser: milk cleanser | 2) Serum: vitamin c serum | 3) Moisturizer: rich cream moisturizer | 4) SPF: spf30,1) Cleanser: milk cleanser | 2) Treatment: chemical exfoliation | 3) Moisturizer: rich cream moisturizer
RTN0000995,REC0000995,normal,2,5,4,1,ultra gentle cleanser,soothing moisturizer,hyaluronic acid serum,spf30,hydrating mask,skincare_datasets.xlsx::Recommendations|skincare_recommendations_dataset.csv,1) Cleanser: ultra gentle cleanser | 2) Serum: hyaluronic acid serum | 3) Moisturizer: soothing moisturizer | 4) SPF: spf30,1) Cleanser: ultra gentle cleanser | 2) Treatment: hydrating mask | 3) Moisturizer: soothing moisturizer
RTN0000996,REC0000996,normal,2,5,5,1,milk cleanser,oil free gel moisturizer,peptide serum,spf50,chemical exfoliation,skincare_datasets.xlsx::Recommendations|skincare_recommendations_dataset.csv,1) Cleanser: milk cleanser | 2) Serum: peptide serum | 3) Moisturizer: oil free gel moisturizer | 4) SPF: spf50,1) Cleanser: milk cleanser | 2) Treatment: chemical exfoliation | 3) Moisturizer: oil free gel moisturizer
RTN0000997,REC0000997,normal,2,5,5,2,ultra gentle cleanser,light lotion moisturizer,niacinamide serum,spf50 matte,benzoyl peroxide,skincare_datasets.xlsx::Recommendations|skincare_recommendations_dataset.csv,1) Cleanser: ultra gentle cleanser | 2) Serum: niacinamide serum | 3) Moisturizer: light lotion moisturizer | 4) SPF: spf50 matte,1) Cleanser: ultra gentle cleanser | 2) Treatment: benzoyl peroxide | 3) Moisturizer: light lotion moisturizer
RTN0000998,REC0000998,normal,2,5,5,4,gentle foam cleanser,oil free gel moisturizer,centella serum,mineral spf50,benzoyl peroxide,skincare_datasets.xlsx::Recommendations|skincare_recommendations_dataset.csv,1) Cleanser: gentle foam cleanser | 2) Serum: centella serum | 3) Moisturizer: oil free gel moisturizer | 4) SPF: mineral spf50,1) Cleanser: gentle foam cleanser | 2) Treatment: benzoyl peroxide | 3) Moisturizer: oil free gel moisturizer
RTN0000999,REC0000999,normal,3,0,0,1,gentle foam cleanser,ceramide moisturizer,centella serum,spf30,calming treatment,skincare_datasets.xlsx::Recommendations|skincare_recommendations_dataset.csv,1) Cleanser: gentle foam cleanser | 2) Serum: centella serum | 3) Moisturizer: ceramide moisturizer | 4) SPF: spf30,1) Cleanser: gentle foam cleanser | 2) Treatment: calming treatment | 3) Moisturizer: ceramide moisturizer
RTN0001000,REC0001000,normal,3,0,0,1,milk cleanser,soothing moisturizer,vitamin c serum,spf50,anti aging routine,skincare_datasets.xlsx::Recommendations|skincare_recommendations_dataset.csv,1) Cleanser: milk cleanser | 2) Serum: vitamin c serum | 3) Moisturizer: soothing moisturizer | 4) SPF: spf50,1) Cleanser: milk cleanser | 2) Treatment: anti aging routine | 3) Moisturizer: soothing moisturizer
RTN0001001,REC0001001,normal,3,0,0,3,gentle foam cleanser,ceramide moisturizer,hyaluronic acid serum,spf50 matte,hydrating mask,skincare_datasets.xlsx::Recommendations|skincare_recommendations_dataset.csv,1) Cleanser: gentle foam cleanser | 2) Serum: hyaluronic acid serum | 3) Moisturizer: ceramide moisturizer | 4) SPF: spf50 matte,1) Cleanser: gentle foam cleanser | 2) Treatment: hydrating mask | 3) Moisturizer: ceramide moisturizer
RTN0001002,REC0001002,normal,3,0,0,5,hydrating cleanser,soothing moisturizer,niacinamide serum,spf50 matte,hydrating mask,skincare_datasets.xlsx::Recommendations|skincare_recommendations_dataset.csv,1) Cleanser: hydrating cleanser | 2) Serum: niacinamide serum | 3) Moisturizer: soothing moisturizer | 4) SPF: spf50 matte,1) Cleanser: hydrating cleanser | 2) Treatment: hydrating mask | 3) Moisturizer: soothing moisturizer
RTN0001003,REC0001003,normal,3,0,1,1,hydrating cleanser,light lotion moisturizer,retinol serum,spf50 matte,calming treatment,skincare_datasets.xlsx::Recommendations|skincare_recommendations_dataset.csv,1) Cleanser: hydrating cleanser | 2) Serum: retinol serum | 3) Moisturizer: light lotion moisturizer | 4) SPF: spf50 matte,1) Cleanser: hydrating cleanser | 2) Treatment: calming treatment | 3) Moisturizer: light lotion moisturizer
RTN0001004,REC0001004,normal,3,0,1,4,gentle foam cleanser,light lotion moisturizer,centella serum,spf30,calming treatment,skincare_datasets.xlsx::Recommendations|skincare_recommendations_dataset.csv,1) Cleanser: gentle foam cleanser | 2) Serum: centella serum | 3) Moisturizer: light lotion moisturizer | 4) SPF: spf30,1) Cleanser: gentle foam cleanser | 2) Treatment: calming treatment | 3) Moisturizer: light lotion moisturizer
RTN0001005,REC0001005,normal,3,0,3,0,gentle foam cleanser,soothing moisturizer,vitamin c serum,spf30,chemical exfoliation,skincare_datasets.xlsx::Recommendations|skincare_recommendations_dataset.csv,1) Cleanser: gentle foam cleanser | 2) Serum: vitamin c serum | 3) Moisturizer: soothing moisturizer | 4) SPF: spf30,1) Cleanser: gentle foam cleanser | 2) Treatment: chemical exfoliation | 3) Moisturizer: soothing moisturizer
RTN0001006,REC0001006,normal,3,0,3,1,hydrating cleanser,oil free gel moisturizer,vitamin c serum,spf30,barrier repair,skincare_datasets.xlsx::Recommendations|skincare_recommendations_dataset.csv,1) Cleanser: hydrating cleanser | 2) Serum: vitamin c serum | 3) Moisturizer: oil free gel moisturizer | 4) SPF: spf30,1) Cleanser: hydrating cleanser | 2) Treatment: barrier repair | 3) Moisturizer: oil free gel moisturizer
RTN0001007,REC0001007,normal,3,0,3,5,milk cleanser,soothing moisturizer,centella serum,mineral spf50,anti aging routine,skincare_datasets.xlsx::Recommendations|skincare_recommendations_dataset.csv,1) Cleanser: milk cleanser | 2) Serum: centella serum | 3) Moisturizer: soothing moisturizer | 4) SPF: mineral spf50,1) Cleanser: milk cleanser | 2) Treatment: anti aging routine | 3) Moisturizer: soothing moisturizer
RTN0001008,REC0001008,normal,3,0,4,0,milk cleanser,light lotion moisturizer,hyaluronic acid serum,spf50 matte,benzoyl peroxide,skincare_datasets.xlsx::Recommendations|skincare_recommendations_dataset.csv,1) Cleanser: milk cleanser | 2) Serum: hyaluronic acid serum | 3) Moisturizer: light lotion moisturizer | 4) SPF: spf50 matte,1) Cleanser: milk cleanser | 2) Treatment: benzoyl peroxide | 3) Moisturizer: light lotion moisturizer
RTN0001009,REC0001009,normal,3,0,4,5,acne control cleanser,oil free gel moisturizer,hyaluronic acid serum,spf30,anti aging routine,skincare_datasets.xlsx::Recommendations|skincare_recommendations_dataset.csv,1) Cleanser: acne control cleanser | 2) Serum: hyaluronic acid serum | 3) Moisturizer: oil free gel moisturizer | 4) SPF: spf30,1) Cleanser: acne control cleanser | 2) Treatment: anti aging routine | 3) Moisturizer: oil free gel moisturizer
RTN0001010,REC0001010,normal,3,0,5,0,salicylic acid cleanser,oil free gel moisturizer,peptide serum,spf50 matte,anti aging routine,skincare_datasets.xlsx::Recommendations|skincare_recommendations_dataset.csv,1) Cleanser: salicylic acid cleanser | 2) Serum: peptide serum | 3) Moisturizer: oil free gel moisturizer | 4) SPF: spf50 matte,1) Cleanser: salicylic acid cleanser | 2) Treatment: anti aging routine | 3) Moisturizer: oil free gel moisturizer
RTN0001011,REC0001011,normal,3,0,5,4,acne control cleanser,rich cream moisturizer,niacinamide serum,spf50,chemical exfoliation,skincare_datasets.xlsx::Recommendations|skincare_recommendations_dataset.csv,1) Cleanser: acne control cleanser | 2) Serum: niacinamide serum | 3) Moisturizer: rich cream moisturizer | 4) SPF: spf50,1) Cleanser: acne control cleanser | 2) Treatment: chemical exfoliation | 3) Moisturizer: rich cream moisturizer
RTN0001012,REC0001012,normal,3,0,5,5,gentle foam cleanser,oil free gel moisturizer,peptide serum,mineral spf50,benzoyl peroxide,skincare_datasets.xlsx::Recommendations|skincare_recommendations_dataset.csv,1) Cleanser: gentle foam cleanser | 2) Serum: peptide serum | 3) Moisturizer: oil free gel moisturizer | 4) SPF: mineral spf50,1) Cleanser: gentle foam cleanser | 2) Treatment: benzoyl peroxide | 3) Moisturizer: oil free gel moisturizer
RTN0001013,REC0001013,normal,3,1,0,1,salicylic acid cleanser,rich cream moisturizer,niacinamide serum,spf30,chemical exfoliation,skincare_datasets.xlsx::Recommendations|skincare_recommendations_dataset.csv,1) Cleanser: salicylic acid cleanser | 2) Serum: niacinamide serum | 3) Moisturizer: rich cream moisturizer | 4) SPF: spf30,1) Cleanser: salicylic acid cleanser | 2) Treatment: chemical exfoliation | 3) Moisturizer: rich cream moisturizer
RTN0001014,REC0001014,normal,3,1,0,1,salicylic acid cleanser,soothing moisturizer,peptide serum,spf30,chemical exfoliation,skincare_datasets.xlsx::Recommendations|skincare_recommendations_dataset.csv,1) Cleanser: salicylic acid cleanser | 2) Serum: peptide serum | 3) Moisturizer: soothing moisturizer | 4) SPF: spf30,1) Cleanser: salicylic acid cleanser | 2) Treatment: chemical exfoliation | 3) Moisturizer: soothing moisturizer
RTN0001015,REC0001015,normal,3,1,0,2,acne control cleanser,rich cream moisturizer,hyaluronic acid serum,spf50,benzoyl peroxide,skincare_datasets.xlsx::Recommendations|skincare_recommendations_dataset.csv,1) Cleanser: acne control cleanser | 2) Serum: hyaluronic acid serum | 3) Moisturizer: rich cream moisturizer | 4) SPF: spf50,1) Cleanser: acne control cleanser | 2) Treatment: benzoyl peroxide | 3) Moisturizer: rich cream moisturizer
RTN0001016,REC0001016,normal,3,1,0,2,hydrating cleanser,light lotion moisturizer,peptide serum,spf50,benzoyl peroxide,skincare_datasets.xlsx::Recommendations|skincare_recommendations_dataset.csv,1) Cleanser: hydrating cleanser | 2) Serum: peptide serum | 3) Moisturizer: light lotion moisturizer | 4) SPF: spf50,1) Cleanser: hydrating cleanser | 2) Treatment: benzoyl peroxide | 3) Moisturizer: light lotion moisturizer
RTN0001017,REC0001017,normal,3,1,0,4,gentle foam cleanser,oil free gel moisturizer,niacinamide serum,spf30,calming treatment,skincare_datasets.xlsx::Recommendations|skincare_recommendations_dataset.csv,1) Cleanser: gentle foam cleanser | 2) Serum: niacinamide serum | 3) Moisturizer: oil free gel moisturizer | 4) SPF: spf30,1) Cleanser: gentle foam cleanser | 2) Treatment: calming treatment | 3) Moisturizer: oil free gel moisturizer
RTN0001018,REC0001018,normal,3,1,1,3,salicylic acid cleanser,oil free gel moisturizer,peptide serum,spf50,calming treatment,skincare_datasets.xlsx::Recommendations|skincare_recommendations_dataset.csv,1) Cleanser: salicylic acid cleanser | 2) Serum: peptide serum | 3) Moisturizer: oil free gel moisturizer | 4) SPF: spf50,1) Cleanser: salicylic acid cleanser | 2) Treatment: calming treatment | 3) Moisturizer: oil free gel moisturizer
RTN0001019,REC0001019,normal,3,1,1,3,ultra gentle cleanser,soothing moisturizer,centella serum,spf50 matte,hydrating mask,skincare_datasets.xlsx::Recommendations|skincare_recommendations_dataset.csv,1) Cleanser: ultra gentle cleanser | 2) Serum: centella serum | 3) Moisturizer: soothing moisturizer | 4) SPF: spf50 matte,1) Cleanser: ultra gentle cleanser | 2) Treatment: hydrating mask | 3) Moisturizer: soothing moisturizer
RTN0001020,REC0001020,normal,3,1,2,2,hydrating cleanser,light lotion moisturizer,niacinamide serum,mineral spf50,barrier repair,skincare_datasets.xlsx::Recommendations|skincare_recommendations_dataset.csv,1) Cleanser: hydrating cleanser | 2) Serum: niacinamide serum | 3) Moisturizer: light lotion moisturizer | 4) SPF: mineral spf50,1) Cleanser: hydrating cleanser | 2) Treatment: barrier repair | 3) Moisturizer: light lotion moisturizer
RTN0001021,REC0001021,normal,3,1,2,5,salicylic acid cleanser,ceramide moisturizer,vitamin c serum,mineral spf50,hydrating mask,skincare_datasets.xlsx::Recommendations|skincare_recommendations_dataset.csv,1) Cleanser: salicylic acid cleanser | 2) Serum: vitamin c serum | 3) Moisturizer: ceramide moisturizer | 4) SPF: mineral spf50,1) Cleanser: salicylic acid cleanser | 2) Treatment: hydrating mask | 3) Moisturizer: ceramide moisturizer
RTN0001022,REC0001022,normal,3,1,3,1,milk cleanser,rich cream moisturizer,niacinamide serum,mineral spf50,benzoyl peroxide,skincare_datasets.xlsx::Recommendations|skincare_recommendations_dataset.csv,1) Cleanser: milk cleanser | 2) Serum: niacinamide serum | 3) Moisturizer: rich cream moisturizer | 4) SPF: mineral spf50,1) Cleanser: milk cleanser | 2) Treatment: benzoyl peroxide | 3) Moisturizer: rich cream moisturizer
RTN0001023,REC0001023,normal,3,1,3,2,milk cleanser,soothing moisturizer,vitamin c serum,spf30,calming treatment,skincare_datasets.xlsx::Recommendations|skincare_recommendations_dataset.csv,1) Cleanser: milk cleanser | 2) Serum: vitamin c serum | 3) Moisturizer: soothing moisturizer | 4) SPF: spf30,1) Cleanser: milk cleanser | 2) Treatment: calming treatment | 3) Moisturizer: soothing moisturizer
RTN0001024,REC0001024,normal,3,1,4,2,gentle foam cleanser,ceramide moisturizer,niacinamide serum,spf30,anti aging routine,skincare_datasets.xlsx::Recommendations|skincare_recommendations_dataset.csv,1) Cleanser: gentle foam cleanser | 2) Serum: niacinamide serum | 3) Moisturizer: ceramide moisturizer | 4) SPF: spf30,1) Cleanser: gentle foam cleanser | 2) Treatment: anti aging routine | 3) Moisturizer: ceramide moisturizer
RTN0001025,REC0001025,normal,3,1,4,3,ultra gentle cleanser,ceramide moisturizer,hyaluronic acid serum,spf30,anti aging routine,skincare_datasets.xlsx::Recommendations|skincare_recommendations_dataset.csv,1) Cleanser: ultra gentle cleanser | 2) Serum: hyaluronic acid serum | 3) Moisturizer: ceramide moisturizer | 4) SPF: spf30,1) Cleanser: ultra gentle cleanser | 2) Treatment: anti aging routine | 3) Moisturizer: ceramide moisturizer
RTN0001026,REC0001026,normal,3,1,4,4,acne control cleanser,oil free gel moisturizer,retinol serum,mineral spf50,retinol treatment,skincare_datasets.xlsx::Recommendations|skincare_recommendations_dataset.csv,1) Cleanser: acne control cleanser | 2) Serum: retinol serum | 3) Moisturizer: oil free gel moisturizer | 4) SPF: mineral spf50,1) Cleanser: acne control cleanser | 2) Treatment: retinol treatment | 3) Moisturizer: oil free gel moisturizer
RTN0001027,REC0001027,normal,3,2,0,1,gentle foam cleanser,oil free gel moisturizer,hyaluronic acid serum,spf30,benzoyl peroxide,skincare_datasets.xlsx::Recommendations|skincare_recommendations_dataset.csv,1) Cleanser: gentle foam cleanser | 2) Serum: hyaluronic acid serum | 3) Moisturizer: oil free gel moisturizer | 4) SPF: spf30,1) Cleanser: gentle foam cleanser | 2) Treatment: benzoyl peroxide | 3) Moisturizer: oil free gel moisturizer
RTN0001028,REC0001028,normal,3,2,1,3,salicylic acid cleanser,light lotion moisturizer,vitamin c serum,spf50,chemical exfoliation,skincare_datasets.xlsx::Recommendations|skincare_recommendations_dataset.csv,1) Cleanser: salicylic acid cleanser | 2) Serum: vitamin c serum | 3) Moisturizer: light lotion moisturizer | 4) SPF: spf50,1) Cleanser: salicylic acid cleanser | 2) Treatment: chemical exfoliation | 3) Moisturizer: light lotion moisturizer
RTN0001029,REC0001029,normal,3,2,3,2,hydrating cleanser,ceramide moisturizer,peptide serum,spf50,hydrating mask,skincare_datasets.xlsx::Recommendations|skincare_recommendations_dataset.csv,1) Cleanser: hydrating cleanser | 2) Serum: peptide serum | 3) Moisturizer: ceramide moisturizer | 4) SPF: spf50,1) Cleanser: hydrating cleanser | 2) Treatment: hydrating mask | 3) Moisturizer: ceramide moisturizer
RTN0001030,REC0001030,normal,3,2,3,3,gentle foam cleanser,ceramide moisturizer,centella serum,spf30,retinol treatment,skincare_datasets.xlsx::Recommendations|skincare_recommendations_dataset.csv,1) Cleanser: gentle foam cleanser | 2) Serum: centella serum | 3) Moisturizer: ceramide moisturizer | 4) SPF: spf30,1) Cleanser: gentle foam cleanser | 2) Treatment: retinol treatment | 3) Moisturizer: ceramide moisturizer
RTN0001031,REC0001031,normal,3,2,5,0,gentle foam cleanser,soothing moisturizer,hyaluronic acid serum,spf50,chemical exfoliation,skincare_datasets.xlsx::Recommendations|skincare_recommendations_dataset.csv,1) Cleanser: gentle foam cleanser | 2) Serum: hyaluronic acid serum | 3) Moisturizer: soothing moisturizer | 4) SPF: spf50,1) Cleanser: gentle foam cleanser | 2) Treatment: chemical exfoliation | 3) Moisturizer: soothing moisturizer
RTN0001032,REC0001032,normal,3,3,0,0,hydrating cleanser,rich cream moisturizer,hyaluronic acid serum,spf50,retinol treatment,skincare_datasets.xlsx::Recommendations|skincare_recommendations_dataset.csv,1) Cleanser: hydrating cleanser | 2) Serum: hyaluronic acid serum | 3) Moisturizer: rich cream moisturizer | 4) SPF: spf50,1) Cleanser: hydrating cleanser | 2) Treatment: retinol treatment | 3) Moisturizer: rich cream moisturizer
RTN0001033,REC0001033,normal,3,3,0,0,salicylic acid cleanser,rich cream moisturizer,hyaluronic acid serum,spf30,retinol treatment,skincare_datasets.xlsx::Recommendations|skincare_recommendations_dataset.csv,1) Cleanser: salicylic acid cleanser | 2) Serum: hyaluronic acid serum | 3) Moisturizer: rich cream moisturizer | 4) SPF: spf30,1) Cleanser: salicylic acid cleanser | 2) Treatment: retinol treatment | 3) Moisturizer: rich cream moisturizer
RTN0001034,REC0001034,normal,3,3,0,5,gentle foam cleanser,ceramide moisturizer,retinol serum,spf50,chemical exfoliation,skincare_datasets.xlsx::Recommendations|skincare_recommendations_dataset.csv,1) Cleanser: gentle foam cleanser | 2) Serum: retinol serum | 3) Moisturizer: ceramide moisturizer | 4) SPF: spf50,1) Cleanser: gentle foam cleanser | 2) Treatment: chemical exfoliation | 3) Moisturizer: ceramide moisturizer
RTN0001035,REC0001035,normal,3,3,1,1,salicylic acid cleanser,light lotion moisturizer,retinol serum,spf50 matte,barrier repair,skincare_datasets.xlsx::Recommendations|skincare_recommendations_dataset.csv,1) Cleanser: salicylic acid cleanser | 2) Serum: retinol serum | 3) Moisturizer: light lotion moisturizer | 4) SPF: spf50 matte,1) Cleanser: salicylic acid cleanser | 2) Treatment: barrier repair | 3) Moisturizer: light lotion moisturizer
RTN0001036,REC0001036,normal,3,3,1,1,salicylic acid cleanser,light lotion moisturizer,vitamin c serum,spf30,calming treatment,skincare_datasets.xlsx::Recommendations|skincare_recommendations_dataset.csv,1) Cleanser: salicylic acid cleanser | 2) Serum: vitamin c serum | 3) Moisturizer: light lotion moisturizer | 4) SPF: spf30,1) Cleanser: salicylic acid cleanser | 2) Treatment: calming treatment | 3) Moisturizer: light lotion moisturizer
RTN0001037,REC0001037,normal,3,3,3,4,acne control cleanser,soothing moisturizer,hyaluronic acid serum,spf50,anti aging routine,skincare_datasets.xlsx::Recommendations|skincare_recommendations_dataset.csv,1) Cleanser: acne control cleanser | 2) Serum: hyaluronic acid serum | 3) Moisturizer: soothing moisturizer | 4) SPF: spf50,1) Cleanser: acne control cleanser | 2) Treatment: anti aging routine | 3) Moisturizer: soothing moisturizer
RTN0001038,REC0001038,normal,3,3,3,5,ultra gentle cleanser,soothing moisturizer,centella serum,spf50 matte,hydrating mask,skincare_datasets.xlsx::Recommendations|skincare_recommendations_dataset.csv,1) Cleanser: ultra gentle cleanser | 2) Serum: centella serum | 3) Moisturizer: soothing moisturizer | 4) SPF: spf50 matte,1) Cleanser: ultra gentle cleanser | 2) Treatment: hydrating mask | 3) Moisturizer: soothing moisturizer
RTN0001039,REC0001039,normal,3,3,4,0,gentle foam cleanser,soothing moisturizer,hyaluronic acid serum,spf50,retinol treatment,skincare_datasets.xlsx::Recommendations|skincare_recommendations_dataset.csv,1) Cleanser: gentle foam cleanser | 2) Serum: hyaluronic acid serum | 3) Moisturizer: soothing moisturizer | 4) SPF: spf50,1) Cleanser: gentle foam cleanser | 2) Treatment: retinol treatment | 3) Moisturizer: soothing moisturizer
RTN0001040,REC0001040,normal,3,3,4,1,milk cleanser,ceramide moisturizer,centella serum,spf30,barrier repair,skincare_datasets.xlsx::Recommendations|skincare_recommendations_dataset.csv,1) Cleanser: milk cleanser | 2) Serum: centella serum | 3) Moisturizer: ceramide moisturizer | 4) SPF: spf30,1) Cleanser: milk cleanser | 2) Treatment: barrier repair | 3) Moisturizer: ceramide moisturizer
RTN0001041,REC0001041,normal,3,3,4,4,ultra gentle cleanser,ceramide moisturizer,vitamin c serum,spf30,calming treatment,skincare_datasets.xlsx::Recommendations|skincare_recommendations_dataset.csv,1) Cleanser: ultra gentle cleanser | 2) Serum: vitamin c serum | 3) Moisturizer: ceramide moisturizer | 4) SPF: spf30,1) Cleanser: ultra gentle cleanser | 2) Treatment: calming treatment | 3) Moisturizer: ceramide moisturizer
RTN0001042,REC0001042,normal,3,3,5,0,gentle foam cleanser,oil free gel moisturizer,niacinamide serum,spf30,anti aging routine,skincare_datasets.xlsx::Recommendations|skincare_recommendations_dataset.csv,1) Cleanser: gentle foam cleanser | 2) Serum: niacinamide serum | 3) Moisturizer: oil free gel moisturizer | 4) SPF: spf30,1) Cleanser: gentle foam cleanser | 2) Treatment: anti aging routine | 3) Moisturizer: oil free gel moisturizer
RTN0001043,REC0001043,normal,3,3,5,1,acne control cleanser,soothing moisturizer,niacinamide serum,spf50 matte,retinol treatment,skincare_datasets.xlsx::Recommendations|skincare_recommendations_dataset.csv,1) Cleanser: acne control cleanser | 2) Serum: niacinamide serum | 3) Moisturizer: soothing moisturizer | 4) SPF: spf50 matte,1) Cleanser: acne control cleanser | 2) Treatment: retinol treatment | 3) Moisturizer: soothing moisturizer
RTN0001044,REC0001044,normal,3,3,5,2,ultra gentle cleanser,ceramide moisturizer,peptide serum,spf50 matte,benzoyl peroxide,skincare_datasets.xlsx::Recommendations|skincare_recommendations_dataset.csv,1) Cleanser: ultra gentle cleanser | 2) Serum: peptide serum | 3) Moisturizer: ceramide moisturizer | 4) SPF: spf50 matte,1) Cleanser: ultra gentle cleanser | 2) Treatment: benzoyl peroxide | 3) Moisturizer: ceramide moisturizer
RTN0001045,REC0001045,normal,3,3,5,3,acne control cleanser,light lotion moisturizer,niacinamide serum,spf50 matte,calming treatment,skincare_datasets.xlsx::Recommendations|skincare_recommendations_dataset.csv,1) Cleanser: acne control cleanser | 2) Serum: niacinamide serum | 3) Moisturizer: light lotion moisturizer | 4) SPF: spf50 matte,1) Cleanser: acne control cleanser | 2) Treatment: calming treatment | 3) Moisturizer: light lotion moisturizer
RTN0001046,REC0001046,normal,3,4,0,0,hydrating cleanser,soothing moisturizer,hyaluronic acid serum,spf50 matte,chemical exfoliation,skincare_datasets.xlsx::Recommendations|skincare_recommendations_dataset.csv,1) Cleanser: hydrating cleanser | 2) Serum: hyaluronic acid serum | 3) Moisturizer: soothing moisturizer | 4) SPF: spf50 matte,1) Cleanser: hydrating cleanser | 2) Treatment: chemical exfoliation | 3) Moisturizer: soothing moisturizer
RTN0001047,REC0001047,normal,3,4,0,0,ultra gentle cleanser,soothing moisturizer,hyaluronic acid serum,mineral spf50,barrier repair,skincare_datasets.xlsx::Recommendations|skincare_recommendations_dataset.csv,1) Cleanser: ultra gentle cleanser | 2) Serum: hyaluronic acid serum | 3) Moisturizer: soothing moisturizer | 4) SPF: mineral spf50,1) Cleanser: ultra gentle cleanser | 2) Treatment: barrier repair | 3) Moisturizer: soothing moisturizer
RTN0001048,REC0001048,normal,3,4,1,2,gentle foam cleanser,light lotion moisturizer,retinol serum,spf30,retinol treatment,skincare_datasets.xlsx::Recommendations|skincare_recommendations_dataset.csv,1) Cleanser: gentle foam cleanser | 2) Serum: retinol serum | 3) Moisturizer: light lotion moisturizer | 4) SPF: spf30,1) Cleanser: gentle foam cleanser | 2) Treatment: retinol treatment | 3) Moisturizer: light lotion moisturizer
RTN0001049,REC0001049,normal,3,4,2,5,milk cleanser,light lotion moisturizer,retinol serum,spf50 matte,hydrating mask,skincare_datasets.xlsx::Recommendations|skincare_recommendations_dataset.csv,1) Cleanser: milk cleanser | 2) Serum: retinol serum | 3) Moisturizer: light lotion moisturizer | 4) SPF: spf50 matte,1) Cleanser: milk cleanser | 2) Treatment: hydrating mask | 3) Moisturizer: light lotion moisturizer
RTN0001050,REC0001050,normal,3,4,4,0,ultra gentle cleanser,light lotion moisturizer,niacinamide serum,mineral spf50,anti aging routine,skincare_datasets.xlsx::Recommendations|skincare_recommendations_dataset.csv,1) Cleanser: ultra gentle cleanser | 2) Serum: niacinamide serum | 3) Moisturizer: light lotion moisturizer | 4) SPF: mineral spf50,1) Cleanser: ultra gentle cleanser | 2) Treatment: anti aging routine | 3) Moisturizer: light lotion moisturizer
RTN0001051,REC0001051,normal,3,5,0,4,acne control cleanser,rich cream moisturizer,peptide serum,spf50,retinol treatment,skincare_datasets.xlsx::Recommendations|skincare_recommendations_dataset.csv,1) Cleanser: acne control cleanser | 2) Serum: peptide serum | 3) Moisturizer: rich cream moisturizer | 4) SPF: spf50,1) Cleanser: acne control cleanser | 2) Treatment: retinol treatment | 3) Moisturizer: rich cream moisturizer
RTN0001052,REC0001052,normal,3,5,1,1,salicylic acid cleanser,oil free gel moisturizer,vitamin c serum,spf50 matte,calming treatment,skincare_datasets.xlsx::Recommendations|skincare_recommendations_dataset.csv,1) Cleanser: salicylic acid cleanser | 2) Serum: vitamin c serum | 3) Moisturizer: oil free gel moisturizer | 4) SPF: spf50 matte,1) Cleanser: salicylic acid cleanser | 2) Treatment: calming treatment | 3) Moisturizer: oil free gel moisturizer
RTN0001053,REC0001053,normal,3,5,1,2,ultra gentle cleanser,soothing moisturizer,centella serum,spf50 matte,calming treatment,skincare_datasets.xlsx::Recommendations|skincare_recommendations_dataset.csv,1) Cleanser: ultra gentle cleanser | 2) Serum: centella serum | 3) Moisturizer: soothing moisturizer | 4) SPF: spf50 matte,1) Cleanser: ultra gentle cleanser | 2) Treatment: calming treatment | 3) Moisturizer: soothing moisturizer
RTN0001054,REC0001054,normal,4,0,0,3,gentle foam cleanser,soothing moisturizer,retinol serum,spf50,barrier repair,skincare_datasets.xlsx::Recommendations|skincare_recommendations_dataset.csv,1) Cleanser: gentle foam cleanser | 2) Serum: retinol serum | 3) Moisturizer: soothing moisturizer | 4) SPF: spf50,1) Cleanser: gentle foam cleanser | 2) Treatment: barrier repair | 3) Moisturizer: soothing moisturizer
RTN0001055,REC0001055,normal,4,0,0,5,acne control cleanser,soothing moisturizer,hyaluronic acid serum,spf50,benzoyl peroxide,skincare_datasets.xlsx::Recommendations|skincare_recommendations_dataset.csv,1) Cleanser: acne control cleanser | 2) Serum: hyaluronic acid serum | 3) Moisturizer: soothing moisturizer | 4) SPF: spf50,1) Cleanser: acne control cleanser | 2) Treatment: benzoyl peroxide | 3) Moisturizer: soothing moisturizer
RTN0001056,REC0001056,normal,4,0,1,0,hydrating cleanser,oil free gel moisturizer,niacinamide serum,mineral spf50,benzoyl peroxide,skincare_datasets.xlsx::Recommendations|skincare_recommendations_dataset.csv,1) Cleanser: hydrating cleanser | 2) Serum: niacinamide serum | 3) Moisturizer: oil free gel moisturizer | 4) SPF: mineral spf50,1) Cleanser: hydrating cleanser | 2) Treatment: benzoyl peroxide | 3) Moisturizer: oil free gel moisturizer
RTN0001057,REC0001057,normal,4,0,1,2,hydrating cleanser,soothing moisturizer,niacinamide serum,spf50,chemical exfoliation,skincare_datasets.xlsx::Recommendations|skincare_recommendations_dataset.csv,1) Cleanser: hydrating cleanser | 2) Serum: niacinamide serum | 3) Moisturizer: soothing moisturizer | 4) SPF: spf50,1) Cleanser: hydrating cleanser | 2) Treatment: chemical exfoliation | 3) Moisturizer: soothing moisturizer
RTN0001058,REC0001058,normal,4,0,2,1,hydrating cleanser,oil free gel moisturizer,centella serum,spf50 matte,calming treatment,skincare_datasets.xlsx::Recommendations|skincare_recommendations_dataset.csv,1) Cleanser: hydrating cleanser | 2) Serum: centella serum | 3) Moisturizer: oil free gel moisturizer | 4) SPF: spf50 matte,1) Cleanser: hydrating cleanser | 2) Treatment: calming treatment | 3) Moisturizer: oil free gel moisturizer
RTN0001059,REC0001059,normal,4,0,2,3,salicylic acid cleanser,oil free gel moisturizer,niacinamide serum,spf50,chemical exfoliation,skincare_datasets.xlsx::Recommendations|skincare_recommendations_dataset.csv,1) Cleanser: salicylic acid cleanser | 2) Serum: niacinamide serum | 3) Moisturizer: oil free gel moisturizer | 4) SPF: spf50,1) Cleanser: salicylic acid cleanser | 2) Treatment: chemical exfoliation | 3) Moisturizer: oil free gel moisturizer
RTN0001060,REC0001060,normal,4,0,2,5,gentle foam cleanser,soothing moisturizer,hyaluronic acid serum,mineral spf50,calming treatment,skincare_datasets.xlsx::Recommendations|skincare_recommendations_dataset.csv,1) Cleanser: gentle foam cleanser | 2) Serum: hyaluronic acid serum | 3) Moisturizer: soothing moisturizer | 4) SPF: mineral spf50,1) Cleanser: gentle foam cleanser | 2) Treatment: calming treatment | 3) Moisturizer: soothing moisturizer
RTN0001061,REC0001061,normal,4,0,3,1,salicylic acid cleanser,light lotion moisturizer,vitamin c serum,spf50,chemical exfoliation,skincare_datasets.xlsx::Recommendations|skincare_recommendations_dataset.csv,1) Cleanser: salicylic acid cleanser | 2) Serum: vitamin c serum | 3) Moisturizer: light lotion moisturizer | 4) SPF: spf50,1) Cleanser: salicylic acid cleanser | 2) Treatment: chemical exfoliation | 3) Moisturizer: light lotion moisturizer
RTN0001062,REC0001062,normal,4,0,3,2,gentle foam cleanser,rich cream moisturizer,vitamin c serum,spf50,benzoyl peroxide,skincare_datasets.xlsx::Recommendations|skincare_recommendations_dataset.csv,1) Cleanser: gentle foam cleanser | 2) Serum: vitamin c serum | 3) Moisturizer: rich cream moisturizer | 4) SPF: spf50,1) Cleanser: gentle foam cleanser | 2) Treatment: benzoyl peroxide | 3) Moisturizer: rich cream moisturizer
RTN0001063,REC0001063,normal,4,0,3,4,milk cleanser,rich cream moisturizer,niacinamide serum,spf50 matte,retinol treatment,skincare_datasets.xlsx::Recommendations|skincare_recommendations_dataset.csv,1) Cleanser: milk cleanser | 2) Serum: niacinamide serum | 3) Moisturizer: rich cream moisturizer | 4) SPF: spf50 matte,1) Cleanser: milk cleanser | 2) Treatment: retinol treatment | 3) Moisturizer: rich cream moisturizer
RTN0001064,REC0001064,normal,4,0,3,4,ultra gentle cleanser,oil free gel moisturizer,retinol serum,spf50,calming treatment,skincare_datasets.xlsx::Recommendations|skincare_recommendations_dataset.csv,1) Cleanser: ultra gentle cleanser | 2) Serum: retinol serum | 3) Moisturizer: oil free gel moisturizer | 4) SPF: spf50,1) Cleanser: ultra gentle cleanser | 2) Treatment: calming treatment | 3) Moisturizer: oil free gel moisturizer
RTN0001065,REC0001065,normal,4,0,4,1,gentle foam cleanser,light lotion moisturizer,centella serum,spf50,calming treatment,skincare_datasets.xlsx::Recommendations|skincare_recommendations_dataset.csv,1) Cleanser: gentle foam cleanser | 2) Serum: centella serum | 3) Moisturizer: light lotion moisturizer | 4) SPF: spf50,1) Cleanser: gentle foam cleanser | 2) Treatment: calming treatment | 3) Moisturizer: light lotion moisturizer
RTN0001066,REC0001066,normal,4,0,4,2,hydrating cleanser,rich cream moisturizer,centella serum,spf30,anti aging routine,skincare_datasets.xlsx::Recommendations|skincare_recommendations_dataset.csv,1) Cleanser: hydrating cleanser | 2) Serum: centella serum | 3) Moisturizer: rich cream moisturizer | 4) SPF: spf30,1) Cleanser: hydrating cleanser | 2) Treatment: anti aging routine | 3) Moisturizer: rich cream moisturizer
RTN0001067,REC0001067,normal,4,0,4,5,milk cleanser,light lotion moisturizer,peptide serum,mineral spf50,anti aging routine,skincare_datasets.xlsx::Recommendations|skincare_recommendations_dataset.csv,1) Cleanser: milk cleanser | 2) Serum: peptide serum | 3) Moisturizer: light lotion moisturizer | 4) SPF: mineral spf50,1) Cleanser: milk cleanser | 2) Treatment: anti aging routine | 3) Moisturizer: light lotion moisturizer
RTN0001068,REC0001068,normal,4,0,4,5,milk cleanser,light lotion moisturizer,vitamin c serum,spf50 matte,chemical exfoliation,skincare_datasets.xlsx::Recommendations|skincare_recommendations_dataset.csv,1) Cleanser: milk cleanser | 2) Serum: vitamin c serum | 3) Moisturizer: light lotion moisturizer | 4) SPF: spf50 matte,1) Cleanser: milk cleanser | 2) Treatment: chemical exfoliation | 3) Moisturizer: light lotion moisturizer
RTN0001069,REC0001069,normal,4,0,5,0,hydrating cleanser,soothing moisturizer,centella serum,mineral spf50,hydrating mask,skincare_datasets.xlsx::Recommendations|skincare_recommendations_dataset.csv,1) Cleanser: hydrating cleanser | 2) Serum: centella serum | 3) Moisturizer: soothing moisturizer | 4) SPF: mineral spf50,1) Cleanser: hydrating cleanser | 2) Treatment: hydrating mask | 3) Moisturizer: soothing moisturizer
RTN0001070,REC0001070,normal,4,1,0,0,gentle foam cleanser,light lotion moisturizer,hyaluronic acid serum,spf30,hydrating mask,skincare_datasets.xlsx::Recommendations|skincare_recommendations_dataset.csv,1) Cleanser: gentle foam cleanser | 2) Serum: hyaluronic acid serum | 3) Moisturizer: light lotion moisturizer | 4) SPF: spf30,1) Cleanser: gentle foam cleanser | 2) Treatment: hydrating mask | 3) Moisturizer: light lotion moisturizer
RTN0001071,REC0001071,normal,4,1,0,3,gentle foam cleanser,rich cream moisturizer,hyaluronic acid serum,spf50,barrier repair,skincare_datasets.xlsx::Recommendations|skincare_recommendations_dataset.csv,1) Cleanser: gentle foam cleanser | 2) Serum: hyaluronic acid serum | 3) Moisturizer: rich cream moisturizer | 4) SPF: spf50,1) Cleanser: gentle foam cleanser | 2) Treatment: barrier repair | 3) Moisturizer: rich cream moisturizer
RTN0001072,REC0001072,normal,4,1,0,3,milk cleanser,oil free gel moisturizer,vitamin c serum,spf30,calming treatment,skincare_datasets.xlsx::Recommendations|skincare_recommendations_dataset.csv,1) Cleanser: milk cleanser | 2) Serum: vitamin c serum | 3) Moisturizer: oil free gel moisturizer | 4) SPF: spf30,1) Cleanser: milk cleanser | 2) Treatment: calming treatment | 3) Moisturizer: oil free gel moisturizer
RTN0001073,REC0001073,normal,4,1,1,2,milk cleanser,rich cream moisturizer,centella serum,mineral spf50,hydrating mask,skincare_datasets.xlsx::Recommendations|skincare_recommendations_dataset.csv,1) Cleanser: milk cleanser | 2) Serum: centella serum | 3) Moisturizer: rich cream moisturizer | 4) SPF: mineral spf50,1) Cleanser: milk cleanser | 2) Treatment: hydrating mask | 3) Moisturizer: rich cream moisturizer
RTN0001074,REC0001074,normal,4,1,1,4,gentle foam cleanser,rich cream moisturizer,niacinamide serum,spf50 matte,retinol treatment,skincare_datasets.xlsx::Recommendations|skincare_recommendations_dataset.csv,1) Cleanser: gentle foam cleanser | 2) Serum: niacinamide serum | 3) Moisturizer: rich cream moisturizer | 4) SPF: spf50 matte,1) Cleanser: gentle foam cleanser | 2) Treatment: retinol treatment | 3) Moisturizer: rich cream moisturizer
RTN0001075,REC0001075,normal,4,1,2,0,acne control cleanser,ceramide moisturizer,vitamin c serum,spf50,benzoyl peroxide,skincare_datasets.xlsx::Recommendations|skincare_recommendations_dataset.csv,1) Cleanser: acne control cleanser | 2) Serum: vitamin c serum | 3) Moisturizer: ceramide moisturizer | 4) SPF: spf50,1) Cleanser: acne control cleanser | 2) Treatment: benzoyl peroxide | 3) Moisturizer: ceramide moisturizer
RTN0001076,REC0001076,normal,4,1,2,0,hydrating cleanser,oil free gel moisturizer,niacinamide serum,spf50,anti aging routine,skincare_datasets.xlsx::Recommendations|skincare_recommendations_dataset.csv,1) Cleanser: hydrating cleanser | 2) Serum: niacinamide serum | 3) Moisturizer: oil free gel moisturizer | 4) SPF: spf50,1) Cleanser: hydrating cleanser | 2) Treatment: anti aging routine | 3) Moisturizer: oil free gel moisturizer
RTN0001077,REC0001077,normal,4,1,2,4,milk cleanser,light lotion moisturizer,retinol serum,spf50 matte,retinol treatment,skincare_datasets.xlsx::Recommendations|skincare_recommendations_dataset.csv,1) Cleanser: milk cleanser | 2) Serum: retinol serum | 3) Moisturizer: light lotion moisturizer | 4) SPF: spf50 matte,1) Cleanser: milk cleanser | 2) Treatment: retinol treatment | 3) Moisturizer: light lotion moisturizer
RTN0001078,REC0001078,normal,4,1,2,5,acne control cleanser,ceramide moisturizer,niacinamide serum,mineral spf50,benzoyl peroxide,skincare_datasets.xlsx::Recommendations|skincare_recommendations_dataset.csv,1) Cleanser: acne control cleanser | 2) Serum: niacinamide serum | 3) Moisturizer: ceramide moisturizer | 4) SPF: mineral spf50,1) Cleanser: acne control cleanser | 2) Treatment: benzoyl peroxide | 3) Moisturizer: ceramide moisturizer
RTN0001079,REC0001079,normal,4,1,3,1,ultra gentle cleanser,oil free gel moisturizer,hyaluronic acid serum,mineral spf50,retinol treatment,skincare_datasets.xlsx::Recommendations|skincare_recommendations_dataset.csv,1) Cleanser: ultra gentle cleanser | 2) Serum: hyaluronic acid serum | 3) Moisturizer: oil free gel moisturizer | 4) SPF: mineral spf50,1) Cleanser: ultra gentle cleanser | 2) Treatment: retinol treatment | 3) Moisturizer: oil free gel moisturizer
RTN0001080,REC0001080,normal,4,1,4,0,milk cleanser,ceramide moisturizer,retinol serum,spf50,retinol treatment,skincare_datasets.xlsx::Recommendations|skincare_recommendations_dataset.csv,1) Cleanser: milk cleanser | 2) Serum: retinol serum | 3) Moisturizer: ceramide moisturizer | 4) SPF: spf50,1) Cleanser: milk cleanser | 2) Treatment: retinol treatment | 3) Moisturizer: ceramide moisturizer
RTN0001081,REC0001081,normal,4,1,5,2,ultra gentle cleanser,oil free gel moisturizer,hyaluronic acid serum,spf30,chemical exfoliation,skincare_datasets.xlsx::Recommendations|skincare_recommendations_dataset.csv,1) Cleanser: ultra gentle cleanser | 2) Serum: hyaluronic acid serum | 3) Moisturizer: oil free gel moisturizer | 4) SPF: spf30,1) Cleanser: ultra gentle cleanser | 2) Treatment: chemical exfoliation | 3) Moisturizer: oil free gel moisturizer
RTN0001082,REC0001082,normal,4,2,0,0,acne control cleanser,ceramide moisturizer,vitamin c serum,spf50,barrier repair,skincare_datasets.xlsx::Recommendations|skincare_recommendations_dataset.csv,1) Cleanser: acne control cleanser | 2) Serum: vitamin c serum | 3) Moisturizer: ceramide moisturizer | 4) SPF: spf50,1) Cleanser: acne control cleanser | 2) Treatment: barrier repair | 3) Moisturizer: ceramide moisturizer
RTN0001083,REC0001083,normal,4,2,2,0,hydrating cleanser,oil free gel moisturizer,vitamin c serum,mineral spf50,anti aging routine,skincare_datasets.xlsx::Recommendations|skincare_recommendations_dataset.csv,1) Cleanser: hydrating cleanser | 2) Serum: vitamin c serum | 3) Moisturizer: oil free gel moisturizer | 4) SPF: mineral spf50,1) Cleanser: hydrating cleanser | 2) Treatment: anti aging routine | 3) Moisturizer: oil free gel moisturizer
RTN0001084,REC0001084,normal,4,2,2,3,ultra gentle cleanser,rich cream moisturizer,vitamin c serum,spf50,barrier repair,skincare_datasets.xlsx::Recommendations|skincare_recommendations_dataset.csv,1) Cleanser: ultra gentle cleanser | 2) Serum: vitamin c serum | 3) Moisturizer: rich cream moisturizer | 4) SPF: spf50,1) Cleanser: ultra gentle cleanser | 2) Treatment: barrier repair | 3) Moisturizer: rich cream moisturizer
RTN0001085,REC0001085,normal,4,2,2,5,hydrating cleanser,oil free gel moisturizer,niacinamide serum,spf30,retinol treatment,skincare_datasets.xlsx::Recommendations|skincare_recommendations_dataset.csv,1) Cleanser: hydrating cleanser | 2) Serum: niacinamide serum | 3) Moisturizer: oil free gel moisturizer | 4) SPF: spf30,1) Cleanser: hydrating cleanser | 2) Treatment: retinol treatment | 3) Moisturizer: oil free gel moisturizer
RTN0001086,REC0001086,normal,4,2,3,2,hydrating cleanser,rich cream moisturizer,peptide serum,spf50 matte,barrier repair,skincare_datasets.xlsx::Recommendations|skincare_recommendations_dataset.csv,1) Cleanser: hydrating cleanser | 2) Serum: peptide serum | 3) Moisturizer: rich cream moisturizer | 4) SPF: spf50 matte,1) Cleanser: hydrating cleanser | 2) Treatment: barrier repair | 3) Moisturizer: rich cream moisturizer
RTN0001087,REC0001087,normal,4,2,4,0,ultra gentle cleanser,oil free gel moisturizer,vitamin c serum,mineral spf50,retinol treatment,skincare_datasets.xlsx::Recommendations|skincare_recommendations_dataset.csv,1) Cleanser: ultra gentle cleanser | 2) Serum: vitamin c serum | 3) Moisturizer: oil free gel moisturizer | 4) SPF: mineral spf50,1) Cleanser: ultra gentle cleanser | 2) Treatment: retinol treatment | 3) Moisturizer: oil free gel moisturizer
RTN0001088,REC0001088,normal,4,2,4,1,gentle foam cleanser,light lotion moisturizer,retinol serum,spf30,calming treatment,skincare_datasets.xlsx::Recommendations|skincare_recommendations_dataset.csv,1) Cleanser: gentle foam cleanser | 2) Serum: retinol serum | 3) Moisturizer: light lotion moisturizer | 4) SPF: spf30,1) Cleanser: gentle foam cleanser | 2) Treatment: calming treatment | 3) Moisturizer: light lotion moisturizer
RTN0001089,REC0001089,normal,4,2,4,3,hydrating cleanser,oil free gel moisturizer,niacinamide serum,mineral spf50,hydrating mask,skincare_datasets.xlsx::Recommendations|skincare_recommendations_dataset.csv,1) Cleanser: hydrating cleanser | 2) Serum: niacinamide serum | 3) Moisturizer: oil free gel moisturizer | 4) SPF: mineral spf50,1) Cleanser: hydrating cleanser | 2) Treatment: hydrating mask | 3) Moisturizer: oil free gel moisturizer
RTN0001090,REC0001090,normal,4,2,4,4,salicylic acid cleanser,soothing moisturizer,vitamin c serum,spf30,chemical exfoliation,skincare_datasets.xlsx::Recommendations|skincare_recommendations_dataset.csv,1) Cleanser: salicylic acid cleanser | 2) Serum: vitamin c serum | 3) Moisturizer: soothing moisturizer | 4) SPF: spf30,1) Cleanser: salicylic acid cleanser | 2) Treatment: chemical exfoliation | 3) Moisturizer: soothing moisturizer
RTN0001091,REC0001091,normal,4,2,5,1,salicylic acid cleanser,soothing moisturizer,peptide serum,spf50 matte,chemical exfoliation,skincare_datasets.xlsx::Recommendations|skincare_recommendations_dataset.csv,1) Cleanser: salicylic acid cleanser | 2) Serum: peptide serum | 3) Moisturizer: soothing moisturizer | 4) SPF: spf50 matte,1) Cleanser: salicylic acid cleanser | 2) Treatment: chemical exfoliation | 3) Moisturizer: soothing moisturizer
RTN0001092,REC0001092,normal,4,2,5,5,acne control cleanser,soothing moisturizer,hyaluronic acid serum,mineral spf50,retinol treatment,skincare_datasets.xlsx::Recommendations|skincare_recommendations_dataset.csv,1) Cleanser: acne control cleanser | 2) Serum: hyaluronic acid serum | 3) Moisturizer: soothing moisturizer | 4) SPF: mineral spf50,1) Cleanser: acne control cleanser | 2) Treatment: retinol treatment | 3) Moisturizer: soothing moisturizer
RTN0001093,REC0001093,normal,4,2,5,5,milk cleanser,ceramide moisturizer,peptide serum,spf50,retinol treatment,skincare_datasets.xlsx::Recommendations|skincare_recommendations_dataset.csv,1) Cleanser: milk cleanser | 2) Serum: peptide serum | 3) Moisturizer: ceramide moisturizer | 4) SPF: spf50,1) Cleanser: milk cleanser | 2) Treatment: retinol treatment | 3) Moisturizer: ceramide moisturizer
RTN0001094,REC0001094,normal,4,2,5,5,milk cleanser,soothing moisturizer,retinol serum,spf50,chemical exfoliation,skincare_datasets.xlsx::Recommendations|skincare_recommendations_dataset.csv,1) Cleanser: milk cleanser | 2) Serum: retinol serum | 3) Moisturizer: soothing moisturizer | 4) SPF: spf50,1) Cleanser: milk cleanser | 2) Treatment: chemical exfoliation | 3) Moisturizer: soothing moisturizer
RTN0001095,REC0001095,normal,4,3,0,1,acne control cleanser,rich cream moisturizer,retinol serum,spf50,chemical exfoliation,skincare_datasets.xlsx::Recommendations|skincare_recommendations_dataset.csv,1) Cleanser: acne control cleanser | 2) Serum: retinol serum | 3) Moisturizer: rich cream moisturizer | 4) SPF: spf50,1) Cleanser: acne control cleanser | 2) Treatment: chemical exfoliation | 3) Moisturizer: rich cream moisturizer
RTN0001096,REC0001096,normal,4,3,0,1,salicylic acid cleanser,soothing moisturizer,niacinamide serum,mineral spf50,benzoyl peroxide,skincare_datasets.xlsx::Recommendations|skincare_recommendations_dataset.csv,1) Cleanser: salicylic acid cleanser | 2) Serum: niacinamide serum | 3) Moisturizer: soothing moisturizer | 4) SPF: mineral spf50,1) Cleanser: salicylic acid cleanser | 2) Treatment: benzoyl peroxide | 3) Moisturizer: soothing moisturizer
RTN0001097,REC0001097,normal,4,3,0,4,milk cleanser,soothing moisturizer,centella serum,spf50,barrier repair,skincare_datasets.xlsx::Recommendations|skincare_recommendations_dataset.csv,1) Cleanser: milk cleanser | 2) Serum: centella serum | 3) Moisturizer: soothing moisturizer | 4) SPF: spf50,1) Cleanser: milk cleanser | 2) Treatment: barrier repair | 3) Moisturizer: soothing moisturizer
RTN0001098,REC0001098,normal,4,3,1,4,hydrating cleanser,soothing moisturizer,hyaluronic acid serum,spf50 matte,retinol treatment,skincare_datasets.xlsx::Recommendations|skincare_recommendations_dataset.csv,1) Cleanser: hydrating cleanser | 2) Serum: hyaluronic acid serum | 3) Moisturizer: soothing moisturizer | 4) SPF: spf50 matte,1) Cleanser: hydrating cleanser | 2) Treatment: retinol treatment | 3) Moisturizer: soothing moisturizer
RTN0001099,REC0001099,normal,4,3,1,5,milk cleanser,rich cream moisturizer,centella serum,mineral spf50,barrier repair,skincare_datasets.xlsx::Recommendations|skincare_recommendations_dataset.csv,1) Cleanser: milk cleanser | 2) Serum: centella serum | 3) Moisturizer: rich cream moisturizer | 4) SPF: mineral spf50,1) Cleanser: milk cleanser | 2) Treatment: barrier repair | 3) Moisturizer: rich cream moisturizer
RTN0001100,REC0001100,normal,4,3,2,4,hydrating cleanser,ceramide moisturizer,centella serum,spf30,barrier repair,skincare_datasets.xlsx::Recommendations|skincare_recommendations_dataset.csv,1) Cleanser: hydrating cleanser | 2) Serum: centella serum | 3) Moisturizer: ceramide moisturizer | 4) SPF: spf30,1) Cleanser: hydrating cleanser | 2) Treatment: barrier repair | 3) Moisturizer: ceramide moisturizer
RTN0001101,REC0001101,normal,4,3,2,5,hydrating cleanser,light lotion moisturizer,vitamin c serum,spf50,hydrating mask,skincare_datasets.xlsx::Recommendations|skincare_recommendations_dataset.csv,1) Cleanser: hydrating cleanser | 2) Serum: vitamin c serum | 3) Moisturizer: light lotion moisturizer | 4) SPF: spf50,1) Cleanser: hydrating cleanser | 2) Treatment: hydrating mask | 3) Moisturizer: light lotion moisturizer
RTN0001102,REC0001102,normal,4,3,2,5,milk cleanser,light lotion moisturizer,peptide serum,spf50,retinol treatment,skincare_datasets.xlsx::Recommendations|skincare_recommendations_dataset.csv,1) Cleanser: milk cleanser | 2) Serum: peptide serum | 3) Moisturizer: light lotion moisturizer | 4) SPF: spf50,1) Cleanser: milk cleanser | 2) Treatment: retinol treatment | 3) Moisturizer: light lotion moisturizer
RTN0001103,REC0001103,normal,4,3,3,4,milk cleanser,light lotion moisturizer,peptide serum,mineral spf50,retinol treatment,skincare_datasets.xlsx::Recommendations|skincare_recommendations_dataset.csv,1) Cleanser: milk cleanser | 2) Serum: peptide serum | 3) Moisturizer: light lotion moisturizer | 4) SPF: mineral spf50,1) Cleanser: milk cleanser | 2) Treatment: retinol treatment | 3) Moisturizer: light lotion moisturizer
RTN0001104,REC0001104,normal,4,3,4,1,milk cleanser,light lotion moisturizer,hyaluronic acid serum,mineral spf50,chemical exfoliation,skincare_datasets.xlsx::Recommendations|skincare_recommendations_dataset.csv,1) Cleanser: milk cleanser | 2) Serum: hyaluronic acid serum | 3) Moisturizer: light lotion moisturizer | 4) SPF: mineral spf50,1) Cleanser: milk cleanser | 2) Treatment: chemical exfoliation | 3) Moisturizer: light lotion moisturizer
RTN0001105,REC0001105,normal,4,3,4,5,hydrating cleanser,oil free gel moisturizer,retinol serum,mineral spf50,barrier repair,skincare_datasets.xlsx::Recommendations|skincare_recommendations_dataset.csv,1) Cleanser: hydrating cleanser | 2) Serum: retinol serum | 3) Moisturizer: oil free gel moisturizer | 4) SPF: mineral spf50,1) Cleanser: hydrating cleanser | 2) Treatment: barrier repair | 3) Moisturizer: oil free gel moisturizer
RTN0001106,REC0001106,normal,4,3,4,5,salicylic acid cleanser,rich cream moisturizer,retinol serum,mineral spf50,hydrating mask,skincare_datasets.xlsx::Recommendations|skincare_recommendations_dataset.csv,1) Cleanser: salicylic acid cleanser | 2) Serum: retinol serum | 3) Moisturizer: rich cream moisturizer | 4) SPF: mineral spf50,1) Cleanser: salicylic acid cleanser | 2) Treatment: hydrating mask | 3) Moisturizer: rich cream moisturizer
RTN0001107,REC0001107,normal,4,3,4,5,ultra gentle cleanser,oil free gel moisturizer,niacinamide serum,spf50 matte,hydrating mask,skincare_datasets.xlsx::Recommendations|skincare_recommendations_dataset.csv,1) Cleanser: ultra gentle cleanser | 2) Serum: niacinamide serum | 3) Moisturizer: oil free gel moisturizer | 4) SPF: spf50 matte,1) Cleanser: ultra gentle cleanser | 2) Treatment: hydrating mask | 3) Moisturizer: oil free gel moisturizer
RTN0001108,REC0001108,normal,4,3,5,0,hydrating cleanser,rich cream moisturizer,peptide serum,spf50,hydrating mask,skincare_datasets.xlsx::Recommendations|skincare_recommendations_dataset.csv,1) Cleanser: hydrating cleanser | 2) Serum: peptide serum | 3) Moisturizer: rich cream moisturizer | 4) SPF: spf50,1) Cleanser: hydrating cleanser | 2) Treatment: hydrating mask | 3) Moisturizer: rich cream moisturizer
RTN0001109,REC0001109,normal,4,3,5,0,hydrating cleanser,rich cream moisturizer,vitamin c serum,spf50 matte,anti aging routine,skincare_datasets.xlsx::Recommendations|skincare_recommendations_dataset.csv,1) Cleanser: hydrating cleanser | 2) Serum: vitamin c serum | 3) Moisturizer: rich cream moisturizer | 4) SPF: spf50 matte,1) Cleanser: hydrating cleanser | 2) Treatment: anti aging routine | 3) Moisturizer: rich cream moisturizer
RTN0001110,REC0001110,normal,4,3,5,0,milk cleanser,light lotion moisturizer,hyaluronic acid serum,spf50 matte,benzoyl peroxide,skincare_datasets.xlsx::Recommendations|skincare_recommendations_dataset.csv,1) Cleanser: milk cleanser | 2) Serum: hyaluronic acid serum | 3) Moisturizer: light lotion moisturizer | 4) SPF: spf50 matte,1) Cleanser: milk cleanser | 2) Treatment: benzoyl peroxide | 3) Moisturizer: light lotion moisturizer
RTN0001111,REC0001111,normal,4,3,5,3,acne control cleanser,light lotion moisturizer,peptide serum,spf50,calming treatment,skincare_datasets.xlsx::Recommendations|skincare_recommendations_dataset.csv,1) Cleanser: acne control cleanser | 2) Serum: peptide serum | 3) Moisturizer: light lotion moisturizer | 4) SPF: spf50,1) Cleanser: acne control cleanser | 2) Treatment: calming treatment | 3) Moisturizer: light lotion moisturizer
RTN0001112,REC0001112,normal,4,4,0,4,milk cleanser,light lotion moisturizer,vitamin c serum,spf50,calming treatment,skincare_datasets.xlsx::Recommendations|skincare_recommendations_dataset.csv,1) Cleanser: milk cleanser | 2) Serum: vitamin c serum | 3) Moisturizer: light lotion moisturizer | 4) SPF: spf50,1) Cleanser: milk cleanser | 2) Treatment: calming treatment | 3) Moisturizer: light lotion moisturizer
RTN0001113,REC0001113,normal,4,4,1,1,salicylic acid cleanser,ceramide moisturizer,vitamin c serum,spf50 matte,hydrating mask,skincare_datasets.xlsx::Recommendations|skincare_recommendations_dataset.csv,1) Cleanser: salicylic acid cleanser | 2) Serum: vitamin c serum | 3) Moisturizer: ceramide moisturizer | 4) SPF: spf50 matte,1) Cleanser: salicylic acid cleanser | 2) Treatment: hydrating mask | 3) Moisturizer: ceramide moisturizer
RTN0001114,REC0001114,normal,4,4,1,4,gentle foam cleanser,oil free gel moisturizer,niacinamide serum,mineral spf50,benzoyl peroxide,skincare_datasets.xlsx::Recommendations|skincare_recommendations_dataset.csv,1) Cleanser: gentle foam cleanser | 2) Serum: niacinamide serum | 3) Moisturizer: oil free gel moisturizer | 4) SPF: mineral spf50,1) Cleanser: gentle foam cleanser | 2) Treatment: benzoyl peroxide | 3) Moisturizer: oil free gel moisturizer
RTN0001115,REC0001115,normal,4,4,1,5,ultra gentle cleanser,oil free gel moisturizer,niacinamide serum,spf50 matte,anti aging routine,skincare_datasets.xlsx::Recommendations|skincare_recommendations_dataset.csv,1) Cleanser: ultra gentle cleanser | 2) Serum: niacinamide serum | 3) Moisturizer: oil free gel moisturizer | 4) SPF: spf50 matte,1) Cleanser: ultra gentle cleanser | 2) Treatment: anti aging routine | 3) Moisturizer: oil free gel moisturizer
RTN0001116,REC0001116,normal,4,4,2,3,ultra gentle cleanser,ceramide moisturizer,peptide serum,spf50,chemical exfoliation,skincare_datasets.xlsx::Recommendations|skincare_recommendations_dataset.csv,1) Cleanser: ultra gentle cleanser | 2) Serum: peptide serum | 3) Moisturizer: ceramide moisturizer | 4) SPF: spf50,1) Cleanser: ultra gentle cleanser | 2) Treatment: chemical exfoliation | 3) Moisturizer: ceramide moisturizer
RTN0001117,REC0001117,normal,4,4,2,5,hydrating cleanser,oil free gel moisturizer,hyaluronic acid serum,spf30,chemical exfoliation,skincare_datasets.xlsx::Recommendations|skincare_recommendations_dataset.csv,1) Cleanser: hydrating cleanser | 2) Serum: hyaluronic acid serum | 3) Moisturizer: oil free gel moisturizer | 4) SPF: spf30,1) Cleanser: hydrating cleanser | 2) Treatment: chemical exfoliation | 3) Moisturizer: oil free gel moisturizer
RTN0001118,REC0001118,normal,4,4,3,4,salicylic acid cleanser,rich cream moisturizer,centella serum,spf50,chemical exfoliation,skincare_datasets.xlsx::Recommendations|skincare_recommendations_dataset.csv,1) Cleanser: salicylic acid cleanser | 2) Serum: centella serum | 3) Moisturizer: rich cream moisturizer | 4) SPF: spf50,1) Cleanser: salicylic acid cleanser | 2) Treatment: chemical exfoliation | 3) Moisturizer: rich cream moisturizer
RTN0001119,REC0001119,normal,4,4,4,4,gentle foam cleanser,ceramide moisturizer,retinol serum,spf30,calming treatment,skincare_datasets.xlsx::Recommendations|skincare_recommendations_dataset.csv,1) Cleanser: gentle foam cleanser | 2) Serum: retinol serum | 3) Moisturizer: ceramide moisturizer | 4) SPF: spf30,1) Cleanser: gentle foam cleanser | 2) Treatment: calming treatment | 3) Moisturizer: ceramide moisturizer
RTN0001120,REC0001120,normal,4,4,5,0,salicylic acid cleanser,light lotion moisturizer,hyaluronic acid serum,spf50 matte,anti aging routine,skincare_datasets.xlsx::Recommendations|skincare_recommendations_dataset.csv,1) Cleanser: salicylic acid cleanser | 2) Serum: hyaluronic acid serum | 3) Moisturizer: light lotion moisturizer | 4) SPF: spf50 matte,1) Cleanser: salicylic acid cleanser | 2) Treatment: anti aging routine | 3) Moisturizer: light lotion moisturizer
RTN0001121,REC0001121,normal,4,4,5,4,milk cleanser,light lotion moisturizer,peptide serum,spf50 matte,chemical exfoliation,skincare_datasets.xlsx::Recommendations|skincare_recommendations_dataset.csv,1) Cleanser: milk cleanser | 2) Serum: peptide serum | 3) Moisturizer: light lotion moisturizer | 4) SPF: spf50 matte,1) Cleanser: milk cleanser | 2) Treatment: chemical exfoliation | 3) Moisturizer: light lotion moisturizer
RTN0001122,REC0001122,normal,4,5,1,1,milk cleanser,ceramide moisturizer,hyaluronic acid serum,spf30,calming treatment,skincare_datasets.xlsx::Recommendations|skincare_recommendations_dataset.csv,1) Cleanser: milk cleanser | 2) Serum: hyaluronic acid serum | 3) Moisturizer: ceramide moisturizer | 4) SPF: spf30,1) Cleanser: milk cleanser | 2) Treatment: calming treatment | 3) Moisturizer: ceramide moisturizer
RTN0001123,REC0001123,normal,4,5,1,2,milk cleanser,ceramide moisturizer,retinol serum,spf30,barrier repair,skincare_datasets.xlsx::Recommendations|skincare_recommendations_dataset.csv,1) Cleanser: milk cleanser | 2) Serum: retinol serum | 3) Moisturizer: ceramide moisturizer | 4) SPF: spf30,1) Cleanser: milk cleanser | 2) Treatment: barrier repair | 3) Moisturizer: ceramide moisturizer
RTN0001124,REC0001124,normal,4,5,2,0,acne control cleanser,soothing moisturizer,peptide serum,mineral spf50,calming treatment,skincare_datasets.xlsx::Recommendations|skincare_recommendations_dataset.csv,1) Cleanser: acne control cleanser | 2) Serum: peptide serum | 3) Moisturizer: soothing moisturizer | 4) SPF: mineral spf50,1) Cleanser: acne control cleanser | 2) Treatment: calming treatment | 3) Moisturizer: soothing moisturizer
RTN0001125,REC0001125,normal,4,5,2,1,acne control cleanser,ceramide moisturizer,retinol serum,spf30,calming treatment,skincare_datasets.xlsx::Recommendations|skincare_recommendations_dataset.csv,1) Cleanser: acne control cleanser | 2) Serum: retinol serum | 3) Moisturizer: ceramide moisturizer | 4) SPF: spf30,1) Cleanser: acne control cleanser | 2) Treatment: calming treatment | 3) Moisturizer: ceramide moisturizer
RTN0001126,REC0001126,normal,4,5,2,3,gentle foam cleanser,ceramide moisturizer,vitamin c serum,spf50,barrier repair,skincare_datasets.xlsx::Recommendations|skincare_recommendations_dataset.csv,1) Cleanser: gentle foam cleanser | 2) Serum: vitamin c serum | 3) Moisturizer: ceramide moisturizer | 4) SPF: spf50,1) Cleanser: gentle foam cleanser | 2) Treatment: barrier repair | 3) Moisturizer: ceramide moisturizer
RTN0001127,REC0001127,normal,4,5,2,4,hydrating cleanser,soothing moisturizer,peptide serum,spf50 matte,retinol treatment,skincare_datasets.xlsx::Recommendations|skincare_recommendations_dataset.csv,1) Cleanser: hydrating cleanser | 2) Serum: peptide serum | 3) Moisturizer: soothing moisturizer | 4) SPF: spf50 matte,1) Cleanser: hydrating cleanser | 2) Treatment: retinol treatment | 3) Moisturizer: soothing moisturizer
RTN0001128,REC0001128,normal,4,5,3,0,gentle foam cleanser,rich cream moisturizer,peptide serum,spf50 matte,benzoyl peroxide,skincare_datasets.xlsx::Recommendations|skincare_recommendations_dataset.csv,1) Cleanser: gentle foam cleanser | 2) Serum: peptide serum | 3) Moisturizer: rich cream moisturizer | 4) SPF: spf50 matte,1) Cleanser: gentle foam cleanser | 2) Treatment: benzoyl peroxide | 3) Moisturizer: rich cream moisturizer
RTN0001129,REC0001129,normal,4,5,3,0,hydrating cleanser,light lotion moisturizer,hyaluronic acid serum,spf30,barrier repair,skincare_datasets.xlsx::Recommendations|skincare_recommendations_dataset.csv,1) Cleanser: hydrating cleanser | 2) Serum: hyaluronic acid serum | 3) Moisturizer: light lotion moisturizer | 4) SPF: spf30,1) Cleanser: hydrating cleanser | 2) Treatment: barrier repair | 3) Moisturizer: light lotion moisturizer
RTN0001130,REC0001130,normal,4,5,3,2,salicylic acid cleanser,light lotion moisturizer,centella serum,spf30,calming treatment,skincare_datasets.xlsx::Recommendations|skincare_recommendations_dataset.csv,1) Cleanser: salicylic acid cleanser | 2) Serum: centella serum | 3) Moisturizer: light lotion moisturizer | 4) SPF: spf30,1) Cleanser: salicylic acid cleanser | 2) Treatment: calming treatment | 3) Moisturizer: light lotion moisturizer
RTN0001131,REC0001131,normal,4,5,3,5,hydrating cleanser,light lotion moisturizer,vitamin c serum,spf50,calming treatment,skincare_datasets.xlsx::Recommendations|skincare_recommendations_dataset.csv,1) Cleanser: hydrating cleanser | 2) Serum: vitamin c serum | 3) Moisturizer: light lotion moisturizer | 4) SPF: spf50,1) Cleanser: hydrating cleanser | 2) Treatment: calming treatment | 3) Moisturizer: light lotion moisturizer
RTN0001132,REC0001132,normal,4,5,4,2,gentle foam cleanser,light lotion moisturizer,hyaluronic acid serum,mineral spf50,calming treatment,skincare_datasets.xlsx::Recommendations|skincare_recommendations_dataset.csv,1) Cleanser: gentle foam cleanser | 2) Serum: hyaluronic acid serum | 3) Moisturizer: light lotion moisturizer | 4) SPF: mineral spf50,1) Cleanser: gentle foam cleanser | 2) Treatment: calming treatment | 3) Moisturizer: light lotion moisturizer
RTN0001133,REC0001133,normal,4,5,4,5,gentle foam cleanser,light lotion moisturizer,retinol serum,spf30,benzoyl peroxide,skincare_datasets.xlsx::Recommendations|skincare_recommendations_dataset.csv,1) Cleanser: gentle foam cleanser | 2) Serum: retinol serum | 3) Moisturizer: light lotion moisturizer | 4) SPF: spf30,1) Cleanser: gentle foam cleanser | 2) Treatment: benzoyl peroxide | 3) Moisturizer: light lotion moisturizer
RTN0001134,REC0001134,normal,4,5,5,0,gentle foam cleanser,light lotion moisturizer,retinol serum,spf50,retinol treatment,skincare_datasets.xlsx::Recommendations|skincare_recommendations_dataset.csv,1) Cleanser: gentle foam cleanser | 2) Serum: retinol serum | 3) Moisturizer: light lotion moisturizer | 4) SPF: spf50,1) Cleanser: gentle foam cleanser | 2) Treatment: retinol treatment | 3) Moisturizer: light lotion moisturizer
RTN0001135,REC0001135,normal,4,5,5,0,hydrating cleanser,soothing moisturizer,centella serum,spf50,anti aging routine,skincare_datasets.xlsx::Recommendations|skincare_recommendations_dataset.csv,1) Cleanser: hydrating cleanser | 2) Serum: centella serum | 3) Moisturizer: soothing moisturizer | 4) SPF: spf50,1) Cleanser: hydrating cleanser | 2) Treatment: anti aging routine | 3) Moisturizer: soothing moisturizer
RTN0001136,REC0001136,normal,4,5,5,2,ultra gentle cleanser,rich cream moisturizer,retinol serum,spf30,anti aging routine,skincare_datasets.xlsx::Recommendations|skincare_recommendations_dataset.csv,1) Cleanser: ultra gentle cleanser | 2) Serum: retinol serum | 3) Moisturizer: rich cream moisturizer | 4) SPF: spf30,1) Cleanser: ultra gentle cleanser | 2) Treatment: anti aging routine | 3) Moisturizer: rich cream moisturizer
RTN0001137,REC0001137,normal,4,5,5,4,ultra gentle cleanser,light lotion moisturizer,centella serum,spf30,hydrating mask,skincare_datasets.xlsx::Recommendations|skincare_recommendations_dataset.csv,1) Cleanser: ultra gentle cleanser | 2) Serum: centella serum | 3) Moisturizer: light lotion moisturizer | 4) SPF: spf30,1) Cleanser: ultra gentle cleanser | 2) Treatment: hydrating mask | 3) Moisturizer: light lotion moisturizer
RTN0001138,REC0001138,normal,4,5,5,5,acne control cleanser,oil free gel moisturizer,hyaluronic acid serum,spf50,retinol treatment,skincare_datasets.xlsx::Recommendations|skincare_recommendations_dataset.csv,1) Cleanser: acne control cleanser | 2) Serum: hyaluronic acid serum | 3) Moisturizer: oil free gel moisturizer | 4) SPF: spf50,1) Cleanser: acne control cleanser | 2) Treatment: retinol treatment | 3) Moisturizer: oil free gel moisturizer
RTN0001139,REC0001139,normal,5,0,0,0,milk cleanser,ceramide moisturizer,peptide serum,spf50,retinol treatment,skincare_datasets.xlsx::Recommendations|skincare_recommendations_dataset.csv,1) Cleanser: milk cleanser | 2) Serum: peptide serum | 3) Moisturizer: ceramide moisturizer | 4) SPF: spf50,1) Cleanser: milk cleanser | 2) Treatment: retinol treatment | 3) Moisturizer: ceramide moisturizer
RTN0001140,REC0001140,normal,5,0,0,2,salicylic acid cleanser,rich cream moisturizer,peptide serum,spf50,calming treatment,skincare_datasets.xlsx::Recommendations|skincare_recommendations_dataset.csv,1) Cleanser: salicylic acid cleanser | 2) Serum: peptide serum | 3) Moisturizer: rich cream moisturizer | 4) SPF: spf50,1) Cleanser: salicylic acid cleanser | 2) Treatment: calming treatment | 3) Moisturizer: rich cream moisturizer
RTN0001141,REC0001141,normal,5,0,1,3,hydrating cleanser,ceramide moisturizer,niacinamide serum,spf50 matte,hydrating mask,skincare_datasets.xlsx::Recommendations|skincare_recommendations_dataset.csv,1) Cleanser: hydrating cleanser | 2) Serum: niacinamide serum | 3) Moisturizer: ceramide moisturizer | 4) SPF: spf50 matte,1) Cleanser: hydrating cleanser | 2) Treatment: hydrating mask | 3) Moisturizer: ceramide moisturizer
RTN0001142,REC0001142,normal,5,0,1,4,gentle foam cleanser,oil free gel moisturizer,hyaluronic acid serum,spf50,calming treatment,skincare_datasets.xlsx::Recommendations|skincare_recommendations_dataset.csv,1) Cleanser: gentle foam cleanser | 2) Serum: hyaluronic acid serum | 3) Moisturizer: oil free gel moisturizer | 4) SPF: spf50,1) Cleanser: gentle foam cleanser | 2) Treatment: calming treatment | 3) Moisturizer: oil free gel moisturizer
RTN0001143,REC0001143,normal,5,0,1,4,ultra gentle cleanser,light lotion moisturizer,hyaluronic acid serum,spf50,retinol treatment,skincare_datasets.xlsx::Recommendations|skincare_recommendations_dataset.csv,1) Cleanser: ultra gentle cleanser | 2) Serum: hyaluronic acid serum | 3) Moisturizer: light lotion moisturizer | 4) SPF: spf50,1) Cleanser: ultra gentle cleanser | 2) Treatment: retinol treatment | 3) Moisturizer: light lotion moisturizer
RTN0001144,REC0001144,normal,5,0,2,1,hydrating cleanser,soothing moisturizer,niacinamide serum,mineral spf50,calming treatment,skincare_datasets.xlsx::Recommendations|skincare_recommendations_dataset.csv,1) Cleanser: hydrating cleanser | 2) Serum: niacinamide serum | 3) Moisturizer: soothing moisturizer | 4) SPF: mineral spf50,1) Cleanser: hydrating cleanser | 2) Treatment: calming treatment | 3) Moisturizer: soothing moisturizer
RTN0001145,REC0001145,normal,5,0,4,1,hydrating cleanser,soothing moisturizer,niacinamide serum,spf50 matte,barrier repair,skincare_datasets.xlsx::Recommendations|skincare_recommendations_dataset.csv,1) Cleanser: hydrating cleanser | 2) Serum: niacinamide serum | 3) Moisturizer: soothing moisturizer | 4) SPF: spf50 matte,1) Cleanser: hydrating cleanser | 2) Treatment: barrier repair | 3) Moisturizer: soothing moisturizer
RTN0001146,REC0001146,normal,5,0,5,2,acne control cleanser,rich cream moisturizer,centella serum,spf30,retinol treatment,skincare_datasets.xlsx::Recommendations|skincare_recommendations_dataset.csv,1) Cleanser: acne control cleanser | 2) Serum: centella serum | 3) Moisturizer: rich cream moisturizer | 4) SPF: spf30,1) Cleanser: acne control cleanser | 2) Treatment: retinol treatment | 3) Moisturizer: rich cream moisturizer
RTN0001147,REC0001147,normal,5,1,0,0,ultra gentle cleanser,rich cream moisturizer,centella serum,spf50,benzoyl peroxide,skincare_datasets.xlsx::Recommendations|skincare_recommendations_dataset.csv,1) Cleanser: ultra gentle cleanser | 2) Serum: centella serum | 3) Moisturizer: rich cream moisturizer | 4) SPF: spf50,1) Cleanser: ultra gentle cleanser | 2) Treatment: benzoyl peroxide | 3) Moisturizer: rich cream moisturizer
RTN0001148,REC0001148,normal,5,1,0,1,hydrating cleanser,oil free gel moisturizer,hyaluronic acid serum,spf30,benzoyl peroxide,skincare_datasets.xlsx::Recommendations|skincare_recommendations_dataset.csv,1) Cleanser: hydrating cleanser | 2) Serum: hyaluronic acid serum | 3) Moisturizer: oil free gel moisturizer | 4) SPF: spf30,1) Cleanser: hydrating cleanser | 2) Treatment: benzoyl peroxide | 3) Moisturizer: oil free gel moisturizer
RTN0001149,REC0001149,normal,5,1,1,1,hydrating cleanser,ceramide moisturizer,peptide serum,mineral spf50,retinol treatment,skincare_datasets.xlsx::Recommendations|skincare_recommendations_dataset.csv,1) Cleanser: hydrating cleanser | 2) Serum: peptide serum | 3) Moisturizer: ceramide moisturizer | 4) SPF: mineral spf50,1) Cleanser: hydrating cleanser | 2) Treatment: retinol treatment | 3) Moisturizer: ceramide moisturizer
RTN0001150,REC0001150,normal,5,1,2,0,gentle foam cleanser,rich cream moisturizer,centella serum,spf50 matte,benzoyl peroxide,skincare_datasets.xlsx::Recommendations|skincare_recommendations_dataset.csv,1) Cleanser: gentle foam cleanser | 2) Serum: centella serum | 3) Moisturizer: rich cream moisturizer | 4) SPF: spf50 matte,1) Cleanser: gentle foam cleanser | 2) Treatment: benzoyl peroxide | 3) Moisturizer: rich cream moisturizer
RTN0001151,REC0001151,normal,5,1,2,5,gentle foam cleanser,rich cream moisturizer,retinol serum,spf50 matte,retinol treatment,skincare_datasets.xlsx::Recommendations|skincare_recommendations_dataset.csv,1) Cleanser: gentle foam cleanser | 2) Serum: retinol serum | 3) Moisturizer: rich cream moisturizer | 4) SPF: spf50 matte,1) Cleanser: gentle foam cleanser | 2) Treatment: retinol treatment | 3) Moisturizer: rich cream moisturizer
RTN0001152,REC0001152,normal,5,1,3,3,hydrating cleanser,ceramide moisturizer,peptide serum,spf50 matte,chemical exfoliation,skincare_datasets.xlsx::Recommendations|skincare_recommendations_dataset.csv,1) Cleanser: hydrating cleanser | 2) Serum: peptide serum | 3) Moisturizer: ceramide moisturizer | 4) SPF: spf50 matte,1) Cleanser: hydrating cleanser | 2) Treatment: chemical exfoliation | 3) Moisturizer: ceramide moisturizer
RTN0001153,REC0001153,normal,5,1,4,0,acne control cleanser,ceramide moisturizer,peptide serum,spf30,hydrating mask,skincare_datasets.xlsx::Recommendations|skincare_recommendations_dataset.csv,1) Cleanser: acne control cleanser | 2) Serum: peptide serum | 3) Moisturizer: ceramide moisturizer | 4) SPF: spf30,1) Cleanser: acne control cleanser | 2) Treatment: hydrating mask | 3) Moisturizer: ceramide moisturizer
RTN0001154,REC0001154,normal,5,1,4,0,ultra gentle cleanser,oil free gel moisturizer,centella serum,mineral spf50,retinol treatment,skincare_datasets.xlsx::Recommendations|skincare_recommendations_dataset.csv,1) Cleanser: ultra gentle cleanser | 2) Serum: centella serum | 3) Moisturizer: oil free gel moisturizer | 4) SPF: mineral spf50,1) Cleanser: ultra gentle cleanser | 2) Treatment: retinol treatment | 3) Moisturizer: oil free gel moisturizer
RTN0001155,REC0001155,normal,5,1,4,1,milk cleanser,soothing moisturizer,retinol serum,spf50 matte,barrier repair,skincare_datasets.xlsx::Recommendations|skincare_recommendations_dataset.csv,1) Cleanser: milk cleanser | 2) Serum: retinol serum | 3) Moisturizer: soothing moisturizer | 4) SPF: spf50 matte,1) Cleanser: milk cleanser | 2) Treatment: barrier repair | 3) Moisturizer: soothing moisturizer
RTN0001156,REC0001156,normal,5,1,5,3,salicylic acid cleanser,soothing moisturizer,retinol serum,spf30,chemical exfoliation,skincare_datasets.xlsx::Recommendations|skincare_recommendations_dataset.csv,1) Cleanser: salicylic acid cleanser | 2) Serum: retinol serum | 3) Moisturizer: soothing moisturizer | 4) SPF: spf30,1) Cleanser: salicylic acid cleanser | 2) Treatment: chemical exfoliation | 3) Moisturizer: soothing moisturizer
RTN0001157,REC0001157,normal,5,2,0,5,acne control cleanser,light lotion moisturizer,retinol serum,spf50,anti aging routine,skincare_datasets.xlsx::Recommendations|skincare_recommendations_dataset.csv,1) Cleanser: acne control cleanser | 2) Serum: retinol serum | 3) Moisturizer: light lotion moisturizer | 4) SPF: spf50,1) Cleanser: acne control cleanser | 2) Treatment: anti aging routine | 3) Moisturizer: light lotion moisturizer
RTN0001158,REC0001158,normal,5,2,1,2,gentle foam cleanser,rich cream moisturizer,peptide serum,spf50,chemical exfoliation,skincare_datasets.xlsx::Recommendations|skincare_recommendations_dataset.csv,1) Cleanser: gentle foam cleanser | 2) Serum: peptide serum | 3) Moisturizer: rich cream moisturizer | 4) SPF: spf50,1) Cleanser: gentle foam cleanser | 2) Treatment: chemical exfoliation | 3) Moisturizer: rich cream moisturizer
RTN0001159,REC0001159,normal,5,2,2,0,gentle foam cleanser,light lotion moisturizer,centella serum,mineral spf50,retinol treatment,skincare_datasets.xlsx::Recommendations|skincare_recommendations_dataset.csv,1) Cleanser: gentle foam cleanser | 2) Serum: centella serum | 3) Moisturizer: light lotion moisturizer | 4) SPF: mineral spf50,1) Cleanser: gentle foam cleanser | 2) Treatment: retinol treatment | 3) Moisturizer: light lotion moisturizer
RTN0001160,REC0001160,normal,5,2,2,3,salicylic acid cleanser,light lotion moisturizer,centella serum,spf30,barrier repair,skincare_datasets.xlsx::Recommendations|skincare_recommendations_dataset.csv,1) Cleanser: salicylic acid cleanser | 2) Serum: centella serum | 3) Moisturizer: light lotion moisturizer | 4) SPF: spf30,1) Cleanser: salicylic acid cleanser | 2) Treatment: barrier repair | 3) Moisturizer: light lotion moisturizer
RTN0001161,REC0001161,normal,5,2,2,5,salicylic acid cleanser,soothing moisturizer,retinol serum,mineral spf50,hydrating mask,skincare_datasets.xlsx::Recommendations|skincare_recommendations_dataset.csv,1) Cleanser: salicylic acid cleanser | 2) Serum: retinol serum | 3) Moisturizer: soothing moisturizer | 4) SPF: mineral spf50,1) Cleanser: salicylic acid cleanser | 2) Treatment: hydrating mask | 3) Moisturizer: soothing moisturizer
RTN0001162,REC0001162,normal,5,2,3,3,hydrating cleanser,light lotion moisturizer,hyaluronic acid serum,spf50,chemical exfoliation,skincare_datasets.xlsx::Recommendations|skincare_recommendations_dataset.csv,1) Cleanser: hydrating cleanser | 2) Serum: hyaluronic acid serum | 3) Moisturizer: light lotion moisturizer | 4) SPF: spf50,1) Cleanser: hydrating cleanser | 2) Treatment: chemical exfoliation | 3) Moisturizer: light lotion moisturizer
RTN0001163,REC0001163,normal,5,2,4,4,milk cleanser,light lotion moisturizer,centella serum,spf30,benzoyl peroxide,skincare_datasets.xlsx::Recommendations|skincare_recommendations_dataset.csv,1) Cleanser: milk cleanser | 2) Serum: centella serum | 3) Moisturizer: light lotion moisturizer | 4) SPF: spf30,1) Cleanser: milk cleanser | 2) Treatment: benzoyl peroxide | 3) Moisturizer: light lotion moisturizer
RTN0001164,REC0001164,normal,5,2,4,5,acne control cleanser,light lotion moisturizer,peptide serum,spf30,barrier repair,skincare_datasets.xlsx::Recommendations|skincare_recommendations_dataset.csv,1) Cleanser: acne control cleanser | 2) Serum: peptide serum | 3) Moisturizer: light lotion moisturizer | 4) SPF: spf30,1) Cleanser: acne control cleanser | 2) Treatment: barrier repair | 3) Moisturizer: light lotion moisturizer
RTN0001165,REC0001165,normal,5,2,4,5,milk cleanser,soothing moisturizer,hyaluronic acid serum,spf30,retinol treatment,skincare_datasets.xlsx::Recommendations|skincare_recommendations_dataset.csv,1) Cleanser: milk cleanser | 2) Serum: hyaluronic acid serum | 3) Moisturizer: soothing moisturizer | 4) SPF: spf30,1) Cleanser: milk cleanser | 2) Treatment: retinol treatment | 3) Moisturizer: soothing moisturizer
RTN0001166,REC0001166,normal,5,3,0,5,hydrating cleanser,oil free gel moisturizer,peptide serum,spf30,retinol treatment,skincare_datasets.xlsx::Recommendations|skincare_recommendations_dataset.csv,1) Cleanser: hydrating cleanser | 2) Serum: peptide serum | 3) Moisturizer: oil free gel moisturizer | 4) SPF: spf30,1) Cleanser: hydrating cleanser | 2) Treatment: retinol treatment | 3) Moisturizer: oil free gel moisturizer
RTN0001167,REC0001167,normal,5,3,0,5,ultra gentle cleanser,oil free gel moisturizer,niacinamide serum,spf30,barrier repair,skincare_datasets.xlsx::Recommendations|skincare_recommendations_dataset.csv,1) Cleanser: ultra gentle cleanser | 2) Serum: niacinamide serum | 3) Moisturizer: oil free gel moisturizer | 4) SPF: spf30,1) Cleanser: ultra gentle cleanser | 2) Treatment: barrier repair | 3) Moisturizer: oil free gel moisturizer
RTN0001168,REC0001168,normal,5,3,1,0,acne control cleanser,oil free gel moisturizer,hyaluronic acid serum,spf50,barrier repair,skincare_datasets.xlsx::Recommendations|skincare_recommendations_dataset.csv,1) Cleanser: acne control cleanser | 2) Serum: hyaluronic acid serum | 3) Moisturizer: oil free gel moisturizer | 4) SPF: spf50,1) Cleanser: acne control cleanser | 2) Treatment: barrier repair | 3) Moisturizer: oil free gel moisturizer
RTN0001169,REC0001169,normal,5,3,1,4,acne control cleanser,light lotion moisturizer,peptide serum,mineral spf50,retinol treatment,skincare_datasets.xlsx::Recommendations|skincare_recommendations_dataset.csv,1) Cleanser: acne control cleanser | 2) Serum: peptide serum | 3) Moisturizer: light lotion moisturizer | 4) SPF: mineral spf50,1) Cleanser: acne control cleanser | 2) Treatment: retinol treatment | 3) Moisturizer: light lotion moisturizer
RTN0001170,REC0001170,normal,5,3,4,2,acne control cleanser,light lotion moisturizer,niacinamide serum,spf50 matte,hydrating mask,skincare_datasets.xlsx::Recommendations|skincare_recommendations_dataset.csv,1) Cleanser: acne control cleanser | 2) Serum: niacinamide serum | 3) Moisturizer: light lotion moisturizer | 4) SPF: spf50 matte,1) Cleanser: acne control cleanser | 2) Treatment: hydrating mask | 3) Moisturizer: light lotion moisturizer
RTN0001171,REC0001171,normal,5,3,4,2,hydrating cleanser,soothing moisturizer,retinol serum,mineral spf50,retinol treatment,skincare_datasets.xlsx::Recommendations|skincare_recommendations_dataset.csv,1) Cleanser: hydrating cleanser | 2) Serum: retinol serum | 3) Moisturizer: soothing moisturizer | 4) SPF: mineral spf50,1) Cleanser: hydrating cleanser | 2) Treatment: retinol treatment | 3) Moisturizer: soothing moisturizer
RTN0001172,REC0001172,normal,5,3,4,4,ultra gentle cleanser,oil free gel moisturizer,peptide serum,spf30,benzoyl peroxide,skincare_datasets.xlsx::Recommendations|skincare_recommendations_dataset.csv,1) Cleanser: ultra gentle cleanser | 2) Serum: peptide serum | 3) Moisturizer: oil free gel moisturizer | 4) SPF: spf30,1) Cleanser: ultra gentle cleanser | 2) Treatment: benzoyl peroxide | 3) Moisturizer: oil free gel moisturizer
RTN0001173,REC0001173,normal,5,3,5,0,salicylic acid cleanser,light lotion moisturizer,vitamin c serum,spf50,chemical exfoliation,skincare_datasets.xlsx::Recommendations|skincare_recommendations_dataset.csv,1) Cleanser: salicylic acid cleanser | 2) Serum: vitamin c serum | 3) Moisturizer: light lotion moisturizer | 4) SPF: spf50,1) Cleanser: salicylic acid cleanser | 2) Treatment: chemical exfoliation | 3) Moisturizer: light lotion moisturizer
RTN0001174,REC0001174,normal,5,3,5,4,ultra gentle cleanser,rich cream moisturizer,hyaluronic acid serum,spf50 matte,benzoyl peroxide,skincare_datasets.xlsx::Recommendations|skincare_recommendations_dataset.csv,1) Cleanser: ultra gentle cleanser | 2) Serum: hyaluronic acid serum | 3) Moisturizer: rich cream moisturizer | 4) SPF: spf50 matte,1) Cleanser: ultra gentle cleanser | 2) Treatment: benzoyl peroxide | 3) Moisturizer: rich cream moisturizer
RTN0001175,REC0001175,normal,5,4,0,5,gentle foam cleanser,light lotion moisturizer,centella serum,spf50 matte,hydrating mask,skincare_datasets.xlsx::Recommendations|skincare_recommendations_dataset.csv,1) Cleanser: gentle foam cleanser | 2) Serum: centella serum | 3) Moisturizer: light lotion moisturizer | 4) SPF: spf50 matte,1) Cleanser: gentle foam cleanser | 2) Treatment: hydrating mask | 3) Moisturizer: light lotion moisturizer
RTN0001176,REC0001176,normal,5,4,0,5,ultra gentle cleanser,rich cream moisturizer,niacinamide serum,mineral spf50,hydrating mask,skincare_datasets.xlsx::Recommendations|skincare_recommendations_dataset.csv,1) Cleanser: ultra gentle cleanser | 2) Serum: niacinamide serum | 3) Moisturizer: rich cream moisturizer | 4) SPF: mineral spf50,1) Cleanser: ultra gentle cleanser | 2) Treatment: hydrating mask | 3) Moisturizer: rich cream moisturizer
RTN0001177,REC0001177,normal,5,4,1,3,ultra gentle cleanser,oil free gel moisturizer,hyaluronic acid serum,spf50,benzoyl peroxide,skincare_datasets.xlsx::Recommendations|skincare_recommendations_dataset.csv,1) Cleanser: ultra gentle cleanser | 2) Serum: hyaluronic acid serum | 3) Moisturizer: oil free gel moisturizer | 4) SPF: spf50,1) Cleanser: ultra gentle cleanser | 2) Treatment: benzoyl peroxide | 3) Moisturizer: oil free gel moisturizer
RTN0001178,REC0001178,normal,5,4,4,3,hydrating cleanser,rich cream moisturizer,niacinamide serum,spf50,barrier repair,skincare_datasets.xlsx::Recommendations|skincare_recommendations_dataset.csv,1) Cleanser: hydrating cleanser | 2) Serum: niacinamide serum | 3) Moisturizer: rich cream moisturizer | 4) SPF: spf50,1) Cleanser: hydrating cleanser | 2) Treatment: barrier repair | 3) Moisturizer: rich cream moisturizer
RTN0001179,REC0001179,normal,5,4,4,5,gentle foam cleanser,oil free gel moisturizer,vitamin c serum,spf50 matte,benzoyl peroxide,skincare_datasets.xlsx::Recommendations|skincare_recommendations_dataset.csv,1) Cleanser: gentle foam cleanser | 2) Serum: vitamin c serum | 3) Moisturizer: oil free gel moisturizer | 4) SPF: spf50 matte,1) Cleanser: gentle foam cleanser | 2) Treatment: benzoyl peroxide | 3) Moisturizer: oil free gel moisturizer
RTN0001180,REC0001180,normal,5,4,5,2,gentle foam cleanser,oil free gel moisturizer,vitamin c serum,mineral spf50,retinol treatment,skincare_datasets.xlsx::Recommendations|skincare_recommendations_dataset.csv,1) Cleanser: gentle foam cleanser | 2) Serum: vitamin c serum | 3) Moisturizer: oil free gel moisturizer | 4) SPF: mineral spf50,1) Cleanser: gentle foam cleanser | 2) Treatment: retinol treatment | 3) Moisturizer: oil free gel moisturizer
RTN0001181,REC0001181,normal,5,4,5,5,acne control cleanser,oil free gel moisturizer,retinol serum,spf50,barrier repair,skincare_datasets.xlsx::Recommendations|skincare_recommendations_dataset.csv,1) Cleanser: acne control cleanser | 2) Serum: retinol serum | 3) Moisturizer: oil free gel moisturizer | 4) SPF: spf50,1) Cleanser: acne control cleanser | 2) Treatment: barrier repair | 3) Moisturizer: oil free gel moisturizer
RTN0001182,REC0001182,normal,5,5,0,1,milk cleanser,oil free gel moisturizer,retinol serum,spf50,calming treatment,skincare_datasets.xlsx::Recommendations|skincare_recommendations_dataset.csv,1) Cleanser: milk cleanser | 2) Serum: retinol serum | 3) Moisturizer: oil free gel moisturizer | 4) SPF: spf50,1) Cleanser: milk cleanser | 2) Treatment: calming treatment | 3) Moisturizer: oil free gel moisturizer
RTN0001183,REC0001183,normal,5,5,0,3,gentle foam cleanser,ceramide moisturizer,retinol serum,spf30,calming treatment,skincare_datasets.xlsx::Recommendations|skincare_recommendations_dataset.csv,1) Cleanser: gentle foam cleanser | 2) Serum: retinol serum | 3) Moisturizer: ceramide moisturizer | 4) SPF: spf30,1) Cleanser: gentle foam cleanser | 2) Treatment: calming treatment | 3) Moisturizer: ceramide moisturizer
RTN0001184,REC0001184,normal,5,5,0,4,ultra gentle cleanser,soothing moisturizer,niacinamide serum,spf50,barrier repair,skincare_datasets.xlsx::Recommendations|skincare_recommendations_dataset.csv,1) Cleanser: ultra gentle cleanser | 2) Serum: niacinamide serum | 3) Moisturizer: soothing moisturizer | 4) SPF: spf50,1) Cleanser: ultra gentle cleanser | 2) Treatment: barrier repair | 3) Moisturizer: soothing moisturizer
RTN0001185,REC0001185,normal,5,5,1,2,acne control cleanser,ceramide moisturizer,vitamin c serum,spf50,anti aging routine,skincare_datasets.xlsx::Recommendations|skincare_recommendations_dataset.csv,1) Cleanser: acne control cleanser | 2) Serum: vitamin c serum | 3) Moisturizer: ceramide moisturizer | 4) SPF: spf50,1) Cleanser: acne control cleanser | 2) Treatment: anti aging routine | 3) Moisturizer: ceramide moisturizer
RTN0001186,REC0001186,normal,5,5,1,2,acne control cleanser,oil free gel moisturizer,hyaluronic acid serum,mineral spf50,retinol treatment,skincare_datasets.xlsx::Recommendations|skincare_recommendations_dataset.csv,1) Cleanser: acne control cleanser | 2) Serum: hyaluronic acid serum | 3) Moisturizer: oil free gel moisturizer | 4) SPF: mineral spf50,1) Cleanser: acne control cleanser | 2) Treatment: retinol treatment | 3) Moisturizer: oil free gel moisturizer
RTN0001187,REC0001187,normal,5,5,1,3,milk cleanser,light lotion moisturizer,peptide serum,spf50,anti aging routine,skincare_datasets.xlsx::Recommendations|skincare_recommendations_dataset.csv,1) Cleanser: milk cleanser | 2) Serum: peptide serum | 3) Moisturizer: light lotion moisturizer | 4) SPF: spf50,1) Cleanser: milk cleanser | 2) Treatment: anti aging routine | 3) Moisturizer: light lotion moisturizer
RTN0001188,REC0001188,normal,5,5,1,4,ultra gentle cleanser,soothing moisturizer,vitamin c serum,spf30,retinol treatment,skincare_datasets.xlsx::Recommendations|skincare_recommendations_dataset.csv,1) Cleanser: ultra gentle cleanser | 2) Serum: vitamin c serum | 3) Moisturizer: soothing moisturizer | 4) SPF: spf30,1) Cleanser: ultra gentle cleanser | 2) Treatment: retinol treatment | 3) Moisturizer: soothing moisturizer
RTN0001189,REC0001189,normal,5,5,2,0,hydrating cleanser,rich cream moisturizer,niacinamide serum,spf50 matte,anti aging routine,skincare_datasets.xlsx::Recommendations|skincare_recommendations_dataset.csv,1) Cleanser: hydrating cleanser | 2) Serum: niacinamide serum | 3) Moisturizer: rich cream moisturizer | 4) SPF: spf50 matte,1) Cleanser: hydrating cleanser | 2) Treatment: anti aging routine | 3) Moisturizer: rich cream moisturizer
RTN0001190,REC0001190,normal,5,5,2,3,acne control cleanser,light lotion moisturizer,centella serum,spf50,calming treatment,skincare_datasets.xlsx::Recommendations|skincare_recommendations_dataset.csv,1) Cleanser: acne control cleanser | 2) Serum: centella serum | 3) Moisturizer: light lotion moisturizer | 4) SPF: spf50,1) Cleanser: acne control cleanser | 2) Treatment: calming treatment | 3) Moisturizer: light lotion moisturizer
RTN0001191,REC0001191,normal,5,5,3,2,ultra gentle cleanser,soothing moisturizer,vitamin c serum,spf30,chemical exfoliation,skincare_datasets.xlsx::Recommendations|skincare_recommendations_dataset.csv,1) Cleanser: ultra gentle cleanser | 2) Serum: vitamin c serum | 3) Moisturizer: soothing moisturizer | 4) SPF: spf30,1) Cleanser: ultra gentle cleanser | 2) Treatment: chemical exfoliation | 3) Moisturizer: soothing moisturizer
RTN0001192,REC0001192,normal,5,5,3,3,hydrating cleanser,oil free gel moisturizer,peptide serum,spf50,anti aging routine,skincare_datasets.xlsx::Recommendations|skincare_recommendations_dataset.csv,1) Cleanser: hydrating cleanser | 2) Serum: peptide serum | 3) Moisturizer: oil free gel moisturizer | 4) SPF: spf50,1) Cleanser: hydrating cleanser | 2) Treatment: anti aging routine | 3) Moisturizer: oil free gel moisturizer
RTN0001193,REC0001193,normal,5,5,3,3,hydrating cleanser,soothing moisturizer,hyaluronic acid serum,mineral spf50,retinol treatment,skincare_datasets.xlsx::Recommendations|skincare_recommendations_dataset.csv,1) Cleanser: hydrating cleanser | 2) Serum: hyaluronic acid serum | 3) Moisturizer: soothing moisturizer | 4) SPF: mineral spf50,1) Cleanser: hydrating cleanser | 2) Treatment: retinol treatment | 3) Moisturizer: soothing moisturizer
RTN0001194,REC0001194,normal,5,5,4,2,hydrating cleanser,rich cream moisturizer,peptide serum,spf50 matte,chemical exfoliation,skincare_datasets.xlsx::Recommendations|skincare_recommendations_dataset.csv,1) Cleanser: hydrating cleanser | 2) Serum: peptide serum | 3) Moisturizer: rich cream moisturizer | 4) SPF: spf50 matte,1) Cleanser: hydrating cleanser | 2) Treatment: chemical exfoliation | 3) Moisturizer: rich cream moisturizer
RTN0001195,REC0001195,normal,5,5,5,1,acne control cleanser,oil free gel moisturizer,hyaluronic acid serum,spf30,benzoyl peroxide,skincare_datasets.xlsx::Recommendations|skincare_recommendations_dataset.csv,1) Cleanser: acne control cleanser | 2) Serum: hyaluronic acid serum | 3) Moisturizer: oil free gel moisturizer | 4) SPF: spf30,1) Cleanser: acne control cleanser | 2) Treatment: benzoyl peroxide | 3) Moisturizer: oil free gel moisturizer
RTN0001196,REC0001196,normal,5,5,5,1,acne control cleanser,soothing moisturizer,retinol serum,spf50,calming treatment,skincare_datasets.xlsx::Recommendations|skincare_recommendations_dataset.csv,1) Cleanser: acne control cleanser | 2) Serum: retinol serum | 3) Moisturizer: soothing moisturizer | 4) SPF: spf50,1) Cleanser: acne control cleanser | 2) Treatment: calming treatment | 3) Moisturizer: soothing moisturizer
RTN0001197,REC0001197,normal,5,5,5,2,acne control cleanser,oil free gel moisturizer,vitamin c serum,spf30,retinol treatment,skincare_datasets.xlsx::Recommendations|skincare_recommendations_dataset.csv,1) Cleanser: acne control cleanser | 2) Serum: vitamin c serum | 3) Moisturizer: oil free gel moisturizer | 4) SPF: spf30,1) Cleanser: acne control cleanser | 2) Treatment: retinol treatment | 3) Moisturizer: oil free gel moisturizer
RTN0001198,REC0001198,oily,0,0,0,0,milk cleanser,oil free gel moisturizer,retinol serum,spf50,retinol treatment,skincare_datasets.xlsx::Recommendations|skincare_recommendations_dataset.csv,1) Cleanser: milk cleanser | 2) Serum: retinol serum | 3) Moisturizer: oil free gel moisturizer | 4) SPF: spf50,1) Cleanser: milk cleanser | 2) Treatment: retinol treatment | 3) Moisturizer: oil free gel moisturizer
RTN0001199,REC0001199,oily,0,0,0,2,hydrating cleanser,light lotion moisturizer,centella serum,spf50,barrier repair,skincare_datasets.xlsx::Recommendations|skincare_recommendations_dataset.csv,1) Cleanser: hydrating cleanser | 2) Serum: centella serum | 3) Moisturizer: light lotion moisturizer | 4) SPF: spf50,1) Cleanser: hydrating cleanser | 2) Treatment: barrier repair | 3) Moisturizer: light lotion moisturizer
RTN0001200,REC0001200,oily,0,0,3,0,gentle foam cleanser,rich cream moisturizer,niacinamide serum,spf30,anti aging routine,skincare_datasets.xlsx::Recommendations|skincare_recommendations_dataset.csv,1) Cleanser: gentle foam cleanser | 2) Serum: niacinamide serum | 3) Moisturizer: rich cream moisturizer | 4) SPF: spf30,1) Cleanser: gentle foam cleanser | 2) Treatment: anti aging routine | 3) Moisturizer: rich cream moisturizer
RTN0001201,REC0001201,oily,0,0,3,5,acne control cleanser,ceramide moisturizer,hyaluronic acid serum,mineral spf50,hydrating mask,skincare_datasets.xlsx::Recommendations|skincare_recommendations_dataset.csv,1) Cleanser: acne control cleanser | 2) Serum: hyaluronic acid serum | 3) Moisturizer: ceramide moisturizer | 4) SPF: mineral spf50,1) Cleanser: acne control cleanser | 2) Treatment: hydrating mask | 3) Moisturizer: ceramide moisturizer
RTN0001202,REC0001202,oily,0,0,4,1,gentle foam cleanser,ceramide moisturizer,hyaluronic acid serum,spf50,barrier repair,skincare_datasets.xlsx::Recommendations|skincare_recommendations_dataset.csv,1) Cleanser: gentle foam cleanser | 2) Serum: hyaluronic acid serum | 3) Moisturizer: ceramide moisturizer | 4) SPF: spf50,1) Cleanser: gentle foam cleanser | 2) Treatment: barrier repair | 3) Moisturizer: ceramide moisturizer
RTN0001203,REC0001203,oily,0,0,4,2,gentle foam cleanser,rich cream moisturizer,peptide serum,spf30,benzoyl peroxide,skincare_datasets.xlsx::Recommendations|skincare_recommendations_dataset.csv,1) Cleanser: gentle foam cleanser | 2) Serum: peptide serum | 3) Moisturizer: rich cream moisturizer | 4) SPF: spf30,1) Cleanser: gentle foam cleanser | 2) Treatment: benzoyl peroxide | 3) Moisturizer: rich cream moisturizer
RTN0001204,REC0001204,oily,0,0,4,3,gentle foam cleanser,oil free gel moisturizer,peptide serum,mineral spf50,calming treatment,skincare_datasets.xlsx::Recommendations|skincare_recommendations_dataset.csv,1) Cleanser: gentle foam cleanser | 2) Serum: peptide serum | 3) Moisturizer: oil free gel moisturizer | 4) SPF: mineral spf50,1) Cleanser: gentle foam cleanser | 2) Treatment: calming treatment | 3) Moisturizer: oil free gel moisturizer
RTN0001205,REC0001205,oily,0,0,4,4,milk cleanser,light lotion moisturizer,peptide serum,spf30,anti aging routine,skincare_datasets.xlsx::Recommendations|skincare_recommendations_dataset.csv,1) Cleanser: milk cleanser | 2) Serum: peptide serum | 3) Moisturizer: light lotion moisturizer | 4) SPF: spf30,1) Cleanser: milk cleanser | 2) Treatment: anti aging routine | 3) Moisturizer: light lotion moisturizer
RTN0001206,REC0001206,oily,0,0,5,0,gentle foam cleanser,oil free gel moisturizer,hyaluronic acid serum,spf50 matte,chemical exfoliation,skincare_datasets.xlsx::Recommendations|skincare_recommendations_dataset.csv,1) Cleanser: gentle foam cleanser | 2) Serum: hyaluronic acid serum | 3) Moisturizer: oil free gel moisturizer | 4) SPF: spf50 matte,1) Cleanser: gentle foam cleanser | 2) Treatment: chemical exfoliation | 3) Moisturizer: oil free gel moisturizer
RTN0001207,REC0001207,oily,0,0,5,0,milk cleanser,light lotion moisturizer,retinol serum,spf50 matte,calming treatment,skincare_datasets.xlsx::Recommendations|skincare_recommendations_dataset.csv,1) Cleanser: milk cleanser | 2) Serum: retinol serum | 3) Moisturizer: light lotion moisturizer | 4) SPF: spf50 matte,1) Cleanser: milk cleanser | 2) Treatment: calming treatment | 3) Moisturizer: light lotion moisturizer
RTN0001208,REC0001208,oily,0,0,5,1,hydrating cleanser,light lotion moisturizer,niacinamide serum,spf50,barrier repair,skincare_datasets.xlsx::Recommendations|skincare_recommendations_dataset.csv,1) Cleanser: hydrating cleanser | 2) Serum: niacinamide serum | 3) Moisturizer: light lotion moisturizer | 4) SPF: spf50,1) Cleanser: hydrating cleanser | 2) Treatment: barrier repair | 3) Moisturizer: light lotion moisturizer
RTN0001209,REC0001209,oily,0,1,0,1,hydrating cleanser,light lotion moisturizer,peptide serum,spf50 matte,retinol treatment,skincare_datasets.xlsx::Recommendations|skincare_recommendations_dataset.csv,1) Cleanser: hydrating cleanser | 2) Serum: peptide serum | 3) Moisturizer: light lotion moisturizer | 4) SPF: spf50 matte,1) Cleanser: hydrating cleanser | 2) Treatment: retinol treatment | 3) Moisturizer: light lotion moisturizer
RTN0001210,REC0001210,oily,0,1,0,3,acne control cleanser,rich cream moisturizer,vitamin c serum,mineral spf50,chemical exfoliation,skincare_datasets.xlsx::Recommendations|skincare_recommendations_dataset.csv,1) Cleanser: acne control cleanser | 2) Serum: vitamin c serum | 3) Moisturizer: rich cream moisturizer | 4) SPF: mineral spf50,1) Cleanser: acne control cleanser | 2) Treatment: chemical exfoliation | 3) Moisturizer: rich cream moisturizer
RTN0001211,REC0001211,oily,0,1,0,4,acne control cleanser,rich cream moisturizer,vitamin c serum,spf50,barrier repair,skincare_datasets.xlsx::Recommendations|skincare_recommendations_dataset.csv,1) Cleanser: acne control cleanser | 2) Serum: vitamin c serum | 3) Moisturizer: rich cream moisturizer | 4) SPF: spf50,1) Cleanser: acne control cleanser | 2) Treatment: barrier repair | 3) Moisturizer: rich cream moisturizer
RTN0001212,REC0001212,oily,0,1,3,0,hydrating cleanser,rich cream moisturizer,hyaluronic acid serum,spf30,retinol treatment,skincare_datasets.xlsx::Recommendations|skincare_recommendations_dataset.csv,1) Cleanser: hydrating cleanser | 2) Serum: hyaluronic acid serum | 3) Moisturizer: rich cream moisturizer | 4) SPF: spf30,1) Cleanser: hydrating cleanser | 2) Treatment: retinol treatment | 3) Moisturizer: rich cream moisturizer
RTN0001213,REC0001213,oily,0,1,3,1,milk cleanser,light lotion moisturizer,vitamin c serum,spf50,barrier repair,skincare_datasets.xlsx::Recommendations|skincare_recommendations_dataset.csv,1) Cleanser: milk cleanser | 2) Serum: vitamin c serum | 3) Moisturizer: light lotion moisturizer | 4) SPF: spf50,1) Cleanser: milk cleanser | 2) Treatment: barrier repair | 3) Moisturizer: light lotion moisturizer
RTN0001214,REC0001214,oily,0,1,3,3,ultra gentle cleanser,ceramide moisturizer,hyaluronic acid serum,spf50 matte,anti aging routine,skincare_datasets.xlsx::Recommendations|skincare_recommendations_dataset.csv,1) Cleanser: ultra gentle cleanser | 2) Serum: hyaluronic acid serum | 3) Moisturizer: ceramide moisturizer | 4) SPF: spf50 matte,1) Cleanser: ultra gentle cleanser | 2) Treatment: anti aging routine | 3) Moisturizer: ceramide moisturizer
RTN0001215,REC0001215,oily,0,1,3,3,ultra gentle cleanser,rich cream moisturizer,niacinamide serum,spf50 matte,calming treatment,skincare_datasets.xlsx::Recommendations|skincare_recommendations_dataset.csv,1) Cleanser: ultra gentle cleanser | 2) Serum: niacinamide serum | 3) Moisturizer: rich cream moisturizer | 4) SPF: spf50 matte,1) Cleanser: ultra gentle cleanser | 2) Treatment: calming treatment | 3) Moisturizer: rich cream moisturizer
RTN0001216,REC0001216,oily,0,1,4,2,milk cleanser,soothing moisturizer,retinol serum,spf30,hydrating mask,skincare_datasets.xlsx::Recommendations|skincare_recommendations_dataset.csv,1) Cleanser: milk cleanser | 2) Serum: retinol serum | 3) Moisturizer: soothing moisturizer | 4) SPF: spf30,1) Cleanser: milk cleanser | 2) Treatment: hydrating mask | 3) Moisturizer: soothing moisturizer
RTN0001217,REC0001217,oily,0,1,5,3,milk cleanser,oil free gel moisturizer,vitamin c serum,spf30,chemical exfoliation,skincare_datasets.xlsx::Recommendations|skincare_recommendations_dataset.csv,1) Cleanser: milk cleanser | 2) Serum: vitamin c serum | 3) Moisturizer: oil free gel moisturizer | 4) SPF: spf30,1) Cleanser: milk cleanser | 2) Treatment: chemical exfoliation | 3) Moisturizer: oil free gel moisturizer
RTN0001218,REC0001218,oily,0,2,0,5,ultra gentle cleanser,ceramide moisturizer,niacinamide serum,spf50 matte,barrier repair,skincare_datasets.xlsx::Recommendations|skincare_recommendations_dataset.csv,1) Cleanser: ultra gentle cleanser | 2) Serum: niacinamide serum | 3) Moisturizer: ceramide moisturizer | 4) SPF: spf50 matte,1) Cleanser: ultra gentle cleanser | 2) Treatment: barrier repair | 3) Moisturizer: ceramide moisturizer
RTN0001219,REC0001219,oily,0,2,1,1,hydrating cleanser,soothing moisturizer,niacinamide serum,spf50 matte,chemical exfoliation,skincare_datasets.xlsx::Recommendations|skincare_recommendations_dataset.csv,1) Cleanser: hydrating cleanser | 2) Serum: niacinamide serum | 3) Moisturizer: soothing moisturizer | 4) SPF: spf50 matte,1) Cleanser: hydrating cleanser | 2) Treatment: chemical exfoliation | 3) Moisturizer: soothing moisturizer
RTN0001220,REC0001220,oily,0,2,1,4,gentle foam cleanser,oil free gel moisturizer,retinol serum,spf50 matte,anti aging routine,skincare_datasets.xlsx::Recommendations|skincare_recommendations_dataset.csv,1) Cleanser: gentle foam cleanser | 2) Serum: retinol serum | 3) Moisturizer: oil free gel moisturizer | 4) SPF: spf50 matte,1) Cleanser: gentle foam cleanser | 2) Treatment: anti aging routine | 3) Moisturizer: oil free gel moisturizer
RTN0001221,REC0001221,oily,0,2,3,4,hydrating cleanser,soothing moisturizer,peptide serum,spf50 matte,anti aging routine,skincare_datasets.xlsx::Recommendations|skincare_recommendations_dataset.csv,1) Cleanser: hydrating cleanser | 2) Serum: peptide serum | 3) Moisturizer: soothing moisturizer | 4) SPF: spf50 matte,1) Cleanser: hydrating cleanser | 2) Treatment: anti aging routine | 3) Moisturizer: soothing moisturizer
RTN0001222,REC0001222,oily,0,2,4,0,acne control cleanser,rich cream moisturizer,retinol serum,spf30,hydrating mask,skincare_datasets.xlsx::Recommendations|skincare_recommendations_dataset.csv,1) Cleanser: acne control cleanser | 2) Serum: retinol serum | 3) Moisturizer: rich cream moisturizer | 4) SPF: spf30,1) Cleanser: acne control cleanser | 2) Treatment: hydrating mask | 3) Moisturizer: rich cream moisturizer
RTN0001223,REC0001223,oily,0,2,4,1,milk cleanser,light lotion moisturizer,vitamin c serum,spf50 matte,benzoyl peroxide,skincare_datasets.xlsx::Recommendations|skincare_recommendations_dataset.csv,1) Cleanser: milk cleanser | 2) Serum: vitamin c serum | 3) Moisturizer: light lotion moisturizer | 4) SPF: spf50 matte,1) Cleanser: milk cleanser | 2) Treatment: benzoyl peroxide | 3) Moisturizer: light lotion moisturizer
RTN0001224,REC0001224,oily,0,2,5,4,milk cleanser,oil free gel moisturizer,vitamin c serum,spf30,anti aging routine,skincare_datasets.xlsx::Recommendations|skincare_recommendations_dataset.csv,1) Cleanser: milk cleanser | 2) Serum: vitamin c serum | 3) Moisturizer: oil free gel moisturizer | 4) SPF: spf30,1) Cleanser: milk cleanser | 2) Treatment: anti aging routine | 3) Moisturizer: oil free gel moisturizer
RTN0001225,REC0001225,oily,0,2,5,5,acne control cleanser,rich cream moisturizer,hyaluronic acid serum,spf50 matte,hydrating mask,skincare_datasets.xlsx::Recommendations|skincare_recommendations_dataset.csv,1) Cleanser: acne control cleanser | 2) Serum: hyaluronic acid serum | 3) Moisturizer: rich cream moisturizer | 4) SPF: spf50 matte,1) Cleanser: acne control cleanser | 2) Treatment: hydrating mask | 3) Moisturizer: rich cream moisturizer
RTN0001226,REC0001226,oily,0,3,0,4,salicylic acid cleanser,oil free gel moisturizer,niacinamide serum,spf50 matte,hydrating mask,skincare_datasets.xlsx::Recommendations|skincare_recommendations_dataset.csv,1) Cleanser: salicylic acid cleanser | 2) Serum: niacinamide serum | 3) Moisturizer: oil free gel moisturizer | 4) SPF: spf50 matte,1) Cleanser: salicylic acid cleanser | 2) Treatment: hydrating mask | 3) Moisturizer: oil free gel moisturizer
RTN0001227,REC0001227,oily,0,3,1,0,hydrating cleanser,ceramide moisturizer,hyaluronic acid serum,spf50,retinol treatment,skincare_datasets.xlsx::Recommendations|skincare_recommendations_dataset.csv,1) Cleanser: hydrating cleanser | 2) Serum: hyaluronic acid serum | 3) Moisturizer: ceramide moisturizer | 4) SPF: spf50,1) Cleanser: hydrating cleanser | 2) Treatment: retinol treatment | 3) Moisturizer: ceramide moisturizer
RTN0001228,REC0001228,oily,0,3,1,5,salicylic acid cleanser,light lotion moisturizer,retinol serum,spf50 matte,barrier repair,skincare_datasets.xlsx::Recommendations|skincare_recommendations_dataset.csv,1) Cleanser: salicylic acid cleanser | 2) Serum: retinol serum | 3) Moisturizer: light lotion moisturizer | 4) SPF: spf50 matte,1) Cleanser: salicylic acid cleanser | 2) Treatment: barrier repair | 3) Moisturizer: light lotion moisturizer
RTN0001229,REC0001229,oily,0,3,2,0,gentle foam cleanser,rich cream moisturizer,peptide serum,spf30,anti aging routine,skincare_datasets.xlsx::Recommendations|skincare_recommendations_dataset.csv,1) Cleanser: gentle foam cleanser | 2) Serum: peptide serum | 3) Moisturizer: rich cream moisturizer | 4) SPF: spf30,1) Cleanser: gentle foam cleanser | 2) Treatment: anti aging routine | 3) Moisturizer: rich cream moisturizer
RTN0001230,REC0001230,oily,0,3,2,3,gentle foam cleanser,ceramide moisturizer,niacinamide serum,mineral spf50,chemical exfoliation,skincare_datasets.xlsx::Recommendations|skincare_recommendations_dataset.csv,1) Cleanser: gentle foam cleanser | 2) Serum: niacinamide serum | 3) Moisturizer: ceramide moisturizer | 4) SPF: mineral spf50,1) Cleanser: gentle foam cleanser | 2) Treatment: chemical exfoliation | 3) Moisturizer: ceramide moisturizer
RTN0001231,REC0001231,oily,0,3,3,1,salicylic acid cleanser,oil free gel moisturizer,vitamin c serum,spf50,retinol treatment,skincare_datasets.xlsx::Recommendations|skincare_recommendations_dataset.csv,1) Cleanser: salicylic acid cleanser | 2) Serum: vitamin c serum | 3) Moisturizer: oil free gel moisturizer | 4) SPF: spf50,1) Cleanser: salicylic acid cleanser | 2) Treatment: retinol treatment | 3) Moisturizer: oil free gel moisturizer
RTN0001232,REC0001232,oily,0,3,3,5,acne control cleanser,oil free gel moisturizer,vitamin c serum,spf50,barrier repair,skincare_datasets.xlsx::Recommendations|skincare_recommendations_dataset.csv,1) Cleanser: acne control cleanser | 2) Serum: vitamin c serum | 3) Moisturizer: oil free gel moisturizer | 4) SPF: spf50,1) Cleanser: acne control cleanser | 2) Treatment: barrier repair | 3) Moisturizer: oil free gel moisturizer
RTN0001233,REC0001233,oily,0,3,4,1,acne control cleanser,ceramide moisturizer,vitamin c serum,spf30,chemical exfoliation,skincare_datasets.xlsx::Recommendations|skincare_recommendations_dataset.csv,1) Cleanser: acne control cleanser | 2) Serum: vitamin c serum | 3) Moisturizer: ceramide moisturizer | 4) SPF: spf30,1) Cleanser: acne control cleanser | 2) Treatment: chemical exfoliation | 3) Moisturizer: ceramide moisturizer
RTN0001234,REC0001234,oily,0,3,4,2,ultra gentle cleanser,light lotion moisturizer,niacinamide serum,spf30,hydrating mask,skincare_datasets.xlsx::Recommendations|skincare_recommendations_dataset.csv,1) Cleanser: ultra gentle cleanser | 2) Serum: niacinamide serum | 3) Moisturizer: light lotion moisturizer | 4) SPF: spf30,1) Cleanser: ultra gentle cleanser | 2) Treatment: hydrating mask | 3) Moisturizer: light lotion moisturizer
RTN0001235,REC0001235,oily,0,3,4,4,acne control cleanser,light lotion moisturizer,peptide serum,spf50 matte,calming treatment,skincare_datasets.xlsx::Recommendations|skincare_recommendations_dataset.csv,1) Cleanser: acne control cleanser | 2) Serum: peptide serum | 3) Moisturizer: light lotion moisturizer | 4) SPF: spf50 matte,1) Cleanser: acne control cleanser | 2) Treatment: calming treatment | 3) Moisturizer: light lotion moisturizer
RTN0001236,REC0001236,oily,0,4,0,4,hydrating cleanser,rich cream moisturizer,centella serum,spf50 matte,benzoyl peroxide,skincare_datasets.xlsx::Recommendations|skincare_recommendations_dataset.csv,1) Cleanser: hydrating cleanser | 2) Serum: centella serum | 3) Moisturizer: rich cream moisturizer | 4) SPF: spf50 matte,1) Cleanser: hydrating cleanser | 2) Treatment: benzoyl peroxide | 3) Moisturizer: rich cream moisturizer
RTN0001237,REC0001237,oily,0,4,0,5,acne control cleanser,rich cream moisturizer,hyaluronic acid serum,mineral spf50,hydrating mask,skincare_datasets.xlsx::Recommendations|skincare_recommendations_dataset.csv,1) Cleanser: acne control cleanser | 2) Serum: hyaluronic acid serum | 3) Moisturizer: rich cream moisturizer | 4) SPF: mineral spf50,1) Cleanser: acne control cleanser | 2) Treatment: hydrating mask | 3) Moisturizer: rich cream moisturizer
RTN0001238,REC0001238,oily,0,4,0,5,acne control cleanser,rich cream moisturizer,peptide serum,spf30,hydrating mask,skincare_datasets.xlsx::Recommendations|skincare_recommendations_dataset.csv,1) Cleanser: acne control cleanser | 2) Serum: peptide serum | 3) Moisturizer: rich cream moisturizer | 4) SPF: spf30,1) Cleanser: acne control cleanser | 2) Treatment: hydrating mask | 3) Moisturizer: rich cream moisturizer
RTN0001239,REC0001239,oily,0,4,1,0,hydrating cleanser,oil free gel moisturizer,retinol serum,mineral spf50,chemical exfoliation,skincare_datasets.xlsx::Recommendations|skincare_recommendations_dataset.csv,1) Cleanser: hydrating cleanser | 2) Serum: retinol serum | 3) Moisturizer: oil free gel moisturizer | 4) SPF: mineral spf50,1) Cleanser: hydrating cleanser | 2) Treatment: chemical exfoliation | 3) Moisturizer: oil free gel moisturizer
RTN0001240,REC0001240,oily,0,4,1,2,gentle foam cleanser,ceramide moisturizer,peptide serum,mineral spf50,barrier repair,skincare_datasets.xlsx::Recommendations|skincare_recommendations_dataset.csv,1) Cleanser: gentle foam cleanser | 2) Serum: peptide serum | 3) Moisturizer: ceramide moisturizer | 4) SPF: mineral spf50,1) Cleanser: gentle foam cleanser | 2) Treatment: barrier repair | 3) Moisturizer: ceramide moisturizer
RTN0001241,REC0001241,oily,0,4,1,3,acne control cleanser,oil free gel moisturizer,centella serum,spf50,benzoyl peroxide,skincare_datasets.xlsx::Recommendations|skincare_recommendations_dataset.csv,1) Cleanser: acne control cleanser | 2) Serum: centella serum | 3) Moisturizer: oil free gel moisturizer | 4) SPF: spf50,1) Cleanser: acne control cleanser | 2) Treatment: benzoyl peroxide | 3) Moisturizer: oil free gel moisturizer
RTN0001242,REC0001242,oily,0,4,1,4,salicylic acid cleanser,rich cream moisturizer,niacinamide serum,spf50,barrier repair,skincare_datasets.xlsx::Recommendations|skincare_recommendations_dataset.csv,1) Cleanser: salicylic acid cleanser | 2) Serum: niacinamide serum | 3) Moisturizer: rich cream moisturizer | 4) SPF: spf50,1) Cleanser: salicylic acid cleanser | 2) Treatment: barrier repair | 3) Moisturizer: rich cream moisturizer
RTN0001243,REC0001243,oily,0,4,1,5,ultra gentle cleanser,ceramide moisturizer,hyaluronic acid serum,spf30,barrier repair,skincare_datasets.xlsx::Recommendations|skincare_recommendations_dataset.csv,1) Cleanser: ultra gentle cleanser | 2) Serum: hyaluronic acid serum | 3) Moisturizer: ceramide moisturizer | 4) SPF: spf30,1) Cleanser: ultra gentle cleanser | 2) Treatment: barrier repair | 3) Moisturizer: ceramide moisturizer
RTN0001244,REC0001244,oily,0,4,3,2,gentle foam cleanser,rich cream moisturizer,niacinamide serum,spf50,hydrating mask,skincare_datasets.xlsx::Recommendations|skincare_recommendations_dataset.csv,1) Cleanser: gentle foam cleanser | 2) Serum: niacinamide serum | 3) Moisturizer: rich cream moisturizer | 4) SPF: spf50,1) Cleanser: gentle foam cleanser | 2) Treatment: hydrating mask | 3) Moisturizer: rich cream moisturizer
RTN0001245,REC0001245,oily,0,4,3,4,ultra gentle cleanser,ceramide moisturizer,niacinamide serum,mineral spf50,anti aging routine,skincare_datasets.xlsx::Recommendations|skincare_recommendations_dataset.csv,1) Cleanser: ultra gentle cleanser | 2) Serum: niacinamide serum | 3) Moisturizer: ceramide moisturizer | 4) SPF: mineral spf50,1) Cleanser: ultra gentle cleanser | 2) Treatment: anti aging routine | 3) Moisturizer: ceramide moisturizer
RTN0001246,REC0001246,oily,0,4,3,5,gentle foam cleanser,soothing moisturizer,vitamin c serum,spf50,retinol treatment,skincare_datasets.xlsx::Recommendations|skincare_recommendations_dataset.csv,1) Cleanser: gentle foam cleanser | 2) Serum: vitamin c serum | 3) Moisturizer: soothing moisturizer | 4) SPF: spf50,1) Cleanser: gentle foam cleanser | 2) Treatment: retinol treatment | 3) Moisturizer: soothing moisturizer
RTN0001247,REC0001247,oily,0,4,4,5,acne control cleanser,oil free gel moisturizer,vitamin c serum,spf30,retinol treatment,skincare_datasets.xlsx::Recommendations|skincare_recommendations_dataset.csv,1) Cleanser: acne control cleanser | 2) Serum: vitamin c serum | 3) Moisturizer: oil free gel moisturizer | 4) SPF: spf30,1) Cleanser: acne control cleanser | 2) Treatment: retinol treatment | 3) Moisturizer: oil free gel moisturizer
RTN0001248,REC0001248,oily,0,4,5,1,acne control cleanser,oil free gel moisturizer,vitamin c serum,spf50 matte,anti aging routine,skincare_datasets.xlsx::Recommendations|skincare_recommendations_dataset.csv,1) Cleanser: acne control cleanser | 2) Serum: vitamin c serum | 3) Moisturizer: oil free gel moisturizer | 4) SPF: spf50 matte,1) Cleanser: acne control cleanser | 2) Treatment: anti aging routine | 3) Moisturizer: oil free gel moisturizer
RTN0001249,REC0001249,oily,0,4,5,1,gentle foam cleanser,rich cream moisturizer,peptide serum,spf30,hydrating mask,skincare_datasets.xlsx::Recommendations|skincare_recommendations_dataset.csv,1) Cleanser: gentle foam cleanser | 2) Serum: peptide serum | 3) Moisturizer: rich cream moisturizer | 4) SPF: spf30,1) Cleanser: gentle foam cleanser | 2) Treatment: hydrating mask | 3) Moisturizer: rich cream moisturizer
RTN0001250,REC0001250,oily,0,4,5,2,gentle foam cleanser,oil free gel moisturizer,peptide serum,spf50,chemical exfoliation,skincare_datasets.xlsx::Recommendations|skincare_recommendations_dataset.csv,1) Cleanser: gentle foam cleanser | 2) Serum: peptide serum | 3) Moisturizer: oil free gel moisturizer | 4) SPF: spf50,1) Cleanser: gentle foam cleanser | 2) Treatment: chemical exfoliation | 3) Moisturizer: oil free gel moisturizer
RTN0001251,REC0001251,oily,0,4,5,3,ultra gentle cleanser,rich cream moisturizer,peptide serum,mineral spf50,barrier repair,skincare_datasets.xlsx::Recommendations|skincare_recommendations_dataset.csv,1) Cleanser: ultra gentle cleanser | 2) Serum: peptide serum | 3) Moisturizer: rich cream moisturizer | 4) SPF: mineral spf50,1) Cleanser: ultra gentle cleanser | 2) Treatment: barrier repair | 3) Moisturizer: rich cream moisturizer
RTN0001252,REC0001252,oily,0,5,0,5,ultra gentle cleanser,soothing moisturizer,hyaluronic acid serum,mineral spf50,anti aging routine,skincare_datasets.xlsx::Recommendations|skincare_recommendations_dataset.csv,1) Cleanser: ultra gentle cleanser | 2) Serum: hyaluronic acid serum | 3) Moisturizer: soothing moisturizer | 4) SPF: mineral spf50,1) Cleanser: ultra gentle cleanser | 2) Treatment: anti aging routine | 3) Moisturizer: soothing moisturizer
RTN0001253,REC0001253,oily,0,5,1,0,milk cleanser,soothing moisturizer,vitamin c serum,spf50,barrier repair,skincare_datasets.xlsx::Recommendations|skincare_recommendations_dataset.csv,1) Cleanser: milk cleanser | 2) Serum: vitamin c serum | 3) Moisturizer: soothing moisturizer | 4) SPF: spf50,1) Cleanser: milk cleanser | 2) Treatment: barrier repair | 3) Moisturizer: soothing moisturizer
RTN0001254,REC0001254,oily,0,5,2,5,gentle foam cleanser,light lotion moisturizer,hyaluronic acid serum,mineral spf50,barrier repair,skincare_datasets.xlsx::Recommendations|skincare_recommendations_dataset.csv,1) Cleanser: gentle foam cleanser | 2) Serum: hyaluronic acid serum | 3) Moisturizer: light lotion moisturizer | 4) SPF: mineral spf50,1) Cleanser: gentle foam cleanser | 2) Treatment: barrier repair | 3) Moisturizer: light lotion moisturizer
RTN0001255,REC0001255,oily,0,5,3,0,ultra gentle cleanser,ceramide moisturizer,retinol serum,spf50 matte,chemical exfoliation,skincare_datasets.xlsx::Recommendations|skincare_recommendations_dataset.csv,1) Cleanser: ultra gentle cleanser | 2) Serum: retinol serum | 3) Moisturizer: ceramide moisturizer | 4) SPF: spf50 matte,1) Cleanser: ultra gentle cleanser | 2) Treatment: chemical exfoliation | 3) Moisturizer: ceramide moisturizer
RTN0001256,REC0001256,oily,0,5,3,3,acne control cleanser,rich cream moisturizer,centella serum,spf50 matte,anti aging routine,skincare_datasets.xlsx::Recommendations|skincare_recommendations_dataset.csv,1) Cleanser: acne control cleanser | 2) Serum: centella serum | 3) Moisturizer: rich cream moisturizer | 4) SPF: spf50 matte,1) Cleanser: acne control cleanser | 2) Treatment: anti aging routine | 3) Moisturizer: rich cream moisturizer
RTN0001257,REC0001257,oily,0,5,4,2,ultra gentle cleanser,ceramide moisturizer,hyaluronic acid serum,spf50,calming treatment,skincare_datasets.xlsx::Recommendations|skincare_recommendations_dataset.csv,1) Cleanser: ultra gentle cleanser | 2) Serum: hyaluronic acid serum | 3) Moisturizer: ceramide moisturizer | 4) SPF: spf50,1) Cleanser: ultra gentle cleanser | 2) Treatment: calming treatment | 3) Moisturizer: ceramide moisturizer
RTN0001258,REC0001258,oily,1,0,2,1,milk cleanser,soothing moisturizer,hyaluronic acid serum,spf50,anti aging routine,skincare_datasets.xlsx::Recommendations|skincare_recommendations_dataset.csv,1) Cleanser: milk cleanser | 2) Serum: hyaluronic acid serum | 3) Moisturizer: soothing moisturizer | 4) SPF: spf50,1) Cleanser: milk cleanser | 2) Treatment: anti aging routine | 3) Moisturizer: soothing moisturizer
RTN0001259,REC0001259,oily,1,0,2,4,hydrating cleanser,oil free gel moisturizer,hyaluronic acid serum,spf50,chemical exfoliation,skincare_datasets.xlsx::Recommendations|skincare_recommendations_dataset.csv,1) Cleanser: hydrating cleanser | 2) Serum: hyaluronic acid serum | 3) Moisturizer: oil free gel moisturizer | 4) SPF: spf50,1) Cleanser: hydrating cleanser | 2) Treatment: chemical exfoliation | 3) Moisturizer: oil free gel moisturizer
RTN0001260,REC0001260,oily,1,0,4,3,ultra gentle cleanser,light lotion moisturizer,retinol serum,spf30,barrier repair,skincare_datasets.xlsx::Recommendations|skincare_recommendations_dataset.csv,1) Cleanser: ultra gentle cleanser | 2) Serum: retinol serum | 3) Moisturizer: light lotion moisturizer | 4) SPF: spf30,1) Cleanser: ultra gentle cleanser | 2) Treatment: barrier repair | 3) Moisturizer: light lotion moisturizer
RTN0001261,REC0001261,oily,1,0,4,5,hydrating cleanser,light lotion moisturizer,vitamin c serum,spf30,anti aging routine,skincare_datasets.xlsx::Recommendations|skincare_recommendations_dataset.csv,1) Cleanser: hydrating cleanser | 2) Serum: vitamin c serum | 3) Moisturizer: light lotion moisturizer | 4) SPF: spf30,1) Cleanser: hydrating cleanser | 2) Treatment: anti aging routine | 3) Moisturizer: light lotion moisturizer
RTN0001262,REC0001262,oily,1,0,5,0,milk cleanser,ceramide moisturizer,retinol serum,spf30,anti aging routine,skincare_datasets.xlsx::Recommendations|skincare_recommendations_dataset.csv,1) Cleanser: milk cleanser | 2) Serum: retinol serum | 3) Moisturizer: ceramide moisturizer | 4) SPF: spf30,1) Cleanser: milk cleanser | 2) Treatment: anti aging routine | 3) Moisturizer: ceramide moisturizer
RTN0001263,REC0001263,oily,1,1,0,3,hydrating cleanser,oil free gel moisturizer,peptide serum,spf50 matte,chemical exfoliation,skincare_datasets.xlsx::Recommendations|skincare_recommendations_dataset.csv,1) Cleanser: hydrating cleanser | 2) Serum: peptide serum | 3) Moisturizer: oil free gel moisturizer | 4) SPF: spf50 matte,1) Cleanser: hydrating cleanser | 2) Treatment: chemical exfoliation | 3) Moisturizer: oil free gel moisturizer
RTN0001264,REC0001264,oily,1,1,0,5,gentle foam cleanser,soothing moisturizer,hyaluronic acid serum,spf50 matte,benzoyl peroxide,skincare_datasets.xlsx::Recommendations|skincare_recommendations_dataset.csv,1) Cleanser: gentle foam cleanser | 2) Serum: hyaluronic acid serum | 3) Moisturizer: soothing moisturizer | 4) SPF: spf50 matte,1) Cleanser: gentle foam cleanser | 2) Treatment: benzoyl peroxide | 3) Moisturizer: soothing moisturizer
RTN0001265,REC0001265,oily,1,1,1,1,gentle foam cleanser,ceramide moisturizer,centella serum,mineral spf50,anti aging routine,skincare_datasets.xlsx::Recommendations|skincare_recommendations_dataset.csv,1) Cleanser: gentle foam cleanser | 2) Serum: centella serum | 3) Moisturizer: ceramide moisturizer | 4) SPF: mineral spf50,1) Cleanser: gentle foam cleanser | 2) Treatment: anti aging routine | 3) Moisturizer: ceramide moisturizer
RTN0001266,REC0001266,oily,1,1,1,2,gentle foam cleanser,soothing moisturizer,vitamin c serum,spf30,retinol treatment,skincare_datasets.xlsx::Recommendations|skincare_recommendations_dataset.csv,1) Cleanser: gentle foam cleanser | 2) Serum: vitamin c serum | 3) Moisturizer: soothing moisturizer | 4) SPF: spf30,1) Cleanser: gentle foam cleanser | 2) Treatment: retinol treatment | 3) Moisturizer: soothing moisturizer
RTN0001267,REC0001267,oily,1,1,1,5,hydrating cleanser,soothing moisturizer,peptide serum,spf30,hydrating mask,skincare_datasets.xlsx::Recommendations|skincare_recommendations_dataset.csv,1) Cleanser: hydrating cleanser | 2) Serum: peptide serum | 3) Moisturizer: soothing moisturizer | 4) SPF: spf30,1) Cleanser: hydrating cleanser | 2) Treatment: hydrating mask | 3) Moisturizer: soothing moisturizer
RTN0001268,REC0001268,oily,1,1,1,5,milk cleanser,light lotion moisturizer,retinol serum,spf50 matte,chemical exfoliation,skincare_datasets.xlsx::Recommendations|skincare_recommendations_dataset.csv,1) Cleanser: milk cleanser | 2) Serum: retinol serum | 3) Moisturizer: light lotion moisturizer | 4) SPF: spf50 matte,1) Cleanser: milk cleanser | 2) Treatment: chemical exfoliation | 3) Moisturizer: light lotion moisturizer
RTN0001269,REC0001269,oily,1,1,2,2,hydrating cleanser,ceramide moisturizer,hyaluronic acid serum,spf50,chemical exfoliation,skincare_datasets.xlsx::Recommendations|skincare_recommendations_dataset.csv,1) Cleanser: hydrating cleanser | 2) Serum: hyaluronic acid serum | 3) Moisturizer: ceramide moisturizer | 4) SPF: spf50,1) Cleanser: hydrating cleanser | 2) Treatment: chemical exfoliation | 3) Moisturizer: ceramide moisturizer
RTN0001270,REC0001270,oily,1,1,3,0,ultra gentle cleanser,light lotion moisturizer,centella serum,spf50 matte,barrier repair,skincare_datasets.xlsx::Recommendations|skincare_recommendations_dataset.csv,1) Cleanser: ultra gentle cleanser | 2) Serum: centella serum | 3) Moisturizer: light lotion moisturizer | 4) SPF: spf50 matte,1) Cleanser: ultra gentle cleanser | 2) Treatment: barrier repair | 3) Moisturizer: light lotion moisturizer
RTN0001271,REC0001271,oily,1,1,3,3,acne control cleanser,soothing moisturizer,niacinamide serum,spf50 matte,retinol treatment,skincare_datasets.xlsx::Recommendations|skincare_recommendations_dataset.csv,1) Cleanser: acne control cleanser | 2) Serum: niacinamide serum | 3) Moisturizer: soothing moisturizer | 4) SPF: spf50 matte,1) Cleanser: acne control cleanser | 2) Treatment: retinol treatment | 3) Moisturizer: soothing moisturizer
RTN0001272,REC0001272,oily,1,1,3,3,gentle foam cleanser,light lotion moisturizer,retinol serum,spf50,barrier repair,skincare_datasets.xlsx::Recommendations|skincare_recommendations_dataset.csv,1) Cleanser: gentle foam cleanser | 2) Serum: retinol serum | 3) Moisturizer: light lotion moisturizer | 4) SPF: spf50,1) Cleanser: gentle foam cleanser | 2) Treatment: barrier repair | 3) Moisturizer: light lotion moisturizer
RTN0001273,REC0001273,oily,1,1,5,3,gentle foam cleanser,soothing moisturizer,vitamin c serum,mineral spf50,hydrating mask,skincare_datasets.xlsx::Recommendations|skincare_recommendations_dataset.csv,1) Cleanser: gentle foam cleanser | 2) Serum: vitamin c serum | 3) Moisturizer: soothing moisturizer | 4) SPF: mineral spf50,1) Cleanser: gentle foam cleanser | 2) Treatment: hydrating mask | 3) Moisturizer: soothing moisturizer
RTN0001274,REC0001274,oily,1,2,0,0,gentle foam cleanser,light lotion moisturizer,centella serum,spf50 matte,barrier repair,skincare_datasets.xlsx::Recommendations|skincare_recommendations_dataset.csv,1) Cleanser: gentle foam cleanser | 2) Serum: centella serum | 3) Moisturizer: light lotion moisturizer | 4) SPF: spf50 matte,1) Cleanser: gentle foam cleanser | 2) Treatment: barrier repair | 3) Moisturizer: light lotion moisturizer
RTN0001275,REC0001275,oily,1,2,0,1,salicylic acid cleanser,ceramide moisturizer,niacinamide serum,spf50,chemical exfoliation,skincare_datasets.xlsx::Recommendations|skincare_recommendations_dataset.csv,1) Cleanser: salicylic acid cleanser | 2) Serum: niacinamide serum | 3) Moisturizer: ceramide moisturizer | 4) SPF: spf50,1) Cleanser: salicylic acid cleanser | 2) Treatment: chemical exfoliation | 3) Moisturizer: ceramide moisturizer
RTN0001276,REC0001276,oily,1,2,1,1,ultra gentle cleanser,light lotion moisturizer,niacinamide serum,mineral spf50,barrier repair,skincare_datasets.xlsx::Recommendations|skincare_recommendations_dataset.csv,1) Cleanser: ultra gentle cleanser | 2) Serum: niacinamide serum | 3) Moisturizer: light lotion moisturizer | 4) SPF: mineral spf50,1) Cleanser: ultra gentle cleanser | 2) Treatment: barrier repair | 3) Moisturizer: light lotion moisturizer
RTN0001277,REC0001277,oily,1,2,3,2,ultra gentle cleanser,ceramide moisturizer,hyaluronic acid serum,spf50,chemical exfoliation,skincare_datasets.xlsx::Recommendations|skincare_recommendations_dataset.csv,1) Cleanser: ultra gentle cleanser | 2) Serum: hyaluronic acid serum | 3) Moisturizer: ceramide moisturizer | 4) SPF: spf50,1) Cleanser: ultra gentle cleanser | 2) Treatment: chemical exfoliation | 3) Moisturizer: ceramide moisturizer
RTN0001278,REC0001278,oily,1,2,3,4,gentle foam cleanser,rich cream moisturizer,centella serum,spf50,chemical exfoliation,skincare_datasets.xlsx::Recommendations|skincare_recommendations_dataset.csv,1) Cleanser: gentle foam cleanser | 2) Serum: centella serum | 3) Moisturizer: rich cream moisturizer | 4) SPF: spf50,1) Cleanser: gentle foam cleanser | 2) Treatment: chemical exfoliation | 3) Moisturizer: rich cream moisturizer
RTN0001279,REC0001279,oily,1,2,3,5,gentle foam cleanser,ceramide moisturizer,niacinamide serum,spf50,retinol treatment,skincare_datasets.xlsx::Recommendations|skincare_recommendations_dataset.csv,1) Cleanser: gentle foam cleanser | 2) Serum: niacinamide serum | 3) Moisturizer: ceramide moisturizer | 4) SPF: spf50,1) Cleanser: gentle foam cleanser | 2) Treatment: retinol treatment | 3) Moisturizer: ceramide moisturizer
RTN0001280,REC0001280,oily,1,2,4,0,ultra gentle cleanser,ceramide moisturizer,peptide serum,spf50,benzoyl peroxide,skincare_datasets.xlsx::Recommendations|skincare_recommendations_dataset.csv,1) Cleanser: ultra gentle cleanser | 2) Serum: peptide serum | 3) Moisturizer: ceramide moisturizer | 4) SPF: spf50,1) Cleanser: ultra gentle cleanser | 2) Treatment: benzoyl peroxide | 3) Moisturizer: ceramide moisturizer
RTN0001281,REC0001281,oily,1,3,0,2,ultra gentle cleanser,ceramide moisturizer,hyaluronic acid serum,spf50 matte,hydrating mask,skincare_datasets.xlsx::Recommendations|skincare_recommendations_dataset.csv,1) Cleanser: ultra gentle cleanser | 2) Serum: hyaluronic acid serum | 3) Moisturizer: ceramide moisturizer | 4) SPF: spf50 matte,1) Cleanser: ultra gentle cleanser | 2) Treatment: hydrating mask | 3) Moisturizer: ceramide moisturizer
RTN0001282,REC0001282,oily,1,3,1,1,gentle foam cleanser,ceramide moisturizer,centella serum,spf30,retinol treatment,skincare_datasets.xlsx::Recommendations|skincare_recommendations_dataset.csv,1) Cleanser: gentle foam cleanser | 2) Serum: centella serum | 3) Moisturizer: ceramide moisturizer | 4) SPF: spf30,1) Cleanser: gentle foam cleanser | 2) Treatment: retinol treatment | 3) Moisturizer: ceramide moisturizer
RTN0001283,REC0001283,oily,1,3,2,0,acne control cleanser,soothing moisturizer,vitamin c serum,spf50 matte,benzoyl peroxide,skincare_datasets.xlsx::Recommendations|skincare_recommendations_dataset.csv,1) Cleanser: acne control cleanser | 2) Serum: vitamin c serum | 3) Moisturizer: soothing moisturizer | 4) SPF: spf50 matte,1) Cleanser: acne control cleanser | 2) Treatment: benzoyl peroxide | 3) Moisturizer: soothing moisturizer
RTN0001284,REC0001284,oily,1,3,2,5,acne control cleanser,light lotion moisturizer,centella serum,mineral spf50,benzoyl peroxide,skincare_datasets.xlsx::Recommendations|skincare_recommendations_dataset.csv,1) Cleanser: acne control cleanser | 2) Serum: centella serum | 3) Moisturizer: light lotion moisturizer | 4) SPF: mineral spf50,1) Cleanser: acne control cleanser | 2) Treatment: benzoyl peroxide | 3) Moisturizer: light lotion moisturizer
RTN0001285,REC0001285,oily,1,3,2,5,hydrating cleanser,soothing moisturizer,hyaluronic acid serum,spf50 matte,hydrating mask,skincare_datasets.xlsx::Recommendations|skincare_recommendations_dataset.csv,1) Cleanser: hydrating cleanser | 2) Serum: hyaluronic acid serum | 3) Moisturizer: soothing moisturizer | 4) SPF: spf50 matte,1) Cleanser: hydrating cleanser | 2) Treatment: hydrating mask | 3) Moisturizer: soothing moisturizer
RTN0001286,REC0001286,oily,1,3,3,0,gentle foam cleanser,rich cream moisturizer,vitamin c serum,mineral spf50,retinol treatment,skincare_datasets.xlsx::Recommendations|skincare_recommendations_dataset.csv,1) Cleanser: gentle foam cleanser | 2) Serum: vitamin c serum | 3) Moisturizer: rich cream moisturizer | 4) SPF: mineral spf50,1) Cleanser: gentle foam cleanser | 2) Treatment: retinol treatment | 3) Moisturizer: rich cream moisturizer
RTN0001287,REC0001287,oily,1,3,3,2,salicylic acid cleanser,light lotion moisturizer,vitamin c serum,mineral spf50,retinol treatment,skincare_datasets.xlsx::Recommendations|skincare_recommendations_dataset.csv,1) Cleanser: salicylic acid cleanser | 2) Serum: vitamin c serum | 3) Moisturizer: light lotion moisturizer | 4) SPF: mineral spf50,1) Cleanser: salicylic acid cleanser | 2) Treatment: retinol treatment | 3) Moisturizer: light lotion moisturizer
RTN0001288,REC0001288,oily,1,3,4,1,acne control cleanser,oil free gel moisturizer,niacinamide serum,spf50,hydrating mask,skincare_datasets.xlsx::Recommendations|skincare_recommendations_dataset.csv,1) Cleanser: acne control cleanser | 2) Serum: niacinamide serum | 3) Moisturizer: oil free gel moisturizer | 4) SPF: spf50,1) Cleanser: acne control cleanser | 2) Treatment: hydrating mask | 3) Moisturizer: oil free gel moisturizer
RTN0001289,REC0001289,oily,1,3,4,3,salicylic acid cleanser,oil free gel moisturizer,retinol serum,spf30,anti aging routine,skincare_datasets.xlsx::Recommendations|skincare_recommendations_dataset.csv,1) Cleanser: salicylic acid cleanser | 2) Serum: retinol serum | 3) Moisturizer: oil free gel moisturizer | 4) SPF: spf30,1) Cleanser: salicylic acid cleanser | 2) Treatment: anti aging routine | 3) Moisturizer: oil free gel moisturizer
RTN0001290,REC0001290,oily,1,3,4,5,acne control cleanser,light lotion moisturizer,centella serum,spf50 matte,retinol treatment,skincare_datasets.xlsx::Recommendations|skincare_recommendations_dataset.csv,1) Cleanser: acne control cleanser | 2) Serum: centella serum | 3) Moisturizer: light lotion moisturizer | 4) SPF: spf50 matte,1) Cleanser: acne control cleanser | 2) Treatment: retinol treatment | 3) Moisturizer: light lotion moisturizer
RTN0001291,REC0001291,oily,1,3,5,3,salicylic acid cleanser,ceramide moisturizer,peptide serum,mineral spf50,retinol treatment,skincare_datasets.xlsx::Recommendations|skincare_recommendations_dataset.csv,1) Cleanser: salicylic acid cleanser | 2) Serum: peptide serum | 3) Moisturizer: ceramide moisturizer | 4) SPF: mineral spf50,1) Cleanser: salicylic acid cleanser | 2) Treatment: retinol treatment | 3) Moisturizer: ceramide moisturizer
RTN0001292,REC0001292,oily,1,4,0,0,ultra gentle cleanser,light lotion moisturizer,niacinamide serum,spf50,hydrating mask,skincare_datasets.xlsx::Recommendations|skincare_recommendations_dataset.csv,1) Cleanser: ultra gentle cleanser | 2) Serum: niacinamide serum | 3) Moisturizer: light lotion moisturizer | 4) SPF: spf50,1) Cleanser: ultra gentle cleanser | 2) Treatment: hydrating mask | 3) Moisturizer: light lotion moisturizer
RTN0001293,REC0001293,oily,1,4,0,5,acne control cleanser,light lotion moisturizer,centella serum,spf30,chemical exfoliation,skincare_datasets.xlsx::Recommendations|skincare_recommendations_dataset.csv,1) Cleanser: acne control cleanser | 2) Serum: centella serum | 3) Moisturizer: light lotion moisturizer | 4) SPF: spf30,1) Cleanser: acne control cleanser | 2) Treatment: chemical exfoliation | 3) Moisturizer: light lotion moisturizer
RTN0001294,REC0001294,oily,1,4,1,2,gentle foam cleanser,ceramide moisturizer,centella serum,spf30,benzoyl peroxide,skincare_datasets.xlsx::Recommendations|skincare_recommendations_dataset.csv,1) Cleanser: gentle foam cleanser | 2) Serum: centella serum | 3) Moisturizer: ceramide moisturizer | 4) SPF: spf30,1) Cleanser: gentle foam cleanser | 2) Treatment: benzoyl peroxide | 3) Moisturizer: ceramide moisturizer
RTN0001295,REC0001295,oily,1,4,1,3,gentle foam cleanser,light lotion moisturizer,vitamin c serum,spf50 matte,anti aging routine,skincare_datasets.xlsx::Recommendations|skincare_recommendations_dataset.csv,1) Cleanser: gentle foam cleanser | 2) Serum: vitamin c serum | 3) Moisturizer: light lotion moisturizer | 4) SPF: spf50 matte,1) Cleanser: gentle foam cleanser | 2) Treatment: anti aging routine | 3) Moisturizer: light lotion moisturizer
RTN0001296,REC0001296,oily,1,4,3,1,gentle foam cleanser,ceramide moisturizer,centella serum,spf30,benzoyl peroxide,skincare_datasets.xlsx::Recommendations|skincare_recommendations_dataset.csv,1) Cleanser: gentle foam cleanser | 2) Serum: centella serum | 3) Moisturizer: ceramide moisturizer | 4) SPF: spf30,1) Cleanser: gentle foam cleanser | 2) Treatment: benzoyl peroxide | 3) Moisturizer: ceramide moisturizer
RTN0001297,REC0001297,oily,1,4,4,3,gentle foam cleanser,ceramide moisturizer,hyaluronic acid serum,mineral spf50,retinol treatment,skincare_datasets.xlsx::Recommendations|skincare_recommendations_dataset.csv,1) Cleanser: gentle foam cleanser | 2) Serum: hyaluronic acid serum | 3) Moisturizer: ceramide moisturizer | 4) SPF: mineral spf50,1) Cleanser: gentle foam cleanser | 2) Treatment: retinol treatment | 3) Moisturizer: ceramide moisturizer
RTN0001298,REC0001298,oily,1,4,4,4,gentle foam cleanser,oil free gel moisturizer,peptide serum,mineral spf50,retinol treatment,skincare_datasets.xlsx::Recommendations|skincare_recommendations_dataset.csv,1) Cleanser: gentle foam cleanser | 2) Serum: peptide serum | 3) Moisturizer: oil free gel moisturizer | 4) SPF: mineral spf50,1) Cleanser: gentle foam cleanser | 2) Treatment: retinol treatment | 3) Moisturizer: oil free gel moisturizer
RTN0001299,REC0001299,oily,1,4,4,4,milk cleanser,light lotion moisturizer,peptide serum,spf50,chemical exfoliation,skincare_datasets.xlsx::Recommendations|skincare_recommendations_dataset.csv,1) Cleanser: milk cleanser | 2) Serum: peptide serum | 3) Moisturizer: light lotion moisturizer | 4) SPF: spf50,1) Cleanser: milk cleanser | 2) Treatment: chemical exfoliation | 3) Moisturizer: light lotion moisturizer
RTN0001300,REC0001300,oily,1,4,5,4,hydrating cleanser,rich cream moisturizer,centella serum,spf50 matte,anti aging routine,skincare_datasets.xlsx::Recommendations|skincare_recommendations_dataset.csv,1) Cleanser: hydrating cleanser | 2) Serum: centella serum | 3) Moisturizer: rich cream moisturizer | 4) SPF: spf50 matte,1) Cleanser: hydrating cleanser | 2) Treatment: anti aging routine | 3) Moisturizer: rich cream moisturizer
RTN0001301,REC0001301,oily,1,5,0,0,hydrating cleanser,oil free gel moisturizer,vitamin c serum,spf50 matte,retinol treatment,skincare_datasets.xlsx::Recommendations|skincare_recommendations_dataset.csv,1) Cleanser: hydrating cleanser | 2) Serum: vitamin c serum | 3) Moisturizer: oil free gel moisturizer | 4) SPF: spf50 matte,1) Cleanser: hydrating cleanser | 2) Treatment: retinol treatment | 3) Moisturizer: oil free gel moisturizer
RTN0001302,REC0001302,oily,1,5,0,3,hydrating cleanser,soothing moisturizer,hyaluronic acid serum,spf50,benzoyl peroxide,skincare_datasets.xlsx::Recommendations|skincare_recommendations_dataset.csv,1) Cleanser: hydrating cleanser | 2) Serum: hyaluronic acid serum | 3) Moisturizer: soothing moisturizer | 4) SPF: spf50,1) Cleanser: hydrating cleanser | 2) Treatment: benzoyl peroxide | 3) Moisturizer: soothing moisturizer
RTN0001303,REC0001303,oily,1,5,0,3,salicylic acid cleanser,oil free gel moisturizer,vitamin c serum,spf30,barrier repair,skincare_datasets.xlsx::Recommendations|skincare_recommendations_dataset.csv,1) Cleanser: salicylic acid cleanser | 2) Serum: vitamin c serum | 3) Moisturizer: oil free gel moisturizer | 4) SPF: spf30,1) Cleanser: salicylic acid cleanser | 2) Treatment: barrier repair | 3) Moisturizer: oil free gel moisturizer
RTN0001304,REC0001304,oily,1,5,1,0,acne control cleanser,oil free gel moisturizer,peptide serum,spf50,barrier repair,skincare_datasets.xlsx::Recommendations|skincare_recommendations_dataset.csv,1) Cleanser: acne control cleanser | 2) Serum: peptide serum | 3) Moisturizer: oil free gel moisturizer | 4) SPF: spf50,1) Cleanser: acne control cleanser | 2) Treatment: barrier repair | 3) Moisturizer: oil free gel moisturizer
RTN0001305,REC0001305,oily,1,5,1,3,milk cleanser,rich cream moisturizer,hyaluronic acid serum,spf50,chemical exfoliation,skincare_datasets.xlsx::Recommendations|skincare_recommendations_dataset.csv,1) Cleanser: milk cleanser | 2) Serum: hyaluronic acid serum | 3) Moisturizer: rich cream moisturizer | 4) SPF: spf50,1) Cleanser: milk cleanser | 2) Treatment: chemical exfoliation | 3) Moisturizer: rich cream moisturizer
RTN0001306,REC0001306,oily,1,5,2,5,salicylic acid cleanser,soothing moisturizer,niacinamide serum,spf50 matte,anti aging routine,skincare_datasets.xlsx::Recommendations|skincare_recommendations_dataset.csv,1) Cleanser: salicylic acid cleanser | 2) Serum: niacinamide serum | 3) Moisturizer: soothing moisturizer | 4) SPF: spf50 matte,1) Cleanser: salicylic acid cleanser | 2) Treatment: anti aging routine | 3) Moisturizer: soothing moisturizer
RTN0001307,REC0001307,oily,1,5,3,1,gentle foam cleanser,oil free gel moisturizer,retinol serum,mineral spf50,chemical exfoliation,skincare_datasets.xlsx::Recommendations|skincare_recommendations_dataset.csv,1) Cleanser: gentle foam cleanser | 2) Serum: retinol serum | 3) Moisturizer: oil free gel moisturizer | 4) SPF: mineral spf50,1) Cleanser: gentle foam cleanser | 2) Treatment: chemical exfoliation | 3) Moisturizer: oil free gel moisturizer
RTN0001308,REC0001308,oily,1,5,3,3,hydrating cleanser,rich cream moisturizer,niacinamide serum,spf50 matte,chemical exfoliation,skincare_datasets.xlsx::Recommendations|skincare_recommendations_dataset.csv,1) Cleanser: hydrating cleanser | 2) Serum: niacinamide serum | 3) Moisturizer: rich cream moisturizer | 4) SPF: spf50 matte,1) Cleanser: hydrating cleanser | 2) Treatment: chemical exfoliation | 3) Moisturizer: rich cream moisturizer
RTN0001309,REC0001309,oily,1,5,4,2,gentle foam cleanser,oil free gel moisturizer,centella serum,spf50 matte,barrier repair,skincare_datasets.xlsx::Recommendations|skincare_recommendations_dataset.csv,1) Cleanser: gentle foam cleanser | 2) Serum: centella serum | 3) Moisturizer: oil free gel moisturizer | 4) SPF: spf50 matte,1) Cleanser: gentle foam cleanser | 2) Treatment: barrier repair | 3) Moisturizer: oil free gel moisturizer
RTN0001310,REC0001310,oily,1,5,4,3,hydrating cleanser,ceramide moisturizer,hyaluronic acid serum,mineral spf50,calming treatment,skincare_datasets.xlsx::Recommendations|skincare_recommendations_dataset.csv,1) Cleanser: hydrating cleanser | 2) Serum: hyaluronic acid serum | 3) Moisturizer: ceramide moisturizer | 4) SPF: mineral spf50,1) Cleanser: hydrating cleanser | 2) Treatment: calming treatment | 3) Moisturizer: ceramide moisturizer
RTN0001311,REC0001311,oily,1,5,4,4,acne control cleanser,oil free gel moisturizer,niacinamide serum,spf50,chemical exfoliation,skincare_datasets.xlsx::Recommendations|skincare_recommendations_dataset.csv,1) Cleanser: acne control cleanser | 2) Serum: niacinamide serum | 3) Moisturizer: oil free gel moisturizer | 4) SPF: spf50,1) Cleanser: acne control cleanser | 2) Treatment: chemical exfoliation | 3) Moisturizer: oil free gel moisturizer
RTN0001312,REC0001312,oily,1,5,4,5,acne control cleanser,oil free gel moisturizer,retinol serum,spf50,retinol treatment,skincare_datasets.xlsx::Recommendations|skincare_recommendations_dataset.csv,1) Cleanser: acne control cleanser | 2) Serum: retinol serum | 3) Moisturizer: oil free gel moisturizer | 4) SPF: spf50,1) Cleanser: acne control cleanser | 2) Treatment: retinol treatment | 3) Moisturizer: oil free gel moisturizer
RTN0001313,REC0001313,oily,1,5,5,4,gentle foam cleanser,rich cream moisturizer,centella serum,spf50,retinol treatment,skincare_datasets.xlsx::Recommendations|skincare_recommendations_dataset.csv,1) Cleanser: gentle foam cleanser | 2) Serum: centella serum | 3) Moisturizer: rich cream moisturizer | 4) SPF: spf50,1) Cleanser: gentle foam cleanser | 2) Treatment: retinol treatment | 3) Moisturizer: rich cream moisturizer
RTN0001314,REC0001314,oily,2,0,0,1,ultra gentle cleanser,soothing moisturizer,peptide serum,spf30,hydrating mask,skincare_datasets.xlsx::Recommendations|skincare_recommendations_dataset.csv,1) Cleanser: ultra gentle cleanser | 2) Serum: peptide serum | 3) Moisturizer: soothing moisturizer | 4) SPF: spf30,1) Cleanser: ultra gentle cleanser | 2) Treatment: hydrating mask | 3) Moisturizer: soothing moisturizer
RTN0001315,REC0001315,oily,2,0,0,2,ultra gentle cleanser,light lotion moisturizer,niacinamide serum,spf50,retinol treatment,skincare_datasets.xlsx::Recommendations|skincare_recommendations_dataset.csv,1) Cleanser: ultra gentle cleanser | 2) Serum: niacinamide serum | 3) Moisturizer: light lotion moisturizer | 4) SPF: spf50,1) Cleanser: ultra gentle cleanser | 2) Treatment: retinol treatment | 3) Moisturizer: light lotion moisturizer
RTN0001316,REC0001316,oily,2,0,0,4,milk cleanser,oil free gel moisturizer,hyaluronic acid serum,spf30,calming treatment,skincare_datasets.xlsx::Recommendations|skincare_recommendations_dataset.csv,1) Cleanser: milk cleanser | 2) Serum: hyaluronic acid serum | 3) Moisturizer: oil free gel moisturizer | 4) SPF: spf30,1) Cleanser: milk cleanser | 2) Treatment: calming treatment | 3) Moisturizer: oil free gel moisturizer
RTN0001317,REC0001317,oily,2,0,1,3,ultra gentle cleanser,light lotion moisturizer,centella serum,mineral spf50,benzoyl peroxide,skincare_datasets.xlsx::Recommendations|skincare_recommendations_dataset.csv,1) Cleanser: ultra gentle cleanser | 2) Serum: centella serum | 3) Moisturizer: light lotion moisturizer | 4) SPF: mineral spf50,1) Cleanser: ultra gentle cleanser | 2) Treatment: benzoyl peroxide | 3) Moisturizer: light lotion moisturizer
RTN0001318,REC0001318,oily,2,0,2,3,gentle foam cleanser,oil free gel moisturizer,niacinamide serum,spf30,anti aging routine,skincare_datasets.xlsx::Recommendations|skincare_recommendations_dataset.csv,1) Cleanser: gentle foam cleanser | 2) Serum: niacinamide serum | 3) Moisturizer: oil free gel moisturizer | 4) SPF: spf30,1) Cleanser: gentle foam cleanser | 2) Treatment: anti aging routine | 3) Moisturizer: oil free gel moisturizer
RTN0001319,REC0001319,oily,2,0,2,4,milk cleanser,oil free gel moisturizer,retinol serum,mineral spf50,barrier repair,skincare_datasets.xlsx::Recommendations|skincare_recommendations_dataset.csv,1) Cleanser: milk cleanser | 2) Serum: retinol serum | 3) Moisturizer: oil free gel moisturizer | 4) SPF: mineral spf50,1) Cleanser: milk cleanser | 2) Treatment: barrier repair | 3) Moisturizer: oil free gel moisturizer
RTN0001320,REC0001320,oily,2,0,2,4,ultra gentle cleanser,rich cream moisturizer,retinol serum,spf50 matte,benzoyl peroxide,skincare_datasets.xlsx::Recommendations|skincare_recommendations_dataset.csv,1) Cleanser: ultra gentle cleanser | 2) Serum: retinol serum | 3) Moisturizer: rich cream moisturizer | 4) SPF: spf50 matte,1) Cleanser: ultra gentle cleanser | 2) Treatment: benzoyl peroxide | 3) Moisturizer: rich cream moisturizer
RTN0001321,REC0001321,oily,2,0,4,0,ultra gentle cleanser,soothing moisturizer,centella serum,spf50 matte,benzoyl peroxide,skincare_datasets.xlsx::Recommendations|skincare_recommendations_dataset.csv,1) Cleanser: ultra gentle cleanser | 2) Serum: centella serum | 3) Moisturizer: soothing moisturizer | 4) SPF: spf50 matte,1) Cleanser: ultra gentle cleanser | 2) Treatment: benzoyl peroxide | 3) Moisturizer: soothing moisturizer
RTN0001322,REC0001322,oily,2,0,5,0,hydrating cleanser,light lotion moisturizer,niacinamide serum,spf30,barrier repair,skincare_datasets.xlsx::Recommendations|skincare_recommendations_dataset.csv,1) Cleanser: hydrating cleanser | 2) Serum: niacinamide serum | 3) Moisturizer: light lotion moisturizer | 4) SPF: spf30,1) Cleanser: hydrating cleanser | 2) Treatment: barrier repair | 3) Moisturizer: light lotion moisturizer
RTN0001323,REC0001323,oily,2,0,5,5,gentle foam cleanser,rich cream moisturizer,peptide serum,mineral spf50,benzoyl peroxide,skincare_datasets.xlsx::Recommendations|skincare_recommendations_dataset.csv,1) Cleanser: gentle foam cleanser | 2) Serum: peptide serum | 3) Moisturizer: rich cream moisturizer | 4) SPF: mineral spf50,1) Cleanser: gentle foam cleanser | 2) Treatment: benzoyl peroxide | 3) Moisturizer: rich cream moisturizer
RTN0001324,REC0001324,oily,2,1,0,0,milk cleanser,soothing moisturizer,retinol serum,mineral spf50,barrier repair,skincare_datasets.xlsx::Recommendations|skincare_recommendations_dataset.csv,1) Cleanser: milk cleanser | 2) Serum: retinol serum | 3) Moisturizer: soothing moisturizer | 4) SPF: mineral spf50,1) Cleanser: milk cleanser | 2) Treatment: barrier repair | 3) Moisturizer: soothing moisturizer
RTN0001325,REC0001325,oily,2,1,0,4,gentle foam cleanser,oil free gel moisturizer,hyaluronic acid serum,spf30,chemical exfoliation,skincare_datasets.xlsx::Recommendations|skincare_recommendations_dataset.csv,1) Cleanser: gentle foam cleanser | 2) Serum: hyaluronic acid serum | 3) Moisturizer: oil free gel moisturizer | 4) SPF: spf30,1) Cleanser: gentle foam cleanser | 2) Treatment: chemical exfoliation | 3) Moisturizer: oil free gel moisturizer
RTN0001326,REC0001326,oily,2,1,1,0,milk cleanser,oil free gel moisturizer,hyaluronic acid serum,mineral spf50,hydrating mask,skincare_datasets.xlsx::Recommendations|skincare_recommendations_dataset.csv,1) Cleanser: milk cleanser | 2) Serum: hyaluronic acid serum | 3) Moisturizer: oil free gel moisturizer | 4) SPF: mineral spf50,1) Cleanser: milk cleanser | 2) Treatment: hydrating mask | 3) Moisturizer: oil free gel moisturizer
RTN0001327,REC0001327,oily,2,1,1,1,hydrating cleanser,rich cream moisturizer,vitamin c serum,spf50,calming treatment,skincare_datasets.xlsx::Recommendations|skincare_recommendations_dataset.csv,1) Cleanser: hydrating cleanser | 2) Serum: vitamin c serum | 3) Moisturizer: rich cream moisturizer | 4) SPF: spf50,1) Cleanser: hydrating cleanser | 2) Treatment: calming treatment | 3) Moisturizer: rich cream moisturizer
RTN0001328,REC0001328,oily,2,1,1,1,salicylic acid cleanser,rich cream moisturizer,vitamin c serum,spf50,benzoyl peroxide,skincare_datasets.xlsx::Recommendations|skincare_recommendations_dataset.csv,1) Cleanser: salicylic acid cleanser | 2) Serum: vitamin c serum | 3) Moisturizer: rich cream moisturizer | 4) SPF: spf50,1) Cleanser: salicylic acid cleanser | 2) Treatment: benzoyl peroxide | 3) Moisturizer: rich cream moisturizer
RTN0001329,REC0001329,oily,2,1,1,3,salicylic acid cleanser,oil free gel moisturizer,vitamin c serum,spf50,barrier repair,skincare_datasets.xlsx::Recommendations|skincare_recommendations_dataset.csv,1) Cleanser: salicylic acid cleanser | 2) Serum: vitamin c serum | 3) Moisturizer: oil free gel moisturizer | 4) SPF: spf50,1) Cleanser: salicylic acid cleanser | 2) Treatment: barrier repair | 3) Moisturizer: oil free gel moisturizer
RTN0001330,REC0001330,oily,2,1,1,5,ultra gentle cleanser,rich cream moisturizer,niacinamide serum,mineral spf50,benzoyl peroxide,skincare_datasets.xlsx::Recommendations|skincare_recommendations_dataset.csv,1) Cleanser: ultra gentle cleanser | 2) Serum: niacinamide serum | 3) Moisturizer: rich cream moisturizer | 4) SPF: mineral spf50,1) Cleanser: ultra gentle cleanser | 2) Treatment: benzoyl peroxide | 3) Moisturizer: rich cream moisturizer
RTN0001331,REC0001331,oily,2,1,2,0,hydrating cleanser,ceramide moisturizer,peptide serum,spf50,anti aging routine,skincare_datasets.xlsx::Recommendations|skincare_recommendations_dataset.csv,1) Cleanser: hydrating cleanser | 2) Serum: peptide serum | 3) Moisturizer: ceramide moisturizer | 4) SPF: spf50,1) Cleanser: hydrating cleanser | 2) Treatment: anti aging routine | 3) Moisturizer: ceramide moisturizer
RTN0001332,REC0001332,oily,2,1,3,3,salicylic acid cleanser,light lotion moisturizer,retinol serum,spf50 matte,anti aging routine,skincare_datasets.xlsx::Recommendations|skincare_recommendations_dataset.csv,1) Cleanser: salicylic acid cleanser | 2) Serum: retinol serum | 3) Moisturizer: light lotion moisturizer | 4) SPF: spf50 matte,1) Cleanser: salicylic acid cleanser | 2) Treatment: anti aging routine | 3) Moisturizer: light lotion moisturizer
RTN0001333,REC0001333,oily,2,1,4,0,hydrating cleanser,rich cream moisturizer,hyaluronic acid serum,spf50,chemical exfoliation,skincare_datasets.xlsx::Recommendations|skincare_recommendations_dataset.csv,1) Cleanser: hydrating cleanser | 2) Serum: hyaluronic acid serum | 3) Moisturizer: rich cream moisturizer | 4) SPF: spf50,1) Cleanser: hydrating cleanser | 2) Treatment: chemical exfoliation | 3) Moisturizer: rich cream moisturizer
RTN0001334,REC0001334,oily,2,1,4,1,ultra gentle cleanser,ceramide moisturizer,hyaluronic acid serum,spf30,calming treatment,skincare_datasets.xlsx::Recommendations|skincare_recommendations_dataset.csv,1) Cleanser: ultra gentle cleanser | 2) Serum: hyaluronic acid serum | 3) Moisturizer: ceramide moisturizer | 4) SPF: spf30,1) Cleanser: ultra gentle cleanser | 2) Treatment: calming treatment | 3) Moisturizer: ceramide moisturizer
RTN0001335,REC0001335,oily,2,1,4,2,hydrating cleanser,ceramide moisturizer,retinol serum,spf30,barrier repair,skincare_datasets.xlsx::Recommendations|skincare_recommendations_dataset.csv,1) Cleanser: hydrating cleanser | 2) Serum: retinol serum | 3) Moisturizer: ceramide moisturizer | 4) SPF: spf30,1) Cleanser: hydrating cleanser | 2) Treatment: barrier repair | 3) Moisturizer: ceramide moisturizer
RTN0001336,REC0001336,oily,2,1,4,2,milk cleanser,ceramide moisturizer,peptide serum,spf30,anti aging routine,skincare_datasets.xlsx::Recommendations|skincare_recommendations_dataset.csv,1) Cleanser: milk cleanser | 2) Serum: peptide serum | 3) Moisturizer: ceramide moisturizer | 4) SPF: spf30,1) Cleanser: milk cleanser | 2) Treatment: anti aging routine | 3) Moisturizer: ceramide moisturizer
RTN0001337,REC0001337,oily,2,1,4,3,milk cleanser,light lotion moisturizer,centella serum,spf30,benzoyl peroxide,skincare_datasets.xlsx::Recommendations|skincare_recommendations_dataset.csv,1) Cleanser: milk cleanser | 2) Serum: centella serum | 3) Moisturizer: light lotion moisturizer | 4) SPF: spf30,1) Cleanser: milk cleanser | 2) Treatment: benzoyl peroxide | 3) Moisturizer: light lotion moisturizer
RTN0001338,REC0001338,oily,2,1,5,0,gentle foam cleanser,soothing moisturizer,hyaluronic acid serum,spf30,hydrating mask,skincare_datasets.xlsx::Recommendations|skincare_recommendations_dataset.csv,1) Cleanser: gentle foam cleanser | 2) Serum: hyaluronic acid serum | 3) Moisturizer: soothing moisturizer | 4) SPF: spf30,1) Cleanser: gentle foam cleanser | 2) Treatment: hydrating mask | 3) Moisturizer: soothing moisturizer
RTN0001339,REC0001339,oily,2,1,5,1,acne control cleanser,rich cream moisturizer,centella serum,spf50,chemical exfoliation,skincare_datasets.xlsx::Recommendations|skincare_recommendations_dataset.csv,1) Cleanser: acne control cleanser | 2) Serum: centella serum | 3) Moisturizer: rich cream moisturizer | 4) SPF: spf50,1) Cleanser: acne control cleanser | 2) Treatment: chemical exfoliation | 3) Moisturizer: rich cream moisturizer
RTN0001340,REC0001340,oily,2,1,5,1,gentle foam cleanser,soothing moisturizer,niacinamide serum,spf50,benzoyl peroxide,skincare_datasets.xlsx::Recommendations|skincare_recommendations_dataset.csv,1) Cleanser: gentle foam cleanser | 2) Serum: niacinamide serum | 3) Moisturizer: soothing moisturizer | 4) SPF: spf50,1) Cleanser: gentle foam cleanser | 2) Treatment: benzoyl peroxide | 3) Moisturizer: soothing moisturizer
RTN0001341,REC0001341,oily,2,1,5,5,milk cleanser,oil free gel moisturizer,niacinamide serum,spf50,retinol treatment,skincare_datasets.xlsx::Recommendations|skincare_recommendations_dataset.csv,1) Cleanser: milk cleanser | 2) Serum: niacinamide serum | 3) Moisturizer: oil free gel moisturizer | 4) SPF: spf50,1) Cleanser: milk cleanser | 2) Treatment: retinol treatment | 3) Moisturizer: oil free gel moisturizer
RTN0001342,REC0001342,oily,2,2,0,1,ultra gentle cleanser,oil free gel moisturizer,vitamin c serum,spf50 matte,hydrating mask,skincare_datasets.xlsx::Recommendations|skincare_recommendations_dataset.csv,1) Cleanser: ultra gentle cleanser | 2) Serum: vitamin c serum | 3) Moisturizer: oil free gel moisturizer | 4) SPF: spf50 matte,1) Cleanser: ultra gentle cleanser | 2) Treatment: hydrating mask | 3) Moisturizer: oil free gel moisturizer
RTN0001343,REC0001343,oily,2,2,1,4,milk cleanser,light lotion moisturizer,niacinamide serum,mineral spf50,chemical exfoliation,skincare_datasets.xlsx::Recommendations|skincare_recommendations_dataset.csv,1) Cleanser: milk cleanser | 2) Serum: niacinamide serum | 3) Moisturizer: light lotion moisturizer | 4) SPF: mineral spf50,1) Cleanser: milk cleanser | 2) Treatment: chemical exfoliation | 3) Moisturizer: light lotion moisturizer
RTN0001344,REC0001344,oily,2,2,2,2,hydrating cleanser,soothing moisturizer,hyaluronic acid serum,mineral spf50,barrier repair,skincare_datasets.xlsx::Recommendations|skincare_recommendations_dataset.csv,1) Cleanser: hydrating cleanser | 2) Serum: hyaluronic acid serum | 3) Moisturizer: soothing moisturizer | 4) SPF: mineral spf50,1) Cleanser: hydrating cleanser | 2) Treatment: barrier repair | 3) Moisturizer: soothing moisturizer
RTN0001345,REC0001345,oily,2,2,2,5,gentle foam cleanser,oil free gel moisturizer,niacinamide serum,spf50,barrier repair,skincare_datasets.xlsx::Recommendations|skincare_recommendations_dataset.csv,1) Cleanser: gentle foam cleanser | 2) Serum: niacinamide serum | 3) Moisturizer: oil free gel moisturizer | 4) SPF: spf50,1) Cleanser: gentle foam cleanser | 2) Treatment: barrier repair | 3) Moisturizer: oil free gel moisturizer
RTN0001346,REC0001346,oily,2,2,2,5,hydrating cleanser,light lotion moisturizer,hyaluronic acid serum,mineral spf50,benzoyl peroxide,skincare_datasets.xlsx::Recommendations|skincare_recommendations_dataset.csv,1) Cleanser: hydrating cleanser | 2) Serum: hyaluronic acid serum | 3) Moisturizer: light lotion moisturizer | 4) SPF: mineral spf50,1) Cleanser: hydrating cleanser | 2) Treatment: benzoyl peroxide | 3) Moisturizer: light lotion moisturizer
RTN0001347,REC0001347,oily,2,2,3,0,acne control cleanser,light lotion moisturizer,niacinamide serum,spf50 matte,hydrating mask,skincare_datasets.xlsx::Recommendations|skincare_recommendations_dataset.csv,1) Cleanser: acne control cleanser | 2) Serum: niacinamide serum | 3) Moisturizer: light lotion moisturizer | 4) SPF: spf50 matte,1) Cleanser: acne control cleanser | 2) Treatment: hydrating mask | 3) Moisturizer: light lotion moisturizer
RTN0001348,REC0001348,oily,2,2,3,2,acne control cleanser,oil free gel moisturizer,vitamin c serum,spf50,barrier repair,skincare_datasets.xlsx::Recommendations|skincare_recommendations_dataset.csv,1) Cleanser: acne control cleanser | 2) Serum: vitamin c serum | 3) Moisturizer: oil free gel moisturizer | 4) SPF: spf50,1) Cleanser: acne control cleanser | 2) Treatment: barrier repair | 3) Moisturizer: oil free gel moisturizer
RTN0001349,REC0001349,oily,2,2,3,2,hydrating cleanser,light lotion moisturizer,centella serum,spf30,anti aging routine,skincare_datasets.xlsx::Recommendations|skincare_recommendations_dataset.csv,1) Cleanser: hydrating cleanser | 2) Serum: centella serum | 3) Moisturizer: light lotion moisturizer | 4) SPF: spf30,1) Cleanser: hydrating cleanser | 2) Treatment: anti aging routine | 3) Moisturizer: light lotion moisturizer
RTN0001350,REC0001350,oily,2,2,3,2,salicylic acid cleanser,soothing moisturizer,hyaluronic acid serum,spf50,retinol treatment,skincare_datasets.xlsx::Recommendations|skincare_recommendations_dataset.csv,1) Cleanser: salicylic acid cleanser | 2) Serum: hyaluronic acid serum | 3) Moisturizer: soothing moisturizer | 4) SPF: spf50,1) Cleanser: salicylic acid cleanser | 2) Treatment: retinol treatment | 3) Moisturizer: soothing moisturizer
RTN0001351,REC0001351,oily,2,2,5,4,hydrating cleanser,soothing moisturizer,hyaluronic acid serum,mineral spf50,barrier repair,skincare_datasets.xlsx::Recommendations|skincare_recommendations_dataset.csv,1) Cleanser: hydrating cleanser | 2) Serum: hyaluronic acid serum | 3) Moisturizer: soothing moisturizer | 4) SPF: mineral spf50,1) Cleanser: hydrating cleanser | 2) Treatment: barrier repair | 3) Moisturizer: soothing moisturizer
RTN0001352,REC0001352,oily,2,3,0,2,salicylic acid cleanser,soothing moisturizer,vitamin c serum,spf30,hydrating mask,skincare_datasets.xlsx::Recommendations|skincare_recommendations_dataset.csv,1) Cleanser: salicylic acid cleanser | 2) Serum: vitamin c serum | 3) Moisturizer: soothing moisturizer | 4) SPF: spf30,1) Cleanser: salicylic acid cleanser | 2) Treatment: hydrating mask | 3) Moisturizer: soothing moisturizer
RTN0001353,REC0001353,oily,2,3,1,0,gentle foam cleanser,rich cream moisturizer,vitamin c serum,mineral spf50,benzoyl peroxide,skincare_datasets.xlsx::Recommendations|skincare_recommendations_dataset.csv,1) Cleanser: gentle foam cleanser | 2) Serum: vitamin c serum | 3) Moisturizer: rich cream moisturizer | 4) SPF: mineral spf50,1) Cleanser: gentle foam cleanser | 2) Treatment: benzoyl peroxide | 3) Moisturizer: rich cream moisturizer
RTN0001354,REC0001354,oily,2,3,2,1,acne control cleanser,soothing moisturizer,centella serum,spf50 matte,barrier repair,skincare_datasets.xlsx::Recommendations|skincare_recommendations_dataset.csv,1) Cleanser: acne control cleanser | 2) Serum: centella serum | 3) Moisturizer: soothing moisturizer | 4) SPF: spf50 matte,1) Cleanser: acne control cleanser | 2) Treatment: barrier repair | 3) Moisturizer: soothing moisturizer
RTN0001355,REC0001355,oily,2,3,2,1,ultra gentle cleanser,soothing moisturizer,centella serum,spf30,anti aging routine,skincare_datasets.xlsx::Recommendations|skincare_recommendations_dataset.csv,1) Cleanser: ultra gentle cleanser | 2) Serum: centella serum | 3) Moisturizer: soothing moisturizer | 4) SPF: spf30,1) Cleanser: ultra gentle cleanser | 2) Treatment: anti aging routine | 3) Moisturizer: soothing moisturizer
RTN0001356,REC0001356,oily,2,3,2,3,acne control cleanser,ceramide moisturizer,peptide serum,spf30,anti aging routine,skincare_datasets.xlsx::Recommendations|skincare_recommendations_dataset.csv,1) Cleanser: acne control cleanser | 2) Serum: peptide serum | 3) Moisturizer: ceramide moisturizer | 4) SPF: spf30,1) Cleanser: acne control cleanser | 2) Treatment: anti aging routine | 3) Moisturizer: ceramide moisturizer
RTN0001357,REC0001357,oily,2,3,2,4,ultra gentle cleanser,rich cream moisturizer,peptide serum,spf50,chemical exfoliation,skincare_datasets.xlsx::Recommendations|skincare_recommendations_dataset.csv,1) Cleanser: ultra gentle cleanser | 2) Serum: peptide serum | 3) Moisturizer: rich cream moisturizer | 4) SPF: spf50,1) Cleanser: ultra gentle cleanser | 2) Treatment: chemical exfoliation | 3) Moisturizer: rich cream moisturizer
RTN0001358,REC0001358,oily,2,3,3,1,milk cleanser,light lotion moisturizer,hyaluronic acid serum,spf50,calming treatment,skincare_datasets.xlsx::Recommendations|skincare_recommendations_dataset.csv,1) Cleanser: milk cleanser | 2) Serum: hyaluronic acid serum | 3) Moisturizer: light lotion moisturizer | 4) SPF: spf50,1) Cleanser: milk cleanser | 2) Treatment: calming treatment | 3) Moisturizer: light lotion moisturizer
RTN0001359,REC0001359,oily,2,3,4,5,gentle foam cleanser,light lotion moisturizer,retinol serum,spf30,benzoyl peroxide,skincare_datasets.xlsx::Recommendations|skincare_recommendations_dataset.csv,1) Cleanser: gentle foam cleanser | 2) Serum: retinol serum | 3) Moisturizer: light lotion moisturizer | 4) SPF: spf30,1) Cleanser: gentle foam cleanser | 2) Treatment: benzoyl peroxide | 3) Moisturizer: light lotion moisturizer
RTN0001360,REC0001360,oily,2,3,5,3,ultra gentle cleanser,soothing moisturizer,niacinamide serum,spf30,barrier repair,skincare_datasets.xlsx::Recommendations|skincare_recommendations_dataset.csv,1) Cleanser: ultra gentle cleanser | 2) Serum: niacinamide serum | 3) Moisturizer: soothing moisturizer | 4) SPF: spf30,1) Cleanser: ultra gentle cleanser | 2) Treatment: barrier repair | 3) Moisturizer: soothing moisturizer
RTN0001361,REC0001361,oily,2,4,0,2,hydrating cleanser,ceramide moisturizer,retinol serum,spf30,calming treatment,skincare_datasets.xlsx::Recommendations|skincare_recommendations_dataset.csv,1) Cleanser: hydrating cleanser | 2) Serum: retinol serum | 3) Moisturizer: ceramide moisturizer | 4) SPF: spf30,1) Cleanser: hydrating cleanser | 2) Treatment: calming treatment | 3) Moisturizer: ceramide moisturizer
RTN0001362,REC0001362,oily,2,4,0,2,salicylic acid cleanser,soothing moisturizer,peptide serum,spf50 matte,calming treatment,skincare_datasets.xlsx::Recommendations|skincare_recommendations_dataset.csv,1) Cleanser: salicylic acid cleanser | 2) Serum: peptide serum | 3) Moisturizer: soothing moisturizer | 4) SPF: spf50 matte,1) Cleanser: salicylic acid cleanser | 2) Treatment: calming treatment | 3) Moisturizer: soothing moisturizer
RTN0001363,REC0001363,oily,2,4,1,2,salicylic acid cleanser,rich cream moisturizer,niacinamide serum,spf50,anti aging routine,skincare_datasets.xlsx::Recommendations|skincare_recommendations_dataset.csv,1) Cleanser: salicylic acid cleanser | 2) Serum: niacinamide serum | 3) Moisturizer: rich cream moisturizer | 4) SPF: spf50,1) Cleanser: salicylic acid cleanser | 2) Treatment: anti aging routine | 3) Moisturizer: rich cream moisturizer
RTN0001364,REC0001364,oily,2,4,1,4,milk cleanser,oil free gel moisturizer,retinol serum,spf50,barrier repair,skincare_datasets.xlsx::Recommendations|skincare_recommendations_dataset.csv,1) Cleanser: milk cleanser | 2) Serum: retinol serum | 3) Moisturizer: oil free gel moisturizer | 4) SPF: spf50,1) Cleanser: milk cleanser | 2) Treatment: barrier repair | 3) Moisturizer: oil free gel moisturizer
RTN0001365,REC0001365,oily,2,4,4,0,milk cleanser,soothing moisturizer,retinol serum,spf50,hydrating mask,skincare_datasets.xlsx::Recommendations|skincare_recommendations_dataset.csv,1) Cleanser: milk cleanser | 2) Serum: retinol serum | 3) Moisturizer: soothing moisturizer | 4) SPF: spf50,1) Cleanser: milk cleanser | 2) Treatment: hydrating mask | 3) Moisturizer: soothing moisturizer
RTN0001366,REC0001366,oily,2,4,4,1,acne control cleanser,light lotion moisturizer,hyaluronic acid serum,spf50,retinol treatment,skincare_datasets.xlsx::Recommendations|skincare_recommendations_dataset.csv,1) Cleanser: acne control cleanser | 2) Serum: hyaluronic acid serum | 3) Moisturizer: light lotion moisturizer | 4) SPF: spf50,1) Cleanser: acne control cleanser | 2) Treatment: retinol treatment | 3) Moisturizer: light lotion moisturizer
RTN0001367,REC0001367,oily,2,4,4,1,gentle foam cleanser,oil free gel moisturizer,peptide serum,spf50,calming treatment,skincare_datasets.xlsx::Recommendations|skincare_recommendations_dataset.csv,1) Cleanser: gentle foam cleanser | 2) Serum: peptide serum | 3) Moisturizer: oil free gel moisturizer | 4) SPF: spf50,1) Cleanser: gentle foam cleanser | 2) Treatment: calming treatment | 3) Moisturizer: oil free gel moisturizer
RTN0001368,REC0001368,oily,2,4,4,3,milk cleanser,ceramide moisturizer,niacinamide serum,spf50 matte,calming treatment,skincare_datasets.xlsx::Recommendations|skincare_recommendations_dataset.csv,1) Cleanser: milk cleanser | 2) Serum: niacinamide serum | 3) Moisturizer: ceramide moisturizer | 4) SPF: spf50 matte,1) Cleanser: milk cleanser | 2) Treatment: calming treatment | 3) Moisturizer: ceramide moisturizer
RTN0001369,REC0001369,oily,2,4,4,4,hydrating cleanser,oil free gel moisturizer,centella serum,mineral spf50,calming treatment,skincare_datasets.xlsx::Recommendations|skincare_recommendations_dataset.csv,1) Cleanser: hydrating cleanser | 2) Serum: centella serum | 3) Moisturizer: oil free gel moisturizer | 4) SPF: mineral spf50,1) Cleanser: hydrating cleanser | 2) Treatment: calming treatment | 3) Moisturizer: oil free gel moisturizer
RTN0001370,REC0001370,oily,2,4,5,1,acne control cleanser,light lotion moisturizer,hyaluronic acid serum,mineral spf50,calming treatment,skincare_datasets.xlsx::Recommendations|skincare_recommendations_dataset.csv,1) Cleanser: acne control cleanser | 2) Serum: hyaluronic acid serum | 3) Moisturizer: light lotion moisturizer | 4) SPF: mineral spf50,1) Cleanser: acne control cleanser | 2) Treatment: calming treatment | 3) Moisturizer: light lotion moisturizer
RTN0001371,REC0001371,oily,2,5,1,1,hydrating cleanser,oil free gel moisturizer,hyaluronic acid serum,mineral spf50,anti aging routine,skincare_datasets.xlsx::Recommendations|skincare_recommendations_dataset.csv,1) Cleanser: hydrating cleanser | 2) Serum: hyaluronic acid serum | 3) Moisturizer: oil free gel moisturizer | 4) SPF: mineral spf50,1) Cleanser: hydrating cleanser | 2) Treatment: anti aging routine | 3) Moisturizer: oil free gel moisturizer
RTN0001372,REC0001372,oily,2,5,1,2,gentle foam cleanser,oil free gel moisturizer,peptide serum,mineral spf50,anti aging routine,skincare_datasets.xlsx::Recommendations|skincare_recommendations_dataset.csv,1) Cleanser: gentle foam cleanser | 2) Serum: peptide serum | 3) Moisturizer: oil free gel moisturizer | 4) SPF: mineral spf50,1) Cleanser: gentle foam cleanser | 2) Treatment: anti aging routine | 3) Moisturizer: oil free gel moisturizer
RTN0001373,REC0001373,oily,2,5,1,4,acne control cleanser,soothing moisturizer,hyaluronic acid serum,spf30,anti aging routine,skincare_datasets.xlsx::Recommendations|skincare_recommendations_dataset.csv,1) Cleanser: acne control cleanser | 2) Serum: hyaluronic acid serum | 3) Moisturizer: soothing moisturizer | 4) SPF: spf30,1) Cleanser: acne control cleanser | 2) Treatment: anti aging routine | 3) Moisturizer: soothing moisturizer
RTN0001374,REC0001374,oily,2,5,2,1,gentle foam cleanser,ceramide moisturizer,niacinamide serum,spf50,barrier repair,skincare_datasets.xlsx::Recommendations|skincare_recommendations_dataset.csv,1) Cleanser: gentle foam cleanser | 2) Serum: niacinamide serum | 3) Moisturizer: ceramide moisturizer | 4) SPF: spf50,1) Cleanser: gentle foam cleanser | 2) Treatment: barrier repair | 3) Moisturizer: ceramide moisturizer
RTN0001375,REC0001375,oily,2,5,2,1,milk cleanser,oil free gel moisturizer,centella serum,spf30,hydrating mask,skincare_datasets.xlsx::Recommendations|skincare_recommendations_dataset.csv,1) Cleanser: milk cleanser | 2) Serum: centella serum | 3) Moisturizer: oil free gel moisturizer | 4) SPF: spf30,1) Cleanser: milk cleanser | 2) Treatment: hydrating mask | 3) Moisturizer: oil free gel moisturizer
RTN0001376,REC0001376,oily,2,5,3,5,hydrating cleanser,rich cream moisturizer,hyaluronic acid serum,spf50 matte,benzoyl peroxide,skincare_datasets.xlsx::Recommendations|skincare_recommendations_dataset.csv,1) Cleanser: hydrating cleanser | 2) Serum: hyaluronic acid serum | 3) Moisturizer: rich cream moisturizer | 4) SPF: spf50 matte,1) Cleanser: hydrating cleanser | 2) Treatment: benzoyl peroxide | 3) Moisturizer: rich cream moisturizer
RTN0001377,REC0001377,oily,2,5,4,2,hydrating cleanser,light lotion moisturizer,hyaluronic acid serum,spf50,retinol treatment,skincare_datasets.xlsx::Recommendations|skincare_recommendations_dataset.csv,1) Cleanser: hydrating cleanser | 2) Serum: hyaluronic acid serum | 3) Moisturizer: light lotion moisturizer | 4) SPF: spf50,1) Cleanser: hydrating cleanser | 2) Treatment: retinol treatment | 3) Moisturizer: light lotion moisturizer
RTN0001378,REC0001378,oily,2,5,4,3,milk cleanser,ceramide moisturizer,hyaluronic acid serum,spf50,benzoyl peroxide,skincare_datasets.xlsx::Recommendations|skincare_recommendations_dataset.csv,1) Cleanser: milk cleanser | 2) Serum: hyaluronic acid serum | 3) Moisturizer: ceramide moisturizer | 4) SPF: spf50,1) Cleanser: milk cleanser | 2) Treatment: benzoyl peroxide | 3) Moisturizer: ceramide moisturizer
RTN0001379,REC0001379,oily,2,5,4,4,milk cleanser,soothing moisturizer,peptide serum,mineral spf50,chemical exfoliation,skincare_datasets.xlsx::Recommendations|skincare_recommendations_dataset.csv,1) Cleanser: milk cleanser | 2) Serum: peptide serum | 3) Moisturizer: soothing moisturizer | 4) SPF: mineral spf50,1) Cleanser: milk cleanser | 2) Treatment: chemical exfoliation | 3) Moisturizer: soothing moisturizer
RTN0001380,REC0001380,oily,2,5,5,2,hydrating cleanser,rich cream moisturizer,niacinamide serum,spf50 matte,hydrating mask,skincare_datasets.xlsx::Recommendations|skincare_recommendations_dataset.csv,1) Cleanser: hydrating cleanser | 2) Serum: niacinamide serum | 3) Moisturizer: rich cream moisturizer | 4) SPF: spf50 matte,1) Cleanser: hydrating cleanser | 2) Treatment: hydrating mask | 3) Moisturizer: rich cream moisturizer
RTN0001381,REC0001381,oily,3,0,0,4,gentle foam cleanser,light lotion moisturizer,vitamin c serum,mineral spf50,anti aging routine,skincare_datasets.xlsx::Recommendations|skincare_recommendations_dataset.csv,1) Cleanser: gentle foam cleanser | 2) Serum: vitamin c serum | 3) Moisturizer: light lotion moisturizer | 4) SPF: mineral spf50,1) Cleanser: gentle foam cleanser | 2) Treatment: anti aging routine | 3) Moisturizer: light lotion moisturizer
RTN0001382,REC0001382,oily,3,0,1,4,hydrating cleanser,rich cream moisturizer,retinol serum,spf50 matte,retinol treatment,skincare_datasets.xlsx::Recommendations|skincare_recommendations_dataset.csv,1) Cleanser: hydrating cleanser | 2) Serum: retinol serum | 3) Moisturizer: rich cream moisturizer | 4) SPF: spf50 matte,1) Cleanser: hydrating cleanser | 2) Treatment: retinol treatment | 3) Moisturizer: rich cream moisturizer
RTN0001383,REC0001383,oily,3,0,2,1,acne control cleanser,rich cream moisturizer,retinol serum,spf50,barrier repair,skincare_datasets.xlsx::Recommendations|skincare_recommendations_dataset.csv,1) Cleanser: acne control cleanser | 2) Serum: retinol serum | 3) Moisturizer: rich cream moisturizer | 4) SPF: spf50,1) Cleanser: acne control cleanser | 2) Treatment: barrier repair | 3) Moisturizer: rich cream moisturizer
RTN0001384,REC0001384,oily,3,0,2,2,gentle foam cleanser,light lotion moisturizer,peptide serum,spf30,chemical exfoliation,skincare_datasets.xlsx::Recommendations|skincare_recommendations_dataset.csv,1) Cleanser: gentle foam cleanser | 2) Serum: peptide serum | 3) Moisturizer: light lotion moisturizer | 4) SPF: spf30,1) Cleanser: gentle foam cleanser | 2) Treatment: chemical exfoliation | 3) Moisturizer: light lotion moisturizer
RTN0001385,REC0001385,oily,3,0,2,4,hydrating cleanser,rich cream moisturizer,niacinamide serum,mineral spf50,calming treatment,skincare_datasets.xlsx::Recommendations|skincare_recommendations_dataset.csv,1) Cleanser: hydrating cleanser | 2) Serum: niacinamide serum | 3) Moisturizer: rich cream moisturizer | 4) SPF: mineral spf50,1) Cleanser: hydrating cleanser | 2) Treatment: calming treatment | 3) Moisturizer: rich cream moisturizer
RTN0001386,REC0001386,oily,3,0,3,2,salicylic acid cleanser,light lotion moisturizer,hyaluronic acid serum,mineral spf50,barrier repair,skincare_datasets.xlsx::Recommendations|skincare_recommendations_dataset.csv,1) Cleanser: salicylic acid cleanser | 2) Serum: hyaluronic acid serum | 3) Moisturizer: light lotion moisturizer | 4) SPF: mineral spf50,1) Cleanser: salicylic acid cleanser | 2) Treatment: barrier repair | 3) Moisturizer: light lotion moisturizer
RTN0001387,REC0001387,oily,3,0,4,3,gentle foam cleanser,soothing moisturizer,centella serum,spf50 matte,benzoyl peroxide,skincare_datasets.xlsx::Recommendations|skincare_recommendations_dataset.csv,1) Cleanser: gentle foam cleanser | 2) Serum: centella serum | 3) Moisturizer: soothing moisturizer | 4) SPF: spf50 matte,1) Cleanser: gentle foam cleanser | 2) Treatment: benzoyl peroxide | 3) Moisturizer: soothing moisturizer
RTN0001388,REC0001388,oily,3,0,4,3,milk cleanser,ceramide moisturizer,niacinamide serum,spf50,hydrating mask,skincare_datasets.xlsx::Recommendations|skincare_recommendations_dataset.csv,1) Cleanser: milk cleanser | 2) Serum: niacinamide serum | 3) Moisturizer: ceramide moisturizer | 4) SPF: spf50,1) Cleanser: milk cleanser | 2) Treatment: hydrating mask | 3) Moisturizer: ceramide moisturizer
RTN0001389,REC0001389,oily,3,1,0,1,ultra gentle cleanser,rich cream moisturizer,niacinamide serum,spf30,calming treatment,skincare_datasets.xlsx::Recommendations|skincare_recommendations_dataset.csv,1) Cleanser: ultra gentle cleanser | 2) Serum: niacinamide serum | 3) Moisturizer: rich cream moisturizer | 4) SPF: spf30,1) Cleanser: ultra gentle cleanser | 2) Treatment: calming treatment | 3) Moisturizer: rich cream moisturizer
RTN0001390,REC0001390,oily,3,1,0,5,hydrating cleanser,soothing moisturizer,retinol serum,spf30,chemical exfoliation,skincare_datasets.xlsx::Recommendations|skincare_recommendations_dataset.csv,1) Cleanser: hydrating cleanser | 2) Serum: retinol serum | 3) Moisturizer: soothing moisturizer | 4) SPF: spf30,1) Cleanser: hydrating cleanser | 2) Treatment: chemical exfoliation | 3) Moisturizer: soothing moisturizer
RTN0001391,REC0001391,oily,3,1,1,0,ultra gentle cleanser,ceramide moisturizer,peptide serum,spf30,benzoyl peroxide,skincare_datasets.xlsx::Recommendations|skincare_recommendations_dataset.csv,1) Cleanser: ultra gentle cleanser | 2) Serum: peptide serum | 3) Moisturizer: ceramide moisturizer | 4) SPF: spf30,1) Cleanser: ultra gentle cleanser | 2) Treatment: benzoyl peroxide | 3) Moisturizer: ceramide moisturizer
RTN0001392,REC0001392,oily,3,1,1,3,hydrating cleanser,soothing moisturizer,vitamin c serum,spf50,anti aging routine,skincare_datasets.xlsx::Recommendations|skincare_recommendations_dataset.csv,1) Cleanser: hydrating cleanser | 2) Serum: vitamin c serum | 3) Moisturizer: soothing moisturizer | 4) SPF: spf50,1) Cleanser: hydrating cleanser | 2) Treatment: anti aging routine | 3) Moisturizer: soothing moisturizer
RTN0001393,REC0001393,oily,3,1,3,0,acne control cleanser,soothing moisturizer,retinol serum,spf30,hydrating mask,skincare_datasets.xlsx::Recommendations|skincare_recommendations_dataset.csv,1) Cleanser: acne control cleanser | 2) Serum: retinol serum | 3) Moisturizer: soothing moisturizer | 4) SPF: spf30,1) Cleanser: acne control cleanser | 2) Treatment: hydrating mask | 3) Moisturizer: soothing moisturizer
RTN0001394,REC0001394,oily,3,1,3,0,ultra gentle cleanser,rich cream moisturizer,centella serum,mineral spf50,calming treatment,skincare_datasets.xlsx::Recommendations|skincare_recommendations_dataset.csv,1) Cleanser: ultra gentle cleanser | 2) Serum: centella serum | 3) Moisturizer: rich cream moisturizer | 4) SPF: mineral spf50,1) Cleanser: ultra gentle cleanser | 2) Treatment: calming treatment | 3) Moisturizer: rich cream moisturizer
RTN0001395,REC0001395,oily,3,1,3,3,gentle foam cleanser,soothing moisturizer,niacinamide serum,spf30,retinol treatment,skincare_datasets.xlsx::Recommendations|skincare_recommendations_dataset.csv,1) Cleanser: gentle foam cleanser | 2) Serum: niacinamide serum | 3) Moisturizer: soothing moisturizer | 4) SPF: spf30,1) Cleanser: gentle foam cleanser | 2) Treatment: retinol treatment | 3) Moisturizer: soothing moisturizer
RTN0001396,REC0001396,oily,3,1,3,5,gentle foam cleanser,light lotion moisturizer,hyaluronic acid serum,mineral spf50,chemical exfoliation,skincare_datasets.xlsx::Recommendations|skincare_recommendations_dataset.csv,1) Cleanser: gentle foam cleanser | 2) Serum: hyaluronic acid serum | 3) Moisturizer: light lotion moisturizer | 4) SPF: mineral spf50,1) Cleanser: gentle foam cleanser | 2) Treatment: chemical exfoliation | 3) Moisturizer: light lotion moisturizer
RTN0001397,REC0001397,oily,3,1,4,0,salicylic acid cleanser,oil free gel moisturizer,niacinamide serum,spf50 matte,barrier repair,skincare_datasets.xlsx::Recommendations|skincare_recommendations_dataset.csv,1) Cleanser: salicylic acid cleanser | 2) Serum: niacinamide serum | 3) Moisturizer: oil free gel moisturizer | 4) SPF: spf50 matte,1) Cleanser: salicylic acid cleanser | 2) Treatment: barrier repair | 3) Moisturizer: oil free gel moisturizer
RTN0001398,REC0001398,oily,3,1,5,3,acne control cleanser,oil free gel moisturizer,hyaluronic acid serum,spf50 matte,retinol treatment,skincare_datasets.xlsx::Recommendations|skincare_recommendations_dataset.csv,1) Cleanser: acne control cleanser | 2) Serum: hyaluronic acid serum | 3) Moisturizer: oil free gel moisturizer | 4) SPF: spf50 matte,1) Cleanser: acne control cleanser | 2) Treatment: retinol treatment | 3) Moisturizer: oil free gel moisturizer
RTN0001399,REC0001399,oily,3,2,0,5,gentle foam cleanser,light lotion moisturizer,centella serum,mineral spf50,calming treatment,skincare_datasets.xlsx::Recommendations|skincare_recommendations_dataset.csv,1) Cleanser: gentle foam cleanser | 2) Serum: centella serum | 3) Moisturizer: light lotion moisturizer | 4) SPF: mineral spf50,1) Cleanser: gentle foam cleanser | 2) Treatment: calming treatment | 3) Moisturizer: light lotion moisturizer
RTN0001400,REC0001400,oily,3,2,1,1,hydrating cleanser,rich cream moisturizer,retinol serum,spf50 matte,calming treatment,skincare_datasets.xlsx::Recommendations|skincare_recommendations_dataset.csv,1) Cleanser: hydrating cleanser | 2) Serum: retinol serum | 3) Moisturizer: rich cream moisturizer | 4) SPF: spf50 matte,1) Cleanser: hydrating cleanser | 2) Treatment: calming treatment | 3) Moisturizer: rich cream moisturizer
RTN0001401,REC0001401,oily,3,2,1,3,ultra gentle cleanser,rich cream moisturizer,peptide serum,spf30,anti aging routine,skincare_datasets.xlsx::Recommendations|skincare_recommendations_dataset.csv,1) Cleanser: ultra gentle cleanser | 2) Serum: peptide serum | 3) Moisturizer: rich cream moisturizer | 4) SPF: spf30,1) Cleanser: ultra gentle cleanser | 2) Treatment: anti aging routine | 3) Moisturizer: rich cream moisturizer
RTN0001402,REC0001402,oily,3,2,1,4,acne control cleanser,oil free gel moisturizer,centella serum,spf50,barrier repair,skincare_datasets.xlsx::Recommendations|skincare_recommendations_dataset.csv,1) Cleanser: acne control cleanser | 2) Serum: centella serum | 3) Moisturizer: oil free gel moisturizer | 4) SPF: spf50,1) Cleanser: acne control cleanser | 2) Treatment: barrier repair | 3) Moisturizer: oil free gel moisturizer
RTN0001403,REC0001403,oily,3,2,2,1,gentle foam cleanser,soothing moisturizer,niacinamide serum,spf50,hydrating mask,skincare_datasets.xlsx::Recommendations|skincare_recommendations_dataset.csv,1) Cleanser: gentle foam cleanser | 2) Serum: niacinamide serum | 3) Moisturizer: soothing moisturizer | 4) SPF: spf50,1) Cleanser: gentle foam cleanser | 2) Treatment: hydrating mask | 3) Moisturizer: soothing moisturizer
RTN0001404,REC0001404,oily,3,2,2,3,acne control cleanser,light lotion moisturizer,niacinamide serum,spf50 matte,chemical exfoliation,skincare_datasets.xlsx::Recommendations|skincare_recommendations_dataset.csv,1) Cleanser: acne control cleanser | 2) Serum: niacinamide serum | 3) Moisturizer: light lotion moisturizer | 4) SPF: spf50 matte,1) Cleanser: acne control cleanser | 2) Treatment: chemical exfoliation | 3) Moisturizer: light lotion moisturizer
RTN0001405,REC0001405,oily,3,2,3,1,ultra gentle cleanser,rich cream moisturizer,retinol serum,spf30,benzoyl peroxide,skincare_datasets.xlsx::Recommendations|skincare_recommendations_dataset.csv,1) Cleanser: ultra gentle cleanser | 2) Serum: retinol serum | 3) Moisturizer: rich cream moisturizer | 4) SPF: spf30,1) Cleanser: ultra gentle cleanser | 2) Treatment: benzoyl peroxide | 3) Moisturizer: rich cream moisturizer
RTN0001406,REC0001406,oily,3,2,3,2,milk cleanser,rich cream moisturizer,retinol serum,spf50 matte,barrier repair,skincare_datasets.xlsx::Recommendations|skincare_recommendations_dataset.csv,1) Cleanser: milk cleanser | 2) Serum: retinol serum | 3) Moisturizer: rich cream moisturizer | 4) SPF: spf50 matte,1) Cleanser: milk cleanser | 2) Treatment: barrier repair | 3) Moisturizer: rich cream moisturizer
RTN0001407,REC0001407,oily,3,2,3,4,acne control cleanser,soothing moisturizer,niacinamide serum,spf50 matte,hydrating mask,skincare_datasets.xlsx::Recommendations|skincare_recommendations_dataset.csv,1) Cleanser: acne control cleanser | 2) Serum: niacinamide serum | 3) Moisturizer: soothing moisturizer | 4) SPF: spf50 matte,1) Cleanser: acne control cleanser | 2) Treatment: hydrating mask | 3) Moisturizer: soothing moisturizer
RTN0001408,REC0001408,oily,3,2,3,5,gentle foam cleanser,rich cream moisturizer,vitamin c serum,spf50,retinol treatment,skincare_datasets.xlsx::Recommendations|skincare_recommendations_dataset.csv,1) Cleanser: gentle foam cleanser | 2) Serum: vitamin c serum | 3) Moisturizer: rich cream moisturizer | 4) SPF: spf50,1) Cleanser: gentle foam cleanser | 2) Treatment: retinol treatment | 3) Moisturizer: rich cream moisturizer
RTN0001409,REC0001409,oily,3,2,4,4,acne control cleanser,oil free gel moisturizer,peptide serum,spf50 matte,retinol treatment,skincare_datasets.xlsx::Recommendations|skincare_recommendations_dataset.csv,1) Cleanser: acne control cleanser | 2) Serum: peptide serum | 3) Moisturizer: oil free gel moisturizer | 4) SPF: spf50 matte,1) Cleanser: acne control cleanser | 2) Treatment: retinol treatment | 3) Moisturizer: oil free gel moisturizer
RTN0001410,REC0001410,oily,3,2,4,5,milk cleanser,rich cream moisturizer,vitamin c serum,mineral spf50,anti aging routine,skincare_datasets.xlsx::Recommendations|skincare_recommendations_dataset.csv,1) Cleanser: milk cleanser | 2) Serum: vitamin c serum | 3) Moisturizer: rich cream moisturizer | 4) SPF: mineral spf50,1) Cleanser: milk cleanser | 2) Treatment: anti aging routine | 3) Moisturizer: rich cream moisturizer
RTN0001411,REC0001411,oily,3,2,5,3,hydrating cleanser,light lotion moisturizer,hyaluronic acid serum,spf50,anti aging routine,skincare_datasets.xlsx::Recommendations|skincare_recommendations_dataset.csv,1) Cleanser: hydrating cleanser | 2) Serum: hyaluronic acid serum | 3) Moisturizer: light lotion moisturizer | 4) SPF: spf50,1) Cleanser: hydrating cleanser | 2) Treatment: anti aging routine | 3) Moisturizer: light lotion moisturizer
RTN0001412,REC0001412,oily,3,2,5,4,acne control cleanser,oil free gel moisturizer,retinol serum,spf30,benzoyl peroxide,skincare_datasets.xlsx::Recommendations|skincare_recommendations_dataset.csv,1) Cleanser: acne control cleanser | 2) Serum: retinol serum | 3) Moisturizer: oil free gel moisturizer | 4) SPF: spf30,1) Cleanser: acne control cleanser | 2) Treatment: benzoyl peroxide | 3) Moisturizer: oil free gel moisturizer
RTN0001413,REC0001413,oily,3,3,1,1,gentle foam cleanser,soothing moisturizer,retinol serum,spf50 matte,barrier repair,skincare_datasets.xlsx::Recommendations|skincare_recommendations_dataset.csv,1) Cleanser: gentle foam cleanser | 2) Serum: retinol serum | 3) Moisturizer: soothing moisturizer | 4) SPF: spf50 matte,1) Cleanser: gentle foam cleanser | 2) Treatment: barrier repair | 3) Moisturizer: soothing moisturizer
RTN0001414,REC0001414,oily,3,3,1,4,hydrating cleanser,soothing moisturizer,retinol serum,spf50,benzoyl peroxide,skincare_datasets.xlsx::Recommendations|skincare_recommendations_dataset.csv,1) Cleanser: hydrating cleanser | 2) Serum: retinol serum | 3) Moisturizer: soothing moisturizer | 4) SPF: spf50,1) Cleanser: hydrating cleanser | 2) Treatment: benzoyl peroxide | 3) Moisturizer: soothing moisturizer
RTN0001415,REC0001415,oily,3,3,2,3,hydrating cleanser,ceramide moisturizer,niacinamide serum,spf50 matte,retinol treatment,skincare_datasets.xlsx::Recommendations|skincare_recommendations_dataset.csv,1) Cleanser: hydrating cleanser | 2) Serum: niacinamide serum | 3) Moisturizer: ceramide moisturizer | 4) SPF: spf50 matte,1) Cleanser: hydrating cleanser | 2) Treatment: retinol treatment | 3) Moisturizer: ceramide moisturizer
RTN0001416,REC0001416,oily,3,3,3,5,milk cleanser,ceramide moisturizer,peptide serum,spf30,retinol treatment,skincare_datasets.xlsx::Recommendations|skincare_recommendations_dataset.csv,1) Cleanser: milk cleanser | 2) Serum: peptide serum | 3) Moisturizer: ceramide moisturizer | 4) SPF: spf30,1) Cleanser: milk cleanser | 2) Treatment: retinol treatment | 3) Moisturizer: ceramide moisturizer
RTN0001417,REC0001417,oily,3,3,4,2,salicylic acid cleanser,oil free gel moisturizer,niacinamide serum,spf50,anti aging routine,skincare_datasets.xlsx::Recommendations|skincare_recommendations_dataset.csv,1) Cleanser: salicylic acid cleanser | 2) Serum: niacinamide serum | 3) Moisturizer: oil free gel moisturizer | 4) SPF: spf50,1) Cleanser: salicylic acid cleanser | 2) Treatment: anti aging routine | 3) Moisturizer: oil free gel moisturizer
RTN0001418,REC0001418,oily,3,3,4,3,milk cleanser,soothing moisturizer,retinol serum,spf30,benzoyl peroxide,skincare_datasets.xlsx::Recommendations|skincare_recommendations_dataset.csv,1) Cleanser: milk cleanser | 2) Serum: retinol serum | 3) Moisturizer: soothing moisturizer | 4) SPF: spf30,1) Cleanser: milk cleanser | 2) Treatment: benzoyl peroxide | 3) Moisturizer: soothing moisturizer
RTN0001419,REC0001419,oily,3,3,4,5,salicylic acid cleanser,light lotion moisturizer,centella serum,mineral spf50,hydrating mask,skincare_datasets.xlsx::Recommendations|skincare_recommendations_dataset.csv,1) Cleanser: salicylic acid cleanser | 2) Serum: centella serum | 3) Moisturizer: light lotion moisturizer | 4) SPF: mineral spf50,1) Cleanser: salicylic acid cleanser | 2) Treatment: hydrating mask | 3) Moisturizer: light lotion moisturizer
RTN0001420,REC0001420,oily,3,3,5,0,ultra gentle cleanser,soothing moisturizer,vitamin c serum,mineral spf50,chemical exfoliation,skincare_datasets.xlsx::Recommendations|skincare_recommendations_dataset.csv,1) Cleanser: ultra gentle cleanser | 2) Serum: vitamin c serum | 3) Moisturizer: soothing moisturizer | 4) SPF: mineral spf50,1) Cleanser: ultra gentle cleanser | 2) Treatment: chemical exfoliation | 3) Moisturizer: soothing moisturizer
RTN0001421,REC0001421,oily,3,4,0,1,gentle foam cleanser,soothing moisturizer,retinol serum,spf30,barrier repair,skincare_datasets.xlsx::Recommendations|skincare_recommendations_dataset.csv,1) Cleanser: gentle foam cleanser | 2) Serum: retinol serum | 3) Moisturizer: soothing moisturizer | 4) SPF: spf30,1) Cleanser: gentle foam cleanser | 2) Treatment: barrier repair | 3) Moisturizer: soothing moisturizer
RTN0001422,REC0001422,oily,3,4,1,2,milk cleanser,ceramide moisturizer,vitamin c serum,spf30,hydrating mask,skincare_datasets.xlsx::Recommendations|skincare_recommendations_dataset.csv,1) Cleanser: milk cleanser | 2) Serum: vitamin c serum | 3) Moisturizer: ceramide moisturizer | 4) SPF: spf30,1) Cleanser: milk cleanser | 2) Treatment: hydrating mask | 3) Moisturizer: ceramide moisturizer
RTN0001423,REC0001423,oily,3,4,2,3,acne control cleanser,light lotion moisturizer,vitamin c serum,spf30,barrier repair,skincare_datasets.xlsx::Recommendations|skincare_recommendations_dataset.csv,1) Cleanser: acne control cleanser | 2) Serum: vitamin c serum | 3) Moisturizer: light lotion moisturizer | 4) SPF: spf30,1) Cleanser: acne control cleanser | 2) Treatment: barrier repair | 3) Moisturizer: light lotion moisturizer
RTN0001424,REC0001424,oily,3,4,2,3,acne control cleanser,oil free gel moisturizer,centella serum,spf50,anti aging routine,skincare_datasets.xlsx::Recommendations|skincare_recommendations_dataset.csv,1) Cleanser: acne control cleanser | 2) Serum: centella serum | 3) Moisturizer: oil free gel moisturizer | 4) SPF: spf50,1) Cleanser: acne control cleanser | 2) Treatment: anti aging routine | 3) Moisturizer: oil free gel moisturizer
RTN0001425,REC0001425,oily,3,4,2,3,ultra gentle cleanser,light lotion moisturizer,vitamin c serum,spf50,chemical exfoliation,skincare_datasets.xlsx::Recommendations|skincare_recommendations_dataset.csv,1) Cleanser: ultra gentle cleanser | 2) Serum: vitamin c serum | 3) Moisturizer: light lotion moisturizer | 4) SPF: spf50,1) Cleanser: ultra gentle cleanser | 2) Treatment: chemical exfoliation | 3) Moisturizer: light lotion moisturizer
RTN0001426,REC0001426,oily,3,4,2,4,acne control cleanser,oil free gel moisturizer,hyaluronic acid serum,spf30,chemical exfoliation,skincare_datasets.xlsx::Recommendations|skincare_recommendations_dataset.csv,1) Cleanser: acne control cleanser | 2) Serum: hyaluronic acid serum | 3) Moisturizer: oil free gel moisturizer | 4) SPF: spf30,1) Cleanser: acne control cleanser | 2) Treatment: chemical exfoliation | 3) Moisturizer: oil free gel moisturizer
RTN0001427,REC0001427,oily,3,4,3,1,ultra gentle cleanser,rich cream moisturizer,vitamin c serum,mineral spf50,calming treatment,skincare_datasets.xlsx::Recommendations|skincare_recommendations_dataset.csv,1) Cleanser: ultra gentle cleanser | 2) Serum: vitamin c serum | 3) Moisturizer: rich cream moisturizer | 4) SPF: mineral spf50,1) Cleanser: ultra gentle cleanser | 2) Treatment: calming treatment | 3) Moisturizer: rich cream moisturizer
RTN0001428,REC0001428,oily,3,4,3,4,milk cleanser,soothing moisturizer,centella serum,spf50 matte,retinol treatment,skincare_datasets.xlsx::Recommendations|skincare_recommendations_dataset.csv,1) Cleanser: milk cleanser | 2) Serum: centella serum | 3) Moisturizer: soothing moisturizer | 4) SPF: spf50 matte,1) Cleanser: milk cleanser | 2) Treatment: retinol treatment | 3) Moisturizer: soothing moisturizer
RTN0001429,REC0001429,oily,3,4,3,5,gentle foam cleanser,light lotion moisturizer,retinol serum,mineral spf50,benzoyl peroxide,skincare_datasets.xlsx::Recommendations|skincare_recommendations_dataset.csv,1) Cleanser: gentle foam cleanser | 2) Serum: retinol serum | 3) Moisturizer: light lotion moisturizer | 4) SPF: mineral spf50,1) Cleanser: gentle foam cleanser | 2) Treatment: benzoyl peroxide | 3) Moisturizer: light lotion moisturizer
RTN0001430,REC0001430,oily,3,4,4,0,ultra gentle cleanser,ceramide moisturizer,retinol serum,mineral spf50,retinol treatment,skincare_datasets.xlsx::Recommendations|skincare_recommendations_dataset.csv,1) Cleanser: ultra gentle cleanser | 2) Serum: retinol serum | 3) Moisturizer: ceramide moisturizer | 4) SPF: mineral spf50,1) Cleanser: ultra gentle cleanser | 2) Treatment: retinol treatment | 3) Moisturizer: ceramide moisturizer
RTN0001431,REC0001431,oily,3,4,4,1,gentle foam cleanser,light lotion moisturizer,retinol serum,mineral spf50,benzoyl peroxide,skincare_datasets.xlsx::Recommendations|skincare_recommendations_dataset.csv,1) Cleanser: gentle foam cleanser | 2) Serum: retinol serum | 3) Moisturizer: light lotion moisturizer | 4) SPF: mineral spf50,1) Cleanser: gentle foam cleanser | 2) Treatment: benzoyl peroxide | 3) Moisturizer: light lotion moisturizer
RTN0001432,REC0001432,oily,3,4,4,5,ultra gentle cleanser,ceramide moisturizer,centella serum,mineral spf50,barrier repair,skincare_datasets.xlsx::Recommendations|skincare_recommendations_dataset.csv,1) Cleanser: ultra gentle cleanser | 2) Serum: centella serum | 3) Moisturizer: ceramide moisturizer | 4) SPF: mineral spf50,1) Cleanser: ultra gentle cleanser | 2) Treatment: barrier repair | 3) Moisturizer: ceramide moisturizer
RTN0001433,REC0001433,oily,3,4,5,3,acne control cleanser,ceramide moisturizer,hyaluronic acid serum,spf50 matte,barrier repair,skincare_datasets.xlsx::Recommendations|skincare_recommendations_dataset.csv,1) Cleanser: acne control cleanser | 2) Serum: hyaluronic acid serum | 3) Moisturizer: ceramide moisturizer | 4) SPF: spf50 matte,1) Cleanser: acne control cleanser | 2) Treatment: barrier repair | 3) Moisturizer: ceramide moisturizer
RTN0001434,REC0001434,oily,3,4,5,3,salicylic acid cleanser,ceramide moisturizer,hyaluronic acid serum,spf50 matte,anti aging routine,skincare_datasets.xlsx::Recommendations|skincare_recommendations_dataset.csv,1) Cleanser: salicylic acid cleanser | 2) Serum: hyaluronic acid serum | 3) Moisturizer: ceramide moisturizer | 4) SPF: spf50 matte,1) Cleanser: salicylic acid cleanser | 2) Treatment: anti aging routine | 3) Moisturizer: ceramide moisturizer
RTN0001435,REC0001435,oily,3,5,0,0,milk cleanser,soothing moisturizer,hyaluronic acid serum,spf50,retinol treatment,skincare_datasets.xlsx::Recommendations|skincare_recommendations_dataset.csv,1) Cleanser: milk cleanser | 2) Serum: hyaluronic acid serum | 3) Moisturizer: soothing moisturizer | 4) SPF: spf50,1) Cleanser: milk cleanser | 2) Treatment: retinol treatment | 3) Moisturizer: soothing moisturizer
RTN0001436,REC0001436,oily,3,5,0,1,acne control cleanser,light lotion moisturizer,peptide serum,spf50 matte,hydrating mask,skincare_datasets.xlsx::Recommendations|skincare_recommendations_dataset.csv,1) Cleanser: acne control cleanser | 2) Serum: peptide serum | 3) Moisturizer: light lotion moisturizer | 4) SPF: spf50 matte,1) Cleanser: acne control cleanser | 2) Treatment: hydrating mask | 3) Moisturizer: light lotion moisturizer
RTN0001437,REC0001437,oily,3,5,0,3,hydrating cleanser,ceramide moisturizer,hyaluronic acid serum,spf50,barrier repair,skincare_datasets.xlsx::Recommendations|skincare_recommendations_dataset.csv,1) Cleanser: hydrating cleanser | 2) Serum: hyaluronic acid serum | 3) Moisturizer: ceramide moisturizer | 4) SPF: spf50,1) Cleanser: hydrating cleanser | 2) Treatment: barrier repair | 3) Moisturizer: ceramide moisturizer
RTN0001438,REC0001438,oily,3,5,0,5,gentle foam cleanser,ceramide moisturizer,centella serum,spf30,hydrating mask,skincare_datasets.xlsx::Recommendations|skincare_recommendations_dataset.csv,1) Cleanser: gentle foam cleanser | 2) Serum: centella serum | 3) Moisturizer: ceramide moisturizer | 4) SPF: spf30,1) Cleanser: gentle foam cleanser | 2) Treatment: hydrating mask | 3) Moisturizer: ceramide moisturizer
RTN0001439,REC0001439,oily,3,5,1,1,acne control cleanser,ceramide moisturizer,hyaluronic acid serum,mineral spf50,benzoyl peroxide,skincare_datasets.xlsx::Recommendations|skincare_recommendations_dataset.csv,1) Cleanser: acne control cleanser | 2) Serum: hyaluronic acid serum | 3) Moisturizer: ceramide moisturizer | 4) SPF: mineral spf50,1) Cleanser: acne control cleanser | 2) Treatment: benzoyl peroxide | 3) Moisturizer: ceramide moisturizer
RTN0001440,REC0001440,oily,3,5,1,5,milk cleanser,oil free gel moisturizer,niacinamide serum,mineral spf50,barrier repair,skincare_datasets.xlsx::Recommendations|skincare_recommendations_dataset.csv,1) Cleanser: milk cleanser | 2) Serum: niacinamide serum | 3) Moisturizer: oil free gel moisturizer | 4) SPF: mineral spf50,1) Cleanser: milk cleanser | 2) Treatment: barrier repair | 3) Moisturizer: oil free gel moisturizer
RTN0001441,REC0001441,oily,3,5,2,0,gentle foam cleanser,light lotion moisturizer,hyaluronic acid serum,mineral spf50,retinol treatment,skincare_datasets.xlsx::Recommendations|skincare_recommendations_dataset.csv,1) Cleanser: gentle foam cleanser | 2) Serum: hyaluronic acid serum | 3) Moisturizer: light lotion moisturizer | 4) SPF: mineral spf50,1) Cleanser: gentle foam cleanser | 2) Treatment: retinol treatment | 3) Moisturizer: light lotion moisturizer
RTN0001442,REC0001442,oily,3,5,2,3,acne control cleanser,soothing moisturizer,niacinamide serum,mineral spf50,barrier repair,skincare_datasets.xlsx::Recommendations|skincare_recommendations_dataset.csv,1) Cleanser: acne control cleanser | 2) Serum: niacinamide serum | 3) Moisturizer: soothing moisturizer | 4) SPF: mineral spf50,1) Cleanser: acne control cleanser | 2) Treatment: barrier repair | 3) Moisturizer: soothing moisturizer
RTN0001443,REC0001443,oily,3,5,3,4,acne control cleanser,soothing moisturizer,vitamin c serum,spf50,retinol treatment,skincare_datasets.xlsx::Recommendations|skincare_recommendations_dataset.csv,1) Cleanser: acne control cleanser | 2) Serum: vitamin c serum | 3) Moisturizer: soothing moisturizer | 4) SPF: spf50,1) Cleanser: acne control cleanser | 2) Treatment: retinol treatment | 3) Moisturizer: soothing moisturizer
RTN0001444,REC0001444,oily,3,5,3,4,milk cleanser,soothing moisturizer,centella serum,spf50,retinol treatment,skincare_datasets.xlsx::Recommendations|skincare_recommendations_dataset.csv,1) Cleanser: milk cleanser | 2) Serum: centella serum | 3) Moisturizer: soothing moisturizer | 4) SPF: spf50,1) Cleanser: milk cleanser | 2) Treatment: retinol treatment | 3) Moisturizer: soothing moisturizer
RTN0001445,REC0001445,oily,3,5,4,0,milk cleanser,oil free gel moisturizer,retinol serum,spf50,benzoyl peroxide,skincare_datasets.xlsx::Recommendations|skincare_recommendations_dataset.csv,1) Cleanser: milk cleanser | 2) Serum: retinol serum | 3) Moisturizer: oil free gel moisturizer | 4) SPF: spf50,1) Cleanser: milk cleanser | 2) Treatment: benzoyl peroxide | 3) Moisturizer: oil free gel moisturizer
RTN0001446,REC0001446,oily,3,5,4,1,milk cleanser,oil free gel moisturizer,peptide serum,spf50 matte,calming treatment,skincare_datasets.xlsx::Recommendations|skincare_recommendations_dataset.csv,1) Cleanser: milk cleanser | 2) Serum: peptide serum | 3) Moisturizer: oil free gel moisturizer | 4) SPF: spf50 matte,1) Cleanser: milk cleanser | 2) Treatment: calming treatment | 3) Moisturizer: oil free gel moisturizer
RTN0001447,REC0001447,oily,3,5,4,5,ultra gentle cleanser,rich cream moisturizer,hyaluronic acid serum,mineral spf50,anti aging routine,skincare_datasets.xlsx::Recommendations|skincare_recommendations_dataset.csv,1) Cleanser: ultra gentle cleanser | 2) Serum: hyaluronic acid serum | 3) Moisturizer: rich cream moisturizer | 4) SPF: mineral spf50,1) Cleanser: ultra gentle cleanser | 2) Treatment: anti aging routine | 3) Moisturizer: rich cream moisturizer
RTN0001448,REC0001448,oily,4,0,0,2,salicylic acid cleanser,light lotion moisturizer,retinol serum,spf30,chemical exfoliation,skincare_datasets.xlsx::Recommendations|skincare_recommendations_dataset.csv,1) Cleanser: salicylic acid cleanser | 2) Serum: retinol serum | 3) Moisturizer: light lotion moisturizer | 4) SPF: spf30,1) Cleanser: salicylic acid cleanser | 2) Treatment: chemical exfoliation | 3) Moisturizer: light lotion moisturizer
RTN0001449,REC0001449,oily,4,0,0,4,ultra gentle cleanser,soothing moisturizer,niacinamide serum,spf30,retinol treatment,skincare_datasets.xlsx::Recommendations|skincare_recommendations_dataset.csv,1) Cleanser: ultra gentle cleanser | 2) Serum: niacinamide serum | 3) Moisturizer: soothing moisturizer | 4) SPF: spf30,1) Cleanser: ultra gentle cleanser | 2) Treatment: retinol treatment | 3) Moisturizer: soothing moisturizer
RTN0001450,REC0001450,oily,4,0,1,5,ultra gentle cleanser,light lotion moisturizer,centella serum,spf30,chemical exfoliation,skincare_datasets.xlsx::Recommendations|skincare_recommendations_dataset.csv,1) Cleanser: ultra gentle cleanser | 2) Serum: centella serum | 3) Moisturizer: light lotion moisturizer | 4) SPF: spf30,1) Cleanser: ultra gentle cleanser | 2) Treatment: chemical exfoliation | 3) Moisturizer: light lotion moisturizer
RTN0001451,REC0001451,oily,4,0,3,2,ultra gentle cleanser,soothing moisturizer,retinol serum,spf30,calming treatment,skincare_datasets.xlsx::Recommendations|skincare_recommendations_dataset.csv,1) Cleanser: ultra gentle cleanser | 2) Serum: retinol serum | 3) Moisturizer: soothing moisturizer | 4) SPF: spf30,1) Cleanser: ultra gentle cleanser | 2) Treatment: calming treatment | 3) Moisturizer: soothing moisturizer
RTN0001452,REC0001452,oily,4,0,3,5,ultra gentle cleanser,oil free gel moisturizer,centella serum,spf50,hydrating mask,skincare_datasets.xlsx::Recommendations|skincare_recommendations_dataset.csv,1) Cleanser: ultra gentle cleanser | 2) Serum: centella serum | 3) Moisturizer: oil free gel moisturizer | 4) SPF: spf50,1) Cleanser: ultra gentle cleanser | 2) Treatment: hydrating mask | 3) Moisturizer: oil free gel moisturizer
RTN0001453,REC0001453,oily,4,0,4,3,milk cleanser,light lotion moisturizer,centella serum,spf50,calming treatment,skincare_datasets.xlsx::Recommendations|skincare_recommendations_dataset.csv,1) Cleanser: milk cleanser | 2) Serum: centella serum | 3) Moisturizer: light lotion moisturizer | 4) SPF: spf50,1) Cleanser: milk cleanser | 2) Treatment: calming treatment | 3) Moisturizer: light lotion moisturizer
RTN0001454,REC0001454,oily,4,1,0,0,acne control cleanser,rich cream moisturizer,centella serum,spf50 matte,chemical exfoliation,skincare_datasets.xlsx::Recommendations|skincare_recommendations_dataset.csv,1) Cleanser: acne control cleanser | 2) Serum: centella serum | 3) Moisturizer: rich cream moisturizer | 4) SPF: spf50 matte,1) Cleanser: acne control cleanser | 2) Treatment: chemical exfoliation | 3) Moisturizer: rich cream moisturizer
RTN0001455,REC0001455,oily,4,1,0,4,acne control cleanser,ceramide moisturizer,hyaluronic acid serum,spf30,chemical exfoliation,skincare_datasets.xlsx::Recommendations|skincare_recommendations_dataset.csv,1) Cleanser: acne control cleanser | 2) Serum: hyaluronic acid serum | 3) Moisturizer: ceramide moisturizer | 4) SPF: spf30,1) Cleanser: acne control cleanser | 2) Treatment: chemical exfoliation | 3) Moisturizer: ceramide moisturizer
RTN0001456,REC0001456,oily,4,1,0,4,acne control cleanser,soothing moisturizer,niacinamide serum,spf30,anti aging routine,skincare_datasets.xlsx::Recommendations|skincare_recommendations_dataset.csv,1) Cleanser: acne control cleanser | 2) Serum: niacinamide serum | 3) Moisturizer: soothing moisturizer | 4) SPF: spf30,1) Cleanser: acne control cleanser | 2) Treatment: anti aging routine | 3) Moisturizer: soothing moisturizer
RTN0001457,REC0001457,oily,4,1,0,5,gentle foam cleanser,light lotion moisturizer,vitamin c serum,spf50 matte,calming treatment,skincare_datasets.xlsx::Recommendations|skincare_recommendations_dataset.csv,1) Cleanser: gentle foam cleanser | 2) Serum: vitamin c serum | 3) Moisturizer: light lotion moisturizer | 4) SPF: spf50 matte,1) Cleanser: gentle foam cleanser | 2) Treatment: calming treatment | 3) Moisturizer: light lotion moisturizer
RTN0001458,REC0001458,oily,4,1,0,5,gentle foam cleanser,rich cream moisturizer,hyaluronic acid serum,spf50,retinol treatment,skincare_datasets.xlsx::Recommendations|skincare_recommendations_dataset.csv,1) Cleanser: gentle foam cleanser | 2) Serum: hyaluronic acid serum | 3) Moisturizer: rich cream moisturizer | 4) SPF: spf50,1) Cleanser: gentle foam cleanser | 2) Treatment: retinol treatment | 3) Moisturizer: rich cream moisturizer
RTN0001459,REC0001459,oily,4,1,1,1,salicylic acid cleanser,oil free gel moisturizer,retinol serum,mineral spf50,retinol treatment,skincare_datasets.xlsx::Recommendations|skincare_recommendations_dataset.csv,1) Cleanser: salicylic acid cleanser | 2) Serum: retinol serum | 3) Moisturizer: oil free gel moisturizer | 4) SPF: mineral spf50,1) Cleanser: salicylic acid cleanser | 2) Treatment: retinol treatment | 3) Moisturizer: oil free gel moisturizer
RTN0001460,REC0001460,oily,4,1,1,3,acne control cleanser,rich cream moisturizer,vitamin c serum,spf50,retinol treatment,skincare_datasets.xlsx::Recommendations|skincare_recommendations_dataset.csv,1) Cleanser: acne control cleanser | 2) Serum: vitamin c serum | 3) Moisturizer: rich cream moisturizer | 4) SPF: spf50,1) Cleanser: acne control cleanser | 2) Treatment: retinol treatment | 3) Moisturizer: rich cream moisturizer
RTN0001461,REC0001461,oily,4,1,1,4,hydrating cleanser,oil free gel moisturizer,vitamin c serum,spf30,calming treatment,skincare_datasets.xlsx::Recommendations|skincare_recommendations_dataset.csv,1) Cleanser: hydrating cleanser | 2) Serum: vitamin c serum | 3) Moisturizer: oil free gel moisturizer | 4) SPF: spf30,1) Cleanser: hydrating cleanser | 2) Treatment: calming treatment | 3) Moisturizer: oil free gel moisturizer
RTN0001462,REC0001462,oily,4,1,1,5,milk cleanser,rich cream moisturizer,peptide serum,spf30,retinol treatment,skincare_datasets.xlsx::Recommendations|skincare_recommendations_dataset.csv,1) Cleanser: milk cleanser | 2) Serum: peptide serum | 3) Moisturizer: rich cream moisturizer | 4) SPF: spf30,1) Cleanser: milk cleanser | 2) Treatment: retinol treatment | 3) Moisturizer: rich cream moisturizer
RTN0001463,REC0001463,oily,4,1,2,3,salicylic acid cleanser,soothing moisturizer,hyaluronic acid serum,mineral spf50,retinol treatment,skincare_datasets.xlsx::Recommendations|skincare_recommendations_dataset.csv,1) Cleanser: salicylic acid cleanser | 2) Serum: hyaluronic acid serum | 3) Moisturizer: soothing moisturizer | 4) SPF: mineral spf50,1) Cleanser: salicylic acid cleanser | 2) Treatment: retinol treatment | 3) Moisturizer: soothing moisturizer
RTN0001464,REC0001464,oily,4,1,3,4,salicylic acid cleanser,ceramide moisturizer,niacinamide serum,spf50,chemical exfoliation,skincare_datasets.xlsx::Recommendations|skincare_recommendations_dataset.csv,1) Cleanser: salicylic acid cleanser | 2) Serum: niacinamide serum | 3) Moisturizer: ceramide moisturizer | 4) SPF: spf50,1) Cleanser: salicylic acid cleanser | 2) Treatment: chemical exfoliation | 3) Moisturizer: ceramide moisturizer
RTN0001465,REC0001465,oily,4,1,3,4,salicylic acid cleanser,soothing moisturizer,retinol serum,mineral spf50,hydrating mask,skincare_datasets.xlsx::Recommendations|skincare_recommendations_dataset.csv,1) Cleanser: salicylic acid cleanser | 2) Serum: retinol serum | 3) Moisturizer: soothing moisturizer | 4) SPF: mineral spf50,1) Cleanser: salicylic acid cleanser | 2) Treatment: hydrating mask | 3) Moisturizer: soothing moisturizer
RTN0001466,REC0001466,oily,4,1,4,0,acne control cleanser,ceramide moisturizer,hyaluronic acid serum,spf50 matte,barrier repair,skincare_datasets.xlsx::Recommendations|skincare_recommendations_dataset.csv,1) Cleanser: acne control cleanser | 2) Serum: hyaluronic acid serum | 3) Moisturizer: ceramide moisturizer | 4) SPF: spf50 matte,1) Cleanser: acne control cleanser | 2) Treatment: barrier repair | 3) Moisturizer: ceramide moisturizer
RTN0001467,REC0001467,oily,4,1,4,2,milk cleanser,soothing moisturizer,vitamin c serum,spf50,retinol treatment,skincare_datasets.xlsx::Recommendations|skincare_recommendations_dataset.csv,1) Cleanser: milk cleanser | 2) Serum: vitamin c serum | 3) Moisturizer: soothing moisturizer | 4) SPF: spf50,1) Cleanser: milk cleanser | 2) Treatment: retinol treatment | 3) Moisturizer: soothing moisturizer
RTN0001468,REC0001468,oily,4,1,4,3,ultra gentle cleanser,light lotion moisturizer,centella serum,spf50,chemical exfoliation,skincare_datasets.xlsx::Recommendations|skincare_recommendations_dataset.csv,1) Cleanser: ultra gentle cleanser | 2) Serum: centella serum | 3) Moisturizer: light lotion moisturizer | 4) SPF: spf50,1) Cleanser: ultra gentle cleanser | 2) Treatment: chemical exfoliation | 3) Moisturizer: light lotion moisturizer
RTN0001469,REC0001469,oily,4,1,5,4,salicylic acid cleanser,ceramide moisturizer,hyaluronic acid serum,spf30,anti aging routine,skincare_datasets.xlsx::Recommendations|skincare_recommendations_dataset.csv,1) Cleanser: salicylic acid cleanser | 2) Serum: hyaluronic acid serum | 3) Moisturizer: ceramide moisturizer | 4) SPF: spf30,1) Cleanser: salicylic acid cleanser | 2) Treatment: anti aging routine | 3) Moisturizer: ceramide moisturizer
RTN0001470,REC0001470,oily,4,2,0,1,salicylic acid cleanser,ceramide moisturizer,niacinamide serum,mineral spf50,barrier repair,skincare_datasets.xlsx::Recommendations|skincare_recommendations_dataset.csv,1) Cleanser: salicylic acid cleanser | 2) Serum: niacinamide serum | 3) Moisturizer: ceramide moisturizer | 4) SPF: mineral spf50,1) Cleanser: salicylic acid cleanser | 2) Treatment: barrier repair | 3) Moisturizer: ceramide moisturizer
RTN0001471,REC0001471,oily,4,2,0,2,milk cleanser,ceramide moisturizer,niacinamide serum,spf50 matte,calming treatment,skincare_datasets.xlsx::Recommendations|skincare_recommendations_dataset.csv,1) Cleanser: milk cleanser | 2) Serum: niacinamide serum | 3) Moisturizer: ceramide moisturizer | 4) SPF: spf50 matte,1) Cleanser: milk cleanser | 2) Treatment: calming treatment | 3) Moisturizer: ceramide moisturizer
RTN0001472,REC0001472,oily,4,2,1,0,milk cleanser,ceramide moisturizer,hyaluronic acid serum,spf50,benzoyl peroxide,skincare_datasets.xlsx::Recommendations|skincare_recommendations_dataset.csv,1) Cleanser: milk cleanser | 2) Serum: hyaluronic acid serum | 3) Moisturizer: ceramide moisturizer | 4) SPF: spf50,1) Cleanser: milk cleanser | 2) Treatment: benzoyl peroxide | 3) Moisturizer: ceramide moisturizer
RTN0001473,REC0001473,oily,4,2,1,2,salicylic acid cleanser,rich cream moisturizer,retinol serum,mineral spf50,anti aging routine,skincare_datasets.xlsx::Recommendations|skincare_recommendations_dataset.csv,1) Cleanser: salicylic acid cleanser | 2) Serum: retinol serum | 3) Moisturizer: rich cream moisturizer | 4) SPF: mineral spf50,1) Cleanser: salicylic acid cleanser | 2) Treatment: anti aging routine | 3) Moisturizer: rich cream moisturizer
RTN0001474,REC0001474,oily,4,2,2,0,hydrating cleanser,oil free gel moisturizer,retinol serum,mineral spf50,anti aging routine,skincare_datasets.xlsx::Recommendations|skincare_recommendations_dataset.csv,1) Cleanser: hydrating cleanser | 2) Serum: retinol serum | 3) Moisturizer: oil free gel moisturizer | 4) SPF: mineral spf50,1) Cleanser: hydrating cleanser | 2) Treatment: anti aging routine | 3) Moisturizer: oil free gel moisturizer
RTN0001475,REC0001475,oily,4,2,3,0,hydrating cleanser,rich cream moisturizer,niacinamide serum,spf50,benzoyl peroxide,skincare_datasets.xlsx::Recommendations|skincare_recommendations_dataset.csv,1) Cleanser: hydrating cleanser | 2) Serum: niacinamide serum | 3) Moisturizer: rich cream moisturizer | 4) SPF: spf50,1) Cleanser: hydrating cleanser | 2) Treatment: benzoyl peroxide | 3) Moisturizer: rich cream moisturizer
RTN0001476,REC0001476,oily,4,2,3,2,salicylic acid cleanser,soothing moisturizer,centella serum,spf50 matte,hydrating mask,skincare_datasets.xlsx::Recommendations|skincare_recommendations_dataset.csv,1) Cleanser: salicylic acid cleanser | 2) Serum: centella serum | 3) Moisturizer: soothing moisturizer | 4) SPF: spf50 matte,1) Cleanser: salicylic acid cleanser | 2) Treatment: hydrating mask | 3) Moisturizer: soothing moisturizer
RTN0001477,REC0001477,oily,4,3,0,5,ultra gentle cleanser,oil free gel moisturizer,centella serum,spf30,hydrating mask,skincare_datasets.xlsx::Recommendations|skincare_recommendations_dataset.csv,1) Cleanser: ultra gentle cleanser | 2) Serum: centella serum | 3) Moisturizer: oil free gel moisturizer | 4) SPF: spf30,1) Cleanser: ultra gentle cleanser | 2) Treatment: hydrating mask | 3) Moisturizer: oil free gel moisturizer
RTN0001478,REC0001478,oily,4,3,1,4,gentle foam cleanser,rich cream moisturizer,peptide serum,spf50 matte,anti aging routine,skincare_datasets.xlsx::Recommendations|skincare_recommendations_dataset.csv,1) Cleanser: gentle foam cleanser | 2) Serum: peptide serum | 3) Moisturizer: rich cream moisturizer | 4) SPF: spf50 matte,1) Cleanser: gentle foam cleanser | 2) Treatment: anti aging routine | 3) Moisturizer: rich cream moisturizer
RTN0001479,REC0001479,oily,4,3,1,5,gentle foam cleanser,oil free gel moisturizer,peptide serum,spf30,benzoyl peroxide,skincare_datasets.xlsx::Recommendations|skincare_recommendations_dataset.csv,1) Cleanser: gentle foam cleanser | 2) Serum: peptide serum | 3) Moisturizer: oil free gel moisturizer | 4) SPF: spf30,1) Cleanser: gentle foam cleanser | 2) Treatment: benzoyl peroxide | 3) Moisturizer: oil free gel moisturizer
RTN0001480,REC0001480,oily,4,3,3,0,hydrating cleanser,light lotion moisturizer,centella serum,spf50 matte,benzoyl peroxide,skincare_datasets.xlsx::Recommendations|skincare_recommendations_dataset.csv,1) Cleanser: hydrating cleanser | 2) Serum: centella serum | 3) Moisturizer: light lotion moisturizer | 4) SPF: spf50 matte,1) Cleanser: hydrating cleanser | 2) Treatment: benzoyl peroxide | 3) Moisturizer: light lotion moisturizer
RTN0001481,REC0001481,oily,4,3,3,5,hydrating cleanser,rich cream moisturizer,peptide serum,spf50 matte,hydrating mask,skincare_datasets.xlsx::Recommendations|skincare_recommendations_dataset.csv,1) Cleanser: hydrating cleanser | 2) Serum: peptide serum | 3) Moisturizer: rich cream moisturizer | 4) SPF: spf50 matte,1) Cleanser: hydrating cleanser | 2) Treatment: hydrating mask | 3) Moisturizer: rich cream moisturizer
RTN0001482,REC0001482,oily,4,3,4,0,acne control cleanser,soothing moisturizer,vitamin c serum,spf50,hydrating mask,skincare_datasets.xlsx::Recommendations|skincare_recommendations_dataset.csv,1) Cleanser: acne control cleanser | 2) Serum: vitamin c serum | 3) Moisturizer: soothing moisturizer | 4) SPF: spf50,1) Cleanser: acne control cleanser | 2) Treatment: hydrating mask | 3) Moisturizer: soothing moisturizer
RTN0001483,REC0001483,oily,4,3,4,3,milk cleanser,ceramide moisturizer,niacinamide serum,mineral spf50,retinol treatment,skincare_datasets.xlsx::Recommendations|skincare_recommendations_dataset.csv,1) Cleanser: milk cleanser | 2) Serum: niacinamide serum | 3) Moisturizer: ceramide moisturizer | 4) SPF: mineral spf50,1) Cleanser: milk cleanser | 2) Treatment: retinol treatment | 3) Moisturizer: ceramide moisturizer
RTN0001484,REC0001484,oily,4,3,5,0,acne control cleanser,light lotion moisturizer,niacinamide serum,mineral spf50,retinol treatment,skincare_datasets.xlsx::Recommendations|skincare_recommendations_dataset.csv,1) Cleanser: acne control cleanser | 2) Serum: niacinamide serum | 3) Moisturizer: light lotion moisturizer | 4) SPF: mineral spf50,1) Cleanser: acne control cleanser | 2) Treatment: retinol treatment | 3) Moisturizer: light lotion moisturizer
RTN0001485,REC0001485,oily,4,3,5,2,acne control cleanser,rich cream moisturizer,retinol serum,spf50,retinol treatment,skincare_datasets.xlsx::Recommendations|skincare_recommendations_dataset.csv,1) Cleanser: acne control cleanser | 2) Serum: retinol serum | 3) Moisturizer: rich cream moisturizer | 4) SPF: spf50,1) Cleanser: acne control cleanser | 2) Treatment: retinol treatment | 3) Moisturizer: rich cream moisturizer
RTN0001486,REC0001486,oily,4,3,5,3,salicylic acid cleanser,soothing moisturizer,vitamin c serum,spf30,barrier repair,skincare_datasets.xlsx::Recommendations|skincare_recommendations_dataset.csv,1) Cleanser: salicylic acid cleanser | 2) Serum: vitamin c serum | 3) Moisturizer: soothing moisturizer | 4) SPF: spf30,1) Cleanser: salicylic acid cleanser | 2) Treatment: barrier repair | 3) Moisturizer: soothing moisturizer
RTN0001487,REC0001487,oily,4,4,0,3,salicylic acid cleanser,soothing moisturizer,retinol serum,spf50,barrier repair,skincare_datasets.xlsx::Recommendations|skincare_recommendations_dataset.csv,1) Cleanser: salicylic acid cleanser | 2) Serum: retinol serum | 3) Moisturizer: soothing moisturizer | 4) SPF: spf50,1) Cleanser: salicylic acid cleanser | 2) Treatment: barrier repair | 3) Moisturizer: soothing moisturizer
RTN0001488,REC0001488,oily,4,4,0,4,acne control cleanser,ceramide moisturizer,hyaluronic acid serum,spf30,retinol treatment,skincare_datasets.xlsx::Recommendations|skincare_recommendations_dataset.csv,1) Cleanser: acne control cleanser | 2) Serum: hyaluronic acid serum | 3) Moisturizer: ceramide moisturizer | 4) SPF: spf30,1) Cleanser: acne control cleanser | 2) Treatment: retinol treatment | 3) Moisturizer: ceramide moisturizer
RTN0001489,REC0001489,oily,4,4,0,5,salicylic acid cleanser,ceramide moisturizer,centella serum,mineral spf50,chemical exfoliation,skincare_datasets.xlsx::Recommendations|skincare_recommendations_dataset.csv,1) Cleanser: salicylic acid cleanser | 2) Serum: centella serum | 3) Moisturizer: ceramide moisturizer | 4) SPF: mineral spf50,1) Cleanser: salicylic acid cleanser | 2) Treatment: chemical exfoliation | 3) Moisturizer: ceramide moisturizer
RTN0001490,REC0001490,oily,4,4,1,1,hydrating cleanser,light lotion moisturizer,hyaluronic acid serum,spf50 matte,chemical exfoliation,skincare_datasets.xlsx::Recommendations|skincare_recommendations_dataset.csv,1) Cleanser: hydrating cleanser | 2) Serum: hyaluronic acid serum | 3) Moisturizer: light lotion moisturizer | 4) SPF: spf50 matte,1) Cleanser: hydrating cleanser | 2) Treatment: chemical exfoliation | 3) Moisturizer: light lotion moisturizer
RTN0001491,REC0001491,oily,4,4,2,4,salicylic acid cleanser,ceramide moisturizer,niacinamide serum,spf50 matte,hydrating mask,skincare_datasets.xlsx::Recommendations|skincare_recommendations_dataset.csv,1) Cleanser: salicylic acid cleanser | 2) Serum: niacinamide serum | 3) Moisturizer: ceramide moisturizer | 4) SPF: spf50 matte,1) Cleanser: salicylic acid cleanser | 2) Treatment: hydrating mask | 3) Moisturizer: ceramide moisturizer
RTN0001492,REC0001492,oily,4,4,2,5,hydrating cleanser,rich cream moisturizer,vitamin c serum,spf50 matte,benzoyl peroxide,skincare_datasets.xlsx::Recommendations|skincare_recommendations_dataset.csv,1) Cleanser: hydrating cleanser | 2) Serum: vitamin c serum | 3) Moisturizer: rich cream moisturizer | 4) SPF: spf50 matte,1) Cleanser: hydrating cleanser | 2) Treatment: benzoyl peroxide | 3) Moisturizer: rich cream moisturizer
RTN0001493,REC0001493,oily,4,4,3,0,gentle foam cleanser,ceramide moisturizer,centella serum,spf50,retinol treatment,skincare_datasets.xlsx::Recommendations|skincare_recommendations_dataset.csv,1) Cleanser: gentle foam cleanser | 2) Serum: centella serum | 3) Moisturizer: ceramide moisturizer | 4) SPF: spf50,1) Cleanser: gentle foam cleanser | 2) Treatment: retinol treatment | 3) Moisturizer: ceramide moisturizer
RTN0001494,REC0001494,oily,4,4,4,1,salicylic acid cleanser,rich cream moisturizer,centella serum,spf30,hydrating mask,skincare_datasets.xlsx::Recommendations|skincare_recommendations_dataset.csv,1) Cleanser: salicylic acid cleanser | 2) Serum: centella serum | 3) Moisturizer: rich cream moisturizer | 4) SPF: spf30,1) Cleanser: salicylic acid cleanser | 2) Treatment: hydrating mask | 3) Moisturizer: rich cream moisturizer
RTN0001495,REC0001495,oily,4,4,4,3,acne control cleanser,ceramide moisturizer,retinol serum,mineral spf50,chemical exfoliation,skincare_datasets.xlsx::Recommendations|skincare_recommendations_dataset.csv,1) Cleanser: acne control cleanser | 2) Serum: retinol serum | 3) Moisturizer: ceramide moisturizer | 4) SPF: mineral spf50,1) Cleanser: acne control cleanser | 2) Treatment: chemical exfoliation | 3) Moisturizer: ceramide moisturizer
RTN0001496,REC0001496,oily,4,4,4,3,acne control cleanser,soothing moisturizer,centella serum,spf30,barrier repair,skincare_datasets.xlsx::Recommendations|skincare_recommendations_dataset.csv,1) Cleanser: acne control cleanser | 2) Serum: centella serum | 3) Moisturizer: soothing moisturizer | 4) SPF: spf30,1) Cleanser: acne control cleanser | 2) Treatment: barrier repair | 3) Moisturizer: soothing moisturizer
RTN0001497,REC0001497,oily,4,4,5,3,milk cleanser,light lotion moisturizer,centella serum,spf50 matte,calming treatment,skincare_datasets.xlsx::Recommendations|skincare_recommendations_dataset.csv,1) Cleanser: milk cleanser | 2) Serum: centella serum | 3) Moisturizer: light lotion moisturizer | 4) SPF: spf50 matte,1) Cleanser: milk cleanser | 2) Treatment: calming treatment | 3) Moisturizer: light lotion moisturizer
RTN0001498,REC0001498,oily,4,4,5,4,milk cleanser,ceramide moisturizer,centella serum,spf50 matte,benzoyl peroxide,skincare_datasets.xlsx::Recommendations|skincare_recommendations_dataset.csv,1) Cleanser: milk cleanser | 2) Serum: centella serum | 3) Moisturizer: ceramide moisturizer | 4) SPF: spf50 matte,1) Cleanser: milk cleanser | 2) Treatment: benzoyl peroxide | 3) Moisturizer: ceramide moisturizer
RTN0001499,REC0001499,oily,4,5,0,1,gentle foam cleanser,soothing moisturizer,niacinamide serum,spf50,chemical exfoliation,skincare_datasets.xlsx::Recommendations|skincare_recommendations_dataset.csv,1) Cleanser: gentle foam cleanser | 2) Serum: niacinamide serum | 3) Moisturizer: soothing moisturizer | 4) SPF: spf50,1) Cleanser: gentle foam cleanser | 2) Treatment: chemical exfoliation | 3) Moisturizer: soothing moisturizer
RTN0001500,REC0001500,oily,4,5,0,1,hydrating cleanser,ceramide moisturizer,niacinamide serum,spf50,anti aging routine,skincare_datasets.xlsx::Recommendations|skincare_recommendations_dataset.csv,1) Cleanser: hydrating cleanser | 2) Serum: niacinamide serum | 3) Moisturizer: ceramide moisturizer | 4) SPF: spf50,1) Cleanser: hydrating cleanser | 2) Treatment: anti aging routine | 3) Moisturizer: ceramide moisturizer
RTN0001501,REC0001501,oily,4,5,0,2,salicylic acid cleanser,oil free gel moisturizer,vitamin c serum,mineral spf50,retinol treatment,skincare_datasets.xlsx::Recommendations|skincare_recommendations_dataset.csv,1) Cleanser: salicylic acid cleanser | 2) Serum: vitamin c serum | 3) Moisturizer: oil free gel moisturizer | 4) SPF: mineral spf50,1) Cleanser: salicylic acid cleanser | 2) Treatment: retinol treatment | 3) Moisturizer: oil free gel moisturizer
RTN0001502,REC0001502,oily,4,5,0,3,gentle foam cleanser,rich cream moisturizer,vitamin c serum,spf30,barrier repair,skincare_datasets.xlsx::Recommendations|skincare_recommendations_dataset.csv,1) Cleanser: gentle foam cleanser | 2) Serum: vitamin c serum | 3) Moisturizer: rich cream moisturizer | 4) SPF: spf30,1) Cleanser: gentle foam cleanser | 2) Treatment: barrier repair | 3) Moisturizer: rich cream moisturizer
RTN0001503,REC0001503,oily,4,5,0,3,hydrating cleanser,ceramide moisturizer,retinol serum,spf30,benzoyl peroxide,skincare_datasets.xlsx::Recommendations|skincare_recommendations_dataset.csv,1) Cleanser: hydrating cleanser | 2) Serum: retinol serum | 3) Moisturizer: ceramide moisturizer | 4) SPF: spf30,1) Cleanser: hydrating cleanser | 2) Treatment: benzoyl peroxide | 3) Moisturizer: ceramide moisturizer
RTN0001504,REC0001504,oily,4,5,0,4,gentle foam cleanser,ceramide moisturizer,hyaluronic acid serum,spf50 matte,hydrating mask,skincare_datasets.xlsx::Recommendations|skincare_recommendations_dataset.csv,1) Cleanser: gentle foam cleanser | 2) Serum: hyaluronic acid serum | 3) Moisturizer: ceramide moisturizer | 4) SPF: spf50 matte,1) Cleanser: gentle foam cleanser | 2) Treatment: hydrating mask | 3) Moisturizer: ceramide moisturizer
RTN0001505,REC0001505,oily,4,5,1,1,hydrating cleanser,oil free gel moisturizer,peptide serum,spf50,anti aging routine,skincare_datasets.xlsx::Recommendations|skincare_recommendations_dataset.csv,1) Cleanser: hydrating cleanser | 2) Serum: peptide serum | 3) Moisturizer: oil free gel moisturizer | 4) SPF: spf50,1) Cleanser: hydrating cleanser | 2) Treatment: anti aging routine | 3) Moisturizer: oil free gel moisturizer
RTN0001506,REC0001506,oily,4,5,1,2,acne control cleanser,oil free gel moisturizer,retinol serum,mineral spf50,chemical exfoliation,skincare_datasets.xlsx::Recommendations|skincare_recommendations_dataset.csv,1) Cleanser: acne control cleanser | 2) Serum: retinol serum | 3) Moisturizer: oil free gel moisturizer | 4) SPF: mineral spf50,1) Cleanser: acne control cleanser | 2) Treatment: chemical exfoliation | 3) Moisturizer: oil free gel moisturizer
RTN0001507,REC0001507,oily,4,5,3,0,acne control cleanser,soothing moisturizer,retinol serum,spf50 matte,calming treatment,skincare_datasets.xlsx::Recommendations|skincare_recommendations_dataset.csv,1) Cleanser: acne control cleanser | 2) Serum: retinol serum | 3) Moisturizer: soothing moisturizer | 4) SPF: spf50 matte,1) Cleanser: acne control cleanser | 2) Treatment: calming treatment | 3) Moisturizer: soothing moisturizer
RTN0001508,REC0001508,oily,4,5,3,0,hydrating cleanser,rich cream moisturizer,vitamin c serum,spf50,benzoyl peroxide,skincare_datasets.xlsx::Recommendations|skincare_recommendations_dataset.csv,1) Cleanser: hydrating cleanser | 2) Serum: vitamin c serum | 3) Moisturizer: rich cream moisturizer | 4) SPF: spf50,1) Cleanser: hydrating cleanser | 2) Treatment: benzoyl peroxide | 3) Moisturizer: rich cream moisturizer
RTN0001509,REC0001509,oily,4,5,3,4,milk cleanser,rich cream moisturizer,centella serum,spf50 matte,hydrating mask,skincare_datasets.xlsx::Recommendations|skincare_recommendations_dataset.csv,1) Cleanser: milk cleanser | 2) Serum: centella serum | 3) Moisturizer: rich cream moisturizer | 4) SPF: spf50 matte,1) Cleanser: milk cleanser | 2) Treatment: hydrating mask | 3) Moisturizer: rich cream moisturizer
RTN0001510,REC0001510,oily,4,5,4,0,acne control cleanser,light lotion moisturizer,niacinamide serum,mineral spf50,hydrating mask,skincare_datasets.xlsx::Recommendations|skincare_recommendations_dataset.csv,1) Cleanser: acne control cleanser | 2) Serum: niacinamide serum | 3) Moisturizer: light lotion moisturizer | 4) SPF: mineral spf50,1) Cleanser: acne control cleanser | 2) Treatment: hydrating mask | 3) Moisturizer: light lotion moisturizer
RTN0001511,REC0001511,oily,4,5,4,0,gentle foam cleanser,soothing moisturizer,centella serum,spf50,chemical exfoliation,skincare_datasets.xlsx::Recommendations|skincare_recommendations_dataset.csv,1) Cleanser: gentle foam cleanser | 2) Serum: centella serum | 3) Moisturizer: soothing moisturizer | 4) SPF: spf50,1) Cleanser: gentle foam cleanser | 2) Treatment: chemical exfoliation | 3) Moisturizer: soothing moisturizer
RTN0001512,REC0001512,oily,4,5,5,2,acne control cleanser,rich cream moisturizer,centella serum,spf30,chemical exfoliation,skincare_datasets.xlsx::Recommendations|skincare_recommendations_dataset.csv,1) Cleanser: acne control cleanser | 2) Serum: centella serum | 3) Moisturizer: rich cream moisturizer | 4) SPF: spf30,1) Cleanser: acne control cleanser | 2) Treatment: chemical exfoliation | 3) Moisturizer: rich cream moisturizer
RTN0001513,REC0001513,oily,5,0,0,1,acne control cleanser,light lotion moisturizer,retinol serum,spf50 matte,retinol treatment,skincare_datasets.xlsx::Recommendations|skincare_recommendations_dataset.csv,1) Cleanser: acne control cleanser | 2) Serum: retinol serum | 3) Moisturizer: light lotion moisturizer | 4) SPF: spf50 matte,1) Cleanser: acne control cleanser | 2) Treatment: retinol treatment | 3) Moisturizer: light lotion moisturizer
RTN0001514,REC0001514,oily,5,0,0,1,salicylic acid cleanser,light lotion moisturizer,retinol serum,spf50 matte,retinol treatment,skincare_datasets.xlsx::Recommendations|skincare_recommendations_dataset.csv,1) Cleanser: salicylic acid cleanser | 2) Serum: retinol serum | 3) Moisturizer: light lotion moisturizer | 4) SPF: spf50 matte,1) Cleanser: salicylic acid cleanser | 2) Treatment: retinol treatment | 3) Moisturizer: light lotion moisturizer
RTN0001515,REC0001515,oily,5,0,0,3,gentle foam cleanser,soothing moisturizer,centella serum,mineral spf50,calming treatment,skincare_datasets.xlsx::Recommendations|skincare_recommendations_dataset.csv,1) Cleanser: gentle foam cleanser | 2) Serum: centella serum | 3) Moisturizer: soothing moisturizer | 4) SPF: mineral spf50,1) Cleanser: gentle foam cleanser | 2) Treatment: calming treatment | 3) Moisturizer: soothing moisturizer
RTN0001516,REC0001516,oily,5,0,1,0,hydrating cleanser,rich cream moisturizer,vitamin c serum,spf50 matte,chemical exfoliation,skincare_datasets.xlsx::Recommendations|skincare_recommendations_dataset.csv,1) Cleanser: hydrating cleanser | 2) Serum: vitamin c serum | 3) Moisturizer: rich cream moisturizer | 4) SPF: spf50 matte,1) Cleanser: hydrating cleanser | 2) Treatment: chemical exfoliation | 3) Moisturizer: rich cream moisturizer
RTN0001517,REC0001517,oily,5,0,1,0,milk cleanser,ceramide moisturizer,niacinamide serum,spf30,chemical exfoliation,skincare_datasets.xlsx::Recommendations|skincare_recommendations_dataset.csv,1) Cleanser: milk cleanser | 2) Serum: niacinamide serum | 3) Moisturizer: ceramide moisturizer | 4) SPF: spf30,1) Cleanser: milk cleanser | 2) Treatment: chemical exfoliation | 3) Moisturizer: ceramide moisturizer
RTN0001518,REC0001518,oily,5,0,1,1,milk cleanser,ceramide moisturizer,retinol serum,spf50,benzoyl peroxide,skincare_datasets.xlsx::Recommendations|skincare_recommendations_dataset.csv,1) Cleanser: milk cleanser | 2) Serum: retinol serum | 3) Moisturizer: ceramide moisturizer | 4) SPF: spf50,1) Cleanser: milk cleanser | 2) Treatment: benzoyl peroxide | 3) Moisturizer: ceramide moisturizer
RTN0001519,REC0001519,oily,5,0,2,2,hydrating cleanser,light lotion moisturizer,centella serum,spf50,retinol treatment,skincare_datasets.xlsx::Recommendations|skincare_recommendations_dataset.csv,1) Cleanser: hydrating cleanser | 2) Serum: centella serum | 3) Moisturizer: light lotion moisturizer | 4) SPF: spf50,1) Cleanser: hydrating cleanser | 2) Treatment: retinol treatment | 3) Moisturizer: light lotion moisturizer
RTN0001520,REC0001520,oily,5,0,4,2,ultra gentle cleanser,oil free gel moisturizer,niacinamide serum,spf30,anti aging routine,skincare_datasets.xlsx::Recommendations|skincare_recommendations_dataset.csv,1) Cleanser: ultra gentle cleanser | 2) Serum: niacinamide serum | 3) Moisturizer: oil free gel moisturizer | 4) SPF: spf30,1) Cleanser: ultra gentle cleanser | 2) Treatment: anti aging routine | 3) Moisturizer: oil free gel moisturizer
RTN0001521,REC0001521,oily,5,1,0,1,acne control cleanser,light lotion moisturizer,peptide serum,spf50 matte,barrier repair,skincare_datasets.xlsx::Recommendations|skincare_recommendations_dataset.csv,1) Cleanser: acne control cleanser | 2) Serum: peptide serum | 3) Moisturizer: light lotion moisturizer | 4) SPF: spf50 matte,1) Cleanser: acne control cleanser | 2) Treatment: barrier repair | 3) Moisturizer: light lotion moisturizer
RTN0001522,REC0001522,oily,5,1,0,1,acne control cleanser,soothing moisturizer,retinol serum,spf50 matte,benzoyl peroxide,skincare_datasets.xlsx::Recommendations|skincare_recommendations_dataset.csv,1) Cleanser: acne control cleanser | 2) Serum: retinol serum | 3) Moisturizer: soothing moisturizer | 4) SPF: spf50 matte,1) Cleanser: acne control cleanser | 2) Treatment: benzoyl peroxide | 3) Moisturizer: soothing moisturizer
RTN0001523,REC0001523,oily,5,1,0,3,hydrating cleanser,rich cream moisturizer,niacinamide serum,mineral spf50,chemical exfoliation,skincare_datasets.xlsx::Recommendations|skincare_recommendations_dataset.csv,1) Cleanser: hydrating cleanser | 2) Serum: niacinamide serum | 3) Moisturizer: rich cream moisturizer | 4) SPF: mineral spf50,1) Cleanser: hydrating cleanser | 2) Treatment: chemical exfoliation | 3) Moisturizer: rich cream moisturizer
RTN0001524,REC0001524,oily,5,1,1,0,salicylic acid cleanser,soothing moisturizer,retinol serum,mineral spf50,anti aging routine,skincare_datasets.xlsx::Recommendations|skincare_recommendations_dataset.csv,1) Cleanser: salicylic acid cleanser | 2) Serum: retinol serum | 3) Moisturizer: soothing moisturizer | 4) SPF: mineral spf50,1) Cleanser: salicylic acid cleanser | 2) Treatment: anti aging routine | 3) Moisturizer: soothing moisturizer
RTN0001525,REC0001525,oily,5,1,1,1,salicylic acid cleanser,rich cream moisturizer,niacinamide serum,spf30,anti aging routine,skincare_datasets.xlsx::Recommendations|skincare_recommendations_dataset.csv,1) Cleanser: salicylic acid cleanser | 2) Serum: niacinamide serum | 3) Moisturizer: rich cream moisturizer | 4) SPF: spf30,1) Cleanser: salicylic acid cleanser | 2) Treatment: anti aging routine | 3) Moisturizer: rich cream moisturizer
RTN0001526,REC0001526,oily,5,1,1,3,hydrating cleanser,ceramide moisturizer,retinol serum,spf30,benzoyl peroxide,skincare_datasets.xlsx::Recommendations|skincare_recommendations_dataset.csv,1) Cleanser: hydrating cleanser | 2) Serum: retinol serum | 3) Moisturizer: ceramide moisturizer | 4) SPF: spf30,1) Cleanser: hydrating cleanser | 2) Treatment: benzoyl peroxide | 3) Moisturizer: ceramide moisturizer
RTN0001527,REC0001527,oily,5,1,2,4,ultra gentle cleanser,oil free gel moisturizer,centella serum,spf50 matte,chemical exfoliation,skincare_datasets.xlsx::Recommendations|skincare_recommendations_dataset.csv,1) Cleanser: ultra gentle cleanser | 2) Serum: centella serum | 3) Moisturizer: oil free gel moisturizer | 4) SPF: spf50 matte,1) Cleanser: ultra gentle cleanser | 2) Treatment: chemical exfoliation | 3) Moisturizer: oil free gel moisturizer
RTN0001528,REC0001528,oily,5,1,3,2,gentle foam cleanser,rich cream moisturizer,vitamin c serum,spf50,calming treatment,skincare_datasets.xlsx::Recommendations|skincare_recommendations_dataset.csv,1) Cleanser: gentle foam cleanser | 2) Serum: vitamin c serum | 3) Moisturizer: rich cream moisturizer | 4) SPF: spf50,1) Cleanser: gentle foam cleanser | 2) Treatment: calming treatment | 3) Moisturizer: rich cream moisturizer
RTN0001529,REC0001529,oily,5,1,3,2,salicylic acid cleanser,oil free gel moisturizer,peptide serum,spf50 matte,benzoyl peroxide,skincare_datasets.xlsx::Recommendations|skincare_recommendations_dataset.csv,1) Cleanser: salicylic acid cleanser | 2) Serum: peptide serum | 3) Moisturizer: oil free gel moisturizer | 4) SPF: spf50 matte,1) Cleanser: salicylic acid cleanser | 2) Treatment: benzoyl peroxide | 3) Moisturizer: oil free gel moisturizer
RTN0001530,REC0001530,oily,5,1,3,5,acne control cleanser,rich cream moisturizer,hyaluronic acid serum,spf50 matte,hydrating mask,skincare_datasets.xlsx::Recommendations|skincare_recommendations_dataset.csv,1) Cleanser: acne control cleanser | 2) Serum: hyaluronic acid serum | 3) Moisturizer: rich cream moisturizer | 4) SPF: spf50 matte,1) Cleanser: acne control cleanser | 2) Treatment: hydrating mask | 3) Moisturizer: rich cream moisturizer
RTN0001531,REC0001531,oily,5,1,4,0,hydrating cleanser,oil free gel moisturizer,retinol serum,spf50,anti aging routine,skincare_datasets.xlsx::Recommendations|skincare_recommendations_dataset.csv,1) Cleanser: hydrating cleanser | 2) Serum: retinol serum | 3) Moisturizer: oil free gel moisturizer | 4) SPF: spf50,1) Cleanser: hydrating cleanser | 2) Treatment: anti aging routine | 3) Moisturizer: oil free gel moisturizer
RTN0001532,REC0001532,oily,5,1,5,0,ultra gentle cleanser,light lotion moisturizer,peptide serum,spf30,barrier repair,skincare_datasets.xlsx::Recommendations|skincare_recommendations_dataset.csv,1) Cleanser: ultra gentle cleanser | 2) Serum: peptide serum | 3) Moisturizer: light lotion moisturizer | 4) SPF: spf30,1) Cleanser: ultra gentle cleanser | 2) Treatment: barrier repair | 3) Moisturizer: light lotion moisturizer
RTN0001533,REC0001533,oily,5,1,5,1,acne control cleanser,light lotion moisturizer,hyaluronic acid serum,spf30,hydrating mask,skincare_datasets.xlsx::Recommendations|skincare_recommendations_dataset.csv,1) Cleanser: acne control cleanser | 2) Serum: hyaluronic acid serum | 3) Moisturizer: light lotion moisturizer | 4) SPF: spf30,1) Cleanser: acne control cleanser | 2) Treatment: hydrating mask | 3) Moisturizer: light lotion moisturizer
RTN0001534,REC0001534,oily,5,1,5,1,salicylic acid cleanser,rich cream moisturizer,niacinamide serum,spf30,hydrating mask,skincare_datasets.xlsx::Recommendations|skincare_recommendations_dataset.csv,1) Cleanser: salicylic acid cleanser | 2) Serum: niacinamide serum | 3) Moisturizer: rich cream moisturizer | 4) SPF: spf30,1) Cleanser: salicylic acid cleanser | 2) Treatment: hydrating mask | 3) Moisturizer: rich cream moisturizer
RTN0001535,REC0001535,oily,5,1,5,4,acne control cleanser,light lotion moisturizer,hyaluronic acid serum,spf50 matte,hydrating mask,skincare_datasets.xlsx::Recommendations|skincare_recommendations_dataset.csv,1) Cleanser: acne control cleanser | 2) Serum: hyaluronic acid serum | 3) Moisturizer: light lotion moisturizer | 4) SPF: spf50 matte,1) Cleanser: acne control cleanser | 2) Treatment: hydrating mask | 3) Moisturizer: light lotion moisturizer
RTN0001536,REC0001536,oily,5,1,5,4,ultra gentle cleanser,ceramide moisturizer,hyaluronic acid serum,spf50 matte,chemical exfoliation,skincare_datasets.xlsx::Recommendations|skincare_recommendations_dataset.csv,1) Cleanser: ultra gentle cleanser | 2) Serum: hyaluronic acid serum | 3) Moisturizer: ceramide moisturizer | 4) SPF: spf50 matte,1) Cleanser: ultra gentle cleanser | 2) Treatment: chemical exfoliation | 3) Moisturizer: ceramide moisturizer
RTN0001537,REC0001537,oily,5,1,5,5,milk cleanser,ceramide moisturizer,niacinamide serum,spf30,anti aging routine,skincare_datasets.xlsx::Recommendations|skincare_recommendations_dataset.csv,1) Cleanser: milk cleanser | 2) Serum: niacinamide serum | 3) Moisturizer: ceramide moisturizer | 4) SPF: spf30,1) Cleanser: milk cleanser | 2) Treatment: anti aging routine | 3) Moisturizer: ceramide moisturizer
RTN0001538,REC0001538,oily,5,2,1,4,ultra gentle cleanser,rich cream moisturizer,vitamin c serum,spf50,chemical exfoliation,skincare_datasets.xlsx::Recommendations|skincare_recommendations_dataset.csv,1) Cleanser: ultra gentle cleanser | 2) Serum: vitamin c serum | 3) Moisturizer: rich cream moisturizer | 4) SPF: spf50,1) Cleanser: ultra gentle cleanser | 2) Treatment: chemical exfoliation | 3) Moisturizer: rich cream moisturizer
RTN0001539,REC0001539,oily,5,2,2,2,hydrating cleanser,oil free gel moisturizer,centella serum,spf50 matte,calming treatment,skincare_datasets.xlsx::Recommendations|skincare_recommendations_dataset.csv,1) Cleanser: hydrating cleanser | 2) Serum: centella serum | 3) Moisturizer: oil free gel moisturizer | 4) SPF: spf50 matte,1) Cleanser: hydrating cleanser | 2) Treatment: calming treatment | 3) Moisturizer: oil free gel moisturizer
RTN0001540,REC0001540,oily,5,2,2,4,ultra gentle cleanser,oil free gel moisturizer,niacinamide serum,spf50,retinol treatment,skincare_datasets.xlsx::Recommendations|skincare_recommendations_dataset.csv,1) Cleanser: ultra gentle cleanser | 2) Serum: niacinamide serum | 3) Moisturizer: oil free gel moisturizer | 4) SPF: spf50,1) Cleanser: ultra gentle cleanser | 2) Treatment: retinol treatment | 3) Moisturizer: oil free gel moisturizer
RTN0001541,REC0001541,oily,5,2,3,4,milk cleanser,soothing moisturizer,vitamin c serum,spf50 matte,benzoyl peroxide,skincare_datasets.xlsx::Recommendations|skincare_recommendations_dataset.csv,1) Cleanser: milk cleanser | 2) Serum: vitamin c serum | 3) Moisturizer: soothing moisturizer | 4) SPF: spf50 matte,1) Cleanser: milk cleanser | 2) Treatment: benzoyl peroxide | 3) Moisturizer: soothing moisturizer
RTN0001542,REC0001542,oily,5,2,3,4,salicylic acid cleanser,soothing moisturizer,centella serum,spf50 matte,hydrating mask,skincare_datasets.xlsx::Recommendations|skincare_recommendations_dataset.csv,1) Cleanser: salicylic acid cleanser | 2) Serum: centella serum | 3) Moisturizer: soothing moisturizer | 4) SPF: spf50 matte,1) Cleanser: salicylic acid cleanser | 2) Treatment: hydrating mask | 3) Moisturizer: soothing moisturizer
RTN0001543,REC0001543,oily,5,2,5,2,hydrating cleanser,oil free gel moisturizer,peptide serum,mineral spf50,retinol treatment,skincare_datasets.xlsx::Recommendations|skincare_recommendations_dataset.csv,1) Cleanser: hydrating cleanser | 2) Serum: peptide serum | 3) Moisturizer: oil free gel moisturizer | 4) SPF: mineral spf50,1) Cleanser: hydrating cleanser | 2) Treatment: retinol treatment | 3) Moisturizer: oil free gel moisturizer
RTN0001544,REC0001544,oily,5,3,0,0,ultra gentle cleanser,ceramide moisturizer,hyaluronic acid serum,spf30,retinol treatment,skincare_datasets.xlsx::Recommendations|skincare_recommendations_dataset.csv,1) Cleanser: ultra gentle cleanser | 2) Serum: hyaluronic acid serum | 3) Moisturizer: ceramide moisturizer | 4) SPF: spf30,1) Cleanser: ultra gentle cleanser | 2) Treatment: retinol treatment | 3) Moisturizer: ceramide moisturizer
RTN0001545,REC0001545,oily,5,3,0,4,hydrating cleanser,ceramide moisturizer,vitamin c serum,spf50 matte,retinol treatment,skincare_datasets.xlsx::Recommendations|skincare_recommendations_dataset.csv,1) Cleanser: hydrating cleanser | 2) Serum: vitamin c serum | 3) Moisturizer: ceramide moisturizer | 4) SPF: spf50 matte,1) Cleanser: hydrating cleanser | 2) Treatment: retinol treatment | 3) Moisturizer: ceramide moisturizer
RTN0001546,REC0001546,oily,5,3,2,1,milk cleanser,light lotion moisturizer,vitamin c serum,spf30,barrier repair,skincare_datasets.xlsx::Recommendations|skincare_recommendations_dataset.csv,1) Cleanser: milk cleanser | 2) Serum: vitamin c serum | 3) Moisturizer: light lotion moisturizer | 4) SPF: spf30,1) Cleanser: milk cleanser | 2) Treatment: barrier repair | 3) Moisturizer: light lotion moisturizer
RTN0001547,REC0001547,oily,5,3,2,5,milk cleanser,ceramide moisturizer,peptide serum,spf50 matte,chemical exfoliation,skincare_datasets.xlsx::Recommendations|skincare_recommendations_dataset.csv,1) Cleanser: milk cleanser | 2) Serum: peptide serum | 3) Moisturizer: ceramide moisturizer | 4) SPF: spf50 matte,1) Cleanser: milk cleanser | 2) Treatment: chemical exfoliation | 3) Moisturizer: ceramide moisturizer
RTN0001548,REC0001548,oily,5,3,3,0,ultra gentle cleanser,oil free gel moisturizer,retinol serum,mineral spf50,retinol treatment,skincare_datasets.xlsx::Recommendations|skincare_recommendations_dataset.csv,1) Cleanser: ultra gentle cleanser | 2) Serum: retinol serum | 3) Moisturizer: oil free gel moisturizer | 4) SPF: mineral spf50,1) Cleanser: ultra gentle cleanser | 2) Treatment: retinol treatment | 3) Moisturizer: oil free gel moisturizer
RTN0001549,REC0001549,oily,5,3,3,2,ultra gentle cleanser,light lotion moisturizer,peptide serum,spf50 matte,barrier repair,skincare_datasets.xlsx::Recommendations|skincare_recommendations_dataset.csv,1) Cleanser: ultra gentle cleanser | 2) Serum: peptide serum | 3) Moisturizer: light lotion moisturizer | 4) SPF: spf50 matte,1) Cleanser: ultra gentle cleanser | 2) Treatment: barrier repair | 3) Moisturizer: light lotion moisturizer
RTN0001550,REC0001550,oily,5,3,3,3,salicylic acid cleanser,oil free gel moisturizer,peptide serum,spf50,retinol treatment,skincare_datasets.xlsx::Recommendations|skincare_recommendations_dataset.csv,1) Cleanser: salicylic acid cleanser | 2) Serum: peptide serum | 3) Moisturizer: oil free gel moisturizer | 4) SPF: spf50,1) Cleanser: salicylic acid cleanser | 2) Treatment: retinol treatment | 3) Moisturizer: oil free gel moisturizer
RTN0001551,REC0001551,oily,5,3,4,5,hydrating cleanser,light lotion moisturizer,centella serum,spf50,benzoyl peroxide,skincare_datasets.xlsx::Recommendations|skincare_recommendations_dataset.csv,1) Cleanser: hydrating cleanser | 2) Serum: centella serum | 3) Moisturizer: light lotion moisturizer | 4) SPF: spf50,1) Cleanser: hydrating cleanser | 2) Treatment: benzoyl peroxide | 3) Moisturizer: light lotion moisturizer
RTN0001552,REC0001552,oily,5,3,5,0,hydrating cleanser,ceramide moisturizer,centella serum,spf50 matte,hydrating mask,skincare_datasets.xlsx::Recommendations|skincare_recommendations_dataset.csv,1) Cleanser: hydrating cleanser | 2) Serum: centella serum | 3) Moisturizer: ceramide moisturizer | 4) SPF: spf50 matte,1) Cleanser: hydrating cleanser | 2) Treatment: hydrating mask | 3) Moisturizer: ceramide moisturizer
RTN0001553,REC0001553,oily,5,3,5,2,ultra gentle cleanser,oil free gel moisturizer,centella serum,spf50,barrier repair,skincare_datasets.xlsx::Recommendations|skincare_recommendations_dataset.csv,1) Cleanser: ultra gentle cleanser | 2) Serum: centella serum | 3) Moisturizer: oil free gel moisturizer | 4) SPF: spf50,1) Cleanser: ultra gentle cleanser | 2) Treatment: barrier repair | 3) Moisturizer: oil free gel moisturizer
RTN0001554,REC0001554,oily,5,4,0,1,ultra gentle cleanser,soothing moisturizer,hyaluronic acid serum,mineral spf50,chemical exfoliation,skincare_datasets.xlsx::Recommendations|skincare_recommendations_dataset.csv,1) Cleanser: ultra gentle cleanser | 2) Serum: hyaluronic acid serum | 3) Moisturizer: soothing moisturizer | 4) SPF: mineral spf50,1) Cleanser: ultra gentle cleanser | 2) Treatment: chemical exfoliation | 3) Moisturizer: soothing moisturizer
RTN0001555,REC0001555,oily,5,4,1,1,hydrating cleanser,ceramide moisturizer,peptide serum,spf50 matte,anti aging routine,skincare_datasets.xlsx::Recommendations|skincare_recommendations_dataset.csv,1) Cleanser: hydrating cleanser | 2) Serum: peptide serum | 3) Moisturizer: ceramide moisturizer | 4) SPF: spf50 matte,1) Cleanser: hydrating cleanser | 2) Treatment: anti aging routine | 3) Moisturizer: ceramide moisturizer
RTN0001556,REC0001556,oily,5,4,1,2,gentle foam cleanser,light lotion moisturizer,retinol serum,spf30,barrier repair,skincare_datasets.xlsx::Recommendations|skincare_recommendations_dataset.csv,1) Cleanser: gentle foam cleanser | 2) Serum: retinol serum | 3) Moisturizer: light lotion moisturizer | 4) SPF: spf30,1) Cleanser: gentle foam cleanser | 2) Treatment: barrier repair | 3) Moisturizer: light lotion moisturizer
RTN0001557,REC0001557,oily,5,4,1,3,hydrating cleanser,ceramide moisturizer,niacinamide serum,spf50,hydrating mask,skincare_datasets.xlsx::Recommendations|skincare_recommendations_dataset.csv,1) Cleanser: hydrating cleanser | 2) Serum: niacinamide serum | 3) Moisturizer: ceramide moisturizer | 4) SPF: spf50,1) Cleanser: hydrating cleanser | 2) Treatment: hydrating mask | 3) Moisturizer: ceramide moisturizer
RTN0001558,REC0001558,oily,5,4,1,4,hydrating cleanser,ceramide moisturizer,niacinamide serum,spf30,benzoyl peroxide,skincare_datasets.xlsx::Recommendations|skincare_recommendations_dataset.csv,1) Cleanser: hydrating cleanser | 2) Serum: niacinamide serum | 3) Moisturizer: ceramide moisturizer | 4) SPF: spf30,1) Cleanser: hydrating cleanser | 2) Treatment: benzoyl peroxide | 3) Moisturizer: ceramide moisturizer
RTN0001559,REC0001559,oily,5,4,2,2,hydrating cleanser,rich cream moisturizer,retinol serum,mineral spf50,calming treatment,skincare_datasets.xlsx::Recommendations|skincare_recommendations_dataset.csv,1) Cleanser: hydrating cleanser | 2) Serum: retinol serum | 3) Moisturizer: rich cream moisturizer | 4) SPF: mineral spf50,1) Cleanser: hydrating cleanser | 2) Treatment: calming treatment | 3) Moisturizer: rich cream moisturizer
RTN0001560,REC0001560,oily,5,4,2,3,gentle foam cleanser,oil free gel moisturizer,peptide serum,mineral spf50,hydrating mask,skincare_datasets.xlsx::Recommendations|skincare_recommendations_dataset.csv,1) Cleanser: gentle foam cleanser | 2) Serum: peptide serum | 3) Moisturizer: oil free gel moisturizer | 4) SPF: mineral spf50,1) Cleanser: gentle foam cleanser | 2) Treatment: hydrating mask | 3) Moisturizer: oil free gel moisturizer
RTN0001561,REC0001561,oily,5,4,2,3,gentle foam cleanser,soothing moisturizer,hyaluronic acid serum,mineral spf50,barrier repair,skincare_datasets.xlsx::Recommendations|skincare_recommendations_dataset.csv,1) Cleanser: gentle foam cleanser | 2) Serum: hyaluronic acid serum | 3) Moisturizer: soothing moisturizer | 4) SPF: mineral spf50,1) Cleanser: gentle foam cleanser | 2) Treatment: barrier repair | 3) Moisturizer: soothing moisturizer
RTN0001562,REC0001562,oily,5,4,2,3,ultra gentle cleanser,light lotion moisturizer,hyaluronic acid serum,spf50,barrier repair,skincare_datasets.xlsx::Recommendations|skincare_recommendations_dataset.csv,1) Cleanser: ultra gentle cleanser | 2) Serum: hyaluronic acid serum | 3) Moisturizer: light lotion moisturizer | 4) SPF: spf50,1) Cleanser: ultra gentle cleanser | 2) Treatment: barrier repair | 3) Moisturizer: light lotion moisturizer
RTN0001563,REC0001563,oily,5,4,4,3,gentle foam cleanser,oil free gel moisturizer,centella serum,spf50,hydrating mask,skincare_datasets.xlsx::Recommendations|skincare_recommendations_dataset.csv,1) Cleanser: gentle foam cleanser | 2) Serum: centella serum | 3) Moisturizer: oil free gel moisturizer | 4) SPF: spf50,1) Cleanser: gentle foam cleanser | 2) Treatment: hydrating mask | 3) Moisturizer: oil free gel moisturizer
RTN0001564,REC0001564,oily,5,4,4,3,ultra gentle cleanser,soothing moisturizer,hyaluronic acid serum,spf50 matte,retinol treatment,skincare_datasets.xlsx::Recommendations|skincare_recommendations_dataset.csv,1) Cleanser: ultra gentle cleanser | 2) Serum: hyaluronic acid serum | 3) Moisturizer: soothing moisturizer | 4) SPF: spf50 matte,1) Cleanser: ultra gentle cleanser | 2) Treatment: retinol treatment | 3) Moisturizer: soothing moisturizer
RTN0001565,REC0001565,oily,5,4,5,5,milk cleanser,light lotion moisturizer,peptide serum,spf50 matte,hydrating mask,skincare_datasets.xlsx::Recommendations|skincare_recommendations_dataset.csv,1) Cleanser: milk cleanser | 2) Serum: peptide serum | 3) Moisturizer: light lotion moisturizer | 4) SPF: spf50 matte,1) Cleanser: milk cleanser | 2) Treatment: hydrating mask | 3) Moisturizer: light lotion moisturizer
RTN0001566,REC0001566,oily,5,5,0,1,gentle foam cleanser,light lotion moisturizer,niacinamide serum,spf30,retinol treatment,skincare_datasets.xlsx::Recommendations|skincare_recommendations_dataset.csv,1) Cleanser: gentle foam cleanser | 2) Serum: niacinamide serum | 3) Moisturizer: light lotion moisturizer | 4) SPF: spf30,1) Cleanser: gentle foam cleanser | 2) Treatment: retinol treatment | 3) Moisturizer: light lotion moisturizer
RTN0001567,REC0001567,oily,5,5,0,4,acne control cleanser,light lotion moisturizer,vitamin c serum,spf50 matte,retinol treatment,skincare_datasets.xlsx::Recommendations|skincare_recommendations_dataset.csv,1) Cleanser: acne control cleanser | 2) Serum: vitamin c serum | 3) Moisturizer: light lotion moisturizer | 4) SPF: spf50 matte,1) Cleanser: acne control cleanser | 2) Treatment: retinol treatment | 3) Moisturizer: light lotion moisturizer
RTN0001568,REC0001568,oily,5,5,1,0,hydrating cleanser,soothing moisturizer,retinol serum,spf50,benzoyl peroxide,skincare_datasets.xlsx::Recommendations|skincare_recommendations_dataset.csv,1) Cleanser: hydrating cleanser | 2) Serum: retinol serum | 3) Moisturizer: soothing moisturizer | 4) SPF: spf50,1) Cleanser: hydrating cleanser | 2) Treatment: benzoyl peroxide | 3) Moisturizer: soothing moisturizer
RTN0001569,REC0001569,oily,5,5,1,2,salicylic acid cleanser,oil free gel moisturizer,peptide serum,mineral spf50,benzoyl peroxide,skincare_datasets.xlsx::Recommendations|skincare_recommendations_dataset.csv,1) Cleanser: salicylic acid cleanser | 2) Serum: peptide serum | 3) Moisturizer: oil free gel moisturizer | 4) SPF: mineral spf50,1) Cleanser: salicylic acid cleanser | 2) Treatment: benzoyl peroxide | 3) Moisturizer: oil free gel moisturizer
RTN0001570,REC0001570,oily,5,5,1,4,milk cleanser,oil free gel moisturizer,centella serum,mineral spf50,hydrating mask,skincare_datasets.xlsx::Recommendations|skincare_recommendations_dataset.csv,1) Cleanser: milk cleanser | 2) Serum: centella serum | 3) Moisturizer: oil free gel moisturizer | 4) SPF: mineral spf50,1) Cleanser: milk cleanser | 2) Treatment: hydrating mask | 3) Moisturizer: oil free gel moisturizer
RTN0001571,REC0001571,oily,5,5,2,0,ultra gentle cleanser,rich cream moisturizer,niacinamide serum,spf30,benzoyl peroxide,skincare_datasets.xlsx::Recommendations|skincare_recommendations_dataset.csv,1) Cleanser: ultra gentle cleanser | 2) Serum: niacinamide serum | 3) Moisturizer: rich cream moisturizer | 4) SPF: spf30,1) Cleanser: ultra gentle cleanser | 2) Treatment: benzoyl peroxide | 3) Moisturizer: rich cream moisturizer
RTN0001572,REC0001572,oily,5,5,2,2,hydrating cleanser,rich cream moisturizer,vitamin c serum,spf50,chemical exfoliation,skincare_datasets.xlsx::Recommendations|skincare_recommendations_dataset.csv,1) Cleanser: hydrating cleanser | 2) Serum: vitamin c serum | 3) Moisturizer: rich cream moisturizer | 4) SPF: spf50,1) Cleanser: hydrating cleanser | 2) Treatment: chemical exfoliation | 3) Moisturizer: rich cream moisturizer
RTN0001573,REC0001573,oily,5,5,2,5,gentle foam cleanser,soothing moisturizer,peptide serum,spf50,anti aging routine,skincare_datasets.xlsx::Recommendations|skincare_recommendations_dataset.csv,1) Cleanser: gentle foam cleanser | 2) Serum: peptide serum | 3) Moisturizer: soothing moisturizer | 4) SPF: spf50,1) Cleanser: gentle foam cleanser | 2) Treatment: anti aging routine | 3) Moisturizer: soothing moisturizer
RTN0001574,REC0001574,oily,5,5,3,2,salicylic acid cleanser,ceramide moisturizer,niacinamide serum,mineral spf50,calming treatment,skincare_datasets.xlsx::Recommendations|skincare_recommendations_dataset.csv,1) Cleanser: salicylic acid cleanser | 2) Serum: niacinamide serum | 3) Moisturizer: ceramide moisturizer | 4) SPF: mineral spf50,1) Cleanser: salicylic acid cleanser | 2) Treatment: calming treatment | 3) Moisturizer: ceramide moisturizer
RTN0001575,REC0001575,oily,5,5,4,3,gentle foam cleanser,rich cream moisturizer,centella serum,mineral spf50,barrier repair,skincare_datasets.xlsx::Recommendations|skincare_recommendations_dataset.csv,1) Cleanser: gentle foam cleanser | 2) Serum: centella serum | 3) Moisturizer: rich cream moisturizer | 4) SPF: mineral spf50,1) Cleanser: gentle foam cleanser | 2) Treatment: barrier repair | 3) Moisturizer: rich cream moisturizer
RTN0001576,REC0001576,oily,5,5,4,3,milk cleanser,light lotion moisturizer,hyaluronic acid serum,mineral spf50,chemical exfoliation,skincare_datasets.xlsx::Recommendations|skincare_recommendations_dataset.csv,1) Cleanser: milk cleanser | 2) Serum: hyaluronic acid serum | 3) Moisturizer: light lotion moisturizer | 4) SPF: mineral spf50,1) Cleanser: milk cleanser | 2) Treatment: chemical exfoliation | 3) Moisturizer: light lotion moisturizer
RTN0001577,REC0001577,sensitive,0,0,0,1,ultra gentle cleanser,ceramide moisturizer,vitamin c serum,spf50,retinol treatment,skincare_datasets.xlsx::Recommendations|skincare_recommendations_dataset.csv,1) Cleanser: ultra gentle cleanser | 2) Serum: vitamin c serum | 3) Moisturizer: ceramide moisturizer | 4) SPF: spf50,1) Cleanser: ultra gentle cleanser | 2) Treatment: retinol treatment | 3) Moisturizer: ceramide moisturizer
RTN0001578,REC0001578,sensitive,0,0,0,3,hydrating cleanser,soothing moisturizer,retinol serum,spf50 matte,barrier repair,skincare_datasets.xlsx::Recommendations|skincare_recommendations_dataset.csv,1) Cleanser: hydrating cleanser | 2) Serum: retinol serum | 3) Moisturizer: soothing moisturizer | 4) SPF: spf50 matte,1) Cleanser: hydrating cleanser | 2) Treatment: barrier repair | 3) Moisturizer: soothing moisturizer
RTN0001579,REC0001579,sensitive,0,0,1,4,milk cleanser,soothing moisturizer,niacinamide serum,spf30,calming treatment,skincare_datasets.xlsx::Recommendations|skincare_recommendations_dataset.csv,1) Cleanser: milk cleanser | 2) Serum: niacinamide serum | 3) Moisturizer: soothing moisturizer | 4) SPF: spf30,1) Cleanser: milk cleanser | 2) Treatment: calming treatment | 3) Moisturizer: soothing moisturizer
RTN0001580,REC0001580,sensitive,0,0,3,0,salicylic acid cleanser,ceramide moisturizer,peptide serum,spf50 matte,anti aging routine,skincare_datasets.xlsx::Recommendations|skincare_recommendations_dataset.csv,1) Cleanser: salicylic acid cleanser | 2) Serum: peptide serum | 3) Moisturizer: ceramide moisturizer | 4) SPF: spf50 matte,1) Cleanser: salicylic acid cleanser | 2) Treatment: anti aging routine | 3) Moisturizer: ceramide moisturizer
RTN0001581,REC0001581,sensitive,0,0,3,2,acne control cleanser,rich cream moisturizer,retinol serum,spf30,barrier repair,skincare_datasets.xlsx::Recommendations|skincare_recommendations_dataset.csv,1) Cleanser: acne control cleanser | 2) Serum: retinol serum | 3) Moisturizer: rich cream moisturizer | 4) SPF: spf30,1) Cleanser: acne control cleanser | 2) Treatment: barrier repair | 3) Moisturizer: rich cream moisturizer
RTN0001582,REC0001582,sensitive,0,0,3,3,milk cleanser,ceramide moisturizer,hyaluronic acid serum,spf50,retinol treatment,skincare_datasets.xlsx::Recommendations|skincare_recommendations_dataset.csv,1) Cleanser: milk cleanser | 2) Serum: hyaluronic acid serum | 3) Moisturizer: ceramide moisturizer | 4) SPF: spf50,1) Cleanser: milk cleanser | 2) Treatment: retinol treatment | 3) Moisturizer: ceramide moisturizer
RTN0001583,REC0001583,sensitive,0,0,3,4,ultra gentle cleanser,rich cream moisturizer,hyaluronic acid serum,mineral spf50,anti aging routine,skincare_datasets.xlsx::Recommendations|skincare_recommendations_dataset.csv,1) Cleanser: ultra gentle cleanser | 2) Serum: hyaluronic acid serum | 3) Moisturizer: rich cream moisturizer | 4) SPF: mineral spf50,1) Cleanser: ultra gentle cleanser | 2) Treatment: anti aging routine | 3) Moisturizer: rich cream moisturizer
RTN0001584,REC0001584,sensitive,0,0,3,5,acne control cleanser,oil free gel moisturizer,niacinamide serum,spf50 matte,anti aging routine,skincare_datasets.xlsx::Recommendations|skincare_recommendations_dataset.csv,1) Cleanser: acne control cleanser | 2) Serum: niacinamide serum | 3) Moisturizer: oil free gel moisturizer | 4) SPF: spf50 matte,1) Cleanser: acne control cleanser | 2) Treatment: anti aging routine | 3) Moisturizer: oil free gel moisturizer
RTN0001585,REC0001585,sensitive,0,0,4,5,ultra gentle cleanser,oil free gel moisturizer,niacinamide serum,spf50 matte,calming treatment,skincare_datasets.xlsx::Recommendations|skincare_recommendations_dataset.csv,1) Cleanser: ultra gentle cleanser | 2) Serum: niacinamide serum | 3) Moisturizer: oil free gel moisturizer | 4) SPF: spf50 matte,1) Cleanser: ultra gentle cleanser | 2) Treatment: calming treatment | 3) Moisturizer: oil free gel moisturizer
RTN0001586,REC0001586,sensitive,0,0,5,1,acne control cleanser,ceramide moisturizer,centella serum,spf50,anti aging routine,skincare_datasets.xlsx::Recommendations|skincare_recommendations_dataset.csv,1) Cleanser: acne control cleanser | 2) Serum: centella serum | 3) Moisturizer: ceramide moisturizer | 4) SPF: spf50,1) Cleanser: acne control cleanser | 2) Treatment: anti aging routine | 3) Moisturizer: ceramide moisturizer
RTN0001587,REC0001587,sensitive,0,1,0,0,gentle foam cleanser,light lotion moisturizer,peptide serum,mineral spf50,calming treatment,skincare_datasets.xlsx::Recommendations|skincare_recommendations_dataset.csv,1) Cleanser: gentle foam cleanser | 2) Serum: peptide serum | 3) Moisturizer: light lotion moisturizer | 4) SPF: mineral spf50,1) Cleanser: gentle foam cleanser | 2) Treatment: calming treatment | 3) Moisturizer: light lotion moisturizer
RTN0001588,REC0001588,sensitive,0,1,0,2,ultra gentle cleanser,rich cream moisturizer,centella serum,spf30,benzoyl peroxide,skincare_datasets.xlsx::Recommendations|skincare_recommendations_dataset.csv,1) Cleanser: ultra gentle cleanser | 2) Serum: centella serum | 3) Moisturizer: rich cream moisturizer | 4) SPF: spf30,1) Cleanser: ultra gentle cleanser | 2) Treatment: benzoyl peroxide | 3) Moisturizer: rich cream moisturizer
RTN0001589,REC0001589,sensitive,0,1,0,3,salicylic acid cleanser,soothing moisturizer,retinol serum,spf50,hydrating mask,skincare_datasets.xlsx::Recommendations|skincare_recommendations_dataset.csv,1) Cleanser: salicylic acid cleanser | 2) Serum: retinol serum | 3) Moisturizer: soothing moisturizer | 4) SPF: spf50,1) Cleanser: salicylic acid cleanser | 2) Treatment: hydrating mask | 3) Moisturizer: soothing moisturizer
RTN0001590,REC0001590,sensitive,0,1,0,4,acne control cleanser,light lotion moisturizer,retinol serum,spf30,calming treatment,skincare_datasets.xlsx::Recommendations|skincare_recommendations_dataset.csv,1) Cleanser: acne control cleanser | 2) Serum: retinol serum | 3) Moisturizer: light lotion moisturizer | 4) SPF: spf30,1) Cleanser: acne control cleanser | 2) Treatment: calming treatment | 3) Moisturizer: light lotion moisturizer
RTN0001591,REC0001591,sensitive,0,1,0,4,gentle foam cleanser,oil free gel moisturizer,niacinamide serum,mineral spf50,chemical exfoliation,skincare_datasets.xlsx::Recommendations|skincare_recommendations_dataset.csv,1) Cleanser: gentle foam cleanser | 2) Serum: niacinamide serum | 3) Moisturizer: oil free gel moisturizer | 4) SPF: mineral spf50,1) Cleanser: gentle foam cleanser | 2) Treatment: chemical exfoliation | 3) Moisturizer: oil free gel moisturizer
RTN0001592,REC0001592,sensitive,0,1,1,5,ultra gentle cleanser,light lotion moisturizer,hyaluronic acid serum,spf30,retinol treatment,skincare_datasets.xlsx::Recommendations|skincare_recommendations_dataset.csv,1) Cleanser: ultra gentle cleanser | 2) Serum: hyaluronic acid serum | 3) Moisturizer: light lotion moisturizer | 4) SPF: spf30,1) Cleanser: ultra gentle cleanser | 2) Treatment: retinol treatment | 3) Moisturizer: light lotion moisturizer
RTN0001593,REC0001593,sensitive,0,1,4,3,gentle foam cleanser,oil free gel moisturizer,hyaluronic acid serum,spf30,anti aging routine,skincare_datasets.xlsx::Recommendations|skincare_recommendations_dataset.csv,1) Cleanser: gentle foam cleanser | 2) Serum: hyaluronic acid serum | 3) Moisturizer: oil free gel moisturizer | 4) SPF: spf30,1) Cleanser: gentle foam cleanser | 2) Treatment: anti aging routine | 3) Moisturizer: oil free gel moisturizer
RTN0001594,REC0001594,sensitive,0,1,5,0,acne control cleanser,oil free gel moisturizer,vitamin c serum,spf50 matte,retinol treatment,skincare_datasets.xlsx::Recommendations|skincare_recommendations_dataset.csv,1) Cleanser: acne control cleanser | 2) Serum: vitamin c serum | 3) Moisturizer: oil free gel moisturizer | 4) SPF: spf50 matte,1) Cleanser: acne control cleanser | 2) Treatment: retinol treatment | 3) Moisturizer: oil free gel moisturizer
RTN0001595,REC0001595,sensitive,0,1,5,5,gentle foam cleanser,rich cream moisturizer,vitamin c serum,mineral spf50,anti aging routine,skincare_datasets.xlsx::Recommendations|skincare_recommendations_dataset.csv,1) Cleanser: gentle foam cleanser | 2) Serum: vitamin c serum | 3) Moisturizer: rich cream moisturizer | 4) SPF: mineral spf50,1) Cleanser: gentle foam cleanser | 2) Treatment: anti aging routine | 3) Moisturizer: rich cream moisturizer
RTN0001596,REC0001596,sensitive,0,2,0,0,acne control cleanser,oil free gel moisturizer,hyaluronic acid serum,spf50,retinol treatment,skincare_datasets.xlsx::Recommendations|skincare_recommendations_dataset.csv,1) Cleanser: acne control cleanser | 2) Serum: hyaluronic acid serum | 3) Moisturizer: oil free gel moisturizer | 4) SPF: spf50,1) Cleanser: acne control cleanser | 2) Treatment: retinol treatment | 3) Moisturizer: oil free gel moisturizer
RTN0001597,REC0001597,sensitive,0,2,0,1,milk cleanser,rich cream moisturizer,retinol serum,spf30,retinol treatment,skincare_datasets.xlsx::Recommendations|skincare_recommendations_dataset.csv,1) Cleanser: milk cleanser | 2) Serum: retinol serum | 3) Moisturizer: rich cream moisturizer | 4) SPF: spf30,1) Cleanser: milk cleanser | 2) Treatment: retinol treatment | 3) Moisturizer: rich cream moisturizer
RTN0001598,REC0001598,sensitive,0,2,0,4,milk cleanser,light lotion moisturizer,vitamin c serum,spf50 matte,barrier repair,skincare_datasets.xlsx::Recommendations|skincare_recommendations_dataset.csv,1) Cleanser: milk cleanser | 2) Serum: vitamin c serum | 3) Moisturizer: light lotion moisturizer | 4) SPF: spf50 matte,1) Cleanser: milk cleanser | 2) Treatment: barrier repair | 3) Moisturizer: light lotion moisturizer
RTN0001599,REC0001599,sensitive,0,2,1,1,salicylic acid cleanser,rich cream moisturizer,hyaluronic acid serum,spf50 matte,retinol treatment,skincare_datasets.xlsx::Recommendations|skincare_recommendations_dataset.csv,1) Cleanser: salicylic acid cleanser | 2) Serum: hyaluronic acid serum | 3) Moisturizer: rich cream moisturizer | 4) SPF: spf50 matte,1) Cleanser: salicylic acid cleanser | 2) Treatment: retinol treatment | 3) Moisturizer: rich cream moisturizer
RTN0001600,REC0001600,sensitive,0,2,1,5,gentle foam cleanser,rich cream moisturizer,hyaluronic acid serum,spf50,benzoyl peroxide,skincare_datasets.xlsx::Recommendations|skincare_recommendations_dataset.csv,1) Cleanser: gentle foam cleanser | 2) Serum: hyaluronic acid serum | 3) Moisturizer: rich cream moisturizer | 4) SPF: spf50,1) Cleanser: gentle foam cleanser | 2) Treatment: benzoyl peroxide | 3) Moisturizer: rich cream moisturizer
RTN0001601,REC0001601,sensitive,0,2,1,5,salicylic acid cleanser,light lotion moisturizer,vitamin c serum,spf50 matte,benzoyl peroxide,skincare_datasets.xlsx::Recommendations|skincare_recommendations_dataset.csv,1) Cleanser: salicylic acid cleanser | 2) Serum: vitamin c serum | 3) Moisturizer: light lotion moisturizer | 4) SPF: spf50 matte,1) Cleanser: salicylic acid cleanser | 2) Treatment: benzoyl peroxide | 3) Moisturizer: light lotion moisturizer
RTN0001602,REC0001602,sensitive,0,2,3,0,milk cleanser,oil free gel moisturizer,peptide serum,spf30,chemical exfoliation,skincare_datasets.xlsx::Recommendations|skincare_recommendations_dataset.csv,1) Cleanser: milk cleanser | 2) Serum: peptide serum | 3) Moisturizer: oil free gel moisturizer | 4) SPF: spf30,1) Cleanser: milk cleanser | 2) Treatment: chemical exfoliation | 3) Moisturizer: oil free gel moisturizer
RTN0001603,REC0001603,sensitive,0,2,4,5,salicylic acid cleanser,light lotion moisturizer,centella serum,spf30,barrier repair,skincare_datasets.xlsx::Recommendations|skincare_recommendations_dataset.csv,1) Cleanser: salicylic acid cleanser | 2) Serum: centella serum | 3) Moisturizer: light lotion moisturizer | 4) SPF: spf30,1) Cleanser: salicylic acid cleanser | 2) Treatment: barrier repair | 3) Moisturizer: light lotion moisturizer
RTN0001604,REC0001604,sensitive,0,2,5,2,ultra gentle cleanser,ceramide moisturizer,vitamin c serum,mineral spf50,benzoyl peroxide,skincare_datasets.xlsx::Recommendations|skincare_recommendations_dataset.csv,1) Cleanser: ultra gentle cleanser | 2) Serum: vitamin c serum | 3) Moisturizer: ceramide moisturizer | 4) SPF: mineral spf50,1) Cleanser: ultra gentle cleanser | 2) Treatment: benzoyl peroxide | 3) Moisturizer: ceramide moisturizer
RTN0001605,REC0001605,sensitive,0,3,0,2,gentle foam cleanser,rich cream moisturizer,vitamin c serum,spf50,hydrating mask,skincare_datasets.xlsx::Recommendations|skincare_recommendations_dataset.csv,1) Cleanser: gentle foam cleanser | 2) Serum: vitamin c serum | 3) Moisturizer: rich cream moisturizer | 4) SPF: spf50,1) Cleanser: gentle foam cleanser | 2) Treatment: hydrating mask | 3) Moisturizer: rich cream moisturizer
RTN0001606,REC0001606,sensitive,0,3,0,2,ultra gentle cleanser,ceramide moisturizer,centella serum,spf30,hydrating mask,skincare_datasets.xlsx::Recommendations|skincare_recommendations_dataset.csv,1) Cleanser: ultra gentle cleanser | 2) Serum: centella serum | 3) Moisturizer: ceramide moisturizer | 4) SPF: spf30,1) Cleanser: ultra gentle cleanser | 2) Treatment: hydrating mask | 3) Moisturizer: ceramide moisturizer
RTN0001607,REC0001607,sensitive,0,3,1,1,acne control cleanser,soothing moisturizer,centella serum,spf50,hydrating mask,skincare_datasets.xlsx::Recommendations|skincare_recommendations_dataset.csv,1) Cleanser: acne control cleanser | 2) Serum: centella serum | 3) Moisturizer: soothing moisturizer | 4) SPF: spf50,1) Cleanser: acne control cleanser | 2) Treatment: hydrating mask | 3) Moisturizer: soothing moisturizer
RTN0001608,REC0001608,sensitive,0,3,1,1,gentle foam cleanser,light lotion moisturizer,centella serum,spf50 matte,chemical exfoliation,skincare_datasets.xlsx::Recommendations|skincare_recommendations_dataset.csv,1) Cleanser: gentle foam cleanser | 2) Serum: centella serum | 3) Moisturizer: light lotion moisturizer | 4) SPF: spf50 matte,1) Cleanser: gentle foam cleanser | 2) Treatment: chemical exfoliation | 3) Moisturizer: light lotion moisturizer
RTN0001609,REC0001609,sensitive,0,3,1,1,hydrating cleanser,oil free gel moisturizer,centella serum,spf50,hydrating mask,skincare_datasets.xlsx::Recommendations|skincare_recommendations_dataset.csv,1) Cleanser: hydrating cleanser | 2) Serum: centella serum | 3) Moisturizer: oil free gel moisturizer | 4) SPF: spf50,1) Cleanser: hydrating cleanser | 2) Treatment: hydrating mask | 3) Moisturizer: oil free gel moisturizer
RTN0001610,REC0001610,sensitive,0,3,1,2,salicylic acid cleanser,light lotion moisturizer,hyaluronic acid serum,mineral spf50,retinol treatment,skincare_datasets.xlsx::Recommendations|skincare_recommendations_dataset.csv,1) Cleanser: salicylic acid cleanser | 2) Serum: hyaluronic acid serum | 3) Moisturizer: light lotion moisturizer | 4) SPF: mineral spf50,1) Cleanser: salicylic acid cleanser | 2) Treatment: retinol treatment | 3) Moisturizer: light lotion moisturizer
RTN0001611,REC0001611,sensitive,0,3,2,2,salicylic acid cleanser,oil free gel moisturizer,centella serum,mineral spf50,retinol treatment,skincare_datasets.xlsx::Recommendations|skincare_recommendations_dataset.csv,1) Cleanser: salicylic acid cleanser | 2) Serum: centella serum | 3) Moisturizer: oil free gel moisturizer | 4) SPF: mineral spf50,1) Cleanser: salicylic acid cleanser | 2) Treatment: retinol treatment | 3) Moisturizer: oil free gel moisturizer
RTN0001612,REC0001612,sensitive,0,3,2,2,ultra gentle cleanser,oil free gel moisturizer,peptide serum,spf50,barrier repair,skincare_datasets.xlsx::Recommendations|skincare_recommendations_dataset.csv,1) Cleanser: ultra gentle cleanser | 2) Serum: peptide serum | 3) Moisturizer: oil free gel moisturizer | 4) SPF: spf50,1) Cleanser: ultra gentle cleanser | 2) Treatment: barrier repair | 3) Moisturizer: oil free gel moisturizer
RTN0001613,REC0001613,sensitive,0,3,2,3,acne control cleanser,oil free gel moisturizer,hyaluronic acid serum,mineral spf50,chemical exfoliation,skincare_datasets.xlsx::Recommendations|skincare_recommendations_dataset.csv,1) Cleanser: acne control cleanser | 2) Serum: hyaluronic acid serum | 3) Moisturizer: oil free gel moisturizer | 4) SPF: mineral spf50,1) Cleanser: acne control cleanser | 2) Treatment: chemical exfoliation | 3) Moisturizer: oil free gel moisturizer
RTN0001614,REC0001614,sensitive,0,3,2,5,milk cleanser,light lotion moisturizer,hyaluronic acid serum,spf50,calming treatment,skincare_datasets.xlsx::Recommendations|skincare_recommendations_dataset.csv,1) Cleanser: milk cleanser | 2) Serum: hyaluronic acid serum | 3) Moisturizer: light lotion moisturizer | 4) SPF: spf50,1) Cleanser: milk cleanser | 2) Treatment: calming treatment | 3) Moisturizer: light lotion moisturizer
RTN0001615,REC0001615,sensitive,0,3,2,5,ultra gentle cleanser,oil free gel moisturizer,peptide serum,spf30,benzoyl peroxide,skincare_datasets.xlsx::Recommendations|skincare_recommendations_dataset.csv,1) Cleanser: ultra gentle cleanser | 2) Serum: peptide serum | 3) Moisturizer: oil free gel moisturizer | 4) SPF: spf30,1) Cleanser: ultra gentle cleanser | 2) Treatment: benzoyl peroxide | 3) Moisturizer: oil free gel moisturizer
RTN0001616,REC0001616,sensitive,0,3,3,3,ultra gentle cleanser,ceramide moisturizer,vitamin c serum,spf50 matte,anti aging routine,skincare_datasets.xlsx::Recommendations|skincare_recommendations_dataset.csv,1) Cleanser: ultra gentle cleanser | 2) Serum: vitamin c serum | 3) Moisturizer: ceramide moisturizer | 4) SPF: spf50 matte,1) Cleanser: ultra gentle cleanser | 2) Treatment: anti aging routine | 3) Moisturizer: ceramide moisturizer
RTN0001617,REC0001617,sensitive,0,3,4,1,acne control cleanser,light lotion moisturizer,retinol serum,mineral spf50,barrier repair,skincare_datasets.xlsx::Recommendations|skincare_recommendations_dataset.csv,1) Cleanser: acne control cleanser | 2) Serum: retinol serum | 3) Moisturizer: light lotion moisturizer | 4) SPF: mineral spf50,1) Cleanser: acne control cleanser | 2) Treatment: barrier repair | 3) Moisturizer: light lotion moisturizer
RTN0001618,REC0001618,sensitive,0,3,5,3,milk cleanser,soothing moisturizer,centella serum,spf30,barrier repair,skincare_datasets.xlsx::Recommendations|skincare_recommendations_dataset.csv,1) Cleanser: milk cleanser | 2) Serum: centella serum | 3) Moisturizer: soothing moisturizer | 4) SPF: spf30,1) Cleanser: milk cleanser | 2) Treatment: barrier repair | 3) Moisturizer: soothing moisturizer
RTN0001619,REC0001619,sensitive,0,4,0,3,acne control cleanser,soothing moisturizer,centella serum,spf30,barrier repair,skincare_datasets.xlsx::Recommendations|skincare_recommendations_dataset.csv,1) Cleanser: acne control cleanser | 2) Serum: centella serum | 3) Moisturizer: soothing moisturizer | 4) SPF: spf30,1) Cleanser: acne control cleanser | 2) Treatment: barrier repair | 3) Moisturizer: soothing moisturizer
RTN0001620,REC0001620,sensitive,0,4,1,0,acne control cleanser,oil free gel moisturizer,hyaluronic acid serum,mineral spf50,chemical exfoliation,skincare_datasets.xlsx::Recommendations|skincare_recommendations_dataset.csv,1) Cleanser: acne control cleanser | 2) Serum: hyaluronic acid serum | 3) Moisturizer: oil free gel moisturizer | 4) SPF: mineral spf50,1) Cleanser: acne control cleanser | 2) Treatment: chemical exfoliation | 3) Moisturizer: oil free gel moisturizer
RTN0001621,REC0001621,sensitive,0,4,1,0,milk cleanser,light lotion moisturizer,centella serum,spf50 matte,benzoyl peroxide,skincare_datasets.xlsx::Recommendations|skincare_recommendations_dataset.csv,1) Cleanser: milk cleanser | 2) Serum: centella serum | 3) Moisturizer: light lotion moisturizer | 4) SPF: spf50 matte,1) Cleanser: milk cleanser | 2) Treatment: benzoyl peroxide | 3) Moisturizer: light lotion moisturizer
RTN0001622,REC0001622,sensitive,0,4,1,1,acne control cleanser,soothing moisturizer,peptide serum,spf50,hydrating mask,skincare_datasets.xlsx::Recommendations|skincare_recommendations_dataset.csv,1) Cleanser: acne control cleanser | 2) Serum: peptide serum | 3) Moisturizer: soothing moisturizer | 4) SPF: spf50,1) Cleanser: acne control cleanser | 2) Treatment: hydrating mask | 3) Moisturizer: soothing moisturizer
RTN0001623,REC0001623,sensitive,0,4,1,2,milk cleanser,light lotion moisturizer,hyaluronic acid serum,spf50 matte,barrier repair,skincare_datasets.xlsx::Recommendations|skincare_recommendations_dataset.csv,1) Cleanser: milk cleanser | 2) Serum: hyaluronic acid serum | 3) Moisturizer: light lotion moisturizer | 4) SPF: spf50 matte,1) Cleanser: milk cleanser | 2) Treatment: barrier repair | 3) Moisturizer: light lotion moisturizer
RTN0001624,REC0001624,sensitive,0,4,5,3,acne control cleanser,light lotion moisturizer,retinol serum,mineral spf50,calming treatment,skincare_datasets.xlsx::Recommendations|skincare_recommendations_dataset.csv,1) Cleanser: acne control cleanser | 2) Serum: retinol serum | 3) Moisturizer: light lotion moisturizer | 4) SPF: mineral spf50,1) Cleanser: acne control cleanser | 2) Treatment: calming treatment | 3) Moisturizer: light lotion moisturizer
RTN0001625,REC0001625,sensitive,0,4,5,4,acne control cleanser,rich cream moisturizer,centella serum,mineral spf50,retinol treatment,skincare_datasets.xlsx::Recommendations|skincare_recommendations_dataset.csv,1) Cleanser: acne control cleanser | 2) Serum: centella serum | 3) Moisturizer: rich cream moisturizer | 4) SPF: mineral spf50,1) Cleanser: acne control cleanser | 2) Treatment: retinol treatment | 3) Moisturizer: rich cream moisturizer
RTN0001626,REC0001626,sensitive,0,4,5,5,acne control cleanser,oil free gel moisturizer,peptide serum,mineral spf50,anti aging routine,skincare_datasets.xlsx::Recommendations|skincare_recommendations_dataset.csv,1) Cleanser: acne control cleanser | 2) Serum: peptide serum | 3) Moisturizer: oil free gel moisturizer | 4) SPF: mineral spf50,1) Cleanser: acne control cleanser | 2) Treatment: anti aging routine | 3) Moisturizer: oil free gel moisturizer
RTN0001627,REC0001627,sensitive,0,5,1,2,salicylic acid cleanser,oil free gel moisturizer,vitamin c serum,spf30,chemical exfoliation,skincare_datasets.xlsx::Recommendations|skincare_recommendations_dataset.csv,1) Cleanser: salicylic acid cleanser | 2) Serum: vitamin c serum | 3) Moisturizer: oil free gel moisturizer | 4) SPF: spf30,1) Cleanser: salicylic acid cleanser | 2) Treatment: chemical exfoliation | 3) Moisturizer: oil free gel moisturizer
RTN0001628,REC0001628,sensitive,0,5,1,2,salicylic acid cleanser,soothing moisturizer,niacinamide serum,spf50 matte,calming treatment,skincare_datasets.xlsx::Recommendations|skincare_recommendations_dataset.csv,1) Cleanser: salicylic acid cleanser | 2) Serum: niacinamide serum | 3) Moisturizer: soothing moisturizer | 4) SPF: spf50 matte,1) Cleanser: salicylic acid cleanser | 2) Treatment: calming treatment | 3) Moisturizer: soothing moisturizer
RTN0001629,REC0001629,sensitive,0,5,1,2,ultra gentle cleanser,rich cream moisturizer,vitamin c serum,mineral spf50,hydrating mask,skincare_datasets.xlsx::Recommendations|skincare_recommendations_dataset.csv,1) Cleanser: ultra gentle cleanser | 2) Serum: vitamin c serum | 3) Moisturizer: rich cream moisturizer | 4) SPF: mineral spf50,1) Cleanser: ultra gentle cleanser | 2) Treatment: hydrating mask | 3) Moisturizer: rich cream moisturizer
RTN0001630,REC0001630,sensitive,0,5,1,5,hydrating cleanser,ceramide moisturizer,centella serum,spf50 matte,barrier repair,skincare_datasets.xlsx::Recommendations|skincare_recommendations_dataset.csv,1) Cleanser: hydrating cleanser | 2) Serum: centella serum | 3) Moisturizer: ceramide moisturizer | 4) SPF: spf50 matte,1) Cleanser: hydrating cleanser | 2) Treatment: barrier repair | 3) Moisturizer: ceramide moisturizer
RTN0001631,REC0001631,sensitive,0,5,1,5,milk cleanser,rich cream moisturizer,peptide serum,spf50,benzoyl peroxide,skincare_datasets.xlsx::Recommendations|skincare_recommendations_dataset.csv,1) Cleanser: milk cleanser | 2) Serum: peptide serum | 3) Moisturizer: rich cream moisturizer | 4) SPF: spf50,1) Cleanser: milk cleanser | 2) Treatment: benzoyl peroxide | 3) Moisturizer: rich cream moisturizer
RTN0001632,REC0001632,sensitive,0,5,2,0,milk cleanser,rich cream moisturizer,retinol serum,spf30,barrier repair,skincare_datasets.xlsx::Recommendations|skincare_recommendations_dataset.csv,1) Cleanser: milk cleanser | 2) Serum: retinol serum | 3) Moisturizer: rich cream moisturizer | 4) SPF: spf30,1) Cleanser: milk cleanser | 2) Treatment: barrier repair | 3) Moisturizer: rich cream moisturizer
RTN0001633,REC0001633,sensitive,0,5,2,3,gentle foam cleanser,ceramide moisturizer,centella serum,mineral spf50,barrier repair,skincare_datasets.xlsx::Recommendations|skincare_recommendations_dataset.csv,1) Cleanser: gentle foam cleanser | 2) Serum: centella serum | 3) Moisturizer: ceramide moisturizer | 4) SPF: mineral spf50,1) Cleanser: gentle foam cleanser | 2) Treatment: barrier repair | 3) Moisturizer: ceramide moisturizer
RTN0001634,REC0001634,sensitive,0,5,2,4,acne control cleanser,ceramide moisturizer,niacinamide serum,mineral spf50,hydrating mask,skincare_datasets.xlsx::Recommendations|skincare_recommendations_dataset.csv,1) Cleanser: acne control cleanser | 2) Serum: niacinamide serum | 3) Moisturizer: ceramide moisturizer | 4) SPF: mineral spf50,1) Cleanser: acne control cleanser | 2) Treatment: hydrating mask | 3) Moisturizer: ceramide moisturizer
RTN0001635,REC0001635,sensitive,0,5,2,4,gentle foam cleanser,ceramide moisturizer,vitamin c serum,spf30,chemical exfoliation,skincare_datasets.xlsx::Recommendations|skincare_recommendations_dataset.csv,1) Cleanser: gentle foam cleanser | 2) Serum: vitamin c serum | 3) Moisturizer: ceramide moisturizer | 4) SPF: spf30,1) Cleanser: gentle foam cleanser | 2) Treatment: chemical exfoliation | 3) Moisturizer: ceramide moisturizer
RTN0001636,REC0001636,sensitive,0,5,3,3,acne control cleanser,soothing moisturizer,vitamin c serum,spf50,chemical exfoliation,skincare_datasets.xlsx::Recommendations|skincare_recommendations_dataset.csv,1) Cleanser: acne control cleanser | 2) Serum: vitamin c serum | 3) Moisturizer: soothing moisturizer | 4) SPF: spf50,1) Cleanser: acne control cleanser | 2) Treatment: chemical exfoliation | 3) Moisturizer: soothing moisturizer
RTN0001637,REC0001637,sensitive,0,5,3,5,acne control cleanser,oil free gel moisturizer,niacinamide serum,mineral spf50,anti aging routine,skincare_datasets.xlsx::Recommendations|skincare_recommendations_dataset.csv,1) Cleanser: acne control cleanser | 2) Serum: niacinamide serum | 3) Moisturizer: oil free gel moisturizer | 4) SPF: mineral spf50,1) Cleanser: acne control cleanser | 2) Treatment: anti aging routine | 3) Moisturizer: oil free gel moisturizer
RTN0001638,REC0001638,sensitive,0,5,4,0,acne control cleanser,oil free gel moisturizer,centella serum,spf50 matte,anti aging routine,skincare_datasets.xlsx::Recommendations|skincare_recommendations_dataset.csv,1) Cleanser: acne control cleanser | 2) Serum: centella serum | 3) Moisturizer: oil free gel moisturizer | 4) SPF: spf50 matte,1) Cleanser: acne control cleanser | 2) Treatment: anti aging routine | 3) Moisturizer: oil free gel moisturizer
RTN0001639,REC0001639,sensitive,0,5,5,2,salicylic acid cleanser,oil free gel moisturizer,centella serum,spf50 matte,benzoyl peroxide,skincare_datasets.xlsx::Recommendations|skincare_recommendations_dataset.csv,1) Cleanser: salicylic acid cleanser | 2) Serum: centella serum | 3) Moisturizer: oil free gel moisturizer | 4) SPF: spf50 matte,1) Cleanser: salicylic acid cleanser | 2) Treatment: benzoyl peroxide | 3) Moisturizer: oil free gel moisturizer
RTN0001640,REC0001640,sensitive,0,5,5,4,salicylic acid cleanser,oil free gel moisturizer,hyaluronic acid serum,mineral spf50,calming treatment,skincare_datasets.xlsx::Recommendations|skincare_recommendations_dataset.csv,1) Cleanser: salicylic acid cleanser | 2) Serum: hyaluronic acid serum | 3) Moisturizer: oil free gel moisturizer | 4) SPF: mineral spf50,1) Cleanser: salicylic acid cleanser | 2) Treatment: calming treatment | 3) Moisturizer: oil free gel moisturizer
RTN0001641,REC0001641,sensitive,1,0,0,2,gentle foam cleanser,soothing moisturizer,vitamin c serum,mineral spf50,barrier repair,skincare_datasets.xlsx::Recommendations|skincare_recommendations_dataset.csv,1) Cleanser: gentle foam cleanser | 2) Serum: vitamin c serum | 3) Moisturizer: soothing moisturizer | 4) SPF: mineral spf50,1) Cleanser: gentle foam cleanser | 2) Treatment: barrier repair | 3) Moisturizer: soothing moisturizer
RTN0001642,REC0001642,sensitive,1,0,0,4,gentle foam cleanser,soothing moisturizer,vitamin c serum,spf50 matte,calming treatment,skincare_datasets.xlsx::Recommendations|skincare_recommendations_dataset.csv,1) Cleanser: gentle foam cleanser | 2) Serum: vitamin c serum | 3) Moisturizer: soothing moisturizer | 4) SPF: spf50 matte,1) Cleanser: gentle foam cleanser | 2) Treatment: calming treatment | 3) Moisturizer: soothing moisturizer
RTN0001643,REC0001643,sensitive,1,0,0,5,hydrating cleanser,rich cream moisturizer,vitamin c serum,spf30,retinol treatment,skincare_datasets.xlsx::Recommendations|skincare_recommendations_dataset.csv,1) Cleanser: hydrating cleanser | 2) Serum: vitamin c serum | 3) Moisturizer: rich cream moisturizer | 4) SPF: spf30,1) Cleanser: hydrating cleanser | 2) Treatment: retinol treatment | 3) Moisturizer: rich cream moisturizer
RTN0001644,REC0001644,sensitive,1,0,1,5,gentle foam cleanser,oil free gel moisturizer,peptide serum,spf50 matte,calming treatment,skincare_datasets.xlsx::Recommendations|skincare_recommendations_dataset.csv,1) Cleanser: gentle foam cleanser | 2) Serum: peptide serum | 3) Moisturizer: oil free gel moisturizer | 4) SPF: spf50 matte,1) Cleanser: gentle foam cleanser | 2) Treatment: calming treatment | 3) Moisturizer: oil free gel moisturizer
RTN0001645,REC0001645,sensitive,1,0,2,0,milk cleanser,light lotion moisturizer,niacinamide serum,spf30,anti aging routine,skincare_datasets.xlsx::Recommendations|skincare_recommendations_dataset.csv,1) Cleanser: milk cleanser | 2) Serum: niacinamide serum | 3) Moisturizer: light lotion moisturizer | 4) SPF: spf30,1) Cleanser: milk cleanser | 2) Treatment: anti aging routine | 3) Moisturizer: light lotion moisturizer
RTN0001646,REC0001646,sensitive,1,0,2,2,gentle foam cleanser,soothing moisturizer,niacinamide serum,spf30,chemical exfoliation,skincare_datasets.xlsx::Recommendations|skincare_recommendations_dataset.csv,1) Cleanser: gentle foam cleanser | 2) Serum: niacinamide serum | 3) Moisturizer: soothing moisturizer | 4) SPF: spf30,1) Cleanser: gentle foam cleanser | 2) Treatment: chemical exfoliation | 3) Moisturizer: soothing moisturizer
RTN0001647,REC0001647,sensitive,1,0,2,5,milk cleanser,soothing moisturizer,retinol serum,spf50,retinol treatment,skincare_datasets.xlsx::Recommendations|skincare_recommendations_dataset.csv,1) Cleanser: milk cleanser | 2) Serum: retinol serum | 3) Moisturizer: soothing moisturizer | 4) SPF: spf50,1) Cleanser: milk cleanser | 2) Treatment: retinol treatment | 3) Moisturizer: soothing moisturizer
RTN0001648,REC0001648,sensitive,1,0,3,5,hydrating cleanser,soothing moisturizer,centella serum,mineral spf50,chemical exfoliation,skincare_datasets.xlsx::Recommendations|skincare_recommendations_dataset.csv,1) Cleanser: hydrating cleanser | 2) Serum: centella serum | 3) Moisturizer: soothing moisturizer | 4) SPF: mineral spf50,1) Cleanser: hydrating cleanser | 2) Treatment: chemical exfoliation | 3) Moisturizer: soothing moisturizer
RTN0001649,REC0001649,sensitive,1,0,4,1,ultra gentle cleanser,light lotion moisturizer,centella serum,mineral spf50,anti aging routine,skincare_datasets.xlsx::Recommendations|skincare_recommendations_dataset.csv,1) Cleanser: ultra gentle cleanser | 2) Serum: centella serum | 3) Moisturizer: light lotion moisturizer | 4) SPF: mineral spf50,1) Cleanser: ultra gentle cleanser | 2) Treatment: anti aging routine | 3) Moisturizer: light lotion moisturizer
RTN0001650,REC0001650,sensitive,1,1,0,2,salicylic acid cleanser,ceramide moisturizer,retinol serum,spf30,calming treatment,skincare_datasets.xlsx::Recommendations|skincare_recommendations_dataset.csv,1) Cleanser: salicylic acid cleanser | 2) Serum: retinol serum | 3) Moisturizer: ceramide moisturizer | 4) SPF: spf30,1) Cleanser: salicylic acid cleanser | 2) Treatment: calming treatment | 3) Moisturizer: ceramide moisturizer
RTN0001651,REC0001651,sensitive,1,1,1,2,acne control cleanser,oil free gel moisturizer,centella serum,spf30,anti aging routine,skincare_datasets.xlsx::Recommendations|skincare_recommendations_dataset.csv,1) Cleanser: acne control cleanser | 2) Serum: centella serum | 3) Moisturizer: oil free gel moisturizer | 4) SPF: spf30,1) Cleanser: acne control cleanser | 2) Treatment: anti aging routine | 3) Moisturizer: oil free gel moisturizer
RTN0001652,REC0001652,sensitive,1,1,2,3,hydrating cleanser,ceramide moisturizer,niacinamide serum,mineral spf50,barrier repair,skincare_datasets.xlsx::Recommendations|skincare_recommendations_dataset.csv,1) Cleanser: hydrating cleanser | 2) Serum: niacinamide serum | 3) Moisturizer: ceramide moisturizer | 4) SPF: mineral spf50,1) Cleanser: hydrating cleanser | 2) Treatment: barrier repair | 3) Moisturizer: ceramide moisturizer
RTN0001653,REC0001653,sensitive,1,1,2,4,ultra gentle cleanser,oil free gel moisturizer,vitamin c serum,spf30,hydrating mask,skincare_datasets.xlsx::Recommendations|skincare_recommendations_dataset.csv,1) Cleanser: ultra gentle cleanser | 2) Serum: vitamin c serum | 3) Moisturizer: oil free gel moisturizer | 4) SPF: spf30,1) Cleanser: ultra gentle cleanser | 2) Treatment: hydrating mask | 3) Moisturizer: oil free gel moisturizer
RTN0001654,REC0001654,sensitive,1,1,3,0,hydrating cleanser,rich cream moisturizer,retinol serum,spf30,chemical exfoliation,skincare_datasets.xlsx::Recommendations|skincare_recommendations_dataset.csv,1) Cleanser: hydrating cleanser | 2) Serum: retinol serum | 3) Moisturizer: rich cream moisturizer | 4) SPF: spf30,1) Cleanser: hydrating cleanser | 2) Treatment: chemical exfoliation | 3) Moisturizer: rich cream moisturizer
RTN0001655,REC0001655,sensitive,1,1,3,1,hydrating cleanser,soothing moisturizer,vitamin c serum,mineral spf50,barrier repair,skincare_datasets.xlsx::Recommendations|skincare_recommendations_dataset.csv,1) Cleanser: hydrating cleanser | 2) Serum: vitamin c serum | 3) Moisturizer: soothing moisturizer | 4) SPF: mineral spf50,1) Cleanser: hydrating cleanser | 2) Treatment: barrier repair | 3) Moisturizer: soothing moisturizer
RTN0001656,REC0001656,sensitive,1,1,3,1,milk cleanser,rich cream moisturizer,vitamin c serum,spf50,barrier repair,skincare_datasets.xlsx::Recommendations|skincare_recommendations_dataset.csv,1) Cleanser: milk cleanser | 2) Serum: vitamin c serum | 3) Moisturizer: rich cream moisturizer | 4) SPF: spf50,1) Cleanser: milk cleanser | 2) Treatment: barrier repair | 3) Moisturizer: rich cream moisturizer
RTN0001657,REC0001657,sensitive,1,1,3,2,hydrating cleanser,soothing moisturizer,vitamin c serum,spf50,retinol treatment,skincare_datasets.xlsx::Recommendations|skincare_recommendations_dataset.csv,1) Cleanser: hydrating cleanser | 2) Serum: vitamin c serum | 3) Moisturizer: soothing moisturizer | 4) SPF: spf50,1) Cleanser: hydrating cleanser | 2) Treatment: retinol treatment | 3) Moisturizer: soothing moisturizer
RTN0001658,REC0001658,sensitive,1,1,4,0,salicylic acid cleanser,oil free gel moisturizer,peptide serum,spf50 matte,hydrating mask,skincare_datasets.xlsx::Recommendations|skincare_recommendations_dataset.csv,1) Cleanser: salicylic acid cleanser | 2) Serum: peptide serum | 3) Moisturizer: oil free gel moisturizer | 4) SPF: spf50 matte,1) Cleanser: salicylic acid cleanser | 2) Treatment: hydrating mask | 3) Moisturizer: oil free gel moisturizer
RTN0001659,REC0001659,sensitive,1,1,4,3,gentle foam cleanser,rich cream moisturizer,vitamin c serum,mineral spf50,anti aging routine,skincare_datasets.xlsx::Recommendations|skincare_recommendations_dataset.csv,1) Cleanser: gentle foam cleanser | 2) Serum: vitamin c serum | 3) Moisturizer: rich cream moisturizer | 4) SPF: mineral spf50,1) Cleanser: gentle foam cleanser | 2) Treatment: anti aging routine | 3) Moisturizer: rich cream moisturizer
RTN0001660,REC0001660,sensitive,1,1,4,3,hydrating cleanser,soothing moisturizer,vitamin c serum,mineral spf50,barrier repair,skincare_datasets.xlsx::Recommendations|skincare_recommendations_dataset.csv,1) Cleanser: hydrating cleanser | 2) Serum: vitamin c serum | 3) Moisturizer: soothing moisturizer | 4) SPF: mineral spf50,1) Cleanser: hydrating cleanser | 2) Treatment: barrier repair | 3) Moisturizer: soothing moisturizer
RTN0001661,REC0001661,sensitive,1,1,5,1,acne control cleanser,oil free gel moisturizer,centella serum,spf30,barrier repair,skincare_datasets.xlsx::Recommendations|skincare_recommendations_dataset.csv,1) Cleanser: acne control cleanser | 2) Serum: centella serum | 3) Moisturizer: oil free gel moisturizer | 4) SPF: spf30,1) Cleanser: acne control cleanser | 2) Treatment: barrier repair | 3) Moisturizer: oil free gel moisturizer
RTN0001662,REC0001662,sensitive,1,2,0,1,milk cleanser,rich cream moisturizer,vitamin c serum,spf50,calming treatment,skincare_datasets.xlsx::Recommendations|skincare_recommendations_dataset.csv,1) Cleanser: milk cleanser | 2) Serum: vitamin c serum | 3) Moisturizer: rich cream moisturizer | 4) SPF: spf50,1) Cleanser: milk cleanser | 2) Treatment: calming treatment | 3) Moisturizer: rich cream moisturizer
RTN0001663,REC0001663,sensitive,1,2,0,2,acne control cleanser,ceramide moisturizer,peptide serum,spf30,hydrating mask,skincare_datasets.xlsx::Recommendations|skincare_recommendations_dataset.csv,1) Cleanser: acne control cleanser | 2) Serum: peptide serum | 3) Moisturizer: ceramide moisturizer | 4) SPF: spf30,1) Cleanser: acne control cleanser | 2) Treatment: hydrating mask | 3) Moisturizer: ceramide moisturizer
RTN0001664,REC0001664,sensitive,1,2,0,2,salicylic acid cleanser,oil free gel moisturizer,peptide serum,mineral spf50,retinol treatment,skincare_datasets.xlsx::Recommendations|skincare_recommendations_dataset.csv,1) Cleanser: salicylic acid cleanser | 2) Serum: peptide serum | 3) Moisturizer: oil free gel moisturizer | 4) SPF: mineral spf50,1) Cleanser: salicylic acid cleanser | 2) Treatment: retinol treatment | 3) Moisturizer: oil free gel moisturizer
RTN0001665,REC0001665,sensitive,1,2,0,2,ultra gentle cleanser,oil free gel moisturizer,retinol serum,spf50 matte,barrier repair,skincare_datasets.xlsx::Recommendations|skincare_recommendations_dataset.csv,1) Cleanser: ultra gentle cleanser | 2) Serum: retinol serum | 3) Moisturizer: oil free gel moisturizer | 4) SPF: spf50 matte,1) Cleanser: ultra gentle cleanser | 2) Treatment: barrier repair | 3) Moisturizer: oil free gel moisturizer
RTN0001666,REC0001666,sensitive,1,2,0,4,gentle foam cleanser,ceramide moisturizer,vitamin c serum,mineral spf50,hydrating mask,skincare_datasets.xlsx::Recommendations|skincare_recommendations_dataset.csv,1) Cleanser: gentle foam cleanser | 2) Serum: vitamin c serum | 3) Moisturizer: ceramide moisturizer | 4) SPF: mineral spf50,1) Cleanser: gentle foam cleanser | 2) Treatment: hydrating mask | 3) Moisturizer: ceramide moisturizer
RTN0001667,REC0001667,sensitive,1,2,1,0,ultra gentle cleanser,soothing moisturizer,vitamin c serum,spf30,anti aging routine,skincare_datasets.xlsx::Recommendations|skincare_recommendations_dataset.csv,1) Cleanser: ultra gentle cleanser | 2) Serum: vitamin c serum | 3) Moisturizer: soothing moisturizer | 4) SPF: spf30,1) Cleanser: ultra gentle cleanser | 2) Treatment: anti aging routine | 3) Moisturizer: soothing moisturizer
RTN0001668,REC0001668,sensitive,1,2,1,1,milk cleanser,light lotion moisturizer,peptide serum,spf50,hydrating mask,skincare_datasets.xlsx::Recommendations|skincare_recommendations_dataset.csv,1) Cleanser: milk cleanser | 2) Serum: peptide serum | 3) Moisturizer: light lotion moisturizer | 4) SPF: spf50,1) Cleanser: milk cleanser | 2) Treatment: hydrating mask | 3) Moisturizer: light lotion moisturizer
RTN0001669,REC0001669,sensitive,1,2,1,2,salicylic acid cleanser,soothing moisturizer,retinol serum,spf50,chemical exfoliation,skincare_datasets.xlsx::Recommendations|skincare_recommendations_dataset.csv,1) Cleanser: salicylic acid cleanser | 2) Serum: retinol serum | 3) Moisturizer: soothing moisturizer | 4) SPF: spf50,1) Cleanser: salicylic acid cleanser | 2) Treatment: chemical exfoliation | 3) Moisturizer: soothing moisturizer
RTN0001670,REC0001670,sensitive,1,2,2,4,gentle foam cleanser,rich cream moisturizer,niacinamide serum,spf50 matte,hydrating mask,skincare_datasets.xlsx::Recommendations|skincare_recommendations_dataset.csv,1) Cleanser: gentle foam cleanser | 2) Serum: niacinamide serum | 3) Moisturizer: rich cream moisturizer | 4) SPF: spf50 matte,1) Cleanser: gentle foam cleanser | 2) Treatment: hydrating mask | 3) Moisturizer: rich cream moisturizer
RTN0001671,REC0001671,sensitive,1,2,3,0,acne control cleanser,rich cream moisturizer,hyaluronic acid serum,spf30,anti aging routine,skincare_datasets.xlsx::Recommendations|skincare_recommendations_dataset.csv,1) Cleanser: acne control cleanser | 2) Serum: hyaluronic acid serum | 3) Moisturizer: rich cream moisturizer | 4) SPF: spf30,1) Cleanser: acne control cleanser | 2) Treatment: anti aging routine | 3) Moisturizer: rich cream moisturizer
RTN0001672,REC0001672,sensitive,1,2,3,3,salicylic acid cleanser,oil free gel moisturizer,niacinamide serum,spf30,calming treatment,skincare_datasets.xlsx::Recommendations|skincare_recommendations_dataset.csv,1) Cleanser: salicylic acid cleanser | 2) Serum: niacinamide serum | 3) Moisturizer: oil free gel moisturizer | 4) SPF: spf30,1) Cleanser: salicylic acid cleanser | 2) Treatment: calming treatment | 3) Moisturizer: oil free gel moisturizer
RTN0001673,REC0001673,sensitive,1,2,4,2,hydrating cleanser,rich cream moisturizer,niacinamide serum,spf30,calming treatment,skincare_datasets.xlsx::Recommendations|skincare_recommendations_dataset.csv,1) Cleanser: hydrating cleanser | 2) Serum: niacinamide serum | 3) Moisturizer: rich cream moisturizer | 4) SPF: spf30,1) Cleanser: hydrating cleanser | 2) Treatment: calming treatment | 3) Moisturizer: rich cream moisturizer
RTN0001674,REC0001674,sensitive,1,2,4,2,salicylic acid cleanser,oil free gel moisturizer,peptide serum,spf30,barrier repair,skincare_datasets.xlsx::Recommendations|skincare_recommendations_dataset.csv,1) Cleanser: salicylic acid cleanser | 2) Serum: peptide serum | 3) Moisturizer: oil free gel moisturizer | 4) SPF: spf30,1) Cleanser: salicylic acid cleanser | 2) Treatment: barrier repair | 3) Moisturizer: oil free gel moisturizer
RTN0001675,REC0001675,sensitive,1,2,4,4,gentle foam cleanser,soothing moisturizer,centella serum,spf30,hydrating mask,skincare_datasets.xlsx::Recommendations|skincare_recommendations_dataset.csv,1) Cleanser: gentle foam cleanser | 2) Serum: centella serum | 3) Moisturizer: soothing moisturizer | 4) SPF: spf30,1) Cleanser: gentle foam cleanser | 2) Treatment: hydrating mask | 3) Moisturizer: soothing moisturizer
RTN0001676,REC0001676,sensitive,1,2,5,4,hydrating cleanser,light lotion moisturizer,vitamin c serum,mineral spf50,calming treatment,skincare_datasets.xlsx::Recommendations|skincare_recommendations_dataset.csv,1) Cleanser: hydrating cleanser | 2) Serum: vitamin c serum | 3) Moisturizer: light lotion moisturizer | 4) SPF: mineral spf50,1) Cleanser: hydrating cleanser | 2) Treatment: calming treatment | 3) Moisturizer: light lotion moisturizer
RTN0001677,REC0001677,sensitive,1,2,5,5,salicylic acid cleanser,soothing moisturizer,centella serum,spf50 matte,barrier repair,skincare_datasets.xlsx::Recommendations|skincare_recommendations_dataset.csv,1) Cleanser: salicylic acid cleanser | 2) Serum: centella serum | 3) Moisturizer: soothing moisturizer | 4) SPF: spf50 matte,1) Cleanser: salicylic acid cleanser | 2) Treatment: barrier repair | 3) Moisturizer: soothing moisturizer
RTN0001678,REC0001678,sensitive,1,2,5,5,ultra gentle cleanser,soothing moisturizer,retinol serum,spf50,benzoyl peroxide,skincare_datasets.xlsx::Recommendations|skincare_recommendations_dataset.csv,1) Cleanser: ultra gentle cleanser | 2) Serum: retinol serum | 3) Moisturizer: soothing moisturizer | 4) SPF: spf50,1) Cleanser: ultra gentle cleanser | 2) Treatment: benzoyl peroxide | 3) Moisturizer: soothing moisturizer
RTN0001679,REC0001679,sensitive,1,3,0,0,hydrating cleanser,soothing moisturizer,niacinamide serum,spf30,hydrating mask,skincare_datasets.xlsx::Recommendations|skincare_recommendations_dataset.csv,1) Cleanser: hydrating cleanser | 2) Serum: niacinamide serum | 3) Moisturizer: soothing moisturizer | 4) SPF: spf30,1) Cleanser: hydrating cleanser | 2) Treatment: hydrating mask | 3) Moisturizer: soothing moisturizer
RTN0001680,REC0001680,sensitive,1,3,0,2,ultra gentle cleanser,soothing moisturizer,niacinamide serum,spf30,chemical exfoliation,skincare_datasets.xlsx::Recommendations|skincare_recommendations_dataset.csv,1) Cleanser: ultra gentle cleanser | 2) Serum: niacinamide serum | 3) Moisturizer: soothing moisturizer | 4) SPF: spf30,1) Cleanser: ultra gentle cleanser | 2) Treatment: chemical exfoliation | 3) Moisturizer: soothing moisturizer
RTN0001681,REC0001681,sensitive,1,3,0,5,ultra gentle cleanser,light lotion moisturizer,centella serum,spf50 matte,retinol treatment,skincare_datasets.xlsx::Recommendations|skincare_recommendations_dataset.csv,1) Cleanser: ultra gentle cleanser | 2) Serum: centella serum | 3) Moisturizer: light lotion moisturizer | 4) SPF: spf50 matte,1) Cleanser: ultra gentle cleanser | 2) Treatment: retinol treatment | 3) Moisturizer: light lotion moisturizer
RTN0001682,REC0001682,sensitive,1,3,1,1,acne control cleanser,rich cream moisturizer,niacinamide serum,spf50,anti aging routine,skincare_datasets.xlsx::Recommendations|skincare_recommendations_dataset.csv,1) Cleanser: acne control cleanser | 2) Serum: niacinamide serum | 3) Moisturizer: rich cream moisturizer | 4) SPF: spf50,1) Cleanser: acne control cleanser | 2) Treatment: anti aging routine | 3) Moisturizer: rich cream moisturizer
RTN0001683,REC0001683,sensitive,1,3,2,1,acne control cleanser,oil free gel moisturizer,niacinamide serum,spf50 matte,retinol treatment,skincare_datasets.xlsx::Recommendations|skincare_recommendations_dataset.csv,1) Cleanser: acne control cleanser | 2) Serum: niacinamide serum | 3) Moisturizer: oil free gel moisturizer | 4) SPF: spf50 matte,1) Cleanser: acne control cleanser | 2) Treatment: retinol treatment | 3) Moisturizer: oil free gel moisturizer
RTN0001684,REC0001684,sensitive,1,3,2,3,gentle foam cleanser,rich cream moisturizer,hyaluronic acid serum,mineral spf50,barrier repair,skincare_datasets.xlsx::Recommendations|skincare_recommendations_dataset.csv,1) Cleanser: gentle foam cleanser | 2) Serum: hyaluronic acid serum | 3) Moisturizer: rich cream moisturizer | 4) SPF: mineral spf50,1) Cleanser: gentle foam cleanser | 2) Treatment: barrier repair | 3) Moisturizer: rich cream moisturizer
RTN0001685,REC0001685,sensitive,1,3,2,5,salicylic acid cleanser,light lotion moisturizer,peptide serum,spf50,retinol treatment,skincare_datasets.xlsx::Recommendations|skincare_recommendations_dataset.csv,1) Cleanser: salicylic acid cleanser | 2) Serum: peptide serum | 3) Moisturizer: light lotion moisturizer | 4) SPF: spf50,1) Cleanser: salicylic acid cleanser | 2) Treatment: retinol treatment | 3) Moisturizer: light lotion moisturizer
RTN0001686,REC0001686,sensitive,1,3,2,5,ultra gentle cleanser,light lotion moisturizer,hyaluronic acid serum,mineral spf50,retinol treatment,skincare_datasets.xlsx::Recommendations|skincare_recommendations_dataset.csv,1) Cleanser: ultra gentle cleanser | 2) Serum: hyaluronic acid serum | 3) Moisturizer: light lotion moisturizer | 4) SPF: mineral spf50,1) Cleanser: ultra gentle cleanser | 2) Treatment: retinol treatment | 3) Moisturizer: light lotion moisturizer
RTN0001687,REC0001687,sensitive,1,3,2,5,ultra gentle cleanser,light lotion moisturizer,niacinamide serum,spf50 matte,chemical exfoliation,skincare_datasets.xlsx::Recommendations|skincare_recommendations_dataset.csv,1) Cleanser: ultra gentle cleanser | 2) Serum: niacinamide serum | 3) Moisturizer: light lotion moisturizer | 4) SPF: spf50 matte,1) Cleanser: ultra gentle cleanser | 2) Treatment: chemical exfoliation | 3) Moisturizer: light lotion moisturizer
RTN0001688,REC0001688,sensitive,1,3,3,1,hydrating cleanser,rich cream moisturizer,hyaluronic acid serum,spf50,chemical exfoliation,skincare_datasets.xlsx::Recommendations|skincare_recommendations_dataset.csv,1) Cleanser: hydrating cleanser | 2) Serum: hyaluronic acid serum | 3) Moisturizer: rich cream moisturizer | 4) SPF: spf50,1) Cleanser: hydrating cleanser | 2) Treatment: chemical exfoliation | 3) Moisturizer: rich cream moisturizer
RTN0001689,REC0001689,sensitive,1,3,5,3,hydrating cleanser,rich cream moisturizer,peptide serum,mineral spf50,benzoyl peroxide,skincare_datasets.xlsx::Recommendations|skincare_recommendations_dataset.csv,1) Cleanser: hydrating cleanser | 2) Serum: peptide serum | 3) Moisturizer: rich cream moisturizer | 4) SPF: mineral spf50,1) Cleanser: hydrating cleanser | 2) Treatment: benzoyl peroxide | 3) Moisturizer: rich cream moisturizer
RTN0001690,REC0001690,sensitive,1,4,0,0,ultra gentle cleanser,ceramide moisturizer,hyaluronic acid serum,spf50 matte,barrier repair,skincare_datasets.xlsx::Recommendations|skincare_recommendations_dataset.csv,1) Cleanser: ultra gentle cleanser | 2) Serum: hyaluronic acid serum | 3) Moisturizer: ceramide moisturizer | 4) SPF: spf50 matte,1) Cleanser: ultra gentle cleanser | 2) Treatment: barrier repair | 3) Moisturizer: ceramide moisturizer
RTN0001691,REC0001691,sensitive,1,4,0,2,hydrating cleanser,oil free gel moisturizer,centella serum,spf30,calming treatment,skincare_datasets.xlsx::Recommendations|skincare_recommendations_dataset.csv,1) Cleanser: hydrating cleanser | 2) Serum: centella serum | 3) Moisturizer: oil free gel moisturizer | 4) SPF: spf30,1) Cleanser: hydrating cleanser | 2) Treatment: calming treatment | 3) Moisturizer: oil free gel moisturizer
RTN0001692,REC0001692,sensitive,1,4,0,3,ultra gentle cleanser,oil free gel moisturizer,centella serum,mineral spf50,hydrating mask,skincare_datasets.xlsx::Recommendations|skincare_recommendations_dataset.csv,1) Cleanser: ultra gentle cleanser | 2) Serum: centella serum | 3) Moisturizer: oil free gel moisturizer | 4) SPF: mineral spf50,1) Cleanser: ultra gentle cleanser | 2) Treatment: hydrating mask | 3) Moisturizer: oil free gel moisturizer
RTN0001693,REC0001693,sensitive,1,4,1,4,hydrating cleanser,light lotion moisturizer,vitamin c serum,spf30,barrier repair,skincare_datasets.xlsx::Recommendations|skincare_recommendations_dataset.csv,1) Cleanser: hydrating cleanser | 2) Serum: vitamin c serum | 3) Moisturizer: light lotion moisturizer | 4) SPF: spf30,1) Cleanser: hydrating cleanser | 2) Treatment: barrier repair | 3) Moisturizer: light lotion moisturizer
RTN0001694,REC0001694,sensitive,1,4,2,3,gentle foam cleanser,oil free gel moisturizer,hyaluronic acid serum,spf50,anti aging routine,skincare_datasets.xlsx::Recommendations|skincare_recommendations_dataset.csv,1) Cleanser: gentle foam cleanser | 2) Serum: hyaluronic acid serum | 3) Moisturizer: oil free gel moisturizer | 4) SPF: spf50,1) Cleanser: gentle foam cleanser | 2) Treatment: anti aging routine | 3) Moisturizer: oil free gel moisturizer
RTN0001695,REC0001695,sensitive,1,4,2,5,salicylic acid cleanser,oil free gel moisturizer,peptide serum,spf50 matte,chemical exfoliation,skincare_datasets.xlsx::Recommendations|skincare_recommendations_dataset.csv,1) Cleanser: salicylic acid cleanser | 2) Serum: peptide serum | 3) Moisturizer: oil free gel moisturizer | 4) SPF: spf50 matte,1) Cleanser: salicylic acid cleanser | 2) Treatment: chemical exfoliation | 3) Moisturizer: oil free gel moisturizer
RTN0001696,REC0001696,sensitive,1,4,4,4,hydrating cleanser,soothing moisturizer,retinol serum,spf50,hydrating mask,skincare_datasets.xlsx::Recommendations|skincare_recommendations_dataset.csv,1) Cleanser: hydrating cleanser | 2) Serum: retinol serum | 3) Moisturizer: soothing moisturizer | 4) SPF: spf50,1) Cleanser: hydrating cleanser | 2) Treatment: hydrating mask | 3) Moisturizer: soothing moisturizer
RTN0001697,REC0001697,sensitive,1,5,2,0,ultra gentle cleanser,ceramide moisturizer,centella serum,spf50 matte,calming treatment,skincare_datasets.xlsx::Recommendations|skincare_recommendations_dataset.csv,1) Cleanser: ultra gentle cleanser | 2) Serum: centella serum | 3) Moisturizer: ceramide moisturizer | 4) SPF: spf50 matte,1) Cleanser: ultra gentle cleanser | 2) Treatment: calming treatment | 3) Moisturizer: ceramide moisturizer
RTN0001698,REC0001698,sensitive,1,5,2,1,gentle foam cleanser,rich cream moisturizer,hyaluronic acid serum,mineral spf50,calming treatment,skincare_datasets.xlsx::Recommendations|skincare_recommendations_dataset.csv,1) Cleanser: gentle foam cleanser | 2) Serum: hyaluronic acid serum | 3) Moisturizer: rich cream moisturizer | 4) SPF: mineral spf50,1) Cleanser: gentle foam cleanser | 2) Treatment: calming treatment | 3) Moisturizer: rich cream moisturizer
RTN0001699,REC0001699,sensitive,1,5,2,2,ultra gentle cleanser,light lotion moisturizer,vitamin c serum,spf50,hydrating mask,skincare_datasets.xlsx::Recommendations|skincare_recommendations_dataset.csv,1) Cleanser: ultra gentle cleanser | 2) Serum: vitamin c serum | 3) Moisturizer: light lotion moisturizer | 4) SPF: spf50,1) Cleanser: ultra gentle cleanser | 2) Treatment: hydrating mask | 3) Moisturizer: light lotion moisturizer
RTN0001700,REC0001700,sensitive,1,5,2,4,gentle foam cleanser,rich cream moisturizer,vitamin c serum,spf30,benzoyl peroxide,skincare_datasets.xlsx::Recommendations|skincare_recommendations_dataset.csv,1) Cleanser: gentle foam cleanser | 2) Serum: vitamin c serum | 3) Moisturizer: rich cream moisturizer | 4) SPF: spf30,1) Cleanser: gentle foam cleanser | 2) Treatment: benzoyl peroxide | 3) Moisturizer: rich cream moisturizer
RTN0001701,REC0001701,sensitive,1,5,3,2,hydrating cleanser,rich cream moisturizer,vitamin c serum,mineral spf50,benzoyl peroxide,skincare_datasets.xlsx::Recommendations|skincare_recommendations_dataset.csv,1) Cleanser: hydrating cleanser | 2) Serum: vitamin c serum | 3) Moisturizer: rich cream moisturizer | 4) SPF: mineral spf50,1) Cleanser: hydrating cleanser | 2) Treatment: benzoyl peroxide | 3) Moisturizer: rich cream moisturizer
RTN0001702,REC0001702,sensitive,1,5,3,2,ultra gentle cleanser,rich cream moisturizer,centella serum,spf50 matte,barrier repair,skincare_datasets.xlsx::Recommendations|skincare_recommendations_dataset.csv,1) Cleanser: ultra gentle cleanser | 2) Serum: centella serum | 3) Moisturizer: rich cream moisturizer | 4) SPF: spf50 matte,1) Cleanser: ultra gentle cleanser | 2) Treatment: barrier repair | 3) Moisturizer: rich cream moisturizer
RTN0001703,REC0001703,sensitive,1,5,4,0,gentle foam cleanser,oil free gel moisturizer,retinol serum,spf50,hydrating mask,skincare_datasets.xlsx::Recommendations|skincare_recommendations_dataset.csv,1) Cleanser: gentle foam cleanser | 2) Serum: retinol serum | 3) Moisturizer: oil free gel moisturizer | 4) SPF: spf50,1) Cleanser: gentle foam cleanser | 2) Treatment: hydrating mask | 3) Moisturizer: oil free gel moisturizer
RTN0001704,REC0001704,sensitive,1,5,4,0,salicylic acid cleanser,oil free gel moisturizer,hyaluronic acid serum,spf50,hydrating mask,skincare_datasets.xlsx::Recommendations|skincare_recommendations_dataset.csv,1) Cleanser: salicylic acid cleanser | 2) Serum: hyaluronic acid serum | 3) Moisturizer: oil free gel moisturizer | 4) SPF: spf50,1) Cleanser: salicylic acid cleanser | 2) Treatment: hydrating mask | 3) Moisturizer: oil free gel moisturizer
RTN0001705,REC0001705,sensitive,1,5,4,0,ultra gentle cleanser,ceramide moisturizer,niacinamide serum,spf50,anti aging routine,skincare_datasets.xlsx::Recommendations|skincare_recommendations_dataset.csv,1) Cleanser: ultra gentle cleanser | 2) Serum: niacinamide serum | 3) Moisturizer: ceramide moisturizer | 4) SPF: spf50,1) Cleanser: ultra gentle cleanser | 2) Treatment: anti aging routine | 3) Moisturizer: ceramide moisturizer
RTN0001706,REC0001706,sensitive,1,5,4,2,gentle foam cleanser,light lotion moisturizer,retinol serum,spf50 matte,calming treatment,skincare_datasets.xlsx::Recommendations|skincare_recommendations_dataset.csv,1) Cleanser: gentle foam cleanser | 2) Serum: retinol serum | 3) Moisturizer: light lotion moisturizer | 4) SPF: spf50 matte,1) Cleanser: gentle foam cleanser | 2) Treatment: calming treatment | 3) Moisturizer: light lotion moisturizer
RTN0001707,REC0001707,sensitive,1,5,4,2,milk cleanser,ceramide moisturizer,retinol serum,mineral spf50,calming treatment,skincare_datasets.xlsx::Recommendations|skincare_recommendations_dataset.csv,1) Cleanser: milk cleanser | 2) Serum: retinol serum | 3) Moisturizer: ceramide moisturizer | 4) SPF: mineral spf50,1) Cleanser: milk cleanser | 2) Treatment: calming treatment | 3) Moisturizer: ceramide moisturizer
RTN0001708,REC0001708,sensitive,1,5,4,5,salicylic acid cleanser,rich cream moisturizer,retinol serum,spf50,calming treatment,skincare_datasets.xlsx::Recommendations|skincare_recommendations_dataset.csv,1) Cleanser: salicylic acid cleanser | 2) Serum: retinol serum | 3) Moisturizer: rich cream moisturizer | 4) SPF: spf50,1) Cleanser: salicylic acid cleanser | 2) Treatment: calming treatment | 3) Moisturizer: rich cream moisturizer
RTN0001709,REC0001709,sensitive,1,5,5,0,salicylic acid cleanser,light lotion moisturizer,retinol serum,spf50,retinol treatment,skincare_datasets.xlsx::Recommendations|skincare_recommendations_dataset.csv,1) Cleanser: salicylic acid cleanser | 2) Serum: retinol serum | 3) Moisturizer: light lotion moisturizer | 4) SPF: spf50,1) Cleanser: salicylic acid cleanser | 2) Treatment: retinol treatment | 3) Moisturizer: light lotion moisturizer
RTN0001710,REC0001710,sensitive,1,5,5,5,hydrating cleanser,light lotion moisturizer,peptide serum,spf50,hydrating mask,skincare_datasets.xlsx::Recommendations|skincare_recommendations_dataset.csv,1) Cleanser: hydrating cleanser | 2) Serum: peptide serum | 3) Moisturizer: light lotion moisturizer | 4) SPF: spf50,1) Cleanser: hydrating cleanser | 2) Treatment: hydrating mask | 3) Moisturizer: light lotion moisturizer
RTN0001711,REC0001711,sensitive,2,0,0,4,salicylic acid cleanser,oil free gel moisturizer,niacinamide serum,spf50,retinol treatment,skincare_datasets.xlsx::Recommendations|skincare_recommendations_dataset.csv,1) Cleanser: salicylic acid cleanser | 2) Serum: niacinamide serum | 3) Moisturizer: oil free gel moisturizer | 4) SPF: spf50,1) Cleanser: salicylic acid cleanser | 2) Treatment: retinol treatment | 3) Moisturizer: oil free gel moisturizer
RTN0001712,REC0001712,sensitive,2,0,1,4,hydrating cleanser,soothing moisturizer,vitamin c serum,spf50 matte,benzoyl peroxide,skincare_datasets.xlsx::Recommendations|skincare_recommendations_dataset.csv,1) Cleanser: hydrating cleanser | 2) Serum: vitamin c serum | 3) Moisturizer: soothing moisturizer | 4) SPF: spf50 matte,1) Cleanser: hydrating cleanser | 2) Treatment: benzoyl peroxide | 3) Moisturizer: soothing moisturizer
RTN0001713,REC0001713,sensitive,2,0,1,5,acne control cleanser,soothing moisturizer,hyaluronic acid serum,spf50 matte,calming treatment,skincare_datasets.xlsx::Recommendations|skincare_recommendations_dataset.csv,1) Cleanser: acne control cleanser | 2) Serum: hyaluronic acid serum | 3) Moisturizer: soothing moisturizer | 4) SPF: spf50 matte,1) Cleanser: acne control cleanser | 2) Treatment: calming treatment | 3) Moisturizer: soothing moisturizer
RTN0001714,REC0001714,sensitive,2,0,2,2,hydrating cleanser,soothing moisturizer,hyaluronic acid serum,mineral spf50,retinol treatment,skincare_datasets.xlsx::Recommendations|skincare_recommendations_dataset.csv,1) Cleanser: hydrating cleanser | 2) Serum: hyaluronic acid serum | 3) Moisturizer: soothing moisturizer | 4) SPF: mineral spf50,1) Cleanser: hydrating cleanser | 2) Treatment: retinol treatment | 3) Moisturizer: soothing moisturizer
RTN0001715,REC0001715,sensitive,2,0,2,4,hydrating cleanser,oil free gel moisturizer,retinol serum,spf50 matte,barrier repair,skincare_datasets.xlsx::Recommendations|skincare_recommendations_dataset.csv,1) Cleanser: hydrating cleanser | 2) Serum: retinol serum | 3) Moisturizer: oil free gel moisturizer | 4) SPF: spf50 matte,1) Cleanser: hydrating cleanser | 2) Treatment: barrier repair | 3) Moisturizer: oil free gel moisturizer
RTN0001716,REC0001716,sensitive,2,0,3,0,acne control cleanser,light lotion moisturizer,centella serum,spf50 matte,hydrating mask,skincare_datasets.xlsx::Recommendations|skincare_recommendations_dataset.csv,1) Cleanser: acne control cleanser | 2) Serum: centella serum | 3) Moisturizer: light lotion moisturizer | 4) SPF: spf50 matte,1) Cleanser: acne control cleanser | 2) Treatment: hydrating mask | 3) Moisturizer: light lotion moisturizer
RTN0001717,REC0001717,sensitive,2,0,4,5,milk cleanser,oil free gel moisturizer,vitamin c serum,spf50,hydrating mask,skincare_datasets.xlsx::Recommendations|skincare_recommendations_dataset.csv,1) Cleanser: milk cleanser | 2) Serum: vitamin c serum | 3) Moisturizer: oil free gel moisturizer | 4) SPF: spf50,1) Cleanser: milk cleanser | 2) Treatment: hydrating mask | 3) Moisturizer: oil free gel moisturizer
RTN0001718,REC0001718,sensitive,2,0,5,0,hydrating cleanser,rich cream moisturizer,centella serum,spf30,barrier repair,skincare_datasets.xlsx::Recommendations|skincare_recommendations_dataset.csv,1) Cleanser: hydrating cleanser | 2) Serum: centella serum | 3) Moisturizer: rich cream moisturizer | 4) SPF: spf30,1) Cleanser: hydrating cleanser | 2) Treatment: barrier repair | 3) Moisturizer: rich cream moisturizer
RTN0001719,REC0001719,sensitive,2,0,5,2,hydrating cleanser,ceramide moisturizer,hyaluronic acid serum,spf30,barrier repair,skincare_datasets.xlsx::Recommendations|skincare_recommendations_dataset.csv,1) Cleanser: hydrating cleanser | 2) Serum: hyaluronic acid serum | 3) Moisturizer: ceramide moisturizer | 4) SPF: spf30,1) Cleanser: hydrating cleanser | 2) Treatment: barrier repair | 3) Moisturizer: ceramide moisturizer
RTN0001720,REC0001720,sensitive,2,0,5,5,salicylic acid cleanser,rich cream moisturizer,hyaluronic acid serum,mineral spf50,calming treatment,skincare_datasets.xlsx::Recommendations|skincare_recommendations_dataset.csv,1) Cleanser: salicylic acid cleanser | 2) Serum: hyaluronic acid serum | 3) Moisturizer: rich cream moisturizer | 4) SPF: mineral spf50,1) Cleanser: salicylic acid cleanser | 2) Treatment: calming treatment | 3) Moisturizer: rich cream moisturizer
RTN0001721,REC0001721,sensitive,2,1,0,0,ultra gentle cleanser,soothing moisturizer,hyaluronic acid serum,spf50 matte,anti aging routine,skincare_datasets.xlsx::Recommendations|skincare_recommendations_dataset.csv,1) Cleanser: ultra gentle cleanser | 2) Serum: hyaluronic acid serum | 3) Moisturizer: soothing moisturizer | 4) SPF: spf50 matte,1) Cleanser: ultra gentle cleanser | 2) Treatment: anti aging routine | 3) Moisturizer: soothing moisturizer
RTN0001722,REC0001722,sensitive,2,1,0,2,gentle foam cleanser,ceramide moisturizer,centella serum,spf50,barrier repair,skincare_datasets.xlsx::Recommendations|skincare_recommendations_dataset.csv,1) Cleanser: gentle foam cleanser | 2) Serum: centella serum | 3) Moisturizer: ceramide moisturizer | 4) SPF: spf50,1) Cleanser: gentle foam cleanser | 2) Treatment: barrier repair | 3) Moisturizer: ceramide moisturizer
RTN0001723,REC0001723,sensitive,2,1,0,4,milk cleanser,light lotion moisturizer,hyaluronic acid serum,spf50,retinol treatment,skincare_datasets.xlsx::Recommendations|skincare_recommendations_dataset.csv,1) Cleanser: milk cleanser | 2) Serum: hyaluronic acid serum | 3) Moisturizer: light lotion moisturizer | 4) SPF: spf50,1) Cleanser: milk cleanser | 2) Treatment: retinol treatment | 3) Moisturizer: light lotion moisturizer
RTN0001724,REC0001724,sensitive,2,1,1,0,ultra gentle cleanser,oil free gel moisturizer,peptide serum,spf50 matte,chemical exfoliation,skincare_datasets.xlsx::Recommendations|skincare_recommendations_dataset.csv,1) Cleanser: ultra gentle cleanser | 2) Serum: peptide serum | 3) Moisturizer: oil free gel moisturizer | 4) SPF: spf50 matte,1) Cleanser: ultra gentle cleanser | 2) Treatment: chemical exfoliation | 3) Moisturizer: oil free gel moisturizer
RTN0001725,REC0001725,sensitive,2,1,1,1,gentle foam cleanser,oil free gel moisturizer,centella serum,spf50,chemical exfoliation,skincare_datasets.xlsx::Recommendations|skincare_recommendations_dataset.csv,1) Cleanser: gentle foam cleanser | 2) Serum: centella serum | 3) Moisturizer: oil free gel moisturizer | 4) SPF: spf50,1) Cleanser: gentle foam cleanser | 2) Treatment: chemical exfoliation | 3) Moisturizer: oil free gel moisturizer
RTN0001726,REC0001726,sensitive,2,1,1,2,acne control cleanser,rich cream moisturizer,hyaluronic acid serum,spf50,retinol treatment,skincare_datasets.xlsx::Recommendations|skincare_recommendations_dataset.csv,1) Cleanser: acne control cleanser | 2) Serum: hyaluronic acid serum | 3) Moisturizer: rich cream moisturizer | 4) SPF: spf50,1) Cleanser: acne control cleanser | 2) Treatment: retinol treatment | 3) Moisturizer: rich cream moisturizer
RTN0001727,REC0001727,sensitive,2,1,1,4,gentle foam cleanser,rich cream moisturizer,vitamin c serum,spf30,calming treatment,skincare_datasets.xlsx::Recommendations|skincare_recommendations_dataset.csv,1) Cleanser: gentle foam cleanser | 2) Serum: vitamin c serum | 3) Moisturizer: rich cream moisturizer | 4) SPF: spf30,1) Cleanser: gentle foam cleanser | 2) Treatment: calming treatment | 3) Moisturizer: rich cream moisturizer
RTN0001728,REC0001728,sensitive,2,1,1,4,gentle foam cleanser,soothing moisturizer,niacinamide serum,spf50 matte,barrier repair,skincare_datasets.xlsx::Recommendations|skincare_recommendations_dataset.csv,1) Cleanser: gentle foam cleanser | 2) Serum: niacinamide serum | 3) Moisturizer: soothing moisturizer | 4) SPF: spf50 matte,1) Cleanser: gentle foam cleanser | 2) Treatment: barrier repair | 3) Moisturizer: soothing moisturizer
RTN0001729,REC0001729,sensitive,2,1,2,2,hydrating cleanser,soothing moisturizer,niacinamide serum,spf50,chemical exfoliation,skincare_datasets.xlsx::Recommendations|skincare_recommendations_dataset.csv,1) Cleanser: hydrating cleanser | 2) Serum: niacinamide serum | 3) Moisturizer: soothing moisturizer | 4) SPF: spf50,1) Cleanser: hydrating cleanser | 2) Treatment: chemical exfoliation | 3) Moisturizer: soothing moisturizer
RTN0001730,REC0001730,sensitive,2,1,2,3,milk cleanser,soothing moisturizer,hyaluronic acid serum,spf50 matte,anti aging routine,skincare_datasets.xlsx::Recommendations|skincare_recommendations_dataset.csv,1) Cleanser: milk cleanser | 2) Serum: hyaluronic acid serum | 3) Moisturizer: soothing moisturizer | 4) SPF: spf50 matte,1) Cleanser: milk cleanser | 2) Treatment: anti aging routine | 3) Moisturizer: soothing moisturizer
RTN0001731,REC0001731,sensitive,2,1,2,4,ultra gentle cleanser,ceramide moisturizer,retinol serum,spf50,hydrating mask,skincare_datasets.xlsx::Recommendations|skincare_recommendations_dataset.csv,1) Cleanser: ultra gentle cleanser | 2) Serum: retinol serum | 3) Moisturizer: ceramide moisturizer | 4) SPF: spf50,1) Cleanser: ultra gentle cleanser | 2) Treatment: hydrating mask | 3) Moisturizer: ceramide moisturizer
RTN0001732,REC0001732,sensitive,2,1,3,1,acne control cleanser,oil free gel moisturizer,niacinamide serum,mineral spf50,benzoyl peroxide,skincare_datasets.xlsx::Recommendations|skincare_recommendations_dataset.csv,1) Cleanser: acne control cleanser | 2) Serum: niacinamide serum | 3) Moisturizer: oil free gel moisturizer | 4) SPF: mineral spf50,1) Cleanser: acne control cleanser | 2) Treatment: benzoyl peroxide | 3) Moisturizer: oil free gel moisturizer
RTN0001733,REC0001733,sensitive,2,1,3,4,salicylic acid cleanser,ceramide moisturizer,peptide serum,spf30,retinol treatment,skincare_datasets.xlsx::Recommendations|skincare_recommendations_dataset.csv,1) Cleanser: salicylic acid cleanser | 2) Serum: peptide serum | 3) Moisturizer: ceramide moisturizer | 4) SPF: spf30,1) Cleanser: salicylic acid cleanser | 2) Treatment: retinol treatment | 3) Moisturizer: ceramide moisturizer
RTN0001734,REC0001734,sensitive,2,1,4,4,milk cleanser,soothing moisturizer,niacinamide serum,spf30,benzoyl peroxide,skincare_datasets.xlsx::Recommendations|skincare_recommendations_dataset.csv,1) Cleanser: milk cleanser | 2) Serum: niacinamide serum | 3) Moisturizer: soothing moisturizer | 4) SPF: spf30,1) Cleanser: milk cleanser | 2) Treatment: benzoyl peroxide | 3) Moisturizer: soothing moisturizer
RTN0001735,REC0001735,sensitive,2,1,5,0,salicylic acid cleanser,soothing moisturizer,hyaluronic acid serum,mineral spf50,benzoyl peroxide,skincare_datasets.xlsx::Recommendations|skincare_recommendations_dataset.csv,1) Cleanser: salicylic acid cleanser | 2) Serum: hyaluronic acid serum | 3) Moisturizer: soothing moisturizer | 4) SPF: mineral spf50,1) Cleanser: salicylic acid cleanser | 2) Treatment: benzoyl peroxide | 3) Moisturizer: soothing moisturizer
RTN0001736,REC0001736,sensitive,2,1,5,2,salicylic acid cleanser,light lotion moisturizer,vitamin c serum,spf50,hydrating mask,skincare_datasets.xlsx::Recommendations|skincare_recommendations_dataset.csv,1) Cleanser: salicylic acid cleanser | 2) Serum: vitamin c serum | 3) Moisturizer: light lotion moisturizer | 4) SPF: spf50,1) Cleanser: salicylic acid cleanser | 2) Treatment: hydrating mask | 3) Moisturizer: light lotion moisturizer
RTN0001737,REC0001737,sensitive,2,1,5,3,ultra gentle cleanser,oil free gel moisturizer,hyaluronic acid serum,mineral spf50,chemical exfoliation,skincare_datasets.xlsx::Recommendations|skincare_recommendations_dataset.csv,1) Cleanser: ultra gentle cleanser | 2) Serum: hyaluronic acid serum | 3) Moisturizer: oil free gel moisturizer | 4) SPF: mineral spf50,1) Cleanser: ultra gentle cleanser | 2) Treatment: chemical exfoliation | 3) Moisturizer: oil free gel moisturizer
RTN0001738,REC0001738,sensitive,2,1,5,4,salicylic acid cleanser,oil free gel moisturizer,centella serum,mineral spf50,retinol treatment,skincare_datasets.xlsx::Recommendations|skincare_recommendations_dataset.csv,1) Cleanser: salicylic acid cleanser | 2) Serum: centella serum | 3) Moisturizer: oil free gel moisturizer | 4) SPF: mineral spf50,1) Cleanser: salicylic acid cleanser | 2) Treatment: retinol treatment | 3) Moisturizer: oil free gel moisturizer
RTN0001739,REC0001739,sensitive,2,1,5,4,ultra gentle cleanser,soothing moisturizer,peptide serum,spf50,chemical exfoliation,skincare_datasets.xlsx::Recommendations|skincare_recommendations_dataset.csv,1) Cleanser: ultra gentle cleanser | 2) Serum: peptide serum | 3) Moisturizer: soothing moisturizer | 4) SPF: spf50,1) Cleanser: ultra gentle cleanser | 2) Treatment: chemical exfoliation | 3) Moisturizer: soothing moisturizer
RTN0001740,REC0001740,sensitive,2,2,1,3,hydrating cleanser,oil free gel moisturizer,hyaluronic acid serum,spf50 matte,retinol treatment,skincare_datasets.xlsx::Recommendations|skincare_recommendations_dataset.csv,1) Cleanser: hydrating cleanser | 2) Serum: hyaluronic acid serum | 3) Moisturizer: oil free gel moisturizer | 4) SPF: spf50 matte,1) Cleanser: hydrating cleanser | 2) Treatment: retinol treatment | 3) Moisturizer: oil free gel moisturizer
RTN0001741,REC0001741,sensitive,2,2,2,1,salicylic acid cleanser,ceramide moisturizer,retinol serum,spf50,benzoyl peroxide,skincare_datasets.xlsx::Recommendations|skincare_recommendations_dataset.csv,1) Cleanser: salicylic acid cleanser | 2) Serum: retinol serum | 3) Moisturizer: ceramide moisturizer | 4) SPF: spf50,1) Cleanser: salicylic acid cleanser | 2) Treatment: benzoyl peroxide | 3) Moisturizer: ceramide moisturizer
RTN0001742,REC0001742,sensitive,2,2,3,2,gentle foam cleanser,soothing moisturizer,peptide serum,spf50 matte,retinol treatment,skincare_datasets.xlsx::Recommendations|skincare_recommendations_dataset.csv,1) Cleanser: gentle foam cleanser | 2) Serum: peptide serum | 3) Moisturizer: soothing moisturizer | 4) SPF: spf50 matte,1) Cleanser: gentle foam cleanser | 2) Treatment: retinol treatment | 3) Moisturizer: soothing moisturizer
RTN0001743,REC0001743,sensitive,2,2,3,5,acne control cleanser,oil free gel moisturizer,vitamin c serum,spf50,retinol treatment,skincare_datasets.xlsx::Recommendations|skincare_recommendations_dataset.csv,1) Cleanser: acne control cleanser | 2) Serum: vitamin c serum | 3) Moisturizer: oil free gel moisturizer | 4) SPF: spf50,1) Cleanser: acne control cleanser | 2) Treatment: retinol treatment | 3) Moisturizer: oil free gel moisturizer
RTN0001744,REC0001744,sensitive,2,2,4,0,ultra gentle cleanser,soothing moisturizer,peptide serum,spf30,chemical exfoliation,skincare_datasets.xlsx::Recommendations|skincare_recommendations_dataset.csv,1) Cleanser: ultra gentle cleanser | 2) Serum: peptide serum | 3) Moisturizer: soothing moisturizer | 4) SPF: spf30,1) Cleanser: ultra gentle cleanser | 2) Treatment: chemical exfoliation | 3) Moisturizer: soothing moisturizer
RTN0001745,REC0001745,sensitive,2,2,4,2,salicylic acid cleanser,light lotion moisturizer,niacinamide serum,spf30,chemical exfoliation,skincare_datasets.xlsx::Recommendations|skincare_recommendations_dataset.csv,1) Cleanser: salicylic acid cleanser | 2) Serum: niacinamide serum | 3) Moisturizer: light lotion moisturizer | 4) SPF: spf30,1) Cleanser: salicylic acid cleanser | 2) Treatment: chemical exfoliation | 3) Moisturizer: light lotion moisturizer
RTN0001746,REC0001746,sensitive,2,2,4,3,gentle foam cleanser,soothing moisturizer,vitamin c serum,mineral spf50,hydrating mask,skincare_datasets.xlsx::Recommendations|skincare_recommendations_dataset.csv,1) Cleanser: gentle foam cleanser | 2) Serum: vitamin c serum | 3) Moisturizer: soothing moisturizer | 4) SPF: mineral spf50,1) Cleanser: gentle foam cleanser | 2) Treatment: hydrating mask | 3) Moisturizer: soothing moisturizer
RTN0001747,REC0001747,sensitive,2,2,4,3,salicylic acid cleanser,soothing moisturizer,centella serum,spf50,benzoyl peroxide,skincare_datasets.xlsx::Recommendations|skincare_recommendations_dataset.csv,1) Cleanser: salicylic acid cleanser | 2) Serum: centella serum | 3) Moisturizer: soothing moisturizer | 4) SPF: spf50,1) Cleanser: salicylic acid cleanser | 2) Treatment: benzoyl peroxide | 3) Moisturizer: soothing moisturizer
RTN0001748,REC0001748,sensitive,2,2,5,3,hydrating cleanser,soothing moisturizer,niacinamide serum,mineral spf50,chemical exfoliation,skincare_datasets.xlsx::Recommendations|skincare_recommendations_dataset.csv,1) Cleanser: hydrating cleanser | 2) Serum: niacinamide serum | 3) Moisturizer: soothing moisturizer | 4) SPF: mineral spf50,1) Cleanser: hydrating cleanser | 2) Treatment: chemical exfoliation | 3) Moisturizer: soothing moisturizer
RTN0001749,REC0001749,sensitive,2,3,0,1,gentle foam cleanser,oil free gel moisturizer,niacinamide serum,mineral spf50,hydrating mask,skincare_datasets.xlsx::Recommendations|skincare_recommendations_dataset.csv,1) Cleanser: gentle foam cleanser | 2) Serum: niacinamide serum | 3) Moisturizer: oil free gel moisturizer | 4) SPF: mineral spf50,1) Cleanser: gentle foam cleanser | 2) Treatment: hydrating mask | 3) Moisturizer: oil free gel moisturizer
RTN0001750,REC0001750,sensitive,2,3,0,2,ultra gentle cleanser,ceramide moisturizer,hyaluronic acid serum,spf30,chemical exfoliation,skincare_datasets.xlsx::Recommendations|skincare_recommendations_dataset.csv,1) Cleanser: ultra gentle cleanser | 2) Serum: hyaluronic acid serum | 3) Moisturizer: ceramide moisturizer | 4) SPF: spf30,1) Cleanser: ultra gentle cleanser | 2) Treatment: chemical exfoliation | 3) Moisturizer: ceramide moisturizer
RTN0001751,REC0001751,sensitive,2,3,1,1,hydrating cleanser,ceramide moisturizer,niacinamide serum,spf50 matte,anti aging routine,skincare_datasets.xlsx::Recommendations|skincare_recommendations_dataset.csv,1) Cleanser: hydrating cleanser | 2) Serum: niacinamide serum | 3) Moisturizer: ceramide moisturizer | 4) SPF: spf50 matte,1) Cleanser: hydrating cleanser | 2) Treatment: anti aging routine | 3) Moisturizer: ceramide moisturizer
RTN0001752,REC0001752,sensitive,2,3,1,1,salicylic acid cleanser,oil free gel moisturizer,niacinamide serum,spf30,retinol treatment,skincare_datasets.xlsx::Recommendations|skincare_recommendations_dataset.csv,1) Cleanser: salicylic acid cleanser | 2) Serum: niacinamide serum | 3) Moisturizer: oil free gel moisturizer | 4) SPF: spf30,1) Cleanser: salicylic acid cleanser | 2) Treatment: retinol treatment | 3) Moisturizer: oil free gel moisturizer
RTN0001753,REC0001753,sensitive,2,3,1,2,salicylic acid cleanser,oil free gel moisturizer,hyaluronic acid serum,spf50 matte,chemical exfoliation,skincare_datasets.xlsx::Recommendations|skincare_recommendations_dataset.csv,1) Cleanser: salicylic acid cleanser | 2) Serum: hyaluronic acid serum | 3) Moisturizer: oil free gel moisturizer | 4) SPF: spf50 matte,1) Cleanser: salicylic acid cleanser | 2) Treatment: chemical exfoliation | 3) Moisturizer: oil free gel moisturizer
RTN0001754,REC0001754,sensitive,2,3,2,4,hydrating cleanser,soothing moisturizer,niacinamide serum,spf30,calming treatment,skincare_datasets.xlsx::Recommendations|skincare_recommendations_dataset.csv,1) Cleanser: hydrating cleanser | 2) Serum: niacinamide serum | 3) Moisturizer: soothing moisturizer | 4) SPF: spf30,1) Cleanser: hydrating cleanser | 2) Treatment: calming treatment | 3) Moisturizer: soothing moisturizer
RTN0001755,REC0001755,sensitive,2,3,2,4,salicylic acid cleanser,rich cream moisturizer,niacinamide serum,spf50,barrier repair,skincare_datasets.xlsx::Recommendations|skincare_recommendations_dataset.csv,1) Cleanser: salicylic acid cleanser | 2) Serum: niacinamide serum | 3) Moisturizer: rich cream moisturizer | 4) SPF: spf50,1) Cleanser: salicylic acid cleanser | 2) Treatment: barrier repair | 3) Moisturizer: rich cream moisturizer
RTN0001756,REC0001756,sensitive,2,3,3,2,gentle foam cleanser,ceramide moisturizer,retinol serum,spf50,calming treatment,skincare_datasets.xlsx::Recommendations|skincare_recommendations_dataset.csv,1) Cleanser: gentle foam cleanser | 2) Serum: retinol serum | 3) Moisturizer: ceramide moisturizer | 4) SPF: spf50,1) Cleanser: gentle foam cleanser | 2) Treatment: calming treatment | 3) Moisturizer: ceramide moisturizer
RTN0001757,REC0001757,sensitive,2,3,3,5,hydrating cleanser,ceramide moisturizer,niacinamide serum,spf30,chemical exfoliation,skincare_datasets.xlsx::Recommendations|skincare_recommendations_dataset.csv,1) Cleanser: hydrating cleanser | 2) Serum: niacinamide serum | 3) Moisturizer: ceramide moisturizer | 4) SPF: spf30,1) Cleanser: hydrating cleanser | 2) Treatment: chemical exfoliation | 3) Moisturizer: ceramide moisturizer
RTN0001758,REC0001758,sensitive,2,3,3,5,hydrating cleanser,soothing moisturizer,peptide serum,spf50 matte,hydrating mask,skincare_datasets.xlsx::Recommendations|skincare_recommendations_dataset.csv,1) Cleanser: hydrating cleanser | 2) Serum: peptide serum | 3) Moisturizer: soothing moisturizer | 4) SPF: spf50 matte,1) Cleanser: hydrating cleanser | 2) Treatment: hydrating mask | 3) Moisturizer: soothing moisturizer
RTN0001759,REC0001759,sensitive,2,3,4,1,hydrating cleanser,rich cream moisturizer,niacinamide serum,spf50,anti aging routine,skincare_datasets.xlsx::Recommendations|skincare_recommendations_dataset.csv,1) Cleanser: hydrating cleanser | 2) Serum: niacinamide serum | 3) Moisturizer: rich cream moisturizer | 4) SPF: spf50,1) Cleanser: hydrating cleanser | 2) Treatment: anti aging routine | 3) Moisturizer: rich cream moisturizer
RTN0001760,REC0001760,sensitive,2,3,5,2,acne control cleanser,ceramide moisturizer,vitamin c serum,mineral spf50,barrier repair,skincare_datasets.xlsx::Recommendations|skincare_recommendations_dataset.csv,1) Cleanser: acne control cleanser | 2) Serum: vitamin c serum | 3) Moisturizer: ceramide moisturizer | 4) SPF: mineral spf50,1) Cleanser: acne control cleanser | 2) Treatment: barrier repair | 3) Moisturizer: ceramide moisturizer
RTN0001761,REC0001761,sensitive,2,4,0,3,gentle foam cleanser,oil free gel moisturizer,hyaluronic acid serum,spf50 matte,barrier repair,skincare_datasets.xlsx::Recommendations|skincare_recommendations_dataset.csv,1) Cleanser: gentle foam cleanser | 2) Serum: hyaluronic acid serum | 3) Moisturizer: oil free gel moisturizer | 4) SPF: spf50 matte,1) Cleanser: gentle foam cleanser | 2) Treatment: barrier repair | 3) Moisturizer: oil free gel moisturizer
RTN0001762,REC0001762,sensitive,2,4,0,4,milk cleanser,ceramide moisturizer,centella serum,spf50 matte,retinol treatment,skincare_datasets.xlsx::Recommendations|skincare_recommendations_dataset.csv,1) Cleanser: milk cleanser | 2) Serum: centella serum | 3) Moisturizer: ceramide moisturizer | 4) SPF: spf50 matte,1) Cleanser: milk cleanser | 2) Treatment: retinol treatment | 3) Moisturizer: ceramide moisturizer
RTN0001763,REC0001763,sensitive,2,4,1,2,milk cleanser,soothing moisturizer,hyaluronic acid serum,mineral spf50,benzoyl peroxide,skincare_datasets.xlsx::Recommendations|skincare_recommendations_dataset.csv,1) Cleanser: milk cleanser | 2) Serum: hyaluronic acid serum | 3) Moisturizer: soothing moisturizer | 4) SPF: mineral spf50,1) Cleanser: milk cleanser | 2) Treatment: benzoyl peroxide | 3) Moisturizer: soothing moisturizer
RTN0001764,REC0001764,sensitive,2,4,1,4,milk cleanser,oil free gel moisturizer,peptide serum,spf30,calming treatment,skincare_datasets.xlsx::Recommendations|skincare_recommendations_dataset.csv,1) Cleanser: milk cleanser | 2) Serum: peptide serum | 3) Moisturizer: oil free gel moisturizer | 4) SPF: spf30,1) Cleanser: milk cleanser | 2) Treatment: calming treatment | 3) Moisturizer: oil free gel moisturizer
RTN0001765,REC0001765,sensitive,2,4,2,4,salicylic acid cleanser,oil free gel moisturizer,hyaluronic acid serum,spf50 matte,calming treatment,skincare_datasets.xlsx::Recommendations|skincare_recommendations_dataset.csv,1) Cleanser: salicylic acid cleanser | 2) Serum: hyaluronic acid serum | 3) Moisturizer: oil free gel moisturizer | 4) SPF: spf50 matte,1) Cleanser: salicylic acid cleanser | 2) Treatment: calming treatment | 3) Moisturizer: oil free gel moisturizer
RTN0001766,REC0001766,sensitive,2,4,4,1,salicylic acid cleanser,oil free gel moisturizer,hyaluronic acid serum,spf50 matte,hydrating mask,skincare_datasets.xlsx::Recommendations|skincare_recommendations_dataset.csv,1) Cleanser: salicylic acid cleanser | 2) Serum: hyaluronic acid serum | 3) Moisturizer: oil free gel moisturizer | 4) SPF: spf50 matte,1) Cleanser: salicylic acid cleanser | 2) Treatment: hydrating mask | 3) Moisturizer: oil free gel moisturizer
RTN0001767,REC0001767,sensitive,2,4,4,2,gentle foam cleanser,soothing moisturizer,niacinamide serum,spf50,anti aging routine,skincare_datasets.xlsx::Recommendations|skincare_recommendations_dataset.csv,1) Cleanser: gentle foam cleanser | 2) Serum: niacinamide serum | 3) Moisturizer: soothing moisturizer | 4) SPF: spf50,1) Cleanser: gentle foam cleanser | 2) Treatment: anti aging routine | 3) Moisturizer: soothing moisturizer
RTN0001768,REC0001768,sensitive,2,4,4,4,hydrating cleanser,rich cream moisturizer,peptide serum,spf50 matte,anti aging routine,skincare_datasets.xlsx::Recommendations|skincare_recommendations_dataset.csv,1) Cleanser: hydrating cleanser | 2) Serum: peptide serum | 3) Moisturizer: rich cream moisturizer | 4) SPF: spf50 matte,1) Cleanser: hydrating cleanser | 2) Treatment: anti aging routine | 3) Moisturizer: rich cream moisturizer
RTN0001769,REC0001769,sensitive,2,4,5,1,ultra gentle cleanser,ceramide moisturizer,retinol serum,spf50 matte,anti aging routine,skincare_datasets.xlsx::Recommendations|skincare_recommendations_dataset.csv,1) Cleanser: ultra gentle cleanser | 2) Serum: retinol serum | 3) Moisturizer: ceramide moisturizer | 4) SPF: spf50 matte,1) Cleanser: ultra gentle cleanser | 2) Treatment: anti aging routine | 3) Moisturizer: ceramide moisturizer
RTN0001770,REC0001770,sensitive,2,4,5,2,hydrating cleanser,ceramide moisturizer,peptide serum,mineral spf50,calming treatment,skincare_datasets.xlsx::Recommendations|skincare_recommendations_dataset.csv,1) Cleanser: hydrating cleanser | 2) Serum: peptide serum | 3) Moisturizer: ceramide moisturizer | 4) SPF: mineral spf50,1) Cleanser: hydrating cleanser | 2) Treatment: calming treatment | 3) Moisturizer: ceramide moisturizer
RTN0001771,REC0001771,sensitive,2,4,5,5,acne control cleanser,oil free gel moisturizer,peptide serum,spf30,anti aging routine,skincare_datasets.xlsx::Recommendations|skincare_recommendations_dataset.csv,1) Cleanser: acne control cleanser | 2) Serum: peptide serum | 3) Moisturizer: oil free gel moisturizer | 4) SPF: spf30,1) Cleanser: acne control cleanser | 2) Treatment: anti aging routine | 3) Moisturizer: oil free gel moisturizer
RTN0001772,REC0001772,sensitive,2,4,5,5,milk cleanser,ceramide moisturizer,peptide serum,spf30,hydrating mask,skincare_datasets.xlsx::Recommendations|skincare_recommendations_dataset.csv,1) Cleanser: milk cleanser | 2) Serum: peptide serum | 3) Moisturizer: ceramide moisturizer | 4) SPF: spf30,1) Cleanser: milk cleanser | 2) Treatment: hydrating mask | 3) Moisturizer: ceramide moisturizer
RTN0001773,REC0001773,sensitive,2,5,0,5,acne control cleanser,light lotion moisturizer,peptide serum,spf30,retinol treatment,skincare_datasets.xlsx::Recommendations|skincare_recommendations_dataset.csv,1) Cleanser: acne control cleanser | 2) Serum: peptide serum | 3) Moisturizer: light lotion moisturizer | 4) SPF: spf30,1) Cleanser: acne control cleanser | 2) Treatment: retinol treatment | 3) Moisturizer: light lotion moisturizer
RTN0001774,REC0001774,sensitive,2,5,1,1,milk cleanser,ceramide moisturizer,niacinamide serum,spf50 matte,anti aging routine,skincare_datasets.xlsx::Recommendations|skincare_recommendations_dataset.csv,1) Cleanser: milk cleanser | 2) Serum: niacinamide serum | 3) Moisturizer: ceramide moisturizer | 4) SPF: spf50 matte,1) Cleanser: milk cleanser | 2) Treatment: anti aging routine | 3) Moisturizer: ceramide moisturizer
RTN0001775,REC0001775,sensitive,2,5,1,3,salicylic acid cleanser,soothing moisturizer,vitamin c serum,spf30,retinol treatment,skincare_datasets.xlsx::Recommendations|skincare_recommendations_dataset.csv,1) Cleanser: salicylic acid cleanser | 2) Serum: vitamin c serum | 3) Moisturizer: soothing moisturizer | 4) SPF: spf30,1) Cleanser: salicylic acid cleanser | 2) Treatment: retinol treatment | 3) Moisturizer: soothing moisturizer
RTN0001776,REC0001776,sensitive,2,5,1,5,gentle foam cleanser,soothing moisturizer,vitamin c serum,spf50 matte,chemical exfoliation,skincare_datasets.xlsx::Recommendations|skincare_recommendations_dataset.csv,1) Cleanser: gentle foam cleanser | 2) Serum: vitamin c serum | 3) Moisturizer: soothing moisturizer | 4) SPF: spf50 matte,1) Cleanser: gentle foam cleanser | 2) Treatment: chemical exfoliation | 3) Moisturizer: soothing moisturizer
RTN0001777,REC0001777,sensitive,2,5,2,0,hydrating cleanser,rich cream moisturizer,centella serum,spf50,hydrating mask,skincare_datasets.xlsx::Recommendations|skincare_recommendations_dataset.csv,1) Cleanser: hydrating cleanser | 2) Serum: centella serum | 3) Moisturizer: rich cream moisturizer | 4) SPF: spf50,1) Cleanser: hydrating cleanser | 2) Treatment: hydrating mask | 3) Moisturizer: rich cream moisturizer
RTN0001778,REC0001778,sensitive,2,5,2,0,salicylic acid cleanser,soothing moisturizer,centella serum,spf30,barrier repair,skincare_datasets.xlsx::Recommendations|skincare_recommendations_dataset.csv,1) Cleanser: salicylic acid cleanser | 2) Serum: centella serum | 3) Moisturizer: soothing moisturizer | 4) SPF: spf30,1) Cleanser: salicylic acid cleanser | 2) Treatment: barrier repair | 3) Moisturizer: soothing moisturizer
RTN0001779,REC0001779,sensitive,2,5,2,3,hydrating cleanser,light lotion moisturizer,peptide serum,spf50 matte,chemical exfoliation,skincare_datasets.xlsx::Recommendations|skincare_recommendations_dataset.csv,1) Cleanser: hydrating cleanser | 2) Serum: peptide serum | 3) Moisturizer: light lotion moisturizer | 4) SPF: spf50 matte,1) Cleanser: hydrating cleanser | 2) Treatment: chemical exfoliation | 3) Moisturizer: light lotion moisturizer
RTN0001780,REC0001780,sensitive,2,5,2,3,ultra gentle cleanser,oil free gel moisturizer,niacinamide serum,mineral spf50,retinol treatment,skincare_datasets.xlsx::Recommendations|skincare_recommendations_dataset.csv,1) Cleanser: ultra gentle cleanser | 2) Serum: niacinamide serum | 3) Moisturizer: oil free gel moisturizer | 4) SPF: mineral spf50,1) Cleanser: ultra gentle cleanser | 2) Treatment: retinol treatment | 3) Moisturizer: oil free gel moisturizer
RTN0001781,REC0001781,sensitive,2,5,3,4,milk cleanser,rich cream moisturizer,peptide serum,mineral spf50,barrier repair,skincare_datasets.xlsx::Recommendations|skincare_recommendations_dataset.csv,1) Cleanser: milk cleanser | 2) Serum: peptide serum | 3) Moisturizer: rich cream moisturizer | 4) SPF: mineral spf50,1) Cleanser: milk cleanser | 2) Treatment: barrier repair | 3) Moisturizer: rich cream moisturizer
RTN0001782,REC0001782,sensitive,2,5,3,4,salicylic acid cleanser,ceramide moisturizer,hyaluronic acid serum,spf50,hydrating mask,skincare_datasets.xlsx::Recommendations|skincare_recommendations_dataset.csv,1) Cleanser: salicylic acid cleanser | 2) Serum: hyaluronic acid serum | 3) Moisturizer: ceramide moisturizer | 4) SPF: spf50,1) Cleanser: salicylic acid cleanser | 2) Treatment: hydrating mask | 3) Moisturizer: ceramide moisturizer
RTN0001783,REC0001783,sensitive,2,5,3,5,hydrating cleanser,ceramide moisturizer,retinol serum,spf30,barrier repair,skincare_datasets.xlsx::Recommendations|skincare_recommendations_dataset.csv,1) Cleanser: hydrating cleanser | 2) Serum: retinol serum | 3) Moisturizer: ceramide moisturizer | 4) SPF: spf30,1) Cleanser: hydrating cleanser | 2) Treatment: barrier repair | 3) Moisturizer: ceramide moisturizer
RTN0001784,REC0001784,sensitive,2,5,4,2,salicylic acid cleanser,soothing moisturizer,hyaluronic acid serum,spf30,benzoyl peroxide,skincare_datasets.xlsx::Recommendations|skincare_recommendations_dataset.csv,1) Cleanser: salicylic acid cleanser | 2) Serum: hyaluronic acid serum | 3) Moisturizer: soothing moisturizer | 4) SPF: spf30,1) Cleanser: salicylic acid cleanser | 2) Treatment: benzoyl peroxide | 3) Moisturizer: soothing moisturizer
RTN0001785,REC0001785,sensitive,2,5,4,3,milk cleanser,oil free gel moisturizer,retinol serum,spf50 matte,calming treatment,skincare_datasets.xlsx::Recommendations|skincare_recommendations_dataset.csv,1) Cleanser: milk cleanser | 2) Serum: retinol serum | 3) Moisturizer: oil free gel moisturizer | 4) SPF: spf50 matte,1) Cleanser: milk cleanser | 2) Treatment: calming treatment | 3) Moisturizer: oil free gel moisturizer
RTN0001786,REC0001786,sensitive,2,5,5,3,salicylic acid cleanser,oil free gel moisturizer,vitamin c serum,spf50,hydrating mask,skincare_datasets.xlsx::Recommendations|skincare_recommendations_dataset.csv,1) Cleanser: salicylic acid cleanser | 2) Serum: vitamin c serum | 3) Moisturizer: oil free gel moisturizer | 4) SPF: spf50,1) Cleanser: salicylic acid cleanser | 2) Treatment: hydrating mask | 3) Moisturizer: oil free gel moisturizer
RTN0001787,REC0001787,sensitive,2,5,5,5,acne control cleanser,ceramide moisturizer,retinol serum,mineral spf50,chemical exfoliation,skincare_datasets.xlsx::Recommendations|skincare_recommendations_dataset.csv,1) Cleanser: acne control cleanser | 2) Serum: retinol serum | 3) Moisturizer: ceramide moisturizer | 4) SPF: mineral spf50,1) Cleanser: acne control cleanser | 2) Treatment: chemical exfoliation | 3) Moisturizer: ceramide moisturizer
RTN0001788,REC0001788,sensitive,3,0,0,2,acne control cleanser,soothing moisturizer,vitamin c serum,spf50 matte,hydrating mask,skincare_datasets.xlsx::Recommendations|skincare_recommendations_dataset.csv,1) Cleanser: acne control cleanser | 2) Serum: vitamin c serum | 3) Moisturizer: soothing moisturizer | 4) SPF: spf50 matte,1) Cleanser: acne control cleanser | 2) Treatment: hydrating mask | 3) Moisturizer: soothing moisturizer
RTN0001789,REC0001789,sensitive,3,0,0,3,gentle foam cleanser,soothing moisturizer,niacinamide serum,spf30,anti aging routine,skincare_datasets.xlsx::Recommendations|skincare_recommendations_dataset.csv,1) Cleanser: gentle foam cleanser | 2) Serum: niacinamide serum | 3) Moisturizer: soothing moisturizer | 4) SPF: spf30,1) Cleanser: gentle foam cleanser | 2) Treatment: anti aging routine | 3) Moisturizer: soothing moisturizer
RTN0001790,REC0001790,sensitive,3,0,1,4,acne control cleanser,oil free gel moisturizer,peptide serum,spf50 matte,barrier repair,skincare_datasets.xlsx::Recommendations|skincare_recommendations_dataset.csv,1) Cleanser: acne control cleanser | 2) Serum: peptide serum | 3) Moisturizer: oil free gel moisturizer | 4) SPF: spf50 matte,1) Cleanser: acne control cleanser | 2) Treatment: barrier repair | 3) Moisturizer: oil free gel moisturizer
RTN0001791,REC0001791,sensitive,3,0,2,4,salicylic acid cleanser,oil free gel moisturizer,peptide serum,mineral spf50,retinol treatment,skincare_datasets.xlsx::Recommendations|skincare_recommendations_dataset.csv,1) Cleanser: salicylic acid cleanser | 2) Serum: peptide serum | 3) Moisturizer: oil free gel moisturizer | 4) SPF: mineral spf50,1) Cleanser: salicylic acid cleanser | 2) Treatment: retinol treatment | 3) Moisturizer: oil free gel moisturizer
RTN0001792,REC0001792,sensitive,3,0,5,2,gentle foam cleanser,oil free gel moisturizer,hyaluronic acid serum,mineral spf50,hydrating mask,skincare_datasets.xlsx::Recommendations|skincare_recommendations_dataset.csv,1) Cleanser: gentle foam cleanser | 2) Serum: hyaluronic acid serum | 3) Moisturizer: oil free gel moisturizer | 4) SPF: mineral spf50,1) Cleanser: gentle foam cleanser | 2) Treatment: hydrating mask | 3) Moisturizer: oil free gel moisturizer
RTN0001793,REC0001793,sensitive,3,0,5,2,salicylic acid cleanser,oil free gel moisturizer,vitamin c serum,spf30,chemical exfoliation,skincare_datasets.xlsx::Recommendations|skincare_recommendations_dataset.csv,1) Cleanser: salicylic acid cleanser | 2) Serum: vitamin c serum | 3) Moisturizer: oil free gel moisturizer | 4) SPF: spf30,1) Cleanser: salicylic acid cleanser | 2) Treatment: chemical exfoliation | 3) Moisturizer: oil free gel moisturizer
RTN0001794,REC0001794,sensitive,3,0,5,3,acne control cleanser,light lotion moisturizer,peptide serum,mineral spf50,calming treatment,skincare_datasets.xlsx::Recommendations|skincare_recommendations_dataset.csv,1) Cleanser: acne control cleanser | 2) Serum: peptide serum | 3) Moisturizer: light lotion moisturizer | 4) SPF: mineral spf50,1) Cleanser: acne control cleanser | 2) Treatment: calming treatment | 3) Moisturizer: light lotion moisturizer
RTN0001795,REC0001795,sensitive,3,0,5,3,salicylic acid cleanser,light lotion moisturizer,peptide serum,spf30,benzoyl peroxide,skincare_datasets.xlsx::Recommendations|skincare_recommendations_dataset.csv,1) Cleanser: salicylic acid cleanser | 2) Serum: peptide serum | 3) Moisturizer: light lotion moisturizer | 4) SPF: spf30,1) Cleanser: salicylic acid cleanser | 2) Treatment: benzoyl peroxide | 3) Moisturizer: light lotion moisturizer
RTN0001796,REC0001796,sensitive,3,1,0,0,gentle foam cleanser,rich cream moisturizer,vitamin c serum,mineral spf50,chemical exfoliation,skincare_datasets.xlsx::Recommendations|skincare_recommendations_dataset.csv,1) Cleanser: gentle foam cleanser | 2) Serum: vitamin c serum | 3) Moisturizer: rich cream moisturizer | 4) SPF: mineral spf50,1) Cleanser: gentle foam cleanser | 2) Treatment: chemical exfoliation | 3) Moisturizer: rich cream moisturizer
RTN0001797,REC0001797,sensitive,3,1,1,3,acne control cleanser,ceramide moisturizer,retinol serum,spf30,hydrating mask,skincare_datasets.xlsx::Recommendations|skincare_recommendations_dataset.csv,1) Cleanser: acne control cleanser | 2) Serum: retinol serum | 3) Moisturizer: ceramide moisturizer | 4) SPF: spf30,1) Cleanser: acne control cleanser | 2) Treatment: hydrating mask | 3) Moisturizer: ceramide moisturizer
RTN0001798,REC0001798,sensitive,3,1,1,4,gentle foam cleanser,ceramide moisturizer,centella serum,spf50 matte,benzoyl peroxide,skincare_datasets.xlsx::Recommendations|skincare_recommendations_dataset.csv,1) Cleanser: gentle foam cleanser | 2) Serum: centella serum | 3) Moisturizer: ceramide moisturizer | 4) SPF: spf50 matte,1) Cleanser: gentle foam cleanser | 2) Treatment: benzoyl peroxide | 3) Moisturizer: ceramide moisturizer
RTN0001799,REC0001799,sensitive,3,1,1,4,ultra gentle cleanser,oil free gel moisturizer,peptide serum,spf30,calming treatment,skincare_datasets.xlsx::Recommendations|skincare_recommendations_dataset.csv,1) Cleanser: ultra gentle cleanser | 2) Serum: peptide serum | 3) Moisturizer: oil free gel moisturizer | 4) SPF: spf30,1) Cleanser: ultra gentle cleanser | 2) Treatment: calming treatment | 3) Moisturizer: oil free gel moisturizer
RTN0001800,REC0001800,sensitive,3,1,1,5,salicylic acid cleanser,light lotion moisturizer,hyaluronic acid serum,spf30,benzoyl peroxide,skincare_datasets.xlsx::Recommendations|skincare_recommendations_dataset.csv,1) Cleanser: salicylic acid cleanser | 2) Serum: hyaluronic acid serum | 3) Moisturizer: light lotion moisturizer | 4) SPF: spf30,1) Cleanser: salicylic acid cleanser | 2) Treatment: benzoyl peroxide | 3) Moisturizer: light lotion moisturizer
RTN0001801,REC0001801,sensitive,3,1,2,4,acne control cleanser,oil free gel moisturizer,centella serum,spf30,anti aging routine,skincare_datasets.xlsx::Recommendations|skincare_recommendations_dataset.csv,1) Cleanser: acne control cleanser | 2) Serum: centella serum | 3) Moisturizer: oil free gel moisturizer | 4) SPF: spf30,1) Cleanser: acne control cleanser | 2) Treatment: anti aging routine | 3) Moisturizer: oil free gel moisturizer
RTN0001802,REC0001802,sensitive,3,1,2,4,salicylic acid cleanser,ceramide moisturizer,vitamin c serum,spf30,barrier repair,skincare_datasets.xlsx::Recommendations|skincare_recommendations_dataset.csv,1) Cleanser: salicylic acid cleanser | 2) Serum: vitamin c serum | 3) Moisturizer: ceramide moisturizer | 4) SPF: spf30,1) Cleanser: salicylic acid cleanser | 2) Treatment: barrier repair | 3) Moisturizer: ceramide moisturizer
RTN0001803,REC0001803,sensitive,3,1,3,0,acne control cleanser,soothing moisturizer,niacinamide serum,spf50 matte,benzoyl peroxide,skincare_datasets.xlsx::Recommendations|skincare_recommendations_dataset.csv,1) Cleanser: acne control cleanser | 2) Serum: niacinamide serum | 3) Moisturizer: soothing moisturizer | 4) SPF: spf50 matte,1) Cleanser: acne control cleanser | 2) Treatment: benzoyl peroxide | 3) Moisturizer: soothing moisturizer
RTN0001804,REC0001804,sensitive,3,1,3,0,milk cleanser,ceramide moisturizer,vitamin c serum,spf50,hydrating mask,skincare_datasets.xlsx::Recommendations|skincare_recommendations_dataset.csv,1) Cleanser: milk cleanser | 2) Serum: vitamin c serum | 3) Moisturizer: ceramide moisturizer | 4) SPF: spf50,1) Cleanser: milk cleanser | 2) Treatment: hydrating mask | 3) Moisturizer: ceramide moisturizer
RTN0001805,REC0001805,sensitive,3,1,3,4,acne control cleanser,soothing moisturizer,niacinamide serum,spf50 matte,retinol treatment,skincare_datasets.xlsx::Recommendations|skincare_recommendations_dataset.csv,1) Cleanser: acne control cleanser | 2) Serum: niacinamide serum | 3) Moisturizer: soothing moisturizer | 4) SPF: spf50 matte,1) Cleanser: acne control cleanser | 2) Treatment: retinol treatment | 3) Moisturizer: soothing moisturizer
RTN0001806,REC0001806,sensitive,3,1,3,5,ultra gentle cleanser,light lotion moisturizer,vitamin c serum,mineral spf50,benzoyl peroxide,skincare_datasets.xlsx::Recommendations|skincare_recommendations_dataset.csv,1) Cleanser: ultra gentle cleanser | 2) Serum: vitamin c serum | 3) Moisturizer: light lotion moisturizer | 4) SPF: mineral spf50,1) Cleanser: ultra gentle cleanser | 2) Treatment: benzoyl peroxide | 3) Moisturizer: light lotion moisturizer
RTN0001807,REC0001807,sensitive,3,1,4,0,hydrating cleanser,ceramide moisturizer,centella serum,spf50,chemical exfoliation,skincare_datasets.xlsx::Recommendations|skincare_recommendations_dataset.csv,1) Cleanser: hydrating cleanser | 2) Serum: centella serum | 3) Moisturizer: ceramide moisturizer | 4) SPF: spf50,1) Cleanser: hydrating cleanser | 2) Treatment: chemical exfoliation | 3) Moisturizer: ceramide moisturizer
RTN0001808,REC0001808,sensitive,3,1,4,1,hydrating cleanser,oil free gel moisturizer,retinol serum,mineral spf50,hydrating mask,skincare_datasets.xlsx::Recommendations|skincare_recommendations_dataset.csv,1) Cleanser: hydrating cleanser | 2) Serum: retinol serum | 3) Moisturizer: oil free gel moisturizer | 4) SPF: mineral spf50,1) Cleanser: hydrating cleanser | 2) Treatment: hydrating mask | 3) Moisturizer: oil free gel moisturizer
RTN0001809,REC0001809,sensitive,3,1,5,2,gentle foam cleanser,ceramide moisturizer,hyaluronic acid serum,spf50,anti aging routine,skincare_datasets.xlsx::Recommendations|skincare_recommendations_dataset.csv,1) Cleanser: gentle foam cleanser | 2) Serum: hyaluronic acid serum | 3) Moisturizer: ceramide moisturizer | 4) SPF: spf50,1) Cleanser: gentle foam cleanser | 2) Treatment: anti aging routine | 3) Moisturizer: ceramide moisturizer
RTN0001810,REC0001810,sensitive,3,2,0,0,milk cleanser,soothing moisturizer,hyaluronic acid serum,mineral spf50,barrier repair,skincare_datasets.xlsx::Recommendations|skincare_recommendations_dataset.csv,1) Cleanser: milk cleanser | 2) Serum: hyaluronic acid serum | 3) Moisturizer: soothing moisturizer | 4) SPF: mineral spf50,1) Cleanser: milk cleanser | 2) Treatment: barrier repair | 3) Moisturizer: soothing moisturizer
RTN0001811,REC0001811,sensitive,3,2,0,4,salicylic acid cleanser,oil free gel moisturizer,vitamin c serum,spf50,anti aging routine,skincare_datasets.xlsx::Recommendations|skincare_recommendations_dataset.csv,1) Cleanser: salicylic acid cleanser | 2) Serum: vitamin c serum | 3) Moisturizer: oil free gel moisturizer | 4) SPF: spf50,1) Cleanser: salicylic acid cleanser | 2) Treatment: anti aging routine | 3) Moisturizer: oil free gel moisturizer
RTN0001812,REC0001812,sensitive,3,2,0,4,ultra gentle cleanser,light lotion moisturizer,vitamin c serum,mineral spf50,chemical exfoliation,skincare_datasets.xlsx::Recommendations|skincare_recommendations_dataset.csv,1) Cleanser: ultra gentle cleanser | 2) Serum: vitamin c serum | 3) Moisturizer: light lotion moisturizer | 4) SPF: mineral spf50,1) Cleanser: ultra gentle cleanser | 2) Treatment: chemical exfoliation | 3) Moisturizer: light lotion moisturizer
RTN0001813,REC0001813,sensitive,3,2,0,5,milk cleanser,soothing moisturizer,vitamin c serum,mineral spf50,calming treatment,skincare_datasets.xlsx::Recommendations|skincare_recommendations_dataset.csv,1) Cleanser: milk cleanser | 2) Serum: vitamin c serum | 3) Moisturizer: soothing moisturizer | 4) SPF: mineral spf50,1) Cleanser: milk cleanser | 2) Treatment: calming treatment | 3) Moisturizer: soothing moisturizer
RTN0001814,REC0001814,sensitive,3,2,1,0,milk cleanser,soothing moisturizer,vitamin c serum,spf50 matte,hydrating mask,skincare_datasets.xlsx::Recommendations|skincare_recommendations_dataset.csv,1) Cleanser: milk cleanser | 2) Serum: vitamin c serum | 3) Moisturizer: soothing moisturizer | 4) SPF: spf50 matte,1) Cleanser: milk cleanser | 2) Treatment: hydrating mask | 3) Moisturizer: soothing moisturizer
RTN0001815,REC0001815,sensitive,3,2,1,5,ultra gentle cleanser,rich cream moisturizer,niacinamide serum,mineral spf50,retinol treatment,skincare_datasets.xlsx::Recommendations|skincare_recommendations_dataset.csv,1) Cleanser: ultra gentle cleanser | 2) Serum: niacinamide serum | 3) Moisturizer: rich cream moisturizer | 4) SPF: mineral spf50,1) Cleanser: ultra gentle cleanser | 2) Treatment: retinol treatment | 3) Moisturizer: rich cream moisturizer
RTN0001816,REC0001816,sensitive,3,2,2,2,acne control cleanser,ceramide moisturizer,retinol serum,mineral spf50,retinol treatment,skincare_datasets.xlsx::Recommendations|skincare_recommendations_dataset.csv,1) Cleanser: acne control cleanser | 2) Serum: retinol serum | 3) Moisturizer: ceramide moisturizer | 4) SPF: mineral spf50,1) Cleanser: acne control cleanser | 2) Treatment: retinol treatment | 3) Moisturizer: ceramide moisturizer
RTN0001817,REC0001817,sensitive,3,2,2,4,gentle foam cleanser,rich cream moisturizer,niacinamide serum,spf50 matte,anti aging routine,skincare_datasets.xlsx::Recommendations|skincare_recommendations_dataset.csv,1) Cleanser: gentle foam cleanser | 2) Serum: niacinamide serum | 3) Moisturizer: rich cream moisturizer | 4) SPF: spf50 matte,1) Cleanser: gentle foam cleanser | 2) Treatment: anti aging routine | 3) Moisturizer: rich cream moisturizer
RTN0001818,REC0001818,sensitive,3,2,2,4,salicylic acid cleanser,soothing moisturizer,niacinamide serum,spf50,calming treatment,skincare_datasets.xlsx::Recommendations|skincare_recommendations_dataset.csv,1) Cleanser: salicylic acid cleanser | 2) Serum: niacinamide serum | 3) Moisturizer: soothing moisturizer | 4) SPF: spf50,1) Cleanser: salicylic acid cleanser | 2) Treatment: calming treatment | 3) Moisturizer: soothing moisturizer
RTN0001819,REC0001819,sensitive,3,2,4,5,gentle foam cleanser,light lotion moisturizer,retinol serum,spf50,barrier repair,skincare_datasets.xlsx::Recommendations|skincare_recommendations_dataset.csv,1) Cleanser: gentle foam cleanser | 2) Serum: retinol serum | 3) Moisturizer: light lotion moisturizer | 4) SPF: spf50,1) Cleanser: gentle foam cleanser | 2) Treatment: barrier repair | 3) Moisturizer: light lotion moisturizer
RTN0001820,REC0001820,sensitive,3,2,5,5,salicylic acid cleanser,soothing moisturizer,vitamin c serum,spf30,calming treatment,skincare_datasets.xlsx::Recommendations|skincare_recommendations_dataset.csv,1) Cleanser: salicylic acid cleanser | 2) Serum: vitamin c serum | 3) Moisturizer: soothing moisturizer | 4) SPF: spf30,1) Cleanser: salicylic acid cleanser | 2) Treatment: calming treatment | 3) Moisturizer: soothing moisturizer
RTN0001821,REC0001821,sensitive,3,3,0,3,gentle foam cleanser,light lotion moisturizer,hyaluronic acid serum,spf50 matte,hydrating mask,skincare_datasets.xlsx::Recommendations|skincare_recommendations_dataset.csv,1) Cleanser: gentle foam cleanser | 2) Serum: hyaluronic acid serum | 3) Moisturizer: light lotion moisturizer | 4) SPF: spf50 matte,1) Cleanser: gentle foam cleanser | 2) Treatment: hydrating mask | 3) Moisturizer: light lotion moisturizer
RTN0001822,REC0001822,sensitive,3,3,0,4,milk cleanser,light lotion moisturizer,vitamin c serum,mineral spf50,hydrating mask,skincare_datasets.xlsx::Recommendations|skincare_recommendations_dataset.csv,1) Cleanser: milk cleanser | 2) Serum: vitamin c serum | 3) Moisturizer: light lotion moisturizer | 4) SPF: mineral spf50,1) Cleanser: milk cleanser | 2) Treatment: hydrating mask | 3) Moisturizer: light lotion moisturizer
RTN0001823,REC0001823,sensitive,3,3,0,4,ultra gentle cleanser,ceramide moisturizer,retinol serum,spf30,anti aging routine,skincare_datasets.xlsx::Recommendations|skincare_recommendations_dataset.csv,1) Cleanser: ultra gentle cleanser | 2) Serum: retinol serum | 3) Moisturizer: ceramide moisturizer | 4) SPF: spf30,1) Cleanser: ultra gentle cleanser | 2) Treatment: anti aging routine | 3) Moisturizer: ceramide moisturizer
RTN0001824,REC0001824,sensitive,3,3,1,1,salicylic acid cleanser,light lotion moisturizer,retinol serum,spf30,hydrating mask,skincare_datasets.xlsx::Recommendations|skincare_recommendations_dataset.csv,1) Cleanser: salicylic acid cleanser | 2) Serum: retinol serum | 3) Moisturizer: light lotion moisturizer | 4) SPF: spf30,1) Cleanser: salicylic acid cleanser | 2) Treatment: hydrating mask | 3) Moisturizer: light lotion moisturizer
RTN0001825,REC0001825,sensitive,3,3,1,3,salicylic acid cleanser,rich cream moisturizer,niacinamide serum,spf50,hydrating mask,skincare_datasets.xlsx::Recommendations|skincare_recommendations_dataset.csv,1) Cleanser: salicylic acid cleanser | 2) Serum: niacinamide serum | 3) Moisturizer: rich cream moisturizer | 4) SPF: spf50,1) Cleanser: salicylic acid cleanser | 2) Treatment: hydrating mask | 3) Moisturizer: rich cream moisturizer
RTN0001826,REC0001826,sensitive,3,3,2,0,ultra gentle cleanser,light lotion moisturizer,peptide serum,mineral spf50,hydrating mask,skincare_datasets.xlsx::Recommendations|skincare_recommendations_dataset.csv,1) Cleanser: ultra gentle cleanser | 2) Serum: peptide serum | 3) Moisturizer: light lotion moisturizer | 4) SPF: mineral spf50,1) Cleanser: ultra gentle cleanser | 2) Treatment: hydrating mask | 3) Moisturizer: light lotion moisturizer
RTN0001827,REC0001827,sensitive,3,3,2,1,milk cleanser,ceramide moisturizer,retinol serum,spf50,benzoyl peroxide,skincare_datasets.xlsx::Recommendations|skincare_recommendations_dataset.csv,1) Cleanser: milk cleanser | 2) Serum: retinol serum | 3) Moisturizer: ceramide moisturizer | 4) SPF: spf50,1) Cleanser: milk cleanser | 2) Treatment: benzoyl peroxide | 3) Moisturizer: ceramide moisturizer
RTN0001828,REC0001828,sensitive,3,3,2,4,hydrating cleanser,light lotion moisturizer,hyaluronic acid serum,mineral spf50,retinol treatment,skincare_datasets.xlsx::Recommendations|skincare_recommendations_dataset.csv,1) Cleanser: hydrating cleanser | 2) Serum: hyaluronic acid serum | 3) Moisturizer: light lotion moisturizer | 4) SPF: mineral spf50,1) Cleanser: hydrating cleanser | 2) Treatment: retinol treatment | 3) Moisturizer: light lotion moisturizer
RTN0001829,REC0001829,sensitive,3,3,3,0,milk cleanser,light lotion moisturizer,retinol serum,spf30,calming treatment,skincare_datasets.xlsx::Recommendations|skincare_recommendations_dataset.csv,1) Cleanser: milk cleanser | 2) Serum: retinol serum | 3) Moisturizer: light lotion moisturizer | 4) SPF: spf30,1) Cleanser: milk cleanser | 2) Treatment: calming treatment | 3) Moisturizer: light lotion moisturizer
RTN0001830,REC0001830,sensitive,3,3,4,3,acne control cleanser,ceramide moisturizer,niacinamide serum,spf30,retinol treatment,skincare_datasets.xlsx::Recommendations|skincare_recommendations_dataset.csv,1) Cleanser: acne control cleanser | 2) Serum: niacinamide serum | 3) Moisturizer: ceramide moisturizer | 4) SPF: spf30,1) Cleanser: acne control cleanser | 2) Treatment: retinol treatment | 3) Moisturizer: ceramide moisturizer
RTN0001831,REC0001831,sensitive,3,3,4,3,acne control cleanser,light lotion moisturizer,centella serum,spf50,retinol treatment,skincare_datasets.xlsx::Recommendations|skincare_recommendations_dataset.csv,1) Cleanser: acne control cleanser | 2) Serum: centella serum | 3) Moisturizer: light lotion moisturizer | 4) SPF: spf50,1) Cleanser: acne control cleanser | 2) Treatment: retinol treatment | 3) Moisturizer: light lotion moisturizer
RTN0001832,REC0001832,sensitive,3,3,5,1,acne control cleanser,soothing moisturizer,centella serum,spf50 matte,barrier repair,skincare_datasets.xlsx::Recommendations|skincare_recommendations_dataset.csv,1) Cleanser: acne control cleanser | 2) Serum: centella serum | 3) Moisturizer: soothing moisturizer | 4) SPF: spf50 matte,1) Cleanser: acne control cleanser | 2) Treatment: barrier repair | 3) Moisturizer: soothing moisturizer
RTN0001833,REC0001833,sensitive,3,3,5,5,hydrating cleanser,oil free gel moisturizer,hyaluronic acid serum,spf50 matte,retinol treatment,skincare_datasets.xlsx::Recommendations|skincare_recommendations_dataset.csv,1) Cleanser: hydrating cleanser | 2) Serum: hyaluronic acid serum | 3) Moisturizer: oil free gel moisturizer | 4) SPF: spf50 matte,1) Cleanser: hydrating cleanser | 2) Treatment: retinol treatment | 3) Moisturizer: oil free gel moisturizer
RTN0001834,REC0001834,sensitive,3,4,0,2,acne control cleanser,oil free gel moisturizer,hyaluronic acid serum,spf50 matte,anti aging routine,skincare_datasets.xlsx::Recommendations|skincare_recommendations_dataset.csv,1) Cleanser: acne control cleanser | 2) Serum: hyaluronic acid serum | 3) Moisturizer: oil free gel moisturizer | 4) SPF: spf50 matte,1) Cleanser: acne control cleanser | 2) Treatment: anti aging routine | 3) Moisturizer: oil free gel moisturizer
RTN0001835,REC0001835,sensitive,3,4,0,2,hydrating cleanser,light lotion moisturizer,peptide serum,spf50,barrier repair,skincare_datasets.xlsx::Recommendations|skincare_recommendations_dataset.csv,1) Cleanser: hydrating cleanser | 2) Serum: peptide serum | 3) Moisturizer: light lotion moisturizer | 4) SPF: spf50,1) Cleanser: hydrating cleanser | 2) Treatment: barrier repair | 3) Moisturizer: light lotion moisturizer
RTN0001836,REC0001836,sensitive,3,4,0,3,acne control cleanser,ceramide moisturizer,peptide serum,mineral spf50,calming treatment,skincare_datasets.xlsx::Recommendations|skincare_recommendations_dataset.csv,1) Cleanser: acne control cleanser | 2) Serum: peptide serum | 3) Moisturizer: ceramide moisturizer | 4) SPF: mineral spf50,1) Cleanser: acne control cleanser | 2) Treatment: calming treatment | 3) Moisturizer: ceramide moisturizer
RTN0001837,REC0001837,sensitive,3,4,1,0,hydrating cleanser,rich cream moisturizer,retinol serum,spf30,hydrating mask,skincare_datasets.xlsx::Recommendations|skincare_recommendations_dataset.csv,1) Cleanser: hydrating cleanser | 2) Serum: retinol serum | 3) Moisturizer: rich cream moisturizer | 4) SPF: spf30,1) Cleanser: hydrating cleanser | 2) Treatment: hydrating mask | 3) Moisturizer: rich cream moisturizer
RTN0001838,REC0001838,sensitive,3,4,1,1,ultra gentle cleanser,ceramide moisturizer,peptide serum,spf30,anti aging routine,skincare_datasets.xlsx::Recommendations|skincare_recommendations_dataset.csv,1) Cleanser: ultra gentle cleanser | 2) Serum: peptide serum | 3) Moisturizer: ceramide moisturizer | 4) SPF: spf30,1) Cleanser: ultra gentle cleanser | 2) Treatment: anti aging routine | 3) Moisturizer: ceramide moisturizer
RTN0001839,REC0001839,sensitive,3,4,1,3,gentle foam cleanser,rich cream moisturizer,vitamin c serum,spf50,retinol treatment,skincare_datasets.xlsx::Recommendations|skincare_recommendations_dataset.csv,1) Cleanser: gentle foam cleanser | 2) Serum: vitamin c serum | 3) Moisturizer: rich cream moisturizer | 4) SPF: spf50,1) Cleanser: gentle foam cleanser | 2) Treatment: retinol treatment | 3) Moisturizer: rich cream moisturizer
RTN0001840,REC0001840,sensitive,3,4,1,5,ultra gentle cleanser,rich cream moisturizer,peptide serum,spf30,calming treatment,skincare_datasets.xlsx::Recommendations|skincare_recommendations_dataset.csv,1) Cleanser: ultra gentle cleanser | 2) Serum: peptide serum | 3) Moisturizer: rich cream moisturizer | 4) SPF: spf30,1) Cleanser: ultra gentle cleanser | 2) Treatment: calming treatment | 3) Moisturizer: rich cream moisturizer
RTN0001841,REC0001841,sensitive,3,4,2,0,salicylic acid cleanser,light lotion moisturizer,retinol serum,spf50 matte,barrier repair,skincare_datasets.xlsx::Recommendations|skincare_recommendations_dataset.csv,1) Cleanser: salicylic acid cleanser | 2) Serum: retinol serum | 3) Moisturizer: light lotion moisturizer | 4) SPF: spf50 matte,1) Cleanser: salicylic acid cleanser | 2) Treatment: barrier repair | 3) Moisturizer: light lotion moisturizer
RTN0001842,REC0001842,sensitive,3,4,2,1,acne control cleanser,rich cream moisturizer,hyaluronic acid serum,spf50,retinol treatment,skincare_datasets.xlsx::Recommendations|skincare_recommendations_dataset.csv,1) Cleanser: acne control cleanser | 2) Serum: hyaluronic acid serum | 3) Moisturizer: rich cream moisturizer | 4) SPF: spf50,1) Cleanser: acne control cleanser | 2) Treatment: retinol treatment | 3) Moisturizer: rich cream moisturizer
RTN0001843,REC0001843,sensitive,3,4,2,4,salicylic acid cleanser,ceramide moisturizer,niacinamide serum,spf50,retinol treatment,skincare_datasets.xlsx::Recommendations|skincare_recommendations_dataset.csv,1) Cleanser: salicylic acid cleanser | 2) Serum: niacinamide serum | 3) Moisturizer: ceramide moisturizer | 4) SPF: spf50,1) Cleanser: salicylic acid cleanser | 2) Treatment: retinol treatment | 3) Moisturizer: ceramide moisturizer
RTN0001844,REC0001844,sensitive,3,4,3,4,gentle foam cleanser,soothing moisturizer,peptide serum,spf30,calming treatment,skincare_datasets.xlsx::Recommendations|skincare_recommendations_dataset.csv,1) Cleanser: gentle foam cleanser | 2) Serum: peptide serum | 3) Moisturizer: soothing moisturizer | 4) SPF: spf30,1) Cleanser: gentle foam cleanser | 2) Treatment: calming treatment | 3) Moisturizer: soothing moisturizer
RTN0001845,REC0001845,sensitive,3,4,4,2,milk cleanser,soothing moisturizer,retinol serum,mineral spf50,hydrating mask,skincare_datasets.xlsx::Recommendations|skincare_recommendations_dataset.csv,1) Cleanser: milk cleanser | 2) Serum: retinol serum | 3) Moisturizer: soothing moisturizer | 4) SPF: mineral spf50,1) Cleanser: milk cleanser | 2) Treatment: hydrating mask | 3) Moisturizer: soothing moisturizer
RTN0001846,REC0001846,sensitive,3,5,0,0,hydrating cleanser,soothing moisturizer,retinol serum,mineral spf50,barrier repair,skincare_datasets.xlsx::Recommendations|skincare_recommendations_dataset.csv,1) Cleanser: hydrating cleanser | 2) Serum: retinol serum | 3) Moisturizer: soothing moisturizer | 4) SPF: mineral spf50,1) Cleanser: hydrating cleanser | 2) Treatment: barrier repair | 3) Moisturizer: soothing moisturizer
RTN0001847,REC0001847,sensitive,3,5,0,1,hydrating cleanser,soothing moisturizer,vitamin c serum,spf50 matte,retinol treatment,skincare_datasets.xlsx::Recommendations|skincare_recommendations_dataset.csv,1) Cleanser: hydrating cleanser | 2) Serum: vitamin c serum | 3) Moisturizer: soothing moisturizer | 4) SPF: spf50 matte,1) Cleanser: hydrating cleanser | 2) Treatment: retinol treatment | 3) Moisturizer: soothing moisturizer
RTN0001848,REC0001848,sensitive,3,5,0,2,salicylic acid cleanser,light lotion moisturizer,peptide serum,mineral spf50,chemical exfoliation,skincare_datasets.xlsx::Recommendations|skincare_recommendations_dataset.csv,1) Cleanser: salicylic acid cleanser | 2) Serum: peptide serum | 3) Moisturizer: light lotion moisturizer | 4) SPF: mineral spf50,1) Cleanser: salicylic acid cleanser | 2) Treatment: chemical exfoliation | 3) Moisturizer: light lotion moisturizer
RTN0001849,REC0001849,sensitive,3,5,1,0,acne control cleanser,ceramide moisturizer,hyaluronic acid serum,spf30,retinol treatment,skincare_datasets.xlsx::Recommendations|skincare_recommendations_dataset.csv,1) Cleanser: acne control cleanser | 2) Serum: hyaluronic acid serum | 3) Moisturizer: ceramide moisturizer | 4) SPF: spf30,1) Cleanser: acne control cleanser | 2) Treatment: retinol treatment | 3) Moisturizer: ceramide moisturizer
RTN0001850,REC0001850,sensitive,3,5,1,1,acne control cleanser,soothing moisturizer,peptide serum,spf50 matte,chemical exfoliation,skincare_datasets.xlsx::Recommendations|skincare_recommendations_dataset.csv,1) Cleanser: acne control cleanser | 2) Serum: peptide serum | 3) Moisturizer: soothing moisturizer | 4) SPF: spf50 matte,1) Cleanser: acne control cleanser | 2) Treatment: chemical exfoliation | 3) Moisturizer: soothing moisturizer
RTN0001851,REC0001851,sensitive,3,5,1,2,acne control cleanser,light lotion moisturizer,vitamin c serum,spf30,retinol treatment,skincare_datasets.xlsx::Recommendations|skincare_recommendations_dataset.csv,1) Cleanser: acne control cleanser | 2) Serum: vitamin c serum | 3) Moisturizer: light lotion moisturizer | 4) SPF: spf30,1) Cleanser: acne control cleanser | 2) Treatment: retinol treatment | 3) Moisturizer: light lotion moisturizer
RTN0001852,REC0001852,sensitive,3,5,1,4,acne control cleanser,rich cream moisturizer,centella serum,mineral spf50,hydrating mask,skincare_datasets.xlsx::Recommendations|skincare_recommendations_dataset.csv,1) Cleanser: acne control cleanser | 2) Serum: centella serum | 3) Moisturizer: rich cream moisturizer | 4) SPF: mineral spf50,1) Cleanser: acne control cleanser | 2) Treatment: hydrating mask | 3) Moisturizer: rich cream moisturizer
RTN0001853,REC0001853,sensitive,3,5,3,1,milk cleanser,oil free gel moisturizer,centella serum,mineral spf50,hydrating mask,skincare_datasets.xlsx::Recommendations|skincare_recommendations_dataset.csv,1) Cleanser: milk cleanser | 2) Serum: centella serum | 3) Moisturizer: oil free gel moisturizer | 4) SPF: mineral spf50,1) Cleanser: milk cleanser | 2) Treatment: hydrating mask | 3) Moisturizer: oil free gel moisturizer
RTN0001854,REC0001854,sensitive,3,5,3,1,ultra gentle cleanser,ceramide moisturizer,retinol serum,mineral spf50,benzoyl peroxide,skincare_datasets.xlsx::Recommendations|skincare_recommendations_dataset.csv,1) Cleanser: ultra gentle cleanser | 2) Serum: retinol serum | 3) Moisturizer: ceramide moisturizer | 4) SPF: mineral spf50,1) Cleanser: ultra gentle cleanser | 2) Treatment: benzoyl peroxide | 3) Moisturizer: ceramide moisturizer
RTN0001855,REC0001855,sensitive,3,5,5,4,gentle foam cleanser,rich cream moisturizer,peptide serum,spf30,benzoyl peroxide,skincare_datasets.xlsx::Recommendations|skincare_recommendations_dataset.csv,1) Cleanser: gentle foam cleanser | 2) Serum: peptide serum | 3) Moisturizer: rich cream moisturizer | 4) SPF: spf30,1) Cleanser: gentle foam cleanser | 2) Treatment: benzoyl peroxide | 3) Moisturizer: rich cream moisturizer
RTN0001856,REC0001856,sensitive,4,0,0,5,salicylic acid cleanser,oil free gel moisturizer,centella serum,spf50,anti aging routine,skincare_datasets.xlsx::Recommendations|skincare_recommendations_dataset.csv,1) Cleanser: salicylic acid cleanser | 2) Serum: centella serum | 3) Moisturizer: oil free gel moisturizer | 4) SPF: spf50,1) Cleanser: salicylic acid cleanser | 2) Treatment: anti aging routine | 3) Moisturizer: oil free gel moisturizer
RTN0001857,REC0001857,sensitive,4,0,1,1,ultra gentle cleanser,oil free gel moisturizer,retinol serum,spf50,benzoyl peroxide,skincare_datasets.xlsx::Recommendations|skincare_recommendations_dataset.csv,1) Cleanser: ultra gentle cleanser | 2) Serum: retinol serum | 3) Moisturizer: oil free gel moisturizer | 4) SPF: spf50,1) Cleanser: ultra gentle cleanser | 2) Treatment: benzoyl peroxide | 3) Moisturizer: oil free gel moisturizer
RTN0001858,REC0001858,sensitive,4,0,1,1,ultra gentle cleanser,oil free gel moisturizer,vitamin c serum,spf50 matte,barrier repair,skincare_datasets.xlsx::Recommendations|skincare_recommendations_dataset.csv,1) Cleanser: ultra gentle cleanser | 2) Serum: vitamin c serum | 3) Moisturizer: oil free gel moisturizer | 4) SPF: spf50 matte,1) Cleanser: ultra gentle cleanser | 2) Treatment: barrier repair | 3) Moisturizer: oil free gel moisturizer
RTN0001859,REC0001859,sensitive,4,0,2,1,ultra gentle cleanser,rich cream moisturizer,hyaluronic acid serum,spf50 matte,hydrating mask,skincare_datasets.xlsx::Recommendations|skincare_recommendations_dataset.csv,1) Cleanser: ultra gentle cleanser | 2) Serum: hyaluronic acid serum | 3) Moisturizer: rich cream moisturizer | 4) SPF: spf50 matte,1) Cleanser: ultra gentle cleanser | 2) Treatment: hydrating mask | 3) Moisturizer: rich cream moisturizer
RTN0001860,REC0001860,sensitive,4,0,3,2,acne control cleanser,oil free gel moisturizer,centella serum,mineral spf50,anti aging routine,skincare_datasets.xlsx::Recommendations|skincare_recommendations_dataset.csv,1) Cleanser: acne control cleanser | 2) Serum: centella serum | 3) Moisturizer: oil free gel moisturizer | 4) SPF: mineral spf50,1) Cleanser: acne control cleanser | 2) Treatment: anti aging routine | 3) Moisturizer: oil free gel moisturizer
RTN0001861,REC0001861,sensitive,4,0,3,5,salicylic acid cleanser,ceramide moisturizer,vitamin c serum,mineral spf50,benzoyl peroxide,skincare_datasets.xlsx::Recommendations|skincare_recommendations_dataset.csv,1) Cleanser: salicylic acid cleanser | 2) Serum: vitamin c serum | 3) Moisturizer: ceramide moisturizer | 4) SPF: mineral spf50,1) Cleanser: salicylic acid cleanser | 2) Treatment: benzoyl peroxide | 3) Moisturizer: ceramide moisturizer
RTN0001862,REC0001862,sensitive,4,0,4,2,hydrating cleanser,soothing moisturizer,centella serum,spf50,chemical exfoliation,skincare_datasets.xlsx::Recommendations|skincare_recommendations_dataset.csv,1) Cleanser: hydrating cleanser | 2) Serum: centella serum | 3) Moisturizer: soothing moisturizer | 4) SPF: spf50,1) Cleanser: hydrating cleanser | 2) Treatment: chemical exfoliation | 3) Moisturizer: soothing moisturizer
RTN0001863,REC0001863,sensitive,4,0,4,3,ultra gentle cleanser,rich cream moisturizer,vitamin c serum,spf30,benzoyl peroxide,skincare_datasets.xlsx::Recommendations|skincare_recommendations_dataset.csv,1) Cleanser: ultra gentle cleanser | 2) Serum: vitamin c serum | 3) Moisturizer: rich cream moisturizer | 4) SPF: spf30,1) Cleanser: ultra gentle cleanser | 2) Treatment: benzoyl peroxide | 3) Moisturizer: rich cream moisturizer
RTN0001864,REC0001864,sensitive,4,1,0,5,milk cleanser,light lotion moisturizer,peptide serum,mineral spf50,hydrating mask,skincare_datasets.xlsx::Recommendations|skincare_recommendations_dataset.csv,1) Cleanser: milk cleanser | 2) Serum: peptide serum | 3) Moisturizer: light lotion moisturizer | 4) SPF: mineral spf50,1) Cleanser: milk cleanser | 2) Treatment: hydrating mask | 3) Moisturizer: light lotion moisturizer
RTN0001865,REC0001865,sensitive,4,1,1,0,milk cleanser,oil free gel moisturizer,niacinamide serum,spf50 matte,calming treatment,skincare_datasets.xlsx::Recommendations|skincare_recommendations_dataset.csv,1) Cleanser: milk cleanser | 2) Serum: niacinamide serum | 3) Moisturizer: oil free gel moisturizer | 4) SPF: spf50 matte,1) Cleanser: milk cleanser | 2) Treatment: calming treatment | 3) Moisturizer: oil free gel moisturizer
RTN0001866,REC0001866,sensitive,4,1,1,1,acne control cleanser,rich cream moisturizer,niacinamide serum,spf50,hydrating mask,skincare_datasets.xlsx::Recommendations|skincare_recommendations_dataset.csv,1) Cleanser: acne control cleanser | 2) Serum: niacinamide serum | 3) Moisturizer: rich cream moisturizer | 4) SPF: spf50,1) Cleanser: acne control cleanser | 2) Treatment: hydrating mask | 3) Moisturizer: rich cream moisturizer
RTN0001867,REC0001867,sensitive,4,1,1,4,acne control cleanser,light lotion moisturizer,peptide serum,spf50,barrier repair,skincare_datasets.xlsx::Recommendations|skincare_recommendations_dataset.csv,1) Cleanser: acne control cleanser | 2) Serum: peptide serum | 3) Moisturizer: light lotion moisturizer | 4) SPF: spf50,1) Cleanser: acne control cleanser | 2) Treatment: barrier repair | 3) Moisturizer: light lotion moisturizer
RTN0001868,REC0001868,sensitive,4,1,2,1,gentle foam cleanser,soothing moisturizer,vitamin c serum,spf50,hydrating mask,skincare_datasets.xlsx::Recommendations|skincare_recommendations_dataset.csv,1) Cleanser: gentle foam cleanser | 2) Serum: vitamin c serum | 3) Moisturizer: soothing moisturizer | 4) SPF: spf50,1) Cleanser: gentle foam cleanser | 2) Treatment: hydrating mask | 3) Moisturizer: soothing moisturizer
RTN0001869,REC0001869,sensitive,4,1,2,3,milk cleanser,soothing moisturizer,peptide serum,spf50 matte,barrier repair,skincare_datasets.xlsx::Recommendations|skincare_recommendations_dataset.csv,1) Cleanser: milk cleanser | 2) Serum: peptide serum | 3) Moisturizer: soothing moisturizer | 4) SPF: spf50 matte,1) Cleanser: milk cleanser | 2) Treatment: barrier repair | 3) Moisturizer: soothing moisturizer
RTN0001870,REC0001870,sensitive,4,1,2,5,ultra gentle cleanser,ceramide moisturizer,retinol serum,mineral spf50,barrier repair,skincare_datasets.xlsx::Recommendations|skincare_recommendations_dataset.csv,1) Cleanser: ultra gentle cleanser | 2) Serum: retinol serum | 3) Moisturizer: ceramide moisturizer | 4) SPF: mineral spf50,1) Cleanser: ultra gentle cleanser | 2) Treatment: barrier repair | 3) Moisturizer: ceramide moisturizer
RTN0001871,REC0001871,sensitive,4,1,3,3,gentle foam cleanser,oil free gel moisturizer,hyaluronic acid serum,mineral spf50,anti aging routine,skincare_datasets.xlsx::Recommendations|skincare_recommendations_dataset.csv,1) Cleanser: gentle foam cleanser | 2) Serum: hyaluronic acid serum | 3) Moisturizer: oil free gel moisturizer | 4) SPF: mineral spf50,1) Cleanser: gentle foam cleanser | 2) Treatment: anti aging routine | 3) Moisturizer: oil free gel moisturizer
RTN0001872,REC0001872,sensitive,4,1,4,1,acne control cleanser,ceramide moisturizer,centella serum,mineral spf50,barrier repair,skincare_datasets.xlsx::Recommendations|skincare_recommendations_dataset.csv,1) Cleanser: acne control cleanser | 2) Serum: centella serum | 3) Moisturizer: ceramide moisturizer | 4) SPF: mineral spf50,1) Cleanser: acne control cleanser | 2) Treatment: barrier repair | 3) Moisturizer: ceramide moisturizer
RTN0001873,REC0001873,sensitive,4,1,4,1,salicylic acid cleanser,rich cream moisturizer,hyaluronic acid serum,spf50 matte,hydrating mask,skincare_datasets.xlsx::Recommendations|skincare_recommendations_dataset.csv,1) Cleanser: salicylic acid cleanser | 2) Serum: hyaluronic acid serum | 3) Moisturizer: rich cream moisturizer | 4) SPF: spf50 matte,1) Cleanser: salicylic acid cleanser | 2) Treatment: hydrating mask | 3) Moisturizer: rich cream moisturizer
RTN0001874,REC0001874,sensitive,4,1,4,2,ultra gentle cleanser,oil free gel moisturizer,vitamin c serum,mineral spf50,barrier repair,skincare_datasets.xlsx::Recommendations|skincare_recommendations_dataset.csv,1) Cleanser: ultra gentle cleanser | 2) Serum: vitamin c serum | 3) Moisturizer: oil free gel moisturizer | 4) SPF: mineral spf50,1) Cleanser: ultra gentle cleanser | 2) Treatment: barrier repair | 3) Moisturizer: oil free gel moisturizer
RTN0001875,REC0001875,sensitive,4,1,4,4,gentle foam cleanser,light lotion moisturizer,hyaluronic acid serum,spf50,barrier repair,skincare_datasets.xlsx::Recommendations|skincare_recommendations_dataset.csv,1) Cleanser: gentle foam cleanser | 2) Serum: hyaluronic acid serum | 3) Moisturizer: light lotion moisturizer | 4) SPF: spf50,1) Cleanser: gentle foam cleanser | 2) Treatment: barrier repair | 3) Moisturizer: light lotion moisturizer
RTN0001876,REC0001876,sensitive,4,1,5,0,ultra gentle cleanser,oil free gel moisturizer,centella serum,spf50,anti aging routine,skincare_datasets.xlsx::Recommendations|skincare_recommendations_dataset.csv,1) Cleanser: ultra gentle cleanser | 2) Serum: centella serum | 3) Moisturizer: oil free gel moisturizer | 4) SPF: spf50,1) Cleanser: ultra gentle cleanser | 2) Treatment: anti aging routine | 3) Moisturizer: oil free gel moisturizer
RTN0001877,REC0001877,sensitive,4,1,5,2,hydrating cleanser,oil free gel moisturizer,niacinamide serum,spf50,hydrating mask,skincare_datasets.xlsx::Recommendations|skincare_recommendations_dataset.csv,1) Cleanser: hydrating cleanser | 2) Serum: niacinamide serum | 3) Moisturizer: oil free gel moisturizer | 4) SPF: spf50,1) Cleanser: hydrating cleanser | 2) Treatment: hydrating mask | 3) Moisturizer: oil free gel moisturizer
RTN0001878,REC0001878,sensitive,4,1,5,4,gentle foam cleanser,rich cream moisturizer,niacinamide serum,spf30,retinol treatment,skincare_datasets.xlsx::Recommendations|skincare_recommendations_dataset.csv,1) Cleanser: gentle foam cleanser | 2) Serum: niacinamide serum | 3) Moisturizer: rich cream moisturizer | 4) SPF: spf30,1) Cleanser: gentle foam cleanser | 2) Treatment: retinol treatment | 3) Moisturizer: rich cream moisturizer
RTN0001879,REC0001879,sensitive,4,2,0,1,acne control cleanser,soothing moisturizer,peptide serum,spf50 matte,barrier repair,skincare_datasets.xlsx::Recommendations|skincare_recommendations_dataset.csv,1) Cleanser: acne control cleanser | 2) Serum: peptide serum | 3) Moisturizer: soothing moisturizer | 4) SPF: spf50 matte,1) Cleanser: acne control cleanser | 2) Treatment: barrier repair | 3) Moisturizer: soothing moisturizer
RTN0001880,REC0001880,sensitive,4,2,0,5,hydrating cleanser,soothing moisturizer,hyaluronic acid serum,spf50 matte,anti aging routine,skincare_datasets.xlsx::Recommendations|skincare_recommendations_dataset.csv,1) Cleanser: hydrating cleanser | 2) Serum: hyaluronic acid serum | 3) Moisturizer: soothing moisturizer | 4) SPF: spf50 matte,1) Cleanser: hydrating cleanser | 2) Treatment: anti aging routine | 3) Moisturizer: soothing moisturizer
RTN0001881,REC0001881,sensitive,4,2,2,0,ultra gentle cleanser,ceramide moisturizer,niacinamide serum,spf50 matte,calming treatment,skincare_datasets.xlsx::Recommendations|skincare_recommendations_dataset.csv,1) Cleanser: ultra gentle cleanser | 2) Serum: niacinamide serum | 3) Moisturizer: ceramide moisturizer | 4) SPF: spf50 matte,1) Cleanser: ultra gentle cleanser | 2) Treatment: calming treatment | 3) Moisturizer: ceramide moisturizer
RTN0001882,REC0001882,sensitive,4,2,3,0,milk cleanser,oil free gel moisturizer,vitamin c serum,spf50,retinol treatment,skincare_datasets.xlsx::Recommendations|skincare_recommendations_dataset.csv,1) Cleanser: milk cleanser | 2) Serum: vitamin c serum | 3) Moisturizer: oil free gel moisturizer | 4) SPF: spf50,1) Cleanser: milk cleanser | 2) Treatment: retinol treatment | 3) Moisturizer: oil free gel moisturizer
RTN0001883,REC0001883,sensitive,4,2,3,0,salicylic acid cleanser,rich cream moisturizer,niacinamide serum,spf50,chemical exfoliation,skincare_datasets.xlsx::Recommendations|skincare_recommendations_dataset.csv,1) Cleanser: salicylic acid cleanser | 2) Serum: niacinamide serum | 3) Moisturizer: rich cream moisturizer | 4) SPF: spf50,1) Cleanser: salicylic acid cleanser | 2) Treatment: chemical exfoliation | 3) Moisturizer: rich cream moisturizer
RTN0001884,REC0001884,sensitive,4,2,3,1,acne control cleanser,rich cream moisturizer,vitamin c serum,mineral spf50,calming treatment,skincare_datasets.xlsx::Recommendations|skincare_recommendations_dataset.csv,1) Cleanser: acne control cleanser | 2) Serum: vitamin c serum | 3) Moisturizer: rich cream moisturizer | 4) SPF: mineral spf50,1) Cleanser: acne control cleanser | 2) Treatment: calming treatment | 3) Moisturizer: rich cream moisturizer
RTN0001885,REC0001885,sensitive,4,2,3,5,ultra gentle cleanser,light lotion moisturizer,niacinamide serum,spf30,chemical exfoliation,skincare_datasets.xlsx::Recommendations|skincare_recommendations_dataset.csv,1) Cleanser: ultra gentle cleanser | 2) Serum: niacinamide serum | 3) Moisturizer: light lotion moisturizer | 4) SPF: spf30,1) Cleanser: ultra gentle cleanser | 2) Treatment: chemical exfoliation | 3) Moisturizer: light lotion moisturizer
RTN0001886,REC0001886,sensitive,4,2,4,4,acne control cleanser,ceramide moisturizer,niacinamide serum,spf50 matte,benzoyl peroxide,skincare_datasets.xlsx::Recommendations|skincare_recommendations_dataset.csv,1) Cleanser: acne control cleanser | 2) Serum: niacinamide serum | 3) Moisturizer: ceramide moisturizer | 4) SPF: spf50 matte,1) Cleanser: acne control cleanser | 2) Treatment: benzoyl peroxide | 3) Moisturizer: ceramide moisturizer
RTN0001887,REC0001887,sensitive,4,2,5,0,salicylic acid cleanser,soothing moisturizer,niacinamide serum,spf50 matte,calming treatment,skincare_datasets.xlsx::Recommendations|skincare_recommendations_dataset.csv,1) Cleanser: salicylic acid cleanser | 2) Serum: niacinamide serum | 3) Moisturizer: soothing moisturizer | 4) SPF: spf50 matte,1) Cleanser: salicylic acid cleanser | 2) Treatment: calming treatment | 3) Moisturizer: soothing moisturizer
RTN0001888,REC0001888,sensitive,4,2,5,1,acne control cleanser,ceramide moisturizer,peptide serum,spf50,chemical exfoliation,skincare_datasets.xlsx::Recommendations|skincare_recommendations_dataset.csv,1) Cleanser: acne control cleanser | 2) Serum: peptide serum | 3) Moisturizer: ceramide moisturizer | 4) SPF: spf50,1) Cleanser: acne control cleanser | 2) Treatment: chemical exfoliation | 3) Moisturizer: ceramide moisturizer
RTN0001889,REC0001889,sensitive,4,2,5,3,milk cleanser,soothing moisturizer,retinol serum,spf50 matte,hydrating mask,skincare_datasets.xlsx::Recommendations|skincare_recommendations_dataset.csv,1) Cleanser: milk cleanser | 2) Serum: retinol serum | 3) Moisturizer: soothing moisturizer | 4) SPF: spf50 matte,1) Cleanser: milk cleanser | 2) Treatment: hydrating mask | 3) Moisturizer: soothing moisturizer
RTN0001890,REC0001890,sensitive,4,3,0,0,milk cleanser,light lotion moisturizer,peptide serum,spf50,retinol treatment,skincare_datasets.xlsx::Recommendations|skincare_recommendations_dataset.csv,1) Cleanser: milk cleanser | 2) Serum: peptide serum | 3) Moisturizer: light lotion moisturizer | 4) SPF: spf50,1) Cleanser: milk cleanser | 2) Treatment: retinol treatment | 3) Moisturizer: light lotion moisturizer
RTN0001891,REC0001891,sensitive,4,3,1,0,salicylic acid cleanser,oil free gel moisturizer,centella serum,spf30,benzoyl peroxide,skincare_datasets.xlsx::Recommendations|skincare_recommendations_dataset.csv,1) Cleanser: salicylic acid cleanser | 2) Serum: centella serum | 3) Moisturizer: oil free gel moisturizer | 4) SPF: spf30,1) Cleanser: salicylic acid cleanser | 2) Treatment: benzoyl peroxide | 3) Moisturizer: oil free gel moisturizer
RTN0001892,REC0001892,sensitive,4,3,2,1,salicylic acid cleanser,rich cream moisturizer,peptide serum,mineral spf50,barrier repair,skincare_datasets.xlsx::Recommendations|skincare_recommendations_dataset.csv,1) Cleanser: salicylic acid cleanser | 2) Serum: peptide serum | 3) Moisturizer: rich cream moisturizer | 4) SPF: mineral spf50,1) Cleanser: salicylic acid cleanser | 2) Treatment: barrier repair | 3) Moisturizer: rich cream moisturizer
RTN0001893,REC0001893,sensitive,4,3,2,3,salicylic acid cleanser,ceramide moisturizer,niacinamide serum,spf50 matte,benzoyl peroxide,skincare_datasets.xlsx::Recommendations|skincare_recommendations_dataset.csv,1) Cleanser: salicylic acid cleanser | 2) Serum: niacinamide serum | 3) Moisturizer: ceramide moisturizer | 4) SPF: spf50 matte,1) Cleanser: salicylic acid cleanser | 2) Treatment: benzoyl peroxide | 3) Moisturizer: ceramide moisturizer
RTN0001894,REC0001894,sensitive,4,3,3,2,acne control cleanser,oil free gel moisturizer,vitamin c serum,spf30,calming treatment,skincare_datasets.xlsx::Recommendations|skincare_recommendations_dataset.csv,1) Cleanser: acne control cleanser | 2) Serum: vitamin c serum | 3) Moisturizer: oil free gel moisturizer | 4) SPF: spf30,1) Cleanser: acne control cleanser | 2) Treatment: calming treatment | 3) Moisturizer: oil free gel moisturizer
RTN0001895,REC0001895,sensitive,4,3,4,0,ultra gentle cleanser,rich cream moisturizer,niacinamide serum,spf50 matte,calming treatment,skincare_datasets.xlsx::Recommendations|skincare_recommendations_dataset.csv,1) Cleanser: ultra gentle cleanser | 2) Serum: niacinamide serum | 3) Moisturizer: rich cream moisturizer | 4) SPF: spf50 matte,1) Cleanser: ultra gentle cleanser | 2) Treatment: calming treatment | 3) Moisturizer: rich cream moisturizer
RTN0001896,REC0001896,sensitive,4,3,4,1,gentle foam cleanser,light lotion moisturizer,retinol serum,mineral spf50,retinol treatment,skincare_datasets.xlsx::Recommendations|skincare_recommendations_dataset.csv,1) Cleanser: gentle foam cleanser | 2) Serum: retinol serum | 3) Moisturizer: light lotion moisturizer | 4) SPF: mineral spf50,1) Cleanser: gentle foam cleanser | 2) Treatment: retinol treatment | 3) Moisturizer: light lotion moisturizer
RTN0001897,REC0001897,sensitive,4,3,4,1,hydrating cleanser,ceramide moisturizer,niacinamide serum,spf50 matte,hydrating mask,skincare_datasets.xlsx::Recommendations|skincare_recommendations_dataset.csv,1) Cleanser: hydrating cleanser | 2) Serum: niacinamide serum | 3) Moisturizer: ceramide moisturizer | 4) SPF: spf50 matte,1) Cleanser: hydrating cleanser | 2) Treatment: hydrating mask | 3) Moisturizer: ceramide moisturizer
RTN0001898,REC0001898,sensitive,4,3,4,1,milk cleanser,light lotion moisturizer,vitamin c serum,spf50,benzoyl peroxide,skincare_datasets.xlsx::Recommendations|skincare_recommendations_dataset.csv,1) Cleanser: milk cleanser | 2) Serum: vitamin c serum | 3) Moisturizer: light lotion moisturizer | 4) SPF: spf50,1) Cleanser: milk cleanser | 2) Treatment: benzoyl peroxide | 3) Moisturizer: light lotion moisturizer
RTN0001899,REC0001899,sensitive,4,3,4,4,milk cleanser,rich cream moisturizer,peptide serum,spf30,hydrating mask,skincare_datasets.xlsx::Recommendations|skincare_recommendations_dataset.csv,1) Cleanser: milk cleanser | 2) Serum: peptide serum | 3) Moisturizer: rich cream moisturizer | 4) SPF: spf30,1) Cleanser: milk cleanser | 2) Treatment: hydrating mask | 3) Moisturizer: rich cream moisturizer
RTN0001900,REC0001900,sensitive,4,3,4,4,salicylic acid cleanser,ceramide moisturizer,centella serum,spf50 matte,anti aging routine,skincare_datasets.xlsx::Recommendations|skincare_recommendations_dataset.csv,1) Cleanser: salicylic acid cleanser | 2) Serum: centella serum | 3) Moisturizer: ceramide moisturizer | 4) SPF: spf50 matte,1) Cleanser: salicylic acid cleanser | 2) Treatment: anti aging routine | 3) Moisturizer: ceramide moisturizer
RTN0001901,REC0001901,sensitive,4,4,0,0,acne control cleanser,rich cream moisturizer,retinol serum,spf30,hydrating mask,skincare_datasets.xlsx::Recommendations|skincare_recommendations_dataset.csv,1) Cleanser: acne control cleanser | 2) Serum: retinol serum | 3) Moisturizer: rich cream moisturizer | 4) SPF: spf30,1) Cleanser: acne control cleanser | 2) Treatment: hydrating mask | 3) Moisturizer: rich cream moisturizer
RTN0001902,REC0001902,sensitive,4,4,0,5,ultra gentle cleanser,light lotion moisturizer,hyaluronic acid serum,spf50,barrier repair,skincare_datasets.xlsx::Recommendations|skincare_recommendations_dataset.csv,1) Cleanser: ultra gentle cleanser | 2) Serum: hyaluronic acid serum | 3) Moisturizer: light lotion moisturizer | 4) SPF: spf50,1) Cleanser: ultra gentle cleanser | 2) Treatment: barrier repair | 3) Moisturizer: light lotion moisturizer
RTN0001903,REC0001903,sensitive,4,4,1,2,salicylic acid cleanser,oil free gel moisturizer,retinol serum,spf30,benzoyl peroxide,skincare_datasets.xlsx::Recommendations|skincare_recommendations_dataset.csv,1) Cleanser: salicylic acid cleanser | 2) Serum: retinol serum | 3) Moisturizer: oil free gel moisturizer | 4) SPF: spf30,1) Cleanser: salicylic acid cleanser | 2) Treatment: benzoyl peroxide | 3) Moisturizer: oil free gel moisturizer
RTN0001904,REC0001904,sensitive,4,4,1,4,ultra gentle cleanser,oil free gel moisturizer,centella serum,spf50,anti aging routine,skincare_datasets.xlsx::Recommendations|skincare_recommendations_dataset.csv,1) Cleanser: ultra gentle cleanser | 2) Serum: centella serum | 3) Moisturizer: oil free gel moisturizer | 4) SPF: spf50,1) Cleanser: ultra gentle cleanser | 2) Treatment: anti aging routine | 3) Moisturizer: oil free gel moisturizer
RTN0001905,REC0001905,sensitive,4,4,3,0,ultra gentle cleanser,light lotion moisturizer,niacinamide serum,mineral spf50,hydrating mask,skincare_datasets.xlsx::Recommendations|skincare_recommendations_dataset.csv,1) Cleanser: ultra gentle cleanser | 2) Serum: niacinamide serum | 3) Moisturizer: light lotion moisturizer | 4) SPF: mineral spf50,1) Cleanser: ultra gentle cleanser | 2) Treatment: hydrating mask | 3) Moisturizer: light lotion moisturizer
RTN0001906,REC0001906,sensitive,4,4,4,0,acne control cleanser,soothing moisturizer,peptide serum,spf30,hydrating mask,skincare_datasets.xlsx::Recommendations|skincare_recommendations_dataset.csv,1) Cleanser: acne control cleanser | 2) Serum: peptide serum | 3) Moisturizer: soothing moisturizer | 4) SPF: spf30,1) Cleanser: acne control cleanser | 2) Treatment: hydrating mask | 3) Moisturizer: soothing moisturizer
RTN0001907,REC0001907,sensitive,4,4,4,2,gentle foam cleanser,ceramide moisturizer,hyaluronic acid serum,spf50 matte,calming treatment,skincare_datasets.xlsx::Recommendations|skincare_recommendations_dataset.csv,1) Cleanser: gentle foam cleanser | 2) Serum: hyaluronic acid serum | 3) Moisturizer: ceramide moisturizer | 4) SPF: spf50 matte,1) Cleanser: gentle foam cleanser | 2) Treatment: calming treatment | 3) Moisturizer: ceramide moisturizer
RTN0001908,REC0001908,sensitive,4,4,5,5,salicylic acid cleanser,ceramide moisturizer,peptide serum,spf50 matte,chemical exfoliation,skincare_datasets.xlsx::Recommendations|skincare_recommendations_dataset.csv,1) Cleanser: salicylic acid cleanser | 2) Serum: peptide serum | 3) Moisturizer: ceramide moisturizer | 4) SPF: spf50 matte,1) Cleanser: salicylic acid cleanser | 2) Treatment: chemical exfoliation | 3) Moisturizer: ceramide moisturizer
RTN0001909,REC0001909,sensitive,4,5,1,2,hydrating cleanser,ceramide moisturizer,niacinamide serum,spf50 matte,retinol treatment,skincare_datasets.xlsx::Recommendations|skincare_recommendations_dataset.csv,1) Cleanser: hydrating cleanser | 2) Serum: niacinamide serum | 3) Moisturizer: ceramide moisturizer | 4) SPF: spf50 matte,1) Cleanser: hydrating cleanser | 2) Treatment: retinol treatment | 3) Moisturizer: ceramide moisturizer
RTN0001910,REC0001910,sensitive,4,5,3,5,hydrating cleanser,oil free gel moisturizer,vitamin c serum,spf50,chemical exfoliation,skincare_datasets.xlsx::Recommendations|skincare_recommendations_dataset.csv,1) Cleanser: hydrating cleanser | 2) Serum: vitamin c serum | 3) Moisturizer: oil free gel moisturizer | 4) SPF: spf50,1) Cleanser: hydrating cleanser | 2) Treatment: chemical exfoliation | 3) Moisturizer: oil free gel moisturizer
RTN0001911,REC0001911,sensitive,4,5,3,5,salicylic acid cleanser,oil free gel moisturizer,retinol serum,mineral spf50,retinol treatment,skincare_datasets.xlsx::Recommendations|skincare_recommendations_dataset.csv,1) Cleanser: salicylic acid cleanser | 2) Serum: retinol serum | 3) Moisturizer: oil free gel moisturizer | 4) SPF: mineral spf50,1) Cleanser: salicylic acid cleanser | 2) Treatment: retinol treatment | 3) Moisturizer: oil free gel moisturizer
RTN0001912,REC0001912,sensitive,4,5,3,5,salicylic acid cleanser,oil free gel moisturizer,retinol serum,spf30,benzoyl peroxide,skincare_datasets.xlsx::Recommendations|skincare_recommendations_dataset.csv,1) Cleanser: salicylic acid cleanser | 2) Serum: retinol serum | 3) Moisturizer: oil free gel moisturizer | 4) SPF: spf30,1) Cleanser: salicylic acid cleanser | 2) Treatment: benzoyl peroxide | 3) Moisturizer: oil free gel moisturizer
RTN0001913,REC0001913,sensitive,4,5,4,1,ultra gentle cleanser,ceramide moisturizer,retinol serum,spf50,hydrating mask,skincare_datasets.xlsx::Recommendations|skincare_recommendations_dataset.csv,1) Cleanser: ultra gentle cleanser | 2) Serum: retinol serum | 3) Moisturizer: ceramide moisturizer | 4) SPF: spf50,1) Cleanser: ultra gentle cleanser | 2) Treatment: hydrating mask | 3) Moisturizer: ceramide moisturizer
RTN0001914,REC0001914,sensitive,4,5,5,0,ultra gentle cleanser,ceramide moisturizer,retinol serum,spf50 matte,anti aging routine,skincare_datasets.xlsx::Recommendations|skincare_recommendations_dataset.csv,1) Cleanser: ultra gentle cleanser | 2) Serum: retinol serum | 3) Moisturizer: ceramide moisturizer | 4) SPF: spf50 matte,1) Cleanser: ultra gentle cleanser | 2) Treatment: anti aging routine | 3) Moisturizer: ceramide moisturizer
RTN0001915,REC0001915,sensitive,4,5,5,5,gentle foam cleanser,ceramide moisturizer,hyaluronic acid serum,spf30,chemical exfoliation,skincare_datasets.xlsx::Recommendations|skincare_recommendations_dataset.csv,1) Cleanser: gentle foam cleanser | 2) Serum: hyaluronic acid serum | 3) Moisturizer: ceramide moisturizer | 4) SPF: spf30,1) Cleanser: gentle foam cleanser | 2) Treatment: chemical exfoliation | 3) Moisturizer: ceramide moisturizer
RTN0001916,REC0001916,sensitive,5,0,1,2,hydrating cleanser,soothing moisturizer,centella serum,spf50,calming treatment,skincare_datasets.xlsx::Recommendations|skincare_recommendations_dataset.csv,1) Cleanser: hydrating cleanser | 2) Serum: centella serum | 3) Moisturizer: soothing moisturizer | 4) SPF: spf50,1) Cleanser: hydrating cleanser | 2) Treatment: calming treatment | 3) Moisturizer: soothing moisturizer
RTN0001917,REC0001917,sensitive,5,0,1,3,salicylic acid cleanser,oil free gel moisturizer,vitamin c serum,spf50 matte,chemical exfoliation,skincare_datasets.xlsx::Recommendations|skincare_recommendations_dataset.csv,1) Cleanser: salicylic acid cleanser | 2) Serum: vitamin c serum | 3) Moisturizer: oil free gel moisturizer | 4) SPF: spf50 matte,1) Cleanser: salicylic acid cleanser | 2) Treatment: chemical exfoliation | 3) Moisturizer: oil free gel moisturizer
RTN0001918,REC0001918,sensitive,5,0,1,5,gentle foam cleanser,soothing moisturizer,niacinamide serum,mineral spf50,chemical exfoliation,skincare_datasets.xlsx::Recommendations|skincare_recommendations_dataset.csv,1) Cleanser: gentle foam cleanser | 2) Serum: niacinamide serum | 3) Moisturizer: soothing moisturizer | 4) SPF: mineral spf50,1) Cleanser: gentle foam cleanser | 2) Treatment: chemical exfoliation | 3) Moisturizer: soothing moisturizer
RTN0001919,REC0001919,sensitive,5,0,2,2,hydrating cleanser,rich cream moisturizer,hyaluronic acid serum,spf50 matte,anti aging routine,skincare_datasets.xlsx::Recommendations|skincare_recommendations_dataset.csv,1) Cleanser: hydrating cleanser | 2) Serum: hyaluronic acid serum | 3) Moisturizer: rich cream moisturizer | 4) SPF: spf50 matte,1) Cleanser: hydrating cleanser | 2) Treatment: anti aging routine | 3) Moisturizer: rich cream moisturizer
RTN0001920,REC0001920,sensitive,5,0,2,5,gentle foam cleanser,soothing moisturizer,peptide serum,mineral spf50,anti aging routine,skincare_datasets.xlsx::Recommendations|skincare_recommendations_dataset.csv,1) Cleanser: gentle foam cleanser | 2) Serum: peptide serum | 3) Moisturizer: soothing moisturizer | 4) SPF: mineral spf50,1) Cleanser: gentle foam cleanser | 2) Treatment: anti aging routine | 3) Moisturizer: soothing moisturizer
RTN0001921,REC0001921,sensitive,5,0,4,0,ultra gentle cleanser,soothing moisturizer,vitamin c serum,spf50 matte,anti aging routine,skincare_datasets.xlsx::Recommendations|skincare_recommendations_dataset.csv,1) Cleanser: ultra gentle cleanser | 2) Serum: vitamin c serum | 3) Moisturizer: soothing moisturizer | 4) SPF: spf50 matte,1) Cleanser: ultra gentle cleanser | 2) Treatment: anti aging routine | 3) Moisturizer: soothing moisturizer
RTN0001922,REC0001922,sensitive,5,0,4,1,gentle foam cleanser,oil free gel moisturizer,hyaluronic acid serum,spf50,chemical exfoliation,skincare_datasets.xlsx::Recommendations|skincare_recommendations_dataset.csv,1) Cleanser: gentle foam cleanser | 2) Serum: hyaluronic acid serum | 3) Moisturizer: oil free gel moisturizer | 4) SPF: spf50,1) Cleanser: gentle foam cleanser | 2) Treatment: chemical exfoliation | 3) Moisturizer: oil free gel moisturizer
RTN0001923,REC0001923,sensitive,5,0,4,4,salicylic acid cleanser,light lotion moisturizer,peptide serum,spf30,retinol treatment,skincare_datasets.xlsx::Recommendations|skincare_recommendations_dataset.csv,1) Cleanser: salicylic acid cleanser | 2) Serum: peptide serum | 3) Moisturizer: light lotion moisturizer | 4) SPF: spf30,1) Cleanser: salicylic acid cleanser | 2) Treatment: retinol treatment | 3) Moisturizer: light lotion moisturizer
RTN0001924,REC0001924,sensitive,5,0,5,0,milk cleanser,soothing moisturizer,peptide serum,spf30,chemical exfoliation,skincare_datasets.xlsx::Recommendations|skincare_recommendations_dataset.csv,1) Cleanser: milk cleanser | 2) Serum: peptide serum | 3) Moisturizer: soothing moisturizer | 4) SPF: spf30,1) Cleanser: milk cleanser | 2) Treatment: chemical exfoliation | 3) Moisturizer: soothing moisturizer
RTN0001925,REC0001925,sensitive,5,0,5,0,ultra gentle cleanser,light lotion moisturizer,hyaluronic acid serum,spf50 matte,anti aging routine,skincare_datasets.xlsx::Recommendations|skincare_recommendations_dataset.csv,1) Cleanser: ultra gentle cleanser | 2) Serum: hyaluronic acid serum | 3) Moisturizer: light lotion moisturizer | 4) SPF: spf50 matte,1) Cleanser: ultra gentle cleanser | 2) Treatment: anti aging routine | 3) Moisturizer: light lotion moisturizer
RTN0001926,REC0001926,sensitive,5,0,5,4,milk cleanser,rich cream moisturizer,retinol serum,spf30,anti aging routine,skincare_datasets.xlsx::Recommendations|skincare_recommendations_dataset.csv,1) Cleanser: milk cleanser | 2) Serum: retinol serum | 3) Moisturizer: rich cream moisturizer | 4) SPF: spf30,1) Cleanser: milk cleanser | 2) Treatment: anti aging routine | 3) Moisturizer: rich cream moisturizer
RTN0001927,REC0001927,sensitive,5,0,5,5,milk cleanser,ceramide moisturizer,centella serum,spf50 matte,barrier repair,skincare_datasets.xlsx::Recommendations|skincare_recommendations_dataset.csv,1) Cleanser: milk cleanser | 2) Serum: centella serum | 3) Moisturizer: ceramide moisturizer | 4) SPF: spf50 matte,1) Cleanser: milk cleanser | 2) Treatment: barrier repair | 3) Moisturizer: ceramide moisturizer
RTN0001928,REC0001928,sensitive,5,1,0,0,ultra gentle cleanser,rich cream moisturizer,vitamin c serum,spf30,anti aging routine,skincare_datasets.xlsx::Recommendations|skincare_recommendations_dataset.csv,1) Cleanser: ultra gentle cleanser | 2) Serum: vitamin c serum | 3) Moisturizer: rich cream moisturizer | 4) SPF: spf30,1) Cleanser: ultra gentle cleanser | 2) Treatment: anti aging routine | 3) Moisturizer: rich cream moisturizer
RTN0001929,REC0001929,sensitive,5,1,0,4,salicylic acid cleanser,soothing moisturizer,centella serum,mineral spf50,anti aging routine,skincare_datasets.xlsx::Recommendations|skincare_recommendations_dataset.csv,1) Cleanser: salicylic acid cleanser | 2) Serum: centella serum | 3) Moisturizer: soothing moisturizer | 4) SPF: mineral spf50,1) Cleanser: salicylic acid cleanser | 2) Treatment: anti aging routine | 3) Moisturizer: soothing moisturizer
RTN0001930,REC0001930,sensitive,5,1,0,5,ultra gentle cleanser,ceramide moisturizer,centella serum,spf50,calming treatment,skincare_datasets.xlsx::Recommendations|skincare_recommendations_dataset.csv,1) Cleanser: ultra gentle cleanser | 2) Serum: centella serum | 3) Moisturizer: ceramide moisturizer | 4) SPF: spf50,1) Cleanser: ultra gentle cleanser | 2) Treatment: calming treatment | 3) Moisturizer: ceramide moisturizer
RTN0001931,REC0001931,sensitive,5,1,1,0,acne control cleanser,soothing moisturizer,peptide serum,spf30,hydrating mask,skincare_datasets.xlsx::Recommendations|skincare_recommendations_dataset.csv,1) Cleanser: acne control cleanser | 2) Serum: peptide serum | 3) Moisturizer: soothing moisturizer | 4) SPF: spf30,1) Cleanser: acne control cleanser | 2) Treatment: hydrating mask | 3) Moisturizer: soothing moisturizer
RTN0001932,REC0001932,sensitive,5,1,1,4,salicylic acid cleanser,ceramide moisturizer,centella serum,spf50 matte,hydrating mask,skincare_datasets.xlsx::Recommendations|skincare_recommendations_dataset.csv,1) Cleanser: salicylic acid cleanser | 2) Serum: centella serum | 3) Moisturizer: ceramide moisturizer | 4) SPF: spf50 matte,1) Cleanser: salicylic acid cleanser | 2) Treatment: hydrating mask | 3) Moisturizer: ceramide moisturizer
RTN0001933,REC0001933,sensitive,5,1,2,3,gentle foam cleanser,soothing moisturizer,peptide serum,mineral spf50,benzoyl peroxide,skincare_datasets.xlsx::Recommendations|skincare_recommendations_dataset.csv,1) Cleanser: gentle foam cleanser | 2) Serum: peptide serum | 3) Moisturizer: soothing moisturizer | 4) SPF: mineral spf50,1) Cleanser: gentle foam cleanser | 2) Treatment: benzoyl peroxide | 3) Moisturizer: soothing moisturizer
RTN0001934,REC0001934,sensitive,5,1,3,0,acne control cleanser,rich cream moisturizer,niacinamide serum,mineral spf50,hydrating mask,skincare_datasets.xlsx::Recommendations|skincare_recommendations_dataset.csv,1) Cleanser: acne control cleanser | 2) Serum: niacinamide serum | 3) Moisturizer: rich cream moisturizer | 4) SPF: mineral spf50,1) Cleanser: acne control cleanser | 2) Treatment: hydrating mask | 3) Moisturizer: rich cream moisturizer
RTN0001935,REC0001935,sensitive,5,1,3,0,hydrating cleanser,light lotion moisturizer,niacinamide serum,spf50 matte,chemical exfoliation,skincare_datasets.xlsx::Recommendations|skincare_recommendations_dataset.csv,1) Cleanser: hydrating cleanser | 2) Serum: niacinamide serum | 3) Moisturizer: light lotion moisturizer | 4) SPF: spf50 matte,1) Cleanser: hydrating cleanser | 2) Treatment: chemical exfoliation | 3) Moisturizer: light lotion moisturizer
RTN0001936,REC0001936,sensitive,5,1,3,1,acne control cleanser,soothing moisturizer,peptide serum,mineral spf50,retinol treatment,skincare_datasets.xlsx::Recommendations|skincare_recommendations_dataset.csv,1) Cleanser: acne control cleanser | 2) Serum: peptide serum | 3) Moisturizer: soothing moisturizer | 4) SPF: mineral spf50,1) Cleanser: acne control cleanser | 2) Treatment: retinol treatment | 3) Moisturizer: soothing moisturizer
RTN0001937,REC0001937,sensitive,5,1,3,3,ultra gentle cleanser,ceramide moisturizer,vitamin c serum,mineral spf50,barrier repair,skincare_datasets.xlsx::Recommendations|skincare_recommendations_dataset.csv,1) Cleanser: ultra gentle cleanser | 2) Serum: vitamin c serum | 3) Moisturizer: ceramide moisturizer | 4) SPF: mineral spf50,1) Cleanser: ultra gentle cleanser | 2) Treatment: barrier repair | 3) Moisturizer: ceramide moisturizer
RTN0001938,REC0001938,sensitive,5,1,3,4,milk cleanser,light lotion moisturizer,retinol serum,spf30,barrier repair,skincare_datasets.xlsx::Recommendations|skincare_recommendations_dataset.csv,1) Cleanser: milk cleanser | 2) Serum: retinol serum | 3) Moisturizer: light lotion moisturizer | 4) SPF: spf30,1) Cleanser: milk cleanser | 2) Treatment: barrier repair | 3) Moisturizer: light lotion moisturizer
RTN0001939,REC0001939,sensitive,5,1,4,0,ultra gentle cleanser,oil free gel moisturizer,retinol serum,spf30,anti aging routine,skincare_datasets.xlsx::Recommendations|skincare_recommendations_dataset.csv,1) Cleanser: ultra gentle cleanser | 2) Serum: retinol serum | 3) Moisturizer: oil free gel moisturizer | 4) SPF: spf30,1) Cleanser: ultra gentle cleanser | 2) Treatment: anti aging routine | 3) Moisturizer: oil free gel moisturizer
RTN0001940,REC0001940,sensitive,5,1,4,3,ultra gentle cleanser,light lotion moisturizer,retinol serum,spf30,anti aging routine,skincare_datasets.xlsx::Recommendations|skincare_recommendations_dataset.csv,1) Cleanser: ultra gentle cleanser | 2) Serum: retinol serum | 3) Moisturizer: light lotion moisturizer | 4) SPF: spf30,1) Cleanser: ultra gentle cleanser | 2) Treatment: anti aging routine | 3) Moisturizer: light lotion moisturizer
RTN0001941,REC0001941,sensitive,5,1,5,2,hydrating cleanser,light lotion moisturizer,niacinamide serum,spf50 matte,hydrating mask,skincare_datasets.xlsx::Recommendations|skincare_recommendations_dataset.csv,1) Cleanser: hydrating cleanser | 2) Serum: niacinamide serum | 3) Moisturizer: light lotion moisturizer | 4) SPF: spf50 matte,1) Cleanser: hydrating cleanser | 2) Treatment: hydrating mask | 3) Moisturizer: light lotion moisturizer
RTN0001942,REC0001942,sensitive,5,1,5,2,salicylic acid cleanser,oil free gel moisturizer,niacinamide serum,spf50,calming treatment,skincare_datasets.xlsx::Recommendations|skincare_recommendations_dataset.csv,1) Cleanser: salicylic acid cleanser | 2) Serum: niacinamide serum | 3) Moisturizer: oil free gel moisturizer | 4) SPF: spf50,1) Cleanser: salicylic acid cleanser | 2) Treatment: calming treatment | 3) Moisturizer: oil free gel moisturizer
RTN0001943,REC0001943,sensitive,5,1,5,4,hydrating cleanser,oil free gel moisturizer,peptide serum,mineral spf50,retinol treatment,skincare_datasets.xlsx::Recommendations|skincare_recommendations_dataset.csv,1) Cleanser: hydrating cleanser | 2) Serum: peptide serum | 3) Moisturizer: oil free gel moisturizer | 4) SPF: mineral spf50,1) Cleanser: hydrating cleanser | 2) Treatment: retinol treatment | 3) Moisturizer: oil free gel moisturizer
RTN0001944,REC0001944,sensitive,5,2,0,3,milk cleanser,oil free gel moisturizer,peptide serum,spf30,barrier repair,skincare_datasets.xlsx::Recommendations|skincare_recommendations_dataset.csv,1) Cleanser: milk cleanser | 2) Serum: peptide serum | 3) Moisturizer: oil free gel moisturizer | 4) SPF: spf30,1) Cleanser: milk cleanser | 2) Treatment: barrier repair | 3) Moisturizer: oil free gel moisturizer
RTN0001945,REC0001945,sensitive,5,2,0,3,salicylic acid cleanser,ceramide moisturizer,vitamin c serum,spf50,benzoyl peroxide,skincare_datasets.xlsx::Recommendations|skincare_recommendations_dataset.csv,1) Cleanser: salicylic acid cleanser | 2) Serum: vitamin c serum | 3) Moisturizer: ceramide moisturizer | 4) SPF: spf50,1) Cleanser: salicylic acid cleanser | 2) Treatment: benzoyl peroxide | 3) Moisturizer: ceramide moisturizer
RTN0001946,REC0001946,sensitive,5,2,1,1,ultra gentle cleanser,light lotion moisturizer,niacinamide serum,spf50,retinol treatment,skincare_datasets.xlsx::Recommendations|skincare_recommendations_dataset.csv,1) Cleanser: ultra gentle cleanser | 2) Serum: niacinamide serum | 3) Moisturizer: light lotion moisturizer | 4) SPF: spf50,1) Cleanser: ultra gentle cleanser | 2) Treatment: retinol treatment | 3) Moisturizer: light lotion moisturizer
RTN0001947,REC0001947,sensitive,5,2,1,2,acne control cleanser,soothing moisturizer,centella serum,spf30,barrier repair,skincare_datasets.xlsx::Recommendations|skincare_recommendations_dataset.csv,1) Cleanser: acne control cleanser | 2) Serum: centella serum | 3) Moisturizer: soothing moisturizer | 4) SPF: spf30,1) Cleanser: acne control cleanser | 2) Treatment: barrier repair | 3) Moisturizer: soothing moisturizer
RTN0001948,REC0001948,sensitive,5,2,1,3,milk cleanser,rich cream moisturizer,centella serum,spf30,hydrating mask,skincare_datasets.xlsx::Recommendations|skincare_recommendations_dataset.csv,1) Cleanser: milk cleanser | 2) Serum: centella serum | 3) Moisturizer: rich cream moisturizer | 4) SPF: spf30,1) Cleanser: milk cleanser | 2) Treatment: hydrating mask | 3) Moisturizer: rich cream moisturizer
RTN0001949,REC0001949,sensitive,5,2,1,3,milk cleanser,soothing moisturizer,retinol serum,spf50 matte,hydrating mask,skincare_datasets.xlsx::Recommendations|skincare_recommendations_dataset.csv,1) Cleanser: milk cleanser | 2) Serum: retinol serum | 3) Moisturizer: soothing moisturizer | 4) SPF: spf50 matte,1) Cleanser: milk cleanser | 2) Treatment: hydrating mask | 3) Moisturizer: soothing moisturizer
RTN0001950,REC0001950,sensitive,5,2,2,3,acne control cleanser,oil free gel moisturizer,vitamin c serum,spf50 matte,calming treatment,skincare_datasets.xlsx::Recommendations|skincare_recommendations_dataset.csv,1) Cleanser: acne control cleanser | 2) Serum: vitamin c serum | 3) Moisturizer: oil free gel moisturizer | 4) SPF: spf50 matte,1) Cleanser: acne control cleanser | 2) Treatment: calming treatment | 3) Moisturizer: oil free gel moisturizer
RTN0001951,REC0001951,sensitive,5,2,3,3,ultra gentle cleanser,rich cream moisturizer,niacinamide serum,spf30,benzoyl peroxide,skincare_datasets.xlsx::Recommendations|skincare_recommendations_dataset.csv,1) Cleanser: ultra gentle cleanser | 2) Serum: niacinamide serum | 3) Moisturizer: rich cream moisturizer | 4) SPF: spf30,1) Cleanser: ultra gentle cleanser | 2) Treatment: benzoyl peroxide | 3) Moisturizer: rich cream moisturizer
RTN0001952,REC0001952,sensitive,5,2,4,0,hydrating cleanser,soothing moisturizer,vitamin c serum,spf50,retinol treatment,skincare_datasets.xlsx::Recommendations|skincare_recommendations_dataset.csv,1) Cleanser: hydrating cleanser | 2) Serum: vitamin c serum | 3) Moisturizer: soothing moisturizer | 4) SPF: spf50,1) Cleanser: hydrating cleanser | 2) Treatment: retinol treatment | 3) Moisturizer: soothing moisturizer
RTN0001953,REC0001953,sensitive,5,2,4,5,gentle foam cleanser,ceramide moisturizer,hyaluronic acid serum,spf30,anti aging routine,skincare_datasets.xlsx::Recommendations|skincare_recommendations_dataset.csv,1) Cleanser: gentle foam cleanser | 2) Serum: hyaluronic acid serum | 3) Moisturizer: ceramide moisturizer | 4) SPF: spf30,1) Cleanser: gentle foam cleanser | 2) Treatment: anti aging routine | 3) Moisturizer: ceramide moisturizer
RTN0001954,REC0001954,sensitive,5,2,5,0,gentle foam cleanser,light lotion moisturizer,hyaluronic acid serum,spf50 matte,chemical exfoliation,skincare_datasets.xlsx::Recommendations|skincare_recommendations_dataset.csv,1) Cleanser: gentle foam cleanser | 2) Serum: hyaluronic acid serum | 3) Moisturizer: light lotion moisturizer | 4) SPF: spf50 matte,1) Cleanser: gentle foam cleanser | 2) Treatment: chemical exfoliation | 3) Moisturizer: light lotion moisturizer
RTN0001955,REC0001955,sensitive,5,2,5,2,hydrating cleanser,ceramide moisturizer,vitamin c serum,spf30,anti aging routine,skincare_datasets.xlsx::Recommendations|skincare_recommendations_dataset.csv,1) Cleanser: hydrating cleanser | 2) Serum: vitamin c serum | 3) Moisturizer: ceramide moisturizer | 4) SPF: spf30,1) Cleanser: hydrating cleanser | 2) Treatment: anti aging routine | 3) Moisturizer: ceramide moisturizer
RTN0001956,REC0001956,sensitive,5,2,5,4,acne control cleanser,ceramide moisturizer,vitamin c serum,spf30,benzoyl peroxide,skincare_datasets.xlsx::Recommendations|skincare_recommendations_dataset.csv,1) Cleanser: acne control cleanser | 2) Serum: vitamin c serum | 3) Moisturizer: ceramide moisturizer | 4) SPF: spf30,1) Cleanser: acne control cleanser | 2) Treatment: benzoyl peroxide | 3) Moisturizer: ceramide moisturizer
RTN0001957,REC0001957,sensitive,5,2,5,4,ultra gentle cleanser,oil free gel moisturizer,centella serum,spf50 matte,benzoyl peroxide,skincare_datasets.xlsx::Recommendations|skincare_recommendations_dataset.csv,1) Cleanser: ultra gentle cleanser | 2) Serum: centella serum | 3) Moisturizer: oil free gel moisturizer | 4) SPF: spf50 matte,1) Cleanser: ultra gentle cleanser | 2) Treatment: benzoyl peroxide | 3) Moisturizer: oil free gel moisturizer
RTN0001958,REC0001958,sensitive,5,2,5,5,milk cleanser,ceramide moisturizer,hyaluronic acid serum,spf50 matte,retinol treatment,skincare_datasets.xlsx::Recommendations|skincare_recommendations_dataset.csv,1) Cleanser: milk cleanser | 2) Serum: hyaluronic acid serum | 3) Moisturizer: ceramide moisturizer | 4) SPF: spf50 matte,1) Cleanser: milk cleanser | 2) Treatment: retinol treatment | 3) Moisturizer: ceramide moisturizer
RTN0001959,REC0001959,sensitive,5,3,0,3,acne control cleanser,oil free gel moisturizer,hyaluronic acid serum,spf50,barrier repair,skincare_datasets.xlsx::Recommendations|skincare_recommendations_dataset.csv,1) Cleanser: acne control cleanser | 2) Serum: hyaluronic acid serum | 3) Moisturizer: oil free gel moisturizer | 4) SPF: spf50,1) Cleanser: acne control cleanser | 2) Treatment: barrier repair | 3) Moisturizer: oil free gel moisturizer
RTN0001960,REC0001960,sensitive,5,3,0,4,acne control cleanser,ceramide moisturizer,hyaluronic acid serum,spf30,barrier repair,skincare_datasets.xlsx::Recommendations|skincare_recommendations_dataset.csv,1) Cleanser: acne control cleanser | 2) Serum: hyaluronic acid serum | 3) Moisturizer: ceramide moisturizer | 4) SPF: spf30,1) Cleanser: acne control cleanser | 2) Treatment: barrier repair | 3) Moisturizer: ceramide moisturizer
RTN0001961,REC0001961,sensitive,5,3,1,4,gentle foam cleanser,oil free gel moisturizer,niacinamide serum,spf50,barrier repair,skincare_datasets.xlsx::Recommendations|skincare_recommendations_dataset.csv,1) Cleanser: gentle foam cleanser | 2) Serum: niacinamide serum | 3) Moisturizer: oil free gel moisturizer | 4) SPF: spf50,1) Cleanser: gentle foam cleanser | 2) Treatment: barrier repair | 3) Moisturizer: oil free gel moisturizer
RTN0001962,REC0001962,sensitive,5,3,2,5,gentle foam cleanser,ceramide moisturizer,niacinamide serum,mineral spf50,chemical exfoliation,skincare_datasets.xlsx::Recommendations|skincare_recommendations_dataset.csv,1) Cleanser: gentle foam cleanser | 2) Serum: niacinamide serum | 3) Moisturizer: ceramide moisturizer | 4) SPF: mineral spf50,1) Cleanser: gentle foam cleanser | 2) Treatment: chemical exfoliation | 3) Moisturizer: ceramide moisturizer
RTN0001963,REC0001963,sensitive,5,3,3,5,acne control cleanser,ceramide moisturizer,centella serum,spf50 matte,benzoyl peroxide,skincare_datasets.xlsx::Recommendations|skincare_recommendations_dataset.csv,1) Cleanser: acne control cleanser | 2) Serum: centella serum | 3) Moisturizer: ceramide moisturizer | 4) SPF: spf50 matte,1) Cleanser: acne control cleanser | 2) Treatment: benzoyl peroxide | 3) Moisturizer: ceramide moisturizer
RTN0001964,REC0001964,sensitive,5,3,4,1,milk cleanser,ceramide moisturizer,hyaluronic acid serum,spf30,anti aging routine,skincare_datasets.xlsx::Recommendations|skincare_recommendations_dataset.csv,1) Cleanser: milk cleanser | 2) Serum: hyaluronic acid serum | 3) Moisturizer: ceramide moisturizer | 4) SPF: spf30,1) Cleanser: milk cleanser | 2) Treatment: anti aging routine | 3) Moisturizer: ceramide moisturizer
RTN0001965,REC0001965,sensitive,5,3,4,1,milk cleanser,soothing moisturizer,niacinamide serum,spf30,benzoyl peroxide,skincare_datasets.xlsx::Recommendations|skincare_recommendations_dataset.csv,1) Cleanser: milk cleanser | 2) Serum: niacinamide serum | 3) Moisturizer: soothing moisturizer | 4) SPF: spf30,1) Cleanser: milk cleanser | 2) Treatment: benzoyl peroxide | 3) Moisturizer: soothing moisturizer
RTN0001966,REC0001966,sensitive,5,3,4,3,salicylic acid cleanser,soothing moisturizer,niacinamide serum,spf30,anti aging routine,skincare_datasets.xlsx::Recommendations|skincare_recommendations_dataset.csv,1) Cleanser: salicylic acid cleanser | 2) Serum: niacinamide serum | 3) Moisturizer: soothing moisturizer | 4) SPF: spf30,1) Cleanser: salicylic acid cleanser | 2) Treatment: anti aging routine | 3) Moisturizer: soothing moisturizer
RTN0001967,REC0001967,sensitive,5,3,5,0,acne control cleanser,soothing moisturizer,retinol serum,spf50 matte,barrier repair,skincare_datasets.xlsx::Recommendations|skincare_recommendations_dataset.csv,1) Cleanser: acne control cleanser | 2) Serum: retinol serum | 3) Moisturizer: soothing moisturizer | 4) SPF: spf50 matte,1) Cleanser: acne control cleanser | 2) Treatment: barrier repair | 3) Moisturizer: soothing moisturizer
RTN0001968,REC0001968,sensitive,5,3,5,3,acne control cleanser,ceramide moisturizer,retinol serum,spf50 matte,barrier repair,skincare_datasets.xlsx::Recommendations|skincare_recommendations_dataset.csv,1) Cleanser: acne control cleanser | 2) Serum: retinol serum | 3) Moisturizer: ceramide moisturizer | 4) SPF: spf50 matte,1) Cleanser: acne control cleanser | 2) Treatment: barrier repair | 3) Moisturizer: ceramide moisturizer
RTN0001969,REC0001969,sensitive,5,3,5,4,milk cleanser,soothing moisturizer,centella serum,mineral spf50,hydrating mask,skincare_datasets.xlsx::Recommendations|skincare_recommendations_dataset.csv,1) Cleanser: milk cleanser | 2) Serum: centella serum | 3) Moisturizer: soothing moisturizer | 4) SPF: mineral spf50,1) Cleanser: milk cleanser | 2) Treatment: hydrating mask | 3) Moisturizer: soothing moisturizer
RTN0001970,REC0001970,sensitive,5,3,5,5,hydrating cleanser,light lotion moisturizer,vitamin c serum,spf50,calming treatment,skincare_datasets.xlsx::Recommendations|skincare_recommendations_dataset.csv,1) Cleanser: hydrating cleanser | 2) Serum: vitamin c serum | 3) Moisturizer: light lotion moisturizer | 4) SPF: spf50,1) Cleanser: hydrating cleanser | 2) Treatment: calming treatment | 3) Moisturizer: light lotion moisturizer
RTN0001971,REC0001971,sensitive,5,3,5,5,salicylic acid cleanser,ceramide moisturizer,centella serum,spf50 matte,calming treatment,skincare_datasets.xlsx::Recommendations|skincare_recommendations_dataset.csv,1) Cleanser: salicylic acid cleanser | 2) Serum: centella serum | 3) Moisturizer: ceramide moisturizer | 4) SPF: spf50 matte,1) Cleanser: salicylic acid cleanser | 2) Treatment: calming treatment | 3) Moisturizer: ceramide moisturizer
RTN0001972,REC0001972,sensitive,5,4,0,0,ultra gentle cleanser,oil free gel moisturizer,vitamin c serum,mineral spf50,retinol treatment,skincare_datasets.xlsx::Recommendations|skincare_recommendations_dataset.csv,1) Cleanser: ultra gentle cleanser | 2) Serum: vitamin c serum | 3) Moisturizer: oil free gel moisturizer | 4) SPF: mineral spf50,1) Cleanser: ultra gentle cleanser | 2) Treatment: retinol treatment | 3) Moisturizer: oil free gel moisturizer
RTN0001973,REC0001973,sensitive,5,4,0,2,ultra gentle cleanser,ceramide moisturizer,vitamin c serum,spf50 matte,benzoyl peroxide,skincare_datasets.xlsx::Recommendations|skincare_recommendations_dataset.csv,1) Cleanser: ultra gentle cleanser | 2) Serum: vitamin c serum | 3) Moisturizer: ceramide moisturizer | 4) SPF: spf50 matte,1) Cleanser: ultra gentle cleanser | 2) Treatment: benzoyl peroxide | 3) Moisturizer: ceramide moisturizer
RTN0001974,REC0001974,sensitive,5,4,1,1,hydrating cleanser,light lotion moisturizer,vitamin c serum,spf50 matte,retinol treatment,skincare_datasets.xlsx::Recommendations|skincare_recommendations_dataset.csv,1) Cleanser: hydrating cleanser | 2) Serum: vitamin c serum | 3) Moisturizer: light lotion moisturizer | 4) SPF: spf50 matte,1) Cleanser: hydrating cleanser | 2) Treatment: retinol treatment | 3) Moisturizer: light lotion moisturizer
RTN0001975,REC0001975,sensitive,5,4,2,0,milk cleanser,soothing moisturizer,retinol serum,spf50,calming treatment,skincare_datasets.xlsx::Recommendations|skincare_recommendations_dataset.csv,1) Cleanser: milk cleanser | 2) Serum: retinol serum | 3) Moisturizer: soothing moisturizer | 4) SPF: spf50,1) Cleanser: milk cleanser | 2) Treatment: calming treatment | 3) Moisturizer: soothing moisturizer
RTN0001976,REC0001976,sensitive,5,4,2,1,milk cleanser,soothing moisturizer,peptide serum,spf50 matte,anti aging routine,skincare_datasets.xlsx::Recommendations|skincare_recommendations_dataset.csv,1) Cleanser: milk cleanser | 2) Serum: peptide serum | 3) Moisturizer: soothing moisturizer | 4) SPF: spf50 matte,1) Cleanser: milk cleanser | 2) Treatment: anti aging routine | 3) Moisturizer: soothing moisturizer
RTN0001977,REC0001977,sensitive,5,4,2,1,salicylic acid cleanser,ceramide moisturizer,vitamin c serum,spf50 matte,anti aging routine,skincare_datasets.xlsx::Recommendations|skincare_recommendations_dataset.csv,1) Cleanser: salicylic acid cleanser | 2) Serum: vitamin c serum | 3) Moisturizer: ceramide moisturizer | 4) SPF: spf50 matte,1) Cleanser: salicylic acid cleanser | 2) Treatment: anti aging routine | 3) Moisturizer: ceramide moisturizer
RTN0001978,REC0001978,sensitive,5,4,2,3,gentle foam cleanser,ceramide moisturizer,retinol serum,spf50 matte,barrier repair,skincare_datasets.xlsx::Recommendations|skincare_recommendations_dataset.csv,1) Cleanser: gentle foam cleanser | 2) Serum: retinol serum | 3) Moisturizer: ceramide moisturizer | 4) SPF: spf50 matte,1) Cleanser: gentle foam cleanser | 2) Treatment: barrier repair | 3) Moisturizer: ceramide moisturizer
RTN0001979,REC0001979,sensitive,5,4,3,1,ultra gentle cleanser,rich cream moisturizer,niacinamide serum,mineral spf50,chemical exfoliation,skincare_datasets.xlsx::Recommendations|skincare_recommendations_dataset.csv,1) Cleanser: ultra gentle cleanser | 2) Serum: niacinamide serum | 3) Moisturizer: rich cream moisturizer | 4) SPF: mineral spf50,1) Cleanser: ultra gentle cleanser | 2) Treatment: chemical exfoliation | 3) Moisturizer: rich cream moisturizer
RTN0001980,REC0001980,sensitive,5,4,4,0,milk cleanser,ceramide moisturizer,niacinamide serum,mineral spf50,retinol treatment,skincare_datasets.xlsx::Recommendations|skincare_recommendations_dataset.csv,1) Cleanser: milk cleanser | 2) Serum: niacinamide serum | 3) Moisturizer: ceramide moisturizer | 4) SPF: mineral spf50,1) Cleanser: milk cleanser | 2) Treatment: retinol treatment | 3) Moisturizer: ceramide moisturizer
RTN0001981,REC0001981,sensitive,5,4,4,2,milk cleanser,ceramide moisturizer,vitamin c serum,spf30,anti aging routine,skincare_datasets.xlsx::Recommendations|skincare_recommendations_dataset.csv,1) Cleanser: milk cleanser | 2) Serum: vitamin c serum | 3) Moisturizer: ceramide moisturizer | 4) SPF: spf30,1) Cleanser: milk cleanser | 2) Treatment: anti aging routine | 3) Moisturizer: ceramide moisturizer
RTN0001982,REC0001982,sensitive,5,4,4,3,gentle foam cleanser,oil free gel moisturizer,vitamin c serum,spf50,chemical exfoliation,skincare_datasets.xlsx::Recommendations|skincare_recommendations_dataset.csv,1) Cleanser: gentle foam cleanser | 2) Serum: vitamin c serum | 3) Moisturizer: oil free gel moisturizer | 4) SPF: spf50,1) Cleanser: gentle foam cleanser | 2) Treatment: chemical exfoliation | 3) Moisturizer: oil free gel moisturizer
RTN0001983,REC0001983,sensitive,5,4,5,1,salicylic acid cleanser,light lotion moisturizer,retinol serum,spf50,chemical exfoliation,skincare_datasets.xlsx::Recommendations|skincare_recommendations_dataset.csv,1) Cleanser: salicylic acid cleanser | 2) Serum: retinol serum | 3) Moisturizer: light lotion moisturizer | 4) SPF: spf50,1) Cleanser: salicylic acid cleanser | 2) Treatment: chemical exfoliation | 3) Moisturizer: light lotion moisturizer
RTN0001984,REC0001984,sensitive,5,4,5,5,salicylic acid cleanser,oil free gel moisturizer,niacinamide serum,spf50 matte,barrier repair,skincare_datasets.xlsx::Recommendations|skincare_recommendations_dataset.csv,1) Cleanser: salicylic acid cleanser | 2) Serum: niacinamide serum | 3) Moisturizer: oil free gel moisturizer | 4) SPF: spf50 matte,1) Cleanser: salicylic acid cleanser | 2) Treatment: barrier repair | 3) Moisturizer: oil free gel moisturizer
RTN0001985,REC0001985,sensitive,5,5,0,1,acne control cleanser,ceramide moisturizer,niacinamide serum,spf50 matte,benzoyl peroxide,skincare_datasets.xlsx::Recommendations|skincare_recommendations_dataset.csv,1) Cleanser: acne control cleanser | 2) Serum: niacinamide serum | 3) Moisturizer: ceramide moisturizer | 4) SPF: spf50 matte,1) Cleanser: acne control cleanser | 2) Treatment: benzoyl peroxide | 3) Moisturizer: ceramide moisturizer
RTN0001986,REC0001986,sensitive,5,5,0,1,gentle foam cleanser,light lotion moisturizer,retinol serum,mineral spf50,benzoyl peroxide,skincare_datasets.xlsx::Recommendations|skincare_recommendations_dataset.csv,1) Cleanser: gentle foam cleanser | 2) Serum: retinol serum | 3) Moisturizer: light lotion moisturizer | 4) SPF: mineral spf50,1) Cleanser: gentle foam cleanser | 2) Treatment: benzoyl peroxide | 3) Moisturizer: light lotion moisturizer
RTN0001987,REC0001987,sensitive,5,5,0,2,acne control cleanser,rich cream moisturizer,hyaluronic acid serum,mineral spf50,calming treatment,skincare_datasets.xlsx::Recommendations|skincare_recommendations_dataset.csv,1) Cleanser: acne control cleanser | 2) Serum: hyaluronic acid serum | 3) Moisturizer: rich cream moisturizer | 4) SPF: mineral spf50,1) Cleanser: acne control cleanser | 2) Treatment: calming treatment | 3) Moisturizer: rich cream moisturizer
RTN0001988,REC0001988,sensitive,5,5,0,3,gentle foam cleanser,oil free gel moisturizer,retinol serum,mineral spf50,chemical exfoliation,skincare_datasets.xlsx::Recommendations|skincare_recommendations_dataset.csv,1) Cleanser: gentle foam cleanser | 2) Serum: retinol serum | 3) Moisturizer: oil free gel moisturizer | 4) SPF: mineral spf50,1) Cleanser: gentle foam cleanser | 2) Treatment: chemical exfoliation | 3) Moisturizer: oil free gel moisturizer
RTN0001989,REC0001989,sensitive,5,5,1,2,salicylic acid cleanser,oil free gel moisturizer,niacinamide serum,spf50 matte,hydrating mask,skincare_datasets.xlsx::Recommendations|skincare_recommendations_dataset.csv,1) Cleanser: salicylic acid cleanser | 2) Serum: niacinamide serum | 3) Moisturizer: oil free gel moisturizer | 4) SPF: spf50 matte,1) Cleanser: salicylic acid cleanser | 2) Treatment: hydrating mask | 3) Moisturizer: oil free gel moisturizer
RTN0001990,REC0001990,sensitive,5,5,2,1,hydrating cleanser,light lotion moisturizer,vitamin c serum,mineral spf50,anti aging routine,skincare_datasets.xlsx::Recommendations|skincare_recommendations_dataset.csv,1) Cleanser: hydrating cleanser | 2) Serum: vitamin c serum | 3) Moisturizer: light lotion moisturizer | 4) SPF: mineral spf50,1) Cleanser: hydrating cleanser | 2) Treatment: anti aging routine | 3) Moisturizer: light lotion moisturizer
RTN0001991,REC0001991,sensitive,5,5,2,2,acne control cleanser,oil free gel moisturizer,retinol serum,spf30,calming treatment,skincare_datasets.xlsx::Recommendations|skincare_recommendations_dataset.csv,1) Cleanser: acne control cleanser | 2) Serum: retinol serum | 3) Moisturizer: oil free gel moisturizer | 4) SPF: spf30,1) Cleanser: acne control cleanser | 2) Treatment: calming treatment | 3) Moisturizer: oil free gel moisturizer
RTN0001992,REC0001992,sensitive,5,5,2,5,ultra gentle cleanser,oil free gel moisturizer,centella serum,spf30,retinol treatment,skincare_datasets.xlsx::Recommendations|skincare_recommendations_dataset.csv,1) Cleanser: ultra gentle cleanser | 2) Serum: centella serum | 3) Moisturizer: oil free gel moisturizer | 4) SPF: spf30,1) Cleanser: ultra gentle cleanser | 2) Treatment: retinol treatment | 3) Moisturizer: oil free gel moisturizer
RTN0001993,REC0001993,sensitive,5,5,3,0,hydrating cleanser,rich cream moisturizer,niacinamide serum,spf50 matte,calming treatment,skincare_datasets.xlsx::Recommendations|skincare_recommendations_dataset.csv,1) Cleanser: hydrating cleanser | 2) Serum: niacinamide serum | 3) Moisturizer: rich cream moisturizer | 4) SPF: spf50 matte,1) Cleanser: hydrating cleanser | 2) Treatment: calming treatment | 3) Moisturizer: rich cream moisturizer
RTN0001994,REC0001994,sensitive,5,5,3,1,gentle foam cleanser,light lotion moisturizer,centella serum,mineral spf50,hydrating mask,skincare_datasets.xlsx::Recommendations|skincare_recommendations_dataset.csv,1) Cleanser: gentle foam cleanser | 2) Serum: centella serum | 3) Moisturizer: light lotion moisturizer | 4) SPF: mineral spf50,1) Cleanser: gentle foam cleanser | 2) Treatment: hydrating mask | 3) Moisturizer: light lotion moisturizer
RTN0001995,REC0001995,sensitive,5,5,4,1,salicylic acid cleanser,rich cream moisturizer,centella serum,spf50 matte,barrier repair,skincare_datasets.xlsx::Recommendations|skincare_recommendations_dataset.csv,1) Cleanser: salicylic acid cleanser | 2) Serum: centella serum | 3) Moisturizer: rich cream moisturizer | 4) SPF: spf50 matte,1) Cleanser: salicylic acid cleanser | 2) Treatment: barrier repair | 3) Moisturizer: rich cream moisturizer
RTN0001996,REC0001996,sensitive,5,5,4,5,gentle foam cleanser,rich cream moisturizer,hyaluronic acid serum,spf50 matte,anti aging routine,skincare_datasets.xlsx::Recommendations|skincare_recommendations_dataset.csv,1) Cleanser: gentle foam cleanser | 2) Serum: hyaluronic acid serum | 3) Moisturizer: rich cream moisturizer | 4) SPF: spf50 matte,1) Cleanser: gentle foam cleanser | 2) Treatment: anti aging routine | 3) Moisturizer: rich cream moisturizer
RTN0001997,REC0001997,sensitive,5,5,5,0,acne control cleanser,rich cream moisturizer,hyaluronic acid serum,spf50 matte,chemical exfoliation,skincare_datasets.xlsx::Recommendations|skincare_recommendations_dataset.csv,1) Cleanser: acne control cleanser | 2) Serum: hyaluronic acid serum | 3) Moisturizer: rich cream moisturizer | 4) SPF: spf50 matte,1) Cleanser: acne control cleanser | 2) Treatment: chemical exfoliation | 3) Moisturizer: rich cream moisturizer
RTN0001998,REC0001998,sensitive,5,5,5,0,ultra gentle cleanser,soothing moisturizer,retinol serum,spf30,benzoyl peroxide,skincare_datasets.xlsx::Recommendations|skincare_recommendations_dataset.csv,1) Cleanser: ultra gentle cleanser | 2) Serum: retinol serum | 3) Moisturizer: soothing moisturizer | 4) SPF: spf30,1) Cleanser: ultra gentle cleanser | 2) Treatment: benzoyl peroxide | 3) Moisturizer: soothing moisturizer
RTN0001999,REC0001999,sensitive,5,5,5,3,milk cleanser,oil free gel moisturizer,vitamin c serum,mineral spf50,retinol treatment,skincare_datasets.xlsx::Recommendations|skincare_recommendations_dataset.csv,1) Cleanser: milk cleanser | 2) Serum: vitamin c serum | 3) Moisturizer: oil free gel moisturizer | 4) SPF: mineral spf50,1) Cleanser: milk cleanser | 2) Treatment: retinol treatment | 3) Moisturizer: oil free gel moisturizer
RTN0002000,REC0002000,sensitive,5,5,5,4,gentle foam cleanser,light lotion moisturizer,hyaluronic acid serum,mineral spf50,chemical exfoliation,skincare_datasets.xlsx::Recommendations|skincare_recommendations_dataset.csv,1) Cleanser: gentle foam cleanser | 2) Serum: hyaluronic acid serum | 3) Moisturizer: light lotion moisturizer | 4) SPF: mineral spf50,1) Cleanser: gentle foam cleanser | 2) Treatment: chemical exfoliation | 3) Moisturizer: light lotion moisturizer
